query_file;Aggregate_node_id;Aggregate_node_type;Aggregate_depth;Aggregate_parent_relationship;Aggregate_subplan_name;Aggregate_np;Aggregate_nt;Aggregate_nt1;Aggregate_nt2;Aggregate_sel;Aggregate_startup_cost;Aggregate_total_cost;Aggregate_plan_width;Aggregate_reltuples;Aggregate_parallel_workers;actual_startup_time;actual_total_time;Aggregate_st1;Aggregate_rt1;Aggregate_st2;Aggregate_rt2;HashJoin_Outer_node_id;HashJoin_Outer_node_type;HashJoin_Outer_depth;HashJoin_Outer_parent_relationship;HashJoin_Outer_subplan_name;HashJoin_Outer_np;HashJoin_Outer_nt;HashJoin_Outer_nt1;HashJoin_Outer_nt2;HashJoin_Outer_sel;HashJoin_Outer_startup_cost;HashJoin_Outer_total_cost;HashJoin_Outer_plan_width;HashJoin_Outer_reltuples;HashJoin_Outer_parallel_workers;HashJoin_Outer_st1;HashJoin_Outer_rt1;HashJoin_Outer_st2;HashJoin_Outer_rt2;SeqScan_Outer_node_id;SeqScan_Outer_node_type;SeqScan_Outer_depth;SeqScan_Outer_parent_relationship;SeqScan_Outer_subplan_name;SeqScan_Outer_np;SeqScan_Outer_nt;SeqScan_Outer_nt1;SeqScan_Outer_nt2;SeqScan_Outer_sel;SeqScan_Outer_startup_cost;SeqScan_Outer_total_cost;SeqScan_Outer_plan_width;SeqScan_Outer_reltuples;SeqScan_Outer_parallel_workers;SeqScan_Outer_st1;SeqScan_Outer_rt1;SeqScan_Outer_st2;SeqScan_Outer_rt2;Hash_Inner_node_id;Hash_Inner_node_type;Hash_Inner_depth;Hash_Inner_parent_relationship;Hash_Inner_subplan_name;Hash_Inner_np;Hash_Inner_nt;Hash_Inner_nt1;Hash_Inner_nt2;Hash_Inner_sel;Hash_Inner_startup_cost;Hash_Inner_total_cost;Hash_Inner_plan_width;Hash_Inner_reltuples;Hash_Inner_parallel_workers;Hash_Inner_st1;Hash_Inner_rt1;Hash_Inner_st2;Hash_Inner_rt2;IndexOnlyScan_Outer_node_id;IndexOnlyScan_Outer_node_type;IndexOnlyScan_Outer_depth;IndexOnlyScan_Outer_parent_relationship;IndexOnlyScan_Outer_subplan_name;IndexOnlyScan_Outer_np;IndexOnlyScan_Outer_nt;IndexOnlyScan_Outer_nt1;IndexOnlyScan_Outer_nt2;IndexOnlyScan_Outer_sel;IndexOnlyScan_Outer_startup_cost;IndexOnlyScan_Outer_total_cost;IndexOnlyScan_Outer_plan_width;IndexOnlyScan_Outer_reltuples;IndexOnlyScan_Outer_parallel_workers;IndexOnlyScan_Outer_st1;IndexOnlyScan_Outer_rt1;IndexOnlyScan_Outer_st2;IndexOnlyScan_Outer_rt2
Q13_100_seed_812199069;25372;Aggregate;2;Outer;;0;150000;1487976;0;0.1008080775496379;60819.85;62319.85;12;0.0;0;916.843;924.434;14.702;716.067;0.0;0.0;25373;Hash Join;3;Outer;;0;1487976;1487976;150000;6.666666666666667e-06;4587.92;53379.97;8;0.0;0;0.175;506.62;14.32;14.32;25374;Seq Scan;4;Outer;;26136;1487976;0;0;0.991984;0.0;44886.0;8;1500000.0;0;0.0;0.0;0.0;0.0;25375;Hash;4;Inner;;0;150000;150000;0;1.0;2712.92;2712.92;4;0.0;0;0.01;9.21;0.0;0.0;25376;Index Only Scan;5;Outer;;3600;150000;0;0;1.0;0.42;2712.92;4;150000.0;0;0.0;0.0;0.0;0.0
Q13_102_seed_828607131;25386;Aggregate;2;Outer;;0;150000;1487976;0;0.1008080775496379;60819.85;62319.85;12;0.0;0;884.072;892.036;16.688;678.937;0.0;0.0;25387;Hash Join;3;Outer;;0;1487976;1487976;150000;6.666666666666667e-06;4587.92;53379.97;8;0.0;0;0.255;466.844;16.172;16.173;25388;Seq Scan;4;Outer;;26136;1487976;0;0;0.991984;0.0;44886.0;8;1500000.0;0;0.0;0.0;0.0;0.0;25389;Hash;4;Inner;;0;150000;150000;0;1.0;2712.92;2712.92;4;0.0;0;0.015;10.534;0.0;0.0;25390;Index Only Scan;5;Outer;;3600;150000;0;0;1.0;0.42;2712.92;4;150000.0;0;0.0;0.0;0.0;0.0
Q13_104_seed_845015193;25400;Aggregate;2;Outer;;0;150000;1487976;0;0.1008080775496379;60819.85;62319.85;12;0.0;0;893.591;900.954;15.341;691.024;0.0;0.0;25401;Hash Join;3;Outer;;0;1487976;1487976;150000;6.666666666666667e-06;4587.92;53379.97;8;0.0;0;0.191;482.798;14.934;14.934;25402;Seq Scan;4;Outer;;26136;1487976;0;0;0.991984;0.0;44886.0;8;1500000.0;0;0.0;0.0;0.0;0.0;25403;Hash;4;Inner;;0;150000;150000;0;1.0;2712.92;2712.92;4;0.0;0;0.017;9.587;0.0;0.0;25404;Index Only Scan;5;Outer;;3600;150000;0;0;1.0;0.42;2712.92;4;150000.0;0;0.0;0.0;0.0;0.0
Q13_105_seed_853219224;25407;Aggregate;2;Outer;;0;150000;1475952;0;0.1016293212787407;60728.17;62228.17;12;0.0;0;895.827;903.104;16.764;686.153;0.0;0.0;25408;Hash Join;3;Outer;;0;1475952;1475952;150000;6.666666666666667e-06;4587.92;53348.41;8;0.0;0;0.209;470.034;16.319;16.319;25409;Seq Scan;4;Outer;;26136;1475952;0;0;0.983968;0.0;44886.0;8;1500000.0;0;0.0;0.0;0.0;0.0;25410;Hash;4;Inner;;0;150000;150000;0;1.0;2712.92;2712.92;4;0.0;0;0.011;10.625;0.0;0.0;25411;Index Only Scan;5;Outer;;3600;150000;0;0;1.0;0.42;2712.92;4;150000.0;0;0.0;0.0;0.0;0.0
Q13_106_seed_861423255;25414;Aggregate;2;Outer;;0;150000;1478958;0;0.1014227584556153;60751.09;62251.09;12;0.0;0;892.916;900.808;15.022;698.748;0.0;0.0;25415;Hash Join;3;Outer;;0;1478958;1478958;150000;6.666666666666667e-06;4587.92;53356.3;8;0.0;0;0.24;500.368;14.569;14.57;25416;Seq Scan;4;Outer;;26136;1478958;0;0;0.985972;0.0;44886.0;8;1500000.0;0;0.0;0.0;0.0;0.0;25417;Hash;4;Inner;;0;150000;150000;0;1.0;2712.92;2712.92;4;0.0;0;0.01;9.294;0.0;0.0;25418;Index Only Scan;5;Outer;;3600;150000;0;0;1.0;0.42;2712.92;4;150000.0;0;0.0;0.0;0.0;0.0
Q13_107_seed_869627286;25421;Aggregate;2;Outer;;0;150000;1481964;0;0.1012170336121525;60774.01;62274.01;12;0.0;0;881.392;888.64;15.706;684.624;0.0;0.0;25422;Hash Join;3;Outer;;0;1481964;1481964;150000;6.666666666666667e-06;4587.92;53364.19;8;0.0;0;0.223;479.633;15.296;15.296;25423;Seq Scan;4;Outer;;26136;1481964;0;0;0.987976;0.0;44886.0;8;1500000.0;0;0.0;0.0;0.0;0.0;25424;Hash;4;Inner;;0;150000;150000;0;1.0;2712.92;2712.92;4;0.0;0;0.01;10.214;0.0;0.0;25425;Index Only Scan;5;Outer;;3600;150000;0;0;1.0;0.42;2712.92;4;150000.0;0;0.0;0.0;0.0;0.0
Q13_109_seed_886035348;25435;Aggregate;2;Outer;;0;150000;1484970;0;0.1010121416594274;60796.93;62296.93;12;0.0;0;920.403;927.944;15.126;722.608;0.0;0.0;25436;Hash Join;3;Outer;;0;1484970;1484970;150000;6.666666666666667e-06;4587.92;53372.08;8;0.0;0;0.23;513.92;14.685;14.685;25437;Seq Scan;4;Outer;;26136;1484970;0;0;0.98998;0.0;44886.0;8;1500000.0;0;0.0;0.0;0.0;0.0;25438;Hash;4;Inner;;0;150000;150000;0;1.0;2712.92;2712.92;4;0.0;0;0.012;9.324;0.0;0.0;25439;Index Only Scan;5;Outer;;3600;150000;0;0;1.0;0.42;2712.92;4;150000.0;0;0.0;0.0;0.0;0.0
Q13_110_seed_894239379;25449;Aggregate;2;Outer;;0;150000;1478958;0;0.1014227584556153;60751.09;62251.09;12;0.0;0;912.357;919.564;15.504;711.259;0.0;0.0;25450;Hash Join;3;Outer;;0;1478958;1478958;150000;6.666666666666667e-06;4587.92;53356.3;8;0.0;0;0.225;502.152;15.053;15.053;25451;Seq Scan;4;Outer;;26136;1478958;0;0;0.985972;0.0;44886.0;8;1500000.0;0;0.0;0.0;0.0;0.0;25452;Hash;4;Inner;;0;150000;150000;0;1.0;2712.92;2712.92;4;0.0;0;0.014;9.755;0.0;0.0;25453;Index Only Scan;5;Outer;;3600;150000;0;0;1.0;0.42;2712.92;4;150000.0;0;0.0;0.0;0.0;0.0
Q13_111_seed_902443410;25456;Aggregate;2;Outer;;0;150000;1487976;0;0.1008080775496379;60819.85;62319.85;12;0.0;0;901.702;909.286;15.539;694.307;0.0;0.0;25457;Hash Join;3;Outer;;0;1487976;1487976;150000;6.666666666666667e-06;4587.92;53379.97;8;0.0;0;0.247;477.903;15.086;15.086;25458;Seq Scan;4;Outer;;26136;1487976;0;0;0.991984;0.0;44886.0;8;1500000.0;0;0.0;0.0;0.0;0.0;25459;Hash;4;Inner;;0;150000;150000;0;1.0;2712.92;2712.92;4;0.0;0;0.018;9.597;0.0;0.0;25460;Index Only Scan;5;Outer;;3600;150000;0;0;1.0;0.42;2712.92;4;150000.0;0;0.0;0.0;0.0;0.0
Q13_112_seed_910647441;25463;Aggregate;2;Outer;;0;150000;1487976;0;0.1008080775496379;60819.85;62319.85;12;0.0;0;916.251;923.826;16.031;713.587;0.0;0.0;25464;Hash Join;3;Outer;;0;1487976;1487976;150000;6.666666666666667e-06;4587.92;53379.97;8;0.0;0;0.206;504.021;15.613;15.614;25465;Seq Scan;4;Outer;;26136;1487976;0;0;0.991984;0.0;44886.0;8;1500000.0;0;0.0;0.0;0.0;0.0;25466;Hash;4;Inner;;0;150000;150000;0;1.0;2712.92;2712.92;4;0.0;0;0.01;10.184;0.0;0.0;25467;Index Only Scan;5;Outer;;3600;150000;0;0;1.0;0.42;2712.92;4;150000.0;0;0.0;0.0;0.0;0.0
Q13_113_seed_918851472;25470;Aggregate;2;Outer;;0;150000;1484970;0;0.1010121416594274;60796.93;62296.93;12;0.0;0;902.875;910.441;15.437;695.188;0.0;0.0;25471;Hash Join;3;Outer;;0;1484970;1484970;150000;6.666666666666667e-06;4587.92;53372.08;8;0.0;0;0.188;482.514;15.042;15.042;25472;Seq Scan;4;Outer;;26136;1484970;0;0;0.98998;0.0;44886.0;8;1500000.0;0;0.0;0.0;0.0;0.0;25473;Hash;4;Inner;;0;150000;150000;0;1.0;2712.92;2712.92;4;0.0;0;0.01;9.698;0.0;0.0;25474;Index Only Scan;5;Outer;;3600;150000;0;0;1.0;0.42;2712.92;4;150000.0;0;0.0;0.0;0.0;0.0
Q13_114_seed_927055503;25477;Aggregate;2;Outer;;0;150000;1475952;0;0.1016293212787407;60728.17;62228.17;12;0.0;0;893.714;901.076;18.389;686.668;0.0;0.0;25478;Hash Join;3;Outer;;0;1475952;1475952;150000;6.666666666666667e-06;4587.92;53348.41;8;0.0;0;0.278;470.269;17.859;17.86;25479;Seq Scan;4;Outer;;26136;1475952;0;0;0.983968;0.0;44886.0;8;1500000.0;0;0.0;0.0;0.0;0.0;25480;Hash;4;Inner;;0;150000;150000;0;1.0;2712.92;2712.92;4;0.0;0;0.02;10.577;0.0;0.0;25481;Index Only Scan;5;Outer;;3600;150000;0;0;1.0;0.42;2712.92;4;150000.0;0;0.0;0.0;0.0;0.0
Q13_115_seed_935259534;25484;Aggregate;2;Outer;;0;150000;1487976;0;0.1008080775496379;60819.85;62319.85;12;0.0;0;927.027;934.448;15.843;720.385;0.0;0.0;25485;Hash Join;3;Outer;;0;1487976;1487976;150000;6.666666666666667e-06;4587.92;53379.97;8;0.0;0;0.241;507.993;15.403;15.404;25486;Seq Scan;4;Outer;;26136;1487976;0;0;0.991984;0.0;44886.0;8;1500000.0;0;0.0;0.0;0.0;0.0;25487;Hash;4;Inner;;0;150000;150000;0;1.0;2712.92;2712.92;4;0.0;0;0.01;10.106;0.0;0.0;25488;Index Only Scan;5;Outer;;3600;150000;0;0;1.0;0.42;2712.92;4;150000.0;0;0.0;0.0;0.0;0.0
Q13_116_seed_943463565;25491;Aggregate;2;Outer;;0;150000;1487976;0;0.1008080775496379;60819.85;62319.85;12;0.0;0;906.624;914.085;15.245;694.487;0.0;0.0;25492;Hash Join;3;Outer;;0;1487976;1487976;150000;6.666666666666667e-06;4587.92;53379.97;8;0.0;0;0.177;478.918;14.869;14.869;25493;Seq Scan;4;Outer;;26136;1487976;0;0;0.991984;0.0;44886.0;8;1500000.0;0;0.0;0.0;0.0;0.0;25494;Hash;4;Inner;;0;150000;150000;0;1.0;2712.92;2712.92;4;0.0;0;0.012;9.528;0.0;0.0;25495;Index Only Scan;5;Outer;;3600;150000;0;0;1.0;0.42;2712.92;4;150000.0;0;0.0;0.0;0.0;0.0
Q13_118_seed_959871627;25505;Aggregate;2;Outer;;0;150000;1478958;0;0.1014227584556153;60751.09;62251.09;12;0.0;0;920.996;928.886;15.449;714.941;0.0;0.0;25506;Hash Join;3;Outer;;0;1478958;1478958;150000;6.666666666666667e-06;4587.92;53356.3;8;0.0;0;0.24;504.578;14.956;14.956;25507;Seq Scan;4;Outer;;26136;1478958;0;0;0.985972;0.0;44886.0;8;1500000.0;0;0.0;0.0;0.0;0.0;25508;Hash;4;Inner;;0;150000;150000;0;1.0;2712.92;2712.92;4;0.0;0;0.011;9.457;0.0;0.0;25509;Index Only Scan;5;Outer;;3600;150000;0;0;1.0;0.42;2712.92;4;150000.0;0;0.0;0.0;0.0;0.0
Q13_119_seed_968075658;25512;Aggregate;2;Outer;;0;150000;1481964;0;0.1012170336121525;60774.01;62274.01;12;0.0;0;895.51;902.927;15.52;692.116;0.0;0.0;25513;Hash Join;3;Outer;;0;1481964;1481964;150000;6.666666666666667e-06;4587.92;53364.19;8;0.0;0;0.166;481.495;15.155;15.155;25514;Seq Scan;4;Outer;;26136;1481964;0;0;0.987976;0.0;44886.0;8;1500000.0;0;0.0;0.0;0.0;0.0;25515;Hash;4;Inner;;0;150000;150000;0;1.0;2712.92;2712.92;4;0.0;0;0.015;9.838;0.0;0.0;25516;Index Only Scan;5;Outer;;3600;150000;0;0;1.0;0.42;2712.92;4;150000.0;0;0.0;0.0;0.0;0.0
Q13_120_seed_976279689;25526;Aggregate;2;Outer;;0;150000;1487976;0;0.1008080775496379;60819.85;62319.85;12;0.0;0;887.89;895.359;16.711;683.206;0.0;0.0;25527;Hash Join;3;Outer;;0;1487976;1487976;150000;6.666666666666667e-06;4587.92;53379.97;8;0.0;0;0.229;471.807;16.283;16.283;25528;Seq Scan;4;Outer;;26136;1487976;0;0;0.991984;0.0;44886.0;8;1500000.0;0;0.0;0.0;0.0;0.0;25529;Hash;4;Inner;;0;150000;150000;0;1.0;2712.92;2712.92;4;0.0;0;0.009;10.102;0.0;0.0;25530;Index Only Scan;5;Outer;;3600;150000;0;0;1.0;0.42;2712.92;4;150000.0;0;0.0;0.0;0.0;0.0
Q13_121_seed_984483720;25533;Aggregate;2;Outer;;0;150000;1484970;0;0.1010121416594274;60796.93;62296.93;12;0.0;0;922.677;929.733;16.466;717.292;0.0;0.0;25534;Hash Join;3;Outer;;0;1484970;1484970;150000;6.666666666666667e-06;4587.92;53372.08;8;0.0;0;0.444;503.68;15.814;15.814;25535;Seq Scan;4;Outer;;26136;1484970;0;0;0.98998;0.0;44886.0;8;1500000.0;0;0.0;0.0;0.0;0.0;25536;Hash;4;Inner;;0;150000;150000;0;1.0;2712.92;2712.92;4;0.0;0;0.009;9.62;0.0;0.0;25537;Index Only Scan;5;Outer;;3600;150000;0;0;1.0;0.42;2712.92;4;150000.0;0;0.0;0.0;0.0;0.0
Q13_122_seed_992687751;25540;Aggregate;2;Outer;;0;150000;1478958;0;0.1014227584556153;60751.09;62251.09;12;0.0;0;880.758;888.426;15.819;680.644;0.0;0.0;25541;Hash Join;3;Outer;;0;1478958;1478958;150000;6.666666666666667e-06;4587.92;53356.3;8;0.0;0;0.205;474.923;15.343;15.343;25542;Seq Scan;4;Outer;;26136;1478958;0;0;0.985972;0.0;44886.0;8;1500000.0;0;0.0;0.0;0.0;0.0;25543;Hash;4;Inner;;0;150000;150000;0;1.0;2712.92;2712.92;4;0.0;0;0.013;9.951;0.0;0.0;25544;Index Only Scan;5;Outer;;3600;150000;0;0;1.0;0.42;2712.92;4;150000.0;0;0.0;0.0;0.0;0.0
Q13_123_seed_1000891782;25547;Aggregate;2;Outer;;0;150000;1487976;0;0.1008080775496379;60819.85;62319.85;12;0.0;0;879.767;887.588;19.328;678.005;0.0;0.0;25548;Hash Join;3;Outer;;0;1487976;1487976;150000;6.666666666666667e-06;4587.92;53379.97;8;0.0;0;0.272;464.826;18.751;18.751;25549;Seq Scan;4;Outer;;26136;1487976;0;0;0.991984;0.0;44886.0;8;1500000.0;0;0.0;0.0;0.0;0.0;25550;Hash;4;Inner;;0;150000;150000;0;1.0;2712.92;2712.92;4;0.0;0;0.028;11.285;0.0;0.0;25551;Index Only Scan;5;Outer;;3600;150000;0;0;1.0;0.42;2712.92;4;150000.0;0;0.0;0.0;0.0;0.0
Q13_125_seed_1017299844;25561;Aggregate;2;Outer;;0;150000;1487976;0;0.1008080775496379;60819.85;62319.85;12;0.0;0;888.015;897.743;20.634;689.655;0.0;0.0;25562;Hash Join;3;Outer;;0;1487976;1487976;150000;6.666666666666667e-06;4587.92;53379.97;8;0.0;0;0.203;477.446;20.176;20.176;25563;Seq Scan;4;Outer;;26136;1487976;0;0;0.991984;0.0;44886.0;8;1500000.0;0;0.0;0.0;0.0;0.0;25564;Hash;4;Inner;;0;150000;150000;0;1.0;2712.92;2712.92;4;0.0;0;0.012;11.644;0.0;0.0;25565;Index Only Scan;5;Outer;;3600;150000;0;0;1.0;0.42;2712.92;4;150000.0;0;0.0;0.0;0.0;0.0
Q13_126_seed_1025503875;25568;Aggregate;2;Outer;;0;150000;1475952;0;0.1016293212787407;60728.17;62228.17;12;0.0;0;898.265;905.043;16.437;687.958;0.0;0.0;25569;Hash Join;3;Outer;;0;1475952;1475952;150000;6.666666666666667e-06;4587.92;53348.41;8;0.0;0;0.258;468.379;15.972;15.972;25570;Seq Scan;4;Outer;;26136;1475952;0;0;0.983968;0.0;44886.0;8;1500000.0;0;0.0;0.0;0.0;0.0;25571;Hash;4;Inner;;0;150000;150000;0;1.0;2712.92;2712.92;4;0.0;0;0.011;10.119;0.0;0.0;25572;Index Only Scan;5;Outer;;3600;150000;0;0;1.0;0.42;2712.92;4;150000.0;0;0.0;0.0;0.0;0.0
Q13_127_seed_1033707906;25575;Aggregate;2;Outer;;0;150000;1487976;0;0.1008080775496379;60819.85;62319.85;12;0.0;0;923.525;931.374;16.125;719.077;0.0;0.0;25576;Hash Join;3;Outer;;0;1487976;1487976;150000;6.666666666666667e-06;4587.92;53379.97;8;0.0;0;0.229;506.15;15.698;15.698;25577;Seq Scan;4;Outer;;26136;1487976;0;0;0.991984;0.0;44886.0;8;1500000.0;0;0.0;0.0;0.0;0.0;25578;Hash;4;Inner;;0;150000;150000;0;1.0;2712.92;2712.92;4;0.0;0;0.017;10.293;0.0;0.0;25579;Index Only Scan;5;Outer;;3600;150000;0;0;1.0;0.42;2712.92;4;150000.0;0;0.0;0.0;0.0;0.0
Q13_129_seed_1050115968;25589;Aggregate;2;Outer;;0;150000;1469940;0;0.1020449814278133;60682.32;62182.32;12;0.0;0;893.915;901.257;17.967;688.503;0.0;0.0;25590;Hash Join;3;Outer;;0;1469940;1469940;150000;6.666666666666667e-06;4587.92;53332.62;8;0.0;0;0.262;471.313;17.463;17.463;25591;Seq Scan;4;Outer;;26136;1469940;0;0;0.97996;0.0;44886.0;8;1500000.0;0;0.0;0.0;0.0;0.0;25592;Hash;4;Inner;;0;150000;150000;0;1.0;2712.92;2712.92;4;0.0;0;0.019;10.401;0.0;0.0;25593;Index Only Scan;5;Outer;;3600;150000;0;0;1.0;0.42;2712.92;4;150000.0;0;0.0;0.0;0.0;0.0
Q13_130_seed_1058319999;25603;Aggregate;2;Outer;;0;150000;1478958;0;0.1014227584556153;60751.09;62251.09;12;0.0;0;911.634;918.716;15.648;711.933;0.0;0.0;25604;Hash Join;3;Outer;;0;1478958;1478958;150000;6.666666666666667e-06;4587.92;53356.3;8;0.0;0;0.17;504.307;15.275;15.275;25605;Seq Scan;4;Outer;;26136;1478958;0;0;0.985972;0.0;44886.0;8;1500000.0;0;0.0;0.0;0.0;0.0;25606;Hash;4;Inner;;0;150000;150000;0;1.0;2712.92;2712.92;4;0.0;0;0.01;9.939;0.0;0.0;25607;Index Only Scan;5;Outer;;3600;150000;0;0;1.0;0.42;2712.92;4;150000.0;0;0.0;0.0;0.0;0.0
Q13_131_seed_1066524030;25610;Aggregate;2;Outer;;0;150000;1478958;0;0.1014227584556153;60751.09;62251.09;12;0.0;0;901.897;909.353;17.781;694.012;0.0;0.0;25611;Hash Join;3;Outer;;0;1478958;1478958;150000;6.666666666666667e-06;4587.92;53356.3;8;0.0;0;0.28;478.394;17.269;17.269;25612;Seq Scan;4;Outer;;26136;1478958;0;0;0.985972;0.0;44886.0;8;1500000.0;0;0.0;0.0;0.0;0.0;25613;Hash;4;Inner;;0;150000;150000;0;1.0;2712.92;2712.92;4;0.0;0;0.012;10.854;0.0;0.0;25614;Index Only Scan;5;Outer;;3600;150000;0;0;1.0;0.42;2712.92;4;150000.0;0;0.0;0.0;0.0;0.0
Q13_132_seed_1074728061;25617;Aggregate;2;Outer;;0;150000;1487976;0;0.1008080775496379;60819.85;62319.85;12;0.0;0;895.847;904.392;16.283;687.399;0.0;0.0;25618;Hash Join;3;Outer;;0;1487976;1487976;150000;6.666666666666667e-06;4587.92;53379.97;8;0.0;0;0.288;473.206;15.761;15.761;25619;Seq Scan;4;Outer;;26136;1487976;0;0;0.991984;0.0;44886.0;8;1500000.0;0;0.0;0.0;0.0;0.0;25620;Hash;4;Inner;;0;150000;150000;0;1.0;2712.92;2712.92;4;0.0;0;0.016;10.216;0.0;0.0;25621;Index Only Scan;5;Outer;;3600;150000;0;0;1.0;0.42;2712.92;4;150000.0;0;0.0;0.0;0.0;0.0
Q13_133_seed_1082932092;25624;Aggregate;2;Outer;;0;150000;1484970;0;0.1010121416594274;60796.93;62296.93;12;0.0;0;910.967;918.589;15.802;711.272;0.0;0.0;25625;Hash Join;3;Outer;;0;1484970;1484970;150000;6.666666666666667e-06;4587.92;53372.08;8;0.0;0;0.193;503.64;15.383;15.383;25626;Seq Scan;4;Outer;;26136;1484970;0;0;0.98998;0.0;44886.0;8;1500000.0;0;0.0;0.0;0.0;0.0;25627;Hash;4;Inner;;0;150000;150000;0;1.0;2712.92;2712.92;4;0.0;0;0.01;10.182;0.0;0.0;25628;Index Only Scan;5;Outer;;3600;150000;0;0;1.0;0.42;2712.92;4;150000.0;0;0.0;0.0;0.0;0.0
Q13_134_seed_1091136123;25631;Aggregate;2;Outer;;0;150000;1484970;0;0.1010121416594274;60796.93;62296.93;12;0.0;0;891.312;899.271;16.804;687.077;0.0;0.0;25632;Hash Join;3;Outer;;0;1484970;1484970;150000;6.666666666666667e-06;4587.92;53372.08;8;0.0;0;0.218;477.492;16.348;16.348;25633;Seq Scan;4;Outer;;26136;1484970;0;0;0.98998;0.0;44886.0;8;1500000.0;0;0.0;0.0;0.0;0.0;25634;Hash;4;Inner;;0;150000;150000;0;1.0;2712.92;2712.92;4;0.0;0;0.013;10.263;0.0;0.0;25635;Index Only Scan;5;Outer;;3600;150000;0;0;1.0;0.42;2712.92;4;150000.0;0;0.0;0.0;0.0;0.0
Q13_135_seed_1099340154;25638;Aggregate;2;Outer;;0;150000;1487976;0;0.1008080775496379;60819.85;62319.85;12;0.0;0;905.97;913.02;19.942;690.372;0.0;0.0;25639;Hash Join;3;Outer;;0;1487976;1487976;150000;6.666666666666667e-06;4587.92;53379.97;8;0.0;0;0.214;463.209;19.474;19.474;25640;Seq Scan;4;Outer;;26136;1487976;0;0;0.991984;0.0;44886.0;8;1500000.0;0;0.0;0.0;0.0;0.0;25641;Hash;4;Inner;;0;150000;150000;0;1.0;2712.92;2712.92;4;0.0;0;0.012;10.828;0.0;0.0;25642;Index Only Scan;5;Outer;;3600;150000;0;0;1.0;0.42;2712.92;4;150000.0;0;0.0;0.0;0.0;0.0
Q13_136_seed_1107544185;25645;Aggregate;2;Outer;;0;150000;1487976;0;0.1008080775496379;60819.85;62319.85;12;0.0;0;926.547;934.285;18.07;719.111;0.0;0.0;25646;Hash Join;3;Outer;;0;1487976;1487976;150000;6.666666666666667e-06;4587.92;53379.97;8;0.0;0;0.279;501.678;17.585;17.586;25647;Seq Scan;4;Outer;;26136;1487976;0;0;0.991984;0.0;44886.0;8;1500000.0;0;0.0;0.0;0.0;0.0;25648;Hash;4;Inner;;0;150000;150000;0;1.0;2712.92;2712.92;4;0.0;0;0.012;10.948;0.0;0.0;25649;Index Only Scan;5;Outer;;3600;150000;0;0;1.0;0.42;2712.92;4;150000.0;0;0.0;0.0;0.0;0.0
Q13_137_seed_1115748216;25652;Aggregate;2;Outer;;0;150000;1487976;0;0.1008080775496379;60819.85;62319.85;12;0.0;0;888.917;896.504;15.848;688.717;0.0;0.0;25653;Hash Join;3;Outer;;0;1487976;1487976;150000;6.666666666666667e-06;4587.92;53379.97;8;0.0;0;0.216;481.539;15.42;15.42;25654;Seq Scan;4;Outer;;26136;1487976;0;0;0.991984;0.0;44886.0;8;1500000.0;0;0.0;0.0;0.0;0.0;25655;Hash;4;Inner;;0;150000;150000;0;1.0;2712.92;2712.92;4;0.0;0;0.01;10.13;0.0;0.0;25656;Index Only Scan;5;Outer;;3600;150000;0;0;1.0;0.42;2712.92;4;150000.0;0;0.0;0.0;0.0;0.0
Q13_138_seed_1123952247;25659;Aggregate;2;Outer;;0;150000;1475952;0;0.1016293212787407;60728.17;62228.17;12;0.0;0;871.027;878.76;16.387;672.045;0.0;0.0;25660;Hash Join;3;Outer;;0;1475952;1475952;150000;6.666666666666667e-06;4587.92;53348.41;8;0.0;0;0.229;464.716;15.958;15.958;25661;Seq Scan;4;Outer;;26136;1475952;0;0;0.983968;0.0;44886.0;8;1500000.0;0;0.0;0.0;0.0;0.0;25662;Hash;4;Inner;;0;150000;150000;0;1.0;2712.92;2712.92;4;0.0;0;0.01;10.166;0.0;0.0;25663;Index Only Scan;5;Outer;;3600;150000;0;0;1.0;0.42;2712.92;4;150000.0;0;0.0;0.0;0.0;0.0
Q13_13_seed_98448372;25673;Aggregate;2;Outer;;0;150000;1487976;0;0.1008080775496379;60819.85;62319.85;12;0.0;0;923.274;930.17;16.482;714.996;0.0;0.0;25674;Hash Join;3;Outer;;0;1487976;1487976;150000;6.666666666666667e-06;4587.92;53379.97;8;0.0;0;0.245;499.644;16.016;16.016;25675;Seq Scan;4;Outer;;26136;1487976;0;0;0.991984;0.0;44886.0;8;1500000.0;0;0.0;0.0;0.0;0.0;25676;Hash;4;Inner;;0;150000;150000;0;1.0;2712.92;2712.92;4;0.0;0;0.011;10.366;0.0;0.0;25677;Index Only Scan;5;Outer;;3600;150000;0;0;1.0;0.42;2712.92;4;150000.0;0;0.0;0.0;0.0;0.0
Q13_140_seed_1140360309;25680;Aggregate;2;Outer;;0;150000;1481964;0;0.1012170336121525;60774.01;62274.01;12;0.0;0;898.525;905.765;19.774;695.117;0.0;0.0;25681;Hash Join;3;Outer;;0;1481964;1481964;150000;6.666666666666667e-06;4587.92;53364.19;8;0.0;0;0.239;479.926;19.325;19.325;25682;Seq Scan;4;Outer;;26136;1481964;0;0;0.987976;0.0;44886.0;8;1500000.0;0;0.0;0.0;0.0;0.0;25683;Hash;4;Inner;;0;150000;150000;0;1.0;2712.92;2712.92;4;0.0;0;0.01;12.13;0.0;0.0;25684;Index Only Scan;5;Outer;;3600;150000;0;0;1.0;0.42;2712.92;4;150000.0;0;0.0;0.0;0.0;0.0
Q13_141_seed_1148564340;25687;Aggregate;2;Outer;;0;150000;1469940;0;0.1020449814278133;60682.32;62182.32;12;0.0;0;880.791;888.135;15.517;680.984;0.0;0.0;25688;Hash Join;3;Outer;;0;1469940;1469940;150000;6.666666666666667e-06;4587.92;53332.62;8;0.0;0;0.238;471.225;15.048;15.049;25689;Seq Scan;4;Outer;;26136;1469940;0;0;0.97996;0.0;44886.0;8;1500000.0;0;0.0;0.0;0.0;0.0;25690;Hash;4;Inner;;0;150000;150000;0;1.0;2712.92;2712.92;4;0.0;0;0.01;9.558;0.0;0.0;25691;Index Only Scan;5;Outer;;3600;150000;0;0;1.0;0.42;2712.92;4;150000.0;0;0.0;0.0;0.0;0.0
Q13_142_seed_1156768371;25694;Aggregate;2;Outer;;0;150000;1484970;0;0.1010121416594274;60796.93;62296.93;12;0.0;0;931.073;939.023;16.332;734.688;0.0;0.0;25695;Hash Join;3;Outer;;0;1484970;1484970;150000;6.666666666666667e-06;4587.92;53372.08;8;0.0;0;0.282;530.622;15.798;15.798;25696;Seq Scan;4;Outer;;26136;1484970;0;0;0.98998;0.0;44886.0;8;1500000.0;0;0.0;0.0;0.0;0.0;25697;Hash;4;Inner;;0;150000;150000;0;1.0;2712.92;2712.92;4;0.0;0;0.011;10.174;0.0;0.0;25698;Index Only Scan;5;Outer;;3600;150000;0;0;1.0;0.42;2712.92;4;150000.0;0;0.0;0.0;0.0;0.0
Q13_143_seed_1164972402;25701;Aggregate;2;Outer;;0;150000;1478958;0;0.1014227584556153;60751.09;62251.09;12;0.0;0;916.664;924.135;17.023;703.639;0.0;0.0;25702;Hash Join;3;Outer;;0;1478958;1478958;150000;6.666666666666667e-06;4587.92;53356.3;8;0.0;0;0.218;481.646;16.554;16.555;25703;Seq Scan;4;Outer;;26136;1478958;0;0;0.985972;0.0;44886.0;8;1500000.0;0;0.0;0.0;0.0;0.0;25704;Hash;4;Inner;;0;150000;150000;0;1.0;2712.92;2712.92;4;0.0;0;0.018;10.28;0.0;0.0;25705;Index Only Scan;5;Outer;;3600;150000;0;0;1.0;0.42;2712.92;4;150000.0;0;0.0;0.0;0.0;0.0
Q13_144_seed_1173176433;25708;Aggregate;2;Outer;;0;150000;1487976;0;0.1008080775496379;60819.85;62319.85;12;0.0;0;896.649;903.998;15.596;686.678;0.0;0.0;25709;Hash Join;3;Outer;;0;1487976;1487976;150000;6.666666666666667e-06;4587.92;53379.97;8;0.0;0;0.188;468.417;15.2;15.2;25710;Seq Scan;4;Outer;;26136;1487976;0;0;0.991984;0.0;44886.0;8;1500000.0;0;0.0;0.0;0.0;0.0;25711;Hash;4;Inner;;0;150000;150000;0;1.0;2712.92;2712.92;4;0.0;0;0.016;9.847;0.0;0.0;25712;Index Only Scan;5;Outer;;3600;150000;0;0;1.0;0.42;2712.92;4;150000.0;0;0.0;0.0;0.0;0.0
Q13_147_seed_1197788526;25729;Aggregate;2;Outer;;0;150000;1487976;0;0.1008080775496379;60819.85;62319.85;12;0.0;0;882.085;889.593;15.924;681.435;0.0;0.0;25730;Hash Join;3;Outer;;0;1487976;1487976;150000;6.666666666666667e-06;4587.92;53379.97;8;0.0;0;0.187;471.175;15.538;15.538;25731;Seq Scan;4;Outer;;26136;1487976;0;0;0.991984;0.0;44886.0;8;1500000.0;0;0.0;0.0;0.0;0.0;25732;Hash;4;Inner;;0;150000;150000;0;1.0;2712.92;2712.92;4;0.0;0;0.012;10.212;0.0;0.0;25733;Index Only Scan;5;Outer;;3600;150000;0;0;1.0;0.42;2712.92;4;150000.0;0;0.0;0.0;0.0;0.0
Q13_148_seed_1205992557;25736;Aggregate;2;Outer;;0;150000;1487976;0;0.1008080775496379;60819.85;62319.85;12;0.0;0;917.652;925.951;15.807;711.457;0.0;0.0;25737;Hash Join;3;Outer;;0;1487976;1487976;150000;6.666666666666667e-06;4587.92;53379.97;8;0.0;0;0.245;499.976;15.358;15.358;25738;Seq Scan;4;Outer;;26136;1487976;0;0;0.991984;0.0;44886.0;8;1500000.0;0;0.0;0.0;0.0;0.0;25739;Hash;4;Inner;;0;150000;150000;0;1.0;2712.92;2712.92;4;0.0;0;0.021;10.162;0.0;0.0;25740;Index Only Scan;5;Outer;;3600;150000;0;0;1.0;0.42;2712.92;4;150000.0;0;0.0;0.0;0.0;0.0
Q13_149_seed_1214196588;25743;Aggregate;2;Outer;;0;150000;1487976;0;0.1008080775496379;60819.85;62319.85;12;0.0;0;953.367;961.028;16.041;721.63;0.0;0.0;25744;Hash Join;3;Outer;;0;1487976;1487976;150000;6.666666666666667e-06;4587.92;53379.97;8;0.0;0;0.236;484.273;15.608;15.608;25745;Seq Scan;4;Outer;;26136;1487976;0;0;0.991984;0.0;44886.0;8;1500000.0;0;0.0;0.0;0.0;0.0;25746;Hash;4;Inner;;0;150000;150000;0;1.0;2712.92;2712.92;4;0.0;0;0.01;10.251;0.0;0.0;25747;Index Only Scan;5;Outer;;3600;150000;0;0;1.0;0.42;2712.92;4;150000.0;0;0.0;0.0;0.0;0.0
Q13_15_seed_114856434;25764;Aggregate;2;Outer;;0;150000;1475952;0;0.1016293212787407;60728.17;62228.17;12;0.0;0;886.591;893.746;15.873;680.859;0.0;0.0;25765;Hash Join;3;Outer;;0;1475952;1475952;150000;6.666666666666667e-06;4587.92;53348.41;8;0.0;0;0.25;467.392;15.395;15.395;25766;Seq Scan;4;Outer;;26136;1475952;0;0;0.983968;0.0;44886.0;8;1500000.0;0;0.0;0.0;0.0;0.0;25767;Hash;4;Inner;;0;150000;150000;0;1.0;2712.92;2712.92;4;0.0;0;0.012;9.601;0.0;0.0;25768;Index Only Scan;5;Outer;;3600;150000;0;0;1.0;0.42;2712.92;4;150000.0;0;0.0;0.0;0.0;0.0
Q13_17_seed_131264496;25778;Aggregate;2;Outer;;0;150000;1481964;0;0.1012170336121525;60774.01;62274.01;12;0.0;0;897.246;904.232;14.978;691.926;0.0;0.0;25779;Hash Join;3;Outer;;0;1481964;1481964;150000;6.666666666666667e-06;4587.92;53364.19;8;0.0;0;0.261;479.633;14.515;14.515;25780;Seq Scan;4;Outer;;26136;1481964;0;0;0.987976;0.0;44886.0;8;1500000.0;0;0.0;0.0;0.0;0.0;25781;Hash;4;Inner;;0;150000;150000;0;1.0;2712.92;2712.92;4;0.0;0;0.011;9.297;0.0;0.0;25782;Index Only Scan;5;Outer;;3600;150000;0;0;1.0;0.42;2712.92;4;150000.0;0;0.0;0.0;0.0;0.0
Q13_19_seed_147672558;25792;Aggregate;2;Outer;;0;150000;1484970;0;0.1010121416594274;60796.93;62296.93;12;0.0;0;916.056;923.352;15.968;713.849;0.0;0.0;25793;Hash Join;3;Outer;;0;1484970;1484970;150000;6.666666666666667e-06;4587.92;53372.08;8;0.0;0;0.185;504.976;15.583;15.583;25794;Seq Scan;4;Outer;;26136;1484970;0;0;0.98998;0.0;44886.0;8;1500000.0;0;0.0;0.0;0.0;0.0;25795;Hash;4;Inner;;0;150000;150000;0;1.0;2712.92;2712.92;4;0.0;0;0.009;10.27;0.0;0.0;25796;Index Only Scan;5;Outer;;3600;150000;0;0;1.0;0.42;2712.92;4;150000.0;0;0.0;0.0;0.0;0.0
Q13_1_seed_0101000000;25799;Aggregate;2;Outer;;0;150000;1490982;0;0.1006048362756894;60842.77;62342.77;12;0.0;0;909.523;917.048;15.91;702.765;0.0;0.0;25800;Hash Join;3;Outer;;0;1490982;1490982;150000;6.666666666666667e-06;4587.92;53387.86;8;0.0;0;0.305;492.275;15.399;15.399;25801;Seq Scan;4;Outer;;26136;1490982;0;0;0.993988;0.0;44886.0;8;1500000.0;0;0.0;0.0;0.0;0.0;25802;Hash;4;Inner;;0;150000;150000;0;1.0;2712.92;2712.92;4;0.0;0;0.01;10.374;0.0;0.0;25803;Index Only Scan;5;Outer;;3600;150000;0;0;1.0;0.42;2712.92;4;150000.0;0;0.0;0.0;0.0;0.0
Q13_20_seed_155876589;25806;Aggregate;2;Outer;;0;150000;1478958;0;0.1014227584556153;60751.09;62251.09;12;0.0;0;906.316;913.623;18.17;698.48;0.0;0.0;25807;Hash Join;3;Outer;;0;1478958;1478958;150000;6.666666666666667e-06;4587.92;53356.3;8;0.0;0;0.255;480.337;17.666;17.666;25808;Seq Scan;4;Outer;;26136;1478958;0;0;0.985972;0.0;44886.0;8;1500000.0;0;0.0;0.0;0.0;0.0;25809;Hash;4;Inner;;0;150000;150000;0;1.0;2712.92;2712.92;4;0.0;0;0.012;10.368;0.0;0.0;25810;Index Only Scan;5;Outer;;3600;150000;0;0;1.0;0.42;2712.92;4;150000.0;0;0.0;0.0;0.0;0.0
Q13_21_seed_164080620;25813;Aggregate;2;Outer;;0;150000;1487976;0;0.1008080775496379;60819.85;62319.85;12;0.0;0;886.222;893.516;15.653;681.386;0.0;0.0;25814;Hash Join;3;Outer;;0;1487976;1487976;150000;6.666666666666667e-06;4587.92;53379.97;8;0.0;0;0.177;468.548;15.268;15.268;25815;Seq Scan;4;Outer;;26136;1487976;0;0;0.991984;0.0;44886.0;8;1500000.0;0;0.0;0.0;0.0;0.0;25816;Hash;4;Inner;;0;150000;150000;0;1.0;2712.92;2712.92;4;0.0;0;0.009;9.979;0.0;0.0;25817;Index Only Scan;5;Outer;;3600;150000;0;0;1.0;0.42;2712.92;4;150000.0;0;0.0;0.0;0.0;0.0
Q13_22_seed_172284651;25820;Aggregate;2;Outer;;0;150000;1487976;0;0.1008080775496379;60819.85;62319.85;12;0.0;0;919.348;926.7;15.333;713.942;0.0;0.0;25821;Hash Join;3;Outer;;0;1487976;1487976;150000;6.666666666666667e-06;4587.92;53379.97;8;0.0;0;0.213;505.969;14.92;14.92;25822;Seq Scan;4;Outer;;26136;1487976;0;0;0.991984;0.0;44886.0;8;1500000.0;0;0.0;0.0;0.0;0.0;25823;Hash;4;Inner;;0;150000;150000;0;1.0;2712.92;2712.92;4;0.0;0;0.009;9.72;0.0;0.0;25824;Index Only Scan;5;Outer;;3600;150000;0;0;1.0;0.42;2712.92;4;150000.0;0;0.0;0.0;0.0;0.0
Q13_24_seed_188692713;25834;Aggregate;2;Outer;;0;150000;1475952;0;0.1016293212787407;60728.17;62228.17;12;0.0;0;871.794;879.325;15.556;671.692;0.0;0.0;25835;Hash Join;3;Outer;;0;1475952;1475952;150000;6.666666666666667e-06;4587.92;53348.41;8;0.0;0;0.177;464.351;15.183;15.184;25836;Seq Scan;4;Outer;;26136;1475952;0;0;0.983968;0.0;44886.0;8;1500000.0;0;0.0;0.0;0.0;0.0;25837;Hash;4;Inner;;0;150000;150000;0;1.0;2712.92;2712.92;4;0.0;0;0.011;9.923;0.0;0.0;25838;Index Only Scan;5;Outer;;3600;150000;0;0;1.0;0.42;2712.92;4;150000.0;0;0.0;0.0;0.0;0.0
Q13_25_seed_196896744;25841;Aggregate;2;Outer;;0;150000;1487976;0;0.1008080775496379;60819.85;62319.85;12;0.0;0;893.717;901.87;23.936;705.433;0.0;0.0;25842;Hash Join;3;Outer;;0;1487976;1487976;150000;6.666666666666667e-06;4587.92;53379.97;8;0.0;0;0.306;503.376;23.121;23.122;25843;Seq Scan;4;Outer;;26136;1487976;0;0;0.991984;0.0;44886.0;8;1500000.0;0;0.0;0.0;0.0;0.0;25844;Hash;4;Inner;;0;150000;150000;0;1.0;2712.92;2712.92;4;0.0;0;0.037;14.05;0.0;0.0;25845;Index Only Scan;5;Outer;;3600;150000;0;0;1.0;0.42;2712.92;4;150000.0;0;0.0;0.0;0.0;0.0
Q13_26_seed_205100775;25848;Aggregate;2;Outer;;0;150000;1487976;0;0.1008080775496379;60819.85;62319.85;12;0.0;0;899.491;906.827;15.971;695.281;0.0;0.0;25849;Hash Join;3;Outer;;0;1487976;1487976;150000;6.666666666666667e-06;4587.92;53379.97;8;0.0;0;0.235;484.213;15.505;15.505;25850;Seq Scan;4;Outer;;26136;1487976;0;0;0.991984;0.0;44886.0;8;1500000.0;0;0.0;0.0;0.0;0.0;25851;Hash;4;Inner;;0;150000;150000;0;1.0;2712.92;2712.92;4;0.0;0;0.014;10.082;0.0;0.0;25852;Index Only Scan;5;Outer;;3600;150000;0;0;1.0;0.42;2712.92;4;150000.0;0;0.0;0.0;0.0;0.0
Q13_27_seed_213304806;25855;Aggregate;2;Outer;;0;150000;1469940;0;0.1020449814278133;60682.32;62182.32;12;0.0;0;885.944;892.913;16.329;680.357;0.0;0.0;25856;Hash Join;3;Outer;;0;1469940;1469940;150000;6.666666666666667e-06;4587.92;53332.62;8;0.0;0;0.256;468.265;15.833;15.833;25857;Seq Scan;4;Outer;;26136;1469940;0;0;0.97996;0.0;44886.0;8;1500000.0;0;0.0;0.0;0.0;0.0;25858;Hash;4;Inner;;0;150000;150000;0;1.0;2712.92;2712.92;4;0.0;0;0.021;10.155;0.0;0.0;25859;Index Only Scan;5;Outer;;3600;150000;0;0;1.0;0.42;2712.92;4;150000.0;0;0.0;0.0;0.0;0.0
Q13_28_seed_221508837;25862;Aggregate;2;Outer;;0;150000;1478958;0;0.1014227584556153;60751.09;62251.09;12;0.0;0;912.29;919.062;16.445;710.745;0.0;0.0;25863;Hash Join;3;Outer;;0;1478958;1478958;150000;6.666666666666667e-06;4587.92;53356.3;8;0.0;0;0.193;503.407;16.024;16.024;25864;Seq Scan;4;Outer;;26136;1478958;0;0;0.985972;0.0;44886.0;8;1500000.0;0;0.0;0.0;0.0;0.0;25865;Hash;4;Inner;;0;150000;150000;0;1.0;2712.92;2712.92;4;0.0;0;0.017;10.475;0.0;0.0;25866;Index Only Scan;5;Outer;;3600;150000;0;0;1.0;0.42;2712.92;4;150000.0;0;0.0;0.0;0.0;0.0
Q13_30_seed_237916899;25883;Aggregate;2;Outer;;0;150000;1487976;0;0.1008080775496379;60819.85;62319.85;12;0.0;0;870.869;878.569;15.423;673.393;0.0;0.0;25884;Hash Join;3;Outer;;0;1487976;1487976;150000;6.666666666666667e-06;4587.92;53379.97;8;0.0;0;0.182;469.953;15.038;15.038;25885;Seq Scan;4;Outer;;26136;1487976;0;0;0.991984;0.0;44886.0;8;1500000.0;0;0.0;0.0;0.0;0.0;25886;Hash;4;Inner;;0;150000;150000;0;1.0;2712.92;2712.92;4;0.0;0;0.009;9.943;0.0;0.0;25887;Index Only Scan;5;Outer;;3600;150000;0;0;1.0;0.42;2712.92;4;150000.0;0;0.0;0.0;0.0;0.0
Q13_32_seed_254324961;25897;Aggregate;2;Outer;;0;150000;1484970;0;0.1010121416594274;60796.93;62296.93;12;0.0;0;884.837;892.978;19.157;687.14;0.0;0.0;25898;Hash Join;3;Outer;;0;1484970;1484970;150000;6.666666666666667e-06;4587.92;53372.08;8;0.0;0;0.278;478.822;18.63;18.631;25899;Seq Scan;4;Outer;;26136;1484970;0;0;0.98998;0.0;44886.0;8;1500000.0;0;0.0;0.0;0.0;0.0;25900;Hash;4;Inner;;0;150000;150000;0;1.0;2712.92;2712.92;4;0.0;0;0.011;11.365;0.0;0.0;25901;Index Only Scan;5;Outer;;3600;150000;0;0;1.0;0.42;2712.92;4;150000.0;0;0.0;0.0;0.0;0.0
Q13_34_seed_270733023;25911;Aggregate;2;Outer;;0;150000;1487976;0;0.1008080775496379;60819.85;62319.85;12;0.0;0;932.398;941.025;15.261;723.974;0.0;0.0;25912;Hash Join;3;Outer;;0;1487976;1487976;150000;6.666666666666667e-06;4587.92;53379.97;8;0.0;0;0.209;506.73;14.865;14.866;25913;Seq Scan;4;Outer;;26136;1487976;0;0;0.991984;0.0;44886.0;8;1500000.0;0;0.0;0.0;0.0;0.0;25914;Hash;4;Inner;;0;150000;150000;0;1.0;2712.92;2712.92;4;0.0;0;0.01;9.875;0.0;0.0;25915;Index Only Scan;5;Outer;;3600;150000;0;0;1.0;0.42;2712.92;4;150000.0;0;0.0;0.0;0.0;0.0
Q13_35_seed_278937054;25918;Aggregate;2;Outer;;0;150000;1487976;0;0.1008080775496379;60819.85;62319.85;12;0.0;0;909.141;916.56;15.267;708.421;0.0;0.0;25919;Hash Join;3;Outer;;0;1487976;1487976;150000;6.666666666666667e-06;4587.92;53379.97;8;0.0;0;0.38;500.505;14.685;14.685;25920;Seq Scan;4;Outer;;26136;1487976;0;0;0.991984;0.0;44886.0;8;1500000.0;0;0.0;0.0;0.0;0.0;25921;Hash;4;Inner;;0;150000;150000;0;1.0;2712.92;2712.92;4;0.0;0;0.011;9.623;0.0;0.0;25922;Index Only Scan;5;Outer;;3600;150000;0;0;1.0;0.42;2712.92;4;150000.0;0;0.0;0.0;0.0;0.0
Q13_36_seed_287141085;25925;Aggregate;2;Outer;;0;150000;1475952;0;0.1016293212787407;60728.17;62228.17;12;0.0;0;909.043;916.527;23.57;694.208;0.0;0.0;25926;Hash Join;3;Outer;;0;1475952;1475952;150000;6.666666666666667e-06;4587.92;53348.41;8;0.0;0;0.238;466.194;23.124;23.125;25927;Seq Scan;4;Outer;;26136;1475952;0;0;0.983968;0.0;44886.0;8;1500000.0;0;0.0;0.0;0.0;0.0;25928;Hash;4;Inner;;0;150000;150000;0;1.0;2712.92;2712.92;4;0.0;0;0.014;13.0;0.0;0.0;25929;Index Only Scan;5;Outer;;3600;150000;0;0;1.0;0.42;2712.92;4;150000.0;0;0.0;0.0;0.0;0.0
Q13_37_seed_295345116;25932;Aggregate;2;Outer;;0;150000;1487976;0;0.1008080775496379;60819.85;62319.85;12;0.0;0;923.549;930.584;16.131;718.975;0.0;0.0;25933;Hash Join;3;Outer;;0;1487976;1487976;150000;6.666666666666667e-06;4587.92;53379.97;8;0.0;0;0.25;507.494;15.629;15.629;25934;Seq Scan;4;Outer;;26136;1487976;0;0;0.991984;0.0;44886.0;8;1500000.0;0;0.0;0.0;0.0;0.0;25935;Hash;4;Inner;;0;150000;150000;0;1.0;2712.92;2712.92;4;0.0;0;0.025;10.229;0.0;0.0;25936;Index Only Scan;5;Outer;;3600;150000;0;0;1.0;0.42;2712.92;4;150000.0;0;0.0;0.0;0.0;0.0
Q13_38_seed_303549147;25939;Aggregate;2;Outer;;0;150000;1481964;0;0.1012170336121525;60774.01;62274.01;12;0.0;0;882.512;889.956;15.248;684.665;0.0;0.0;25940;Hash Join;3;Outer;;0;1481964;1481964;150000;6.666666666666667e-06;4587.92;53364.19;8;0.0;0;0.353;479.228;14.674;14.674;25941;Seq Scan;4;Outer;;26136;1481964;0;0;0.987976;0.0;44886.0;8;1500000.0;0;0.0;0.0;0.0;0.0;25942;Hash;4;Inner;;0;150000;150000;0;1.0;2712.92;2712.92;4;0.0;0;0.012;9.846;0.0;0.0;25943;Index Only Scan;5;Outer;;3600;150000;0;0;1.0;0.42;2712.92;4;150000.0;0;0.0;0.0;0.0;0.0
Q13_3_seed_16408062;25953;Aggregate;2;Outer;;0;150000;1475952;0;0.1016293212787407;60728.17;62228.17;12;0.0;0;911.577;918.377;15.328;695.704;0.0;0.0;25954;Hash Join;3;Outer;;0;1475952;1475952;150000;6.666666666666667e-06;4587.92;53348.41;8;0.0;0;0.199;474.586;14.899;14.906;25955;Seq Scan;4;Outer;;26136;1475952;0;0;0.983968;0.0;44886.0;8;1500000.0;0;0.0;0.0;0.0;0.0;25956;Hash;4;Inner;;0;150000;150000;0;1.0;2712.92;2712.92;4;0.0;0;0.011;9.598;0.0;0.0;25957;Index Only Scan;5;Outer;;3600;150000;0;0;1.0;0.42;2712.92;4;150000.0;0;0.0;0.0;0.0;0.0
Q13_40_seed_319957209;25960;Aggregate;2;Outer;;0;150000;1478958;0;0.1014227584556153;60751.09;62251.09;12;0.0;0;931.026;938.856;15.353;720.794;0.0;0.0;25961;Hash Join;3;Outer;;0;1478958;1478958;150000;6.666666666666667e-06;4587.92;53356.3;8;0.0;0;0.232;503.625;14.934;14.934;25962;Seq Scan;4;Outer;;26136;1478958;0;0;0.985972;0.0;44886.0;8;1500000.0;0;0.0;0.0;0.0;0.0;25963;Hash;4;Inner;;0;150000;150000;0;1.0;2712.92;2712.92;4;0.0;0;0.009;9.613;0.0;0.0;25964;Index Only Scan;5;Outer;;3600;150000;0;0;1.0;0.42;2712.92;4;150000.0;0;0.0;0.0;0.0;0.0
Q13_41_seed_328161240;25967;Aggregate;2;Outer;;0;150000;1478958;0;0.1014227584556153;60751.09;62251.09;12;0.0;0;890.345;897.587;14.844;687.358;0.0;0.0;25968;Hash Join;3;Outer;;0;1478958;1478958;150000;6.666666666666667e-06;4587.92;53356.3;8;0.0;0;0.243;477.099;14.375;14.376;25969;Seq Scan;4;Outer;;26136;1478958;0;0;0.985972;0.0;44886.0;8;1500000.0;0;0.0;0.0;0.0;0.0;25970;Hash;4;Inner;;0;150000;150000;0;1.0;2712.92;2712.92;4;0.0;0;0.015;9.234;0.0;0.0;25971;Index Only Scan;5;Outer;;3600;150000;0;0;1.0;0.42;2712.92;4;150000.0;0;0.0;0.0;0.0;0.0
Q13_42_seed_336365271;25974;Aggregate;2;Outer;;0;150000;1487976;0;0.1008080775496379;60819.85;62319.85;12;0.0;0;881.463;889.323;15.75;678.649;0.0;0.0;25975;Hash Join;3;Outer;;0;1487976;1487976;150000;6.666666666666667e-06;4587.92;53379.97;8;0.0;0;0.17;469.237;15.376;15.376;25976;Seq Scan;4;Outer;;26136;1487976;0;0;0.991984;0.0;44886.0;8;1500000.0;0;0.0;0.0;0.0;0.0;25977;Hash;4;Inner;;0;150000;150000;0;1.0;2712.92;2712.92;4;0.0;0;0.01;10.241;0.0;0.0;25978;Index Only Scan;5;Outer;;3600;150000;0;0;1.0;0.42;2712.92;4;150000.0;0;0.0;0.0;0.0;0.0
Q13_43_seed_344569302;25981;Aggregate;2;Outer;;0;150000;1484970;0;0.1010121416594274;60796.93;62296.93;12;0.0;0;887.647;894.671;15.349;696.616;0.0;0.0;25982;Hash Join;3;Outer;;0;1484970;1484970;150000;6.666666666666667e-06;4587.92;53372.08;8;0.0;0;0.228;499.274;14.922;14.922;25983;Seq Scan;4;Outer;;26136;1484970;0;0;0.98998;0.0;44886.0;8;1500000.0;0;0.0;0.0;0.0;0.0;25984;Hash;4;Inner;;0;150000;150000;0;1.0;2712.92;2712.92;4;0.0;0;0.017;10.023;0.0;0.0;25985;Index Only Scan;5;Outer;;3600;150000;0;0;1.0;0.42;2712.92;4;150000.0;0;0.0;0.0;0.0;0.0
Q13_44_seed_352773333;25988;Aggregate;2;Outer;;0;150000;1484970;0;0.1010121416594274;60796.93;62296.93;12;0.0;0;916.381;923.385;15.562;700.428;0.0;0.0;25989;Hash Join;3;Outer;;0;1484970;1484970;150000;6.666666666666667e-06;4587.92;53372.08;8;0.0;0;0.194;478.841;15.127;15.127;25990;Seq Scan;4;Outer;;26136;1484970;0;0;0.98998;0.0;44886.0;8;1500000.0;0;0.0;0.0;0.0;0.0;25991;Hash;4;Inner;;0;150000;150000;0;1.0;2712.92;2712.92;4;0.0;0;0.016;9.773;0.0;0.0;25992;Index Only Scan;5;Outer;;3600;150000;0;0;1.0;0.42;2712.92;4;150000.0;0;0.0;0.0;0.0;0.0
Q13_45_seed_360977364;25995;Aggregate;2;Outer;;0;150000;1487976;0;0.1008080775496379;60819.85;62319.85;12;0.0;0;876.552;884.434;14.786;673.942;0.0;0.0;25996;Hash Join;3;Outer;;0;1487976;1487976;150000;6.666666666666667e-06;4587.92;53379.97;8;0.0;0;0.245;465.231;14.354;14.354;25997;Seq Scan;4;Outer;;26136;1487976;0;0;0.991984;0.0;44886.0;8;1500000.0;0;0.0;0.0;0.0;0.0;25998;Hash;4;Inner;;0;150000;150000;0;1.0;2712.92;2712.92;4;0.0;0;0.015;9.441;0.0;0.0;25999;Index Only Scan;5;Outer;;3600;150000;0;0;1.0;0.42;2712.92;4;150000.0;0;0.0;0.0;0.0;0.0
Q13_46_seed_369181395;26002;Aggregate;2;Outer;;0;150000;1487976;0;0.1008080775496379;60819.85;62319.85;12;0.0;0;913.979;921.337;16.357;712.453;0.0;0.0;26003;Hash Join;3;Outer;;0;1487976;1487976;150000;6.666666666666667e-06;4587.92;53379.97;8;0.0;0;0.257;501.035;15.905;15.905;26004;Seq Scan;4;Outer;;26136;1487976;0;0;0.991984;0.0;44886.0;8;1500000.0;0;0.0;0.0;0.0;0.0;26005;Hash;4;Inner;;0;150000;150000;0;1.0;2712.92;2712.92;4;0.0;0;0.011;10.163;0.0;0.0;26006;Index Only Scan;5;Outer;;3600;150000;0;0;1.0;0.42;2712.92;4;150000.0;0;0.0;0.0;0.0;0.0
Q13_47_seed_377385426;26009;Aggregate;2;Outer;;0;150000;1487976;0;0.1008080775496379;60819.85;62319.85;12;0.0;0;912.968;920.852;17.318;701.928;0.0;0.0;26010;Hash Join;3;Outer;;0;1487976;1487976;150000;6.666666666666667e-06;4587.92;53379.97;8;0.0;0;0.278;480.966;16.805;16.805;26011;Seq Scan;4;Outer;;26136;1487976;0;0;0.991984;0.0;44886.0;8;1500000.0;0;0.0;0.0;0.0;0.0;26012;Hash;4;Inner;;0;150000;150000;0;1.0;2712.92;2712.92;4;0.0;0;0.012;11.022;0.0;0.0;26013;Index Only Scan;5;Outer;;3600;150000;0;0;1.0;0.42;2712.92;4;150000.0;0;0.0;0.0;0.0;0.0
Q13_48_seed_385589457;26016;Aggregate;2;Outer;;0;150000;1475952;0;0.1016293212787407;60728.17;62228.17;12;0.0;0;884.295;891.587;17.556;680.132;0.0;0.0;26017;Hash Join;3;Outer;;0;1475952;1475952;150000;6.666666666666667e-06;4587.92;53348.41;8;0.0;0;0.232;468.044;17.123;17.123;26018;Seq Scan;4;Outer;;26136;1475952;0;0;0.983968;0.0;44886.0;8;1500000.0;0;0.0;0.0;0.0;0.0;26019;Hash;4;Inner;;0;150000;150000;0;1.0;2712.92;2712.92;4;0.0;0;0.011;10.066;0.0;0.0;26020;Index Only Scan;5;Outer;;3600;150000;0;0;1.0;0.42;2712.92;4;150000.0;0;0.0;0.0;0.0;0.0
Q13_49_seed_393793488;26023;Aggregate;2;Outer;;0;150000;1478958;0;0.1014227584556153;60751.09;62251.09;12;0.0;0;909.086;917.082;14.728;708.806;0.0;0.0;26024;Hash Join;3;Outer;;0;1478958;1478958;150000;6.666666666666667e-06;4587.92;53356.3;8;0.0;0;0.184;501.125;14.337;14.338;26025;Seq Scan;4;Outer;;26136;1478958;0;0;0.985972;0.0;44886.0;8;1500000.0;0;0.0;0.0;0.0;0.0;26026;Hash;4;Inner;;0;150000;150000;0;1.0;2712.92;2712.92;4;0.0;0;0.01;9.221;0.0;0.0;26027;Index Only Scan;5;Outer;;3600;150000;0;0;1.0;0.42;2712.92;4;150000.0;0;0.0;0.0;0.0;0.0
Q13_50_seed_401997519;26037;Aggregate;2;Outer;;0;150000;1481964;0;0.1012170336121525;60774.01;62274.01;12;0.0;0;880.415;887.88;16.405;683.082;0.0;0.0;26038;Hash Join;3;Outer;;0;1481964;1481964;150000;6.666666666666667e-06;4587.92;53364.19;8;0.0;0;0.295;477.757;15.877;15.877;26039;Seq Scan;4;Outer;;26136;1481964;0;0;0.987976;0.0;44886.0;8;1500000.0;0;0.0;0.0;0.0;0.0;26040;Hash;4;Inner;;0;150000;150000;0;1.0;2712.92;2712.92;4;0.0;0;0.012;9.708;0.0;0.0;26041;Index Only Scan;5;Outer;;3600;150000;0;0;1.0;0.42;2712.92;4;150000.0;0;0.0;0.0;0.0;0.0
Q13_51_seed_410201550;26044;Aggregate;2;Outer;;0;150000;1469940;0;0.1020449814278133;60682.32;62182.32;12;0.0;0;900.45;907.742;16.062;688.2;0.0;0.0;26045;Hash Join;3;Outer;;0;1469940;1469940;150000;6.666666666666667e-06;4587.92;53332.62;8;0.0;0;0.188;465.906;15.647;15.648;26046;Seq Scan;4;Outer;;26136;1469940;0;0;0.97996;0.0;44886.0;8;1500000.0;0;0.0;0.0;0.0;0.0;26047;Hash;4;Inner;;0;150000;150000;0;1.0;2712.92;2712.92;4;0.0;0;0.011;10.195;0.0;0.0;26048;Index Only Scan;5;Outer;;3600;150000;0;0;1.0;0.42;2712.92;4;150000.0;0;0.0;0.0;0.0;0.0
Q13_52_seed_418405581;26051;Aggregate;2;Outer;;0;150000;1484970;0;0.1010121416594274;60796.93;62296.93;12;0.0;0;929.446;936.343;20.229;722.8;0.0;0.0;26052;Hash Join;3;Outer;;0;1484970;1484970;150000;6.666666666666667e-06;4587.92;53372.08;8;0.0;0;0.248;504.524;19.763;19.764;26053;Seq Scan;4;Outer;;26136;1484970;0;0;0.98998;0.0;44886.0;8;1500000.0;0;0.0;0.0;0.0;0.0;26054;Hash;4;Inner;;0;150000;150000;0;1.0;2712.92;2712.92;4;0.0;0;0.009;10.192;0.0;0.0;26055;Index Only Scan;5;Outer;;3600;150000;0;0;1.0;0.42;2712.92;4;150000.0;0;0.0;0.0;0.0;0.0
Q13_53_seed_426609612;26058;Aggregate;2;Outer;;0;150000;1478958;0;0.1014227584556153;60751.09;62251.09;12;0.0;0;896.547;903.892;15.529;695.073;0.0;0.0;26059;Hash Join;3;Outer;;0;1478958;1478958;150000;6.666666666666667e-06;4587.92;53356.3;8;0.0;0;0.226;485.15;15.097;15.097;26060;Seq Scan;4;Outer;;26136;1478958;0;0;0.985972;0.0;44886.0;8;1500000.0;0;0.0;0.0;0.0;0.0;26061;Hash;4;Inner;;0;150000;150000;0;1.0;2712.92;2712.92;4;0.0;0;0.01;10.097;0.0;0.0;26062;Index Only Scan;5;Outer;;3600;150000;0;0;1.0;0.42;2712.92;4;150000.0;0;0.0;0.0;0.0;0.0
Q13_54_seed_434813643;26065;Aggregate;2;Outer;;0;150000;1487976;0;0.1008080775496379;60819.85;62319.85;12;0.0;0;889.217;897.22;16.799;681.486;0.0;0.0;26066;Hash Join;3;Outer;;0;1487976;1487976;150000;6.666666666666667e-06;4587.92;53379.97;8;0.0;0;0.264;467.19;16.292;16.292;26067;Seq Scan;4;Outer;;26136;1487976;0;0;0.991984;0.0;44886.0;8;1500000.0;0;0.0;0.0;0.0;0.0;26068;Hash;4;Inner;;0;150000;150000;0;1.0;2712.92;2712.92;4;0.0;0;0.012;10.709;0.0;0.0;26069;Index Only Scan;5;Outer;;3600;150000;0;0;1.0;0.42;2712.92;4;150000.0;0;0.0;0.0;0.0;0.0
Q13_55_seed_443017674;26072;Aggregate;2;Outer;;0;150000;1487976;0;0.1008080775496379;60819.85;62319.85;12;0.0;0;894.485;902.839;14.765;699.856;0.0;0.0;26073;Hash Join;3;Outer;;0;1487976;1487976;150000;6.666666666666667e-06;4587.92;53379.97;8;0.0;0;0.287;501.049;14.287;14.288;26074;Seq Scan;4;Outer;;26136;1487976;0;0;0.991984;0.0;44886.0;8;1500000.0;0;0.0;0.0;0.0;0.0;26075;Hash;4;Inner;;0;150000;150000;0;1.0;2712.92;2712.92;4;0.0;0;0.011;9.273;0.0;0.0;26076;Index Only Scan;5;Outer;;3600;150000;0;0;1.0;0.42;2712.92;4;150000.0;0;0.0;0.0;0.0;0.0
Q13_56_seed_451221705;26079;Aggregate;2;Outer;;0;150000;1484970;0;0.1010121416594274;60796.93;62296.93;12;0.0;0;896.903;904.41;15.695;693.011;0.0;0.0;26080;Hash Join;3;Outer;;0;1484970;1484970;150000;6.666666666666667e-06;4587.92;53372.08;8;0.0;0;0.221;482.198;15.244;15.244;26081;Seq Scan;4;Outer;;26136;1484970;0;0;0.98998;0.0;44886.0;8;1500000.0;0;0.0;0.0;0.0;0.0;26082;Hash;4;Inner;;0;150000;150000;0;1.0;2712.92;2712.92;4;0.0;0;0.012;9.69;0.0;0.0;26083;Index Only Scan;5;Outer;;3600;150000;0;0;1.0;0.42;2712.92;4;150000.0;0;0.0;0.0;0.0;0.0
Q13_58_seed_467629767;26093;Aggregate;2;Outer;;0;150000;1487976;0;0.1008080775496379;60819.85;62319.85;12;0.0;0;903.028;910.356;15.72;705.227;0.0;0.0;26094;Hash Join;3;Outer;;0;1487976;1487976;150000;6.666666666666667e-06;4587.92;53379.97;8;0.0;0;0.188;500.862;15.327;15.327;26095;Seq Scan;4;Outer;;26136;1487976;0;0;0.991984;0.0;44886.0;8;1500000.0;0;0.0;0.0;0.0;0.0;26096;Hash;4;Inner;;0;150000;150000;0;1.0;2712.92;2712.92;4;0.0;0;0.01;10.175;0.0;0.0;26097;Index Only Scan;5;Outer;;3600;150000;0;0;1.0;0.42;2712.92;4;150000.0;0;0.0;0.0;0.0;0.0
Q13_59_seed_475833798;26100;Aggregate;2;Outer;;0;150000;1487976;0;0.1008080775496379;60819.85;62319.85;12;0.0;0;898.967;906.919;15.869;692.082;0.0;0.0;26101;Hash Join;3;Outer;;0;1487976;1487976;150000;6.666666666666667e-06;4587.92;53379.97;8;0.0;0;0.167;479.217;15.47;15.47;26102;Seq Scan;4;Outer;;26136;1487976;0;0;0.991984;0.0;44886.0;8;1500000.0;0;0.0;0.0;0.0;0.0;26103;Hash;4;Inner;;0;150000;150000;0;1.0;2712.92;2712.92;4;0.0;0;0.012;10.057;0.0;0.0;26104;Index Only Scan;5;Outer;;3600;150000;0;0;1.0;0.42;2712.92;4;150000.0;0;0.0;0.0;0.0;0.0
Q13_5_seed_32816124;26107;Aggregate;2;Outer;;0;150000;1481964;0;0.1012170336121525;60774.01;62274.01;12;0.0;0;885.182;892.953;16.26;684.799;0.0;0.0;26108;Hash Join;3;Outer;;0;1481964;1481964;150000;6.666666666666667e-06;4587.92;53364.19;8;0.0;0;0.223;477.966;15.813;15.813;26109;Seq Scan;4;Outer;;26136;1481964;0;0;0.987976;0.0;44886.0;8;1500000.0;0;0.0;0.0;0.0;0.0;26110;Hash;4;Inner;;0;150000;150000;0;1.0;2712.92;2712.92;4;0.0;0;0.012;9.785;0.0;0.0;26111;Index Only Scan;5;Outer;;3600;150000;0;0;1.0;0.42;2712.92;4;150000.0;0;0.0;0.0;0.0;0.0
Q13_60_seed_484037829;26114;Aggregate;2;Outer;;0;150000;1475952;0;0.1016293212787407;60728.17;62228.17;12;0.0;0;877.803;885.261;15.034;675.825;0.0;0.0;26115;Hash Join;3;Outer;;0;1475952;1475952;150000;6.666666666666667e-06;4587.92;53348.41;8;0.0;0;0.234;468.877;14.602;14.602;26116;Seq Scan;4;Outer;;26136;1475952;0;0;0.983968;0.0;44886.0;8;1500000.0;0;0.0;0.0;0.0;0.0;26117;Hash;4;Inner;;0;150000;150000;0;1.0;2712.92;2712.92;4;0.0;0;0.009;9.307;0.0;0.0;26118;Index Only Scan;5;Outer;;3600;150000;0;0;1.0;0.42;2712.92;4;150000.0;0;0.0;0.0;0.0;0.0
Q13_61_seed_492241860;26121;Aggregate;2;Outer;;0;150000;1478958;0;0.1014227584556153;60751.09;62251.09;12;0.0;0;939.026;946.464;15.975;723.821;0.0;0.0;26122;Hash Join;3;Outer;;0;1478958;1478958;150000;6.666666666666667e-06;4587.92;53356.3;8;0.0;0;0.277;504.218;15.462;15.462;26123;Seq Scan;4;Outer;;26136;1478958;0;0;0.985972;0.0;44886.0;8;1500000.0;0;0.0;0.0;0.0;0.0;26124;Hash;4;Inner;;0;150000;150000;0;1.0;2712.92;2712.92;4;0.0;0;0.01;9.93;0.0;0.0;26125;Index Only Scan;5;Outer;;3600;150000;0;0;1.0;0.42;2712.92;4;150000.0;0;0.0;0.0;0.0;0.0
Q13_62_seed_500445891;26128;Aggregate;2;Outer;;0;150000;1481964;0;0.1012170336121525;60774.01;62274.01;12;0.0;0;890.819;898.414;16.216;690.607;0.0;0.0;26129;Hash Join;3;Outer;;0;1481964;1481964;150000;6.666666666666667e-06;4587.92;53364.19;8;0.0;0;0.188;482.645;15.802;15.803;26130;Seq Scan;4;Outer;;26136;1481964;0;0;0.987976;0.0;44886.0;8;1500000.0;0;0.0;0.0;0.0;0.0;26131;Hash;4;Inner;;0;150000;150000;0;1.0;2712.92;2712.92;4;0.0;0;0.013;10.617;0.0;0.0;26132;Index Only Scan;5;Outer;;3600;150000;0;0;1.0;0.42;2712.92;4;150000.0;0;0.0;0.0;0.0;0.0
Q13_63_seed_508649922;26135;Aggregate;2;Outer;;0;150000;1487976;0;0.1008080775496379;60819.85;62319.85;12;0.0;0;879.132;887.06;16.069;676.195;0.0;0.0;26136;Hash Join;3;Outer;;0;1487976;1487976;150000;6.666666666666667e-06;4587.92;53379.97;8;0.0;0;0.188;466.517;15.679;15.679;26137;Seq Scan;4;Outer;;26136;1487976;0;0;0.991984;0.0;44886.0;8;1500000.0;0;0.0;0.0;0.0;0.0;26138;Hash;4;Inner;;0;150000;150000;0;1.0;2712.92;2712.92;4;0.0;0;0.01;10.441;0.0;0.0;26139;Index Only Scan;5;Outer;;3600;150000;0;0;1.0;0.42;2712.92;4;150000.0;0;0.0;0.0;0.0;0.0
Q13_64_seed_516853953;26142;Aggregate;2;Outer;;0;150000;1484970;0;0.1010121416594274;60796.93;62296.93;12;0.0;0;911.966;918.79;18.01;712.583;0.0;0.0;26143;Hash Join;3;Outer;;0;1484970;1484970;150000;6.666666666666667e-06;4587.92;53372.08;8;0.0;0;0.273;504.932;17.467;17.468;26144;Seq Scan;4;Outer;;26136;1484970;0;0;0.98998;0.0;44886.0;8;1500000.0;0;0.0;0.0;0.0;0.0;26145;Hash;4;Inner;;0;150000;150000;0;1.0;2712.92;2712.92;4;0.0;0;0.013;11.191;0.0;0.0;26146;Index Only Scan;5;Outer;;3600;150000;0;0;1.0;0.42;2712.92;4;150000.0;0;0.0;0.0;0.0;0.0
Q13_65_seed_525057984;26149;Aggregate;2;Outer;;0;150000;1478958;0;0.1014227584556153;60751.09;62251.09;12;0.0;0;914.873;922.514;17.505;707.076;0.0;0.0;26150;Hash Join;3;Outer;;0;1478958;1478958;150000;6.666666666666667e-06;4587.92;53356.3;8;0.0;0;0.249;481.637;17.014;17.018;26151;Seq Scan;4;Outer;;26136;1478958;0;0;0.985972;0.0;44886.0;8;1500000.0;0;0.0;0.0;0.0;0.0;26152;Hash;4;Inner;;0;150000;150000;0;1.0;2712.92;2712.92;4;0.0;0;0.016;10.761;0.0;0.0;26153;Index Only Scan;5;Outer;;3600;150000;0;0;1.0;0.42;2712.92;4;150000.0;0;0.0;0.0;0.0;0.0
Q13_66_seed_533262015;26156;Aggregate;2;Outer;;0;150000;1487976;0;0.1008080775496379;60819.85;62319.85;12;0.0;0;872.198;880.349;16.026;670.961;0.0;0.0;26157;Hash Join;3;Outer;;0;1487976;1487976;150000;6.666666666666667e-06;4587.92;53379.97;8;0.0;0;0.199;465.089;15.444;15.445;26158;Seq Scan;4;Outer;;26136;1487976;0;0;0.991984;0.0;44886.0;8;1500000.0;0;0.0;0.0;0.0;0.0;26159;Hash;4;Inner;;0;150000;150000;0;1.0;2712.92;2712.92;4;0.0;0;0.015;10.001;0.0;0.0;26160;Index Only Scan;5;Outer;;3600;150000;0;0;1.0;0.42;2712.92;4;150000.0;0;0.0;0.0;0.0;0.0
Q13_67_seed_541466046;26163;Aggregate;2;Outer;;0;150000;1487976;0;0.1008080775496379;60819.85;62319.85;12;0.0;0;925.873;934.734;15.867;720.613;0.0;0.0;26164;Hash Join;3;Outer;;0;1487976;1487976;150000;6.666666666666667e-06;4587.92;53379.97;8;0.0;0;0.191;509.599;15.479;15.479;26165;Seq Scan;4;Outer;;26136;1487976;0;0;0.991984;0.0;44886.0;8;1500000.0;0;0.0;0.0;0.0;0.0;26166;Hash;4;Inner;;0;150000;150000;0;1.0;2712.92;2712.92;4;0.0;0;0.01;10.291;0.0;0.0;26167;Index Only Scan;5;Outer;;3600;150000;0;0;1.0;0.42;2712.92;4;150000.0;0;0.0;0.0;0.0;0.0
Q13_68_seed_549670077;26170;Aggregate;2;Outer;;0;150000;1484970;0;0.1010121416594274;60796.93;62296.93;12;0.0;0;908.084;915.538;17.263;696.884;0.0;0.0;26171;Hash Join;3;Outer;;0;1484970;1484970;150000;6.666666666666667e-06;4587.92;53372.08;8;0.0;0;0.2;478.29;16.824;16.824;26172;Seq Scan;4;Outer;;26136;1484970;0;0;0.98998;0.0;44886.0;8;1500000.0;0;0.0;0.0;0.0;0.0;26173;Hash;4;Inner;;0;150000;150000;0;1.0;2712.92;2712.92;4;0.0;0;0.016;10.577;0.0;0.0;26174;Index Only Scan;5;Outer;;3600;150000;0;0;1.0;0.42;2712.92;4;150000.0;0;0.0;0.0;0.0;0.0
Q13_69_seed_557874108;26177;Aggregate;2;Outer;;0;150000;1475952;0;0.1016293212787407;60728.17;62228.17;12;0.0;0;871.241;878.946;16.422;674.617;0.0;0.0;26178;Hash Join;3;Outer;;0;1475952;1475952;150000;6.666666666666667e-06;4587.92;53348.41;8;0.0;0;0.202;468.841;16.01;16.01;26179;Seq Scan;4;Outer;;26136;1475952;0;0;0.983968;0.0;44886.0;8;1500000.0;0;0.0;0.0;0.0;0.0;26180;Hash;4;Inner;;0;150000;150000;0;1.0;2712.92;2712.92;4;0.0;0;0.01;10.266;0.0;0.0;26181;Index Only Scan;5;Outer;;3600;150000;0;0;1.0;0.42;2712.92;4;150000.0;0;0.0;0.0;0.0;0.0
Q13_70_seed_566078139;26191;Aggregate;2;Outer;;0;150000;1487976;0;0.1008080775496379;60819.85;62319.85;12;0.0;0;922.837;930.496;15.557;715.812;0.0;0.0;26192;Hash Join;3;Outer;;0;1487976;1487976;150000;6.666666666666667e-06;4587.92;53379.97;8;0.0;0;0.186;500.515;15.177;15.177;26193;Seq Scan;4;Outer;;26136;1487976;0;0;0.991984;0.0;44886.0;8;1500000.0;0;0.0;0.0;0.0;0.0;26194;Hash;4;Inner;;0;150000;150000;0;1.0;2712.92;2712.92;4;0.0;0;0.022;9.753;0.0;0.0;26195;Index Only Scan;5;Outer;;3600;150000;0;0;1.0;0.42;2712.92;4;150000.0;0;0.0;0.0;0.0;0.0
Q13_71_seed_574282170;26198;Aggregate;2;Outer;;0;150000;1487976;0;0.1008080775496379;60819.85;62319.85;12;0.0;0;892.567;899.88;15.494;689.956;0.0;0.0;26199;Hash Join;3;Outer;;0;1487976;1487976;150000;6.666666666666667e-06;4587.92;53379.97;8;0.0;0;0.209;479.769;15.086;15.086;26200;Seq Scan;4;Outer;;26136;1487976;0;0;0.991984;0.0;44886.0;8;1500000.0;0;0.0;0.0;0.0;0.0;26201;Hash;4;Inner;;0;150000;150000;0;1.0;2712.92;2712.92;4;0.0;0;0.013;9.738;0.0;0.0;26202;Index Only Scan;5;Outer;;3600;150000;0;0;1.0;0.42;2712.92;4;150000.0;0;0.0;0.0;0.0;0.0
Q13_72_seed_582486201;26205;Aggregate;2;Outer;;0;150000;1469940;0;0.1020449814278133;60682.32;62182.32;12;0.0;0;884.115;891.87;15.764;682.687;0.0;0.0;26206;Hash Join;3;Outer;;0;1469940;1469940;150000;6.666666666666667e-06;4587.92;53332.62;8;0.0;0;0.217;466.988;15.334;15.335;26207;Seq Scan;4;Outer;;26136;1469940;0;0;0.97996;0.0;44886.0;8;1500000.0;0;0.0;0.0;0.0;0.0;26208;Hash;4;Inner;;0;150000;150000;0;1.0;2712.92;2712.92;4;0.0;0;0.01;10.051;0.0;0.0;26209;Index Only Scan;5;Outer;;3600;150000;0;0;1.0;0.42;2712.92;4;150000.0;0;0.0;0.0;0.0;0.0
Q13_74_seed_598894263;26219;Aggregate;2;Outer;;0;150000;1481964;0;0.1012170336121525;60774.01;62274.01;12;0.0;0;887.552;895.638;15.602;687.589;0.0;0.0;26220;Hash Join;3;Outer;;0;1481964;1481964;150000;6.666666666666667e-06;4587.92;53364.19;8;0.0;0;0.221;479.657;15.174;15.175;26221;Seq Scan;4;Outer;;26136;1481964;0;0;0.987976;0.0;44886.0;8;1500000.0;0;0.0;0.0;0.0;0.0;26222;Hash;4;Inner;;0;150000;150000;0;1.0;2712.92;2712.92;4;0.0;0;0.011;9.744;0.0;0.0;26223;Index Only Scan;5;Outer;;3600;150000;0;0;1.0;0.42;2712.92;4;150000.0;0;0.0;0.0;0.0;0.0
Q13_75_seed_607098294;26226;Aggregate;2;Outer;;0;150000;1487976;0;0.1008080775496379;60819.85;62319.85;12;0.0;0;879.145;886.727;15.752;676.198;0.0;0.0;26227;Hash Join;3;Outer;;0;1487976;1487976;150000;6.666666666666667e-06;4587.92;53379.97;8;0.0;0;0.236;466.56;15.308;15.308;26228;Seq Scan;4;Outer;;26136;1487976;0;0;0.991984;0.0;44886.0;8;1500000.0;0;0.0;0.0;0.0;0.0;26229;Hash;4;Inner;;0;150000;150000;0;1.0;2712.92;2712.92;4;0.0;0;0.01;10.225;0.0;0.0;26230;Index Only Scan;5;Outer;;3600;150000;0;0;1.0;0.42;2712.92;4;150000.0;0;0.0;0.0;0.0;0.0
Q13_76_seed_615302325;26233;Aggregate;2;Outer;;0;150000;1484970;0;0.1010121416594274;60796.93;62296.93;12;0.0;0;953.849;961.762;16.493;737.827;0.0;0.0;26234;Hash Join;3;Outer;;0;1484970;1484970;150000;6.666666666666667e-06;4587.92;53372.08;8;0.0;0;0.211;513.059;16.055;16.055;26235;Seq Scan;4;Outer;;26136;1484970;0;0;0.98998;0.0;44886.0;8;1500000.0;0;0.0;0.0;0.0;0.0;26236;Hash;4;Inner;;0;150000;150000;0;1.0;2712.92;2712.92;4;0.0;0;0.012;9.993;0.0;0.0;26237;Index Only Scan;5;Outer;;3600;150000;0;0;1.0;0.42;2712.92;4;150000.0;0;0.0;0.0;0.0;0.0
Q13_78_seed_631710387;26247;Aggregate;2;Outer;;0;150000;1487976;0;0.1008080775496379;60819.85;62319.85;12;0.0;0;904.613;911.945;16.783;692.802;0.0;0.0;26248;Hash Join;3;Outer;;0;1487976;1487976;150000;6.666666666666667e-06;4587.92;53379.97;8;0.0;0;0.254;472.233;16.335;16.335;26249;Seq Scan;4;Outer;;26136;1487976;0;0;0.991984;0.0;44886.0;8;1500000.0;0;0.0;0.0;0.0;0.0;26250;Hash;4;Inner;;0;150000;150000;0;1.0;2712.92;2712.92;4;0.0;0;0.01;9.962;0.0;0.0;26251;Index Only Scan;5;Outer;;3600;150000;0;0;1.0;0.42;2712.92;4;150000.0;0;0.0;0.0;0.0;0.0
Q13_79_seed_639914418;26254;Aggregate;2;Outer;;0;150000;1487976;0;0.1008080775496379;60819.85;62319.85;12;0.0;0;915.26;922.956;16.228;716.654;0.0;0.0;26255;Hash Join;3;Outer;;0;1487976;1487976;150000;6.666666666666667e-06;4587.92;53379.97;8;0.0;0;0.297;511.181;15.731;15.731;26256;Seq Scan;4;Outer;;26136;1487976;0;0;0.991984;0.0;44886.0;8;1500000.0;0;0.0;0.0;0.0;0.0;26257;Hash;4;Inner;;0;150000;150000;0;1.0;2712.92;2712.92;4;0.0;0;0.016;10.31;0.0;0.0;26258;Index Only Scan;5;Outer;;3600;150000;0;0;1.0;0.42;2712.92;4;150000.0;0;0.0;0.0;0.0;0.0
Q13_7_seed_49224186;26261;Aggregate;2;Outer;;0;150000;1484970;0;0.1010121416594274;60796.93;62296.93;12;0.0;0;940.604;947.66;16.944;726.486;0.0;0.0;26262;Hash Join;3;Outer;;0;1484970;1484970;150000;6.666666666666667e-06;4587.92;53372.08;8;0.0;0;0.318;506.11;16.368;16.368;26263;Seq Scan;4;Outer;;26136;1484970;0;0;0.98998;0.0;44886.0;8;1500000.0;0;0.0;0.0;0.0;0.0;26264;Hash;4;Inner;;0;150000;150000;0;1.0;2712.92;2712.92;4;0.0;0;0.021;9.909;0.0;0.0;26265;Index Only Scan;5;Outer;;3600;150000;0;0;1.0;0.42;2712.92;4;150000.0;0;0.0;0.0;0.0;0.0
Q13_80_seed_648118449;26268;Aggregate;2;Outer;;0;150000;1487976;0;0.1008080775496379;60819.85;62319.85;12;0.0;0;891.053;898.718;16.682;688.701;0.0;0.0;26269;Hash Join;3;Outer;;0;1487976;1487976;150000;6.666666666666667e-06;4587.92;53379.97;8;0.0;0;0.255;481.133;16.225;16.225;26270;Seq Scan;4;Outer;;26136;1487976;0;0;0.991984;0.0;44886.0;8;1500000.0;0;0.0;0.0;0.0;0.0;26271;Hash;4;Inner;;0;150000;150000;0;1.0;2712.92;2712.92;4;0.0;0;0.011;10.705;0.0;0.0;26272;Index Only Scan;5;Outer;;3600;150000;0;0;1.0;0.42;2712.92;4;150000.0;0;0.0;0.0;0.0;0.0
Q13_81_seed_656322480;26275;Aggregate;2;Outer;;0;150000;1475952;0;0.1016293212787407;60728.17;62228.17;12;0.0;0;896.004;903.379;19.028;686.4;0.0;0.0;26276;Hash Join;3;Outer;;0;1475952;1475952;150000;6.666666666666667e-06;4587.92;53348.41;8;0.0;0;0.235;468.946;18.568;18.569;26277;Seq Scan;4;Outer;;26136;1475952;0;0;0.983968;0.0;44886.0;8;1500000.0;0;0.0;0.0;0.0;0.0;26278;Hash;4;Inner;;0;150000;150000;0;1.0;2712.92;2712.92;4;0.0;0;0.019;10.032;0.0;0.0;26279;Index Only Scan;5;Outer;;3600;150000;0;0;1.0;0.42;2712.92;4;150000.0;0;0.0;0.0;0.0;0.0
Q13_82_seed_664526511;26282;Aggregate;2;Outer;;0;150000;1487976;0;0.1008080775496379;60819.85;62319.85;12;0.0;0;907.898;915.865;15.441;710.892;0.0;0.0;26283;Hash Join;3;Outer;;0;1487976;1487976;150000;6.666666666666667e-06;4587.92;53379.97;8;0.0;0;0.235;504.043;15.012;15.012;26284;Seq Scan;4;Outer;;26136;1487976;0;0;0.991984;0.0;44886.0;8;1500000.0;0;0.0;0.0;0.0;0.0;26285;Hash;4;Inner;;0;150000;150000;0;1.0;2712.92;2712.92;4;0.0;0;0.011;10.016;0.0;0.0;26286;Index Only Scan;5;Outer;;3600;150000;0;0;1.0;0.42;2712.92;4;150000.0;0;0.0;0.0;0.0;0.0
Q13_83_seed_672730542;26289;Aggregate;2;Outer;;0;150000;1481964;0;0.1012170336121525;60774.01;62274.01;12;0.0;0;888.565;896.073;16.237;690.741;0.0;0.0;26290;Hash Join;3;Outer;;0;1481964;1481964;150000;6.666666666666667e-06;4587.92;53364.19;8;0.0;0;0.228;485.841;15.771;15.772;26291;Seq Scan;4;Outer;;26136;1481964;0;0;0.987976;0.0;44886.0;8;1500000.0;0;0.0;0.0;0.0;0.0;26292;Hash;4;Inner;;0;150000;150000;0;1.0;2712.92;2712.92;4;0.0;0;0.017;9.685;0.0;0.0;26293;Index Only Scan;5;Outer;;3600;150000;0;0;1.0;0.42;2712.92;4;150000.0;0;0.0;0.0;0.0;0.0
Q13_84_seed_680934573;26296;Aggregate;2;Outer;;0;150000;1469940;0;0.1020449814278133;60682.32;62182.32;12;0.0;0;885.294;892.794;16.963;683.339;0.0;0.0;26297;Hash Join;3;Outer;;0;1469940;1469940;150000;6.666666666666667e-06;4587.92;53332.62;8;0.0;0;0.266;473.905;16.42;16.42;26298;Seq Scan;4;Outer;;26136;1469940;0;0;0.97996;0.0;44886.0;8;1500000.0;0;0.0;0.0;0.0;0.0;26299;Hash;4;Inner;;0;150000;150000;0;1.0;2712.92;2712.92;4;0.0;0;0.012;10.481;0.0;0.0;26300;Index Only Scan;5;Outer;;3600;150000;0;0;1.0;0.42;2712.92;4;150000.0;0;0.0;0.0;0.0;0.0
Q13_85_seed_689138604;26303;Aggregate;2;Outer;;0;150000;1478958;0;0.1014227584556153;60751.09;62251.09;12;0.0;0;914.537;922.148;15.186;714.388;0.0;0.0;26304;Hash Join;3;Outer;;0;1478958;1478958;150000;6.666666666666667e-06;4587.92;53356.3;8;0.0;0;0.301;507.841;14.665;14.665;26305;Seq Scan;4;Outer;;26136;1478958;0;0;0.985972;0.0;44886.0;8;1500000.0;0;0.0;0.0;0.0;0.0;26306;Hash;4;Inner;;0;150000;150000;0;1.0;2712.92;2712.92;4;0.0;0;0.015;9.578;0.0;0.0;26307;Index Only Scan;5;Outer;;3600;150000;0;0;1.0;0.42;2712.92;4;150000.0;0;0.0;0.0;0.0;0.0
Q13_86_seed_697342635;26310;Aggregate;2;Outer;;0;150000;1478958;0;0.1014227584556153;60751.09;62251.09;12;0.0;0;934.131;941.709;17.786;727.136;0.0;0.0;26311;Hash Join;3;Outer;;0;1478958;1478958;150000;6.666666666666667e-06;4587.92;53356.3;8;0.0;0;0.318;510.649;17.235;17.235;26312;Seq Scan;4;Outer;;26136;1478958;0;0;0.985972;0.0;44886.0;8;1500000.0;0;0.0;0.0;0.0;0.0;26313;Hash;4;Inner;;0;150000;150000;0;1.0;2712.92;2712.92;4;0.0;0;0.014;10.293;0.0;0.0;26314;Index Only Scan;5;Outer;;3600;150000;0;0;1.0;0.42;2712.92;4;150000.0;0;0.0;0.0;0.0;0.0
Q13_87_seed_705546666;26317;Aggregate;2;Outer;;0;150000;1487976;0;0.1008080775496379;60819.85;62319.85;12;0.0;0;893.665;901.045;15.769;687.976;0.0;0.0;26318;Hash Join;3;Outer;;0;1487976;1487976;150000;6.666666666666667e-06;4587.92;53379.97;8;0.0;0;0.201;473.166;15.353;15.353;26319;Seq Scan;4;Outer;;26136;1487976;0;0;0.991984;0.0;44886.0;8;1500000.0;0;0.0;0.0;0.0;0.0;26320;Hash;4;Inner;;0;150000;150000;0;1.0;2712.92;2712.92;4;0.0;0;0.015;10.055;0.0;0.0;26321;Index Only Scan;5;Outer;;3600;150000;0;0;1.0;0.42;2712.92;4;150000.0;0;0.0;0.0;0.0;0.0
Q13_88_seed_713750697;26324;Aggregate;2;Outer;;0;150000;1484970;0;0.1010121416594274;60796.93;62296.93;12;0.0;0;941.331;950.38;16.573;732.814;0.0;0.0;26325;Hash Join;3;Outer;;0;1484970;1484970;150000;6.666666666666667e-06;4587.92;53372.08;8;0.0;0;0.275;513.589;16.089;16.089;26326;Seq Scan;4;Outer;;26136;1484970;0;0;0.98998;0.0;44886.0;8;1500000.0;0;0.0;0.0;0.0;0.0;26327;Hash;4;Inner;;0;150000;150000;0;1.0;2712.92;2712.92;4;0.0;0;0.009;10.182;0.0;0.0;26328;Index Only Scan;5;Outer;;3600;150000;0;0;1.0;0.42;2712.92;4;150000.0;0;0.0;0.0;0.0;0.0
Q13_89_seed_721954728;26331;Aggregate;2;Outer;;0;150000;1484970;0;0.1010121416594274;60796.93;62296.93;12;0.0;0;911.179;918.564;15.411;699.897;0.0;0.0;26332;Hash Join;3;Outer;;0;1484970;1484970;150000;6.666666666666667e-06;4587.92;53372.08;8;0.0;0;0.194;481.646;15.009;15.009;26333;Seq Scan;4;Outer;;26136;1484970;0;0;0.98998;0.0;44886.0;8;1500000.0;0;0.0;0.0;0.0;0.0;26334;Hash;4;Inner;;0;150000;150000;0;1.0;2712.92;2712.92;4;0.0;0;0.014;9.578;0.0;0.0;26335;Index Only Scan;5;Outer;;3600;150000;0;0;1.0;0.42;2712.92;4;150000.0;0;0.0;0.0;0.0;0.0
Q13_8_seed_57428217;26338;Aggregate;2;Outer;;0;150000;1478958;0;0.1014227584556153;60751.09;62251.09;12;0.0;0;843.579;850.717;24.053;665.089;0.0;0.0;26339;Hash Join;3;Outer;;0;1478958;1478958;150000;6.666666666666667e-06;4587.92;53356.3;8;0.0;0;0.274;475.678;23.267;23.268;26340;Seq Scan;4;Outer;;26136;1478958;0;0;0.985972;0.0;44886.0;8;1500000.0;0;0.0;0.0;0.0;0.0;26341;Hash;4;Inner;;0;150000;150000;0;1.0;2712.92;2712.92;4;0.0;0;0.023;14.185;0.0;0.0;26342;Index Only Scan;5;Outer;;3600;150000;0;0;1.0;0.42;2712.92;4;150000.0;0;0.0;0.0;0.0;0.0
Q13_90_seed_730158759;26345;Aggregate;2;Outer;;0;150000;1487976;0;0.1008080775496379;60819.85;62319.85;12;0.0;0;930.937;938.165;17.864;712.09;0.0;0.0;26346;Hash Join;3;Outer;;0;1487976;1487976;150000;6.666666666666667e-06;4587.92;53379.97;8;0.0;0;0.258;481.907;17.369;17.369;26347;Seq Scan;4;Outer;;26136;1487976;0;0;0.991984;0.0;44886.0;8;1500000.0;0;0.0;0.0;0.0;0.0;26348;Hash;4;Inner;;0;150000;150000;0;1.0;2712.92;2712.92;4;0.0;0;0.013;10.758;0.0;0.0;26349;Index Only Scan;5;Outer;;3600;150000;0;0;1.0;0.42;2712.92;4;150000.0;0;0.0;0.0;0.0;0.0
Q13_91_seed_738362790;26352;Aggregate;2;Outer;;0;150000;1487976;0;0.1008080775496379;60819.85;62319.85;12;0.0;0;929.262;935.999;15.683;722.152;0.0;0.0;26353;Hash Join;3;Outer;;0;1487976;1487976;150000;6.666666666666667e-06;4587.92;53379.97;8;0.0;0;0.21;506.03;15.271;15.271;26354;Seq Scan;4;Outer;;26136;1487976;0;0;0.991984;0.0;44886.0;8;1500000.0;0;0.0;0.0;0.0;0.0;26355;Hash;4;Inner;;0;150000;150000;0;1.0;2712.92;2712.92;4;0.0;0;0.013;9.981;0.0;0.0;26356;Index Only Scan;5;Outer;;3600;150000;0;0;1.0;0.42;2712.92;4;150000.0;0;0.0;0.0;0.0;0.0
Q13_94_seed_762974883;26373;Aggregate;2;Outer;;0;150000;1478958;0;0.1014227584556153;60751.09;62251.09;12;0.0;0;924.488;932.373;15.976;720.213;0.0;0.0;26374;Hash Join;3;Outer;;0;1478958;1478958;150000;6.666666666666667e-06;4587.92;53356.3;8;0.0;0;0.233;505.173;15.545;15.546;26375;Seq Scan;4;Outer;;26136;1478958;0;0;0.985972;0.0;44886.0;8;1500000.0;0;0.0;0.0;0.0;0.0;26376;Hash;4;Inner;;0;150000;150000;0;1.0;2712.92;2712.92;4;0.0;0;0.01;10.342;0.0;0.0;26377;Index Only Scan;5;Outer;;3600;150000;0;0;1.0;0.42;2712.92;4;150000.0;0;0.0;0.0;0.0;0.0
Q13_95_seed_771178914;26380;Aggregate;2;Outer;;0;150000;1481964;0;0.1012170336121525;60774.01;62274.01;12;0.0;0;914.345;922.143;19.853;703.91;0.0;0.0;26381;Hash Join;3;Outer;;0;1481964;1481964;150000;6.666666666666667e-06;4587.92;53364.19;8;0.0;0;0.271;480.698;19.336;19.336;26382;Seq Scan;4;Outer;;26136;1481964;0;0;0.987976;0.0;44886.0;8;1500000.0;0;0.0;0.0;0.0;0.0;26383;Hash;4;Inner;;0;150000;150000;0;1.0;2712.92;2712.92;4;0.0;0;0.012;11.183;0.0;0.0;26384;Index Only Scan;5;Outer;;3600;150000;0;0;1.0;0.42;2712.92;4;150000.0;0;0.0;0.0;0.0;0.0
Q13_96_seed_779382945;26387;Aggregate;2;Outer;;0;150000;1469940;0;0.1020449814278133;60682.32;62182.32;12;0.0;0;891.896;899.919;19.249;683.757;0.0;0.0;26388;Hash Join;3;Outer;;0;1469940;1469940;150000;6.666666666666667e-06;4587.92;53332.62;8;0.0;0;0.263;468.038;18.76;18.76;26389;Seq Scan;4;Outer;;26136;1469940;0;0;0.97996;0.0;44886.0;8;1500000.0;0;0.0;0.0;0.0;0.0;26390;Hash;4;Inner;;0;150000;150000;0;1.0;2712.92;2712.92;4;0.0;0;0.019;11.307;0.0;0.0;26391;Index Only Scan;5;Outer;;3600;150000;0;0;1.0;0.42;2712.92;4;150000.0;0;0.0;0.0;0.0;0.0
Q13_97_seed_787586976;26394;Aggregate;2;Outer;;0;150000;1484970;0;0.1010121416594274;60796.93;62296.93;12;0.0;0;920.05;927.29;16.231;716.784;0.0;0.0;26395;Hash Join;3;Outer;;0;1484970;1484970;150000;6.666666666666667e-06;4587.92;53372.08;8;0.0;0;0.256;505.477;15.749;15.749;26396;Seq Scan;4;Outer;;26136;1484970;0;0;0.98998;0.0;44886.0;8;1500000.0;0;0.0;0.0;0.0;0.0;26397;Hash;4;Inner;;0;150000;150000;0;1.0;2712.92;2712.92;4;0.0;0;0.011;10.163;0.0;0.0;26398;Index Only Scan;5;Outer;;3600;150000;0;0;1.0;0.42;2712.92;4;150000.0;0;0.0;0.0;0.0;0.0
Q13_99_seed_803995038;26408;Aggregate;2;Outer;;0;150000;1487976;0;0.1008080775496379;60819.85;62319.85;12;0.0;0;891.5;898.848;15.385;683.157;0.0;0.0;26409;Hash Join;3;Outer;;0;1487976;1487976;150000;6.666666666666667e-06;4587.92;53379.97;8;0.0;0;0.226;465.52;14.96;14.96;26410;Seq Scan;4;Outer;;26136;1487976;0;0;0.991984;0.0;44886.0;8;1500000.0;0;0.0;0.0;0.0;0.0;26411;Hash;4;Inner;;0;150000;150000;0;1.0;2712.92;2712.92;4;0.0;0;0.009;9.684;0.0;0.0;26412;Index Only Scan;5;Outer;;3600;150000;0;0;1.0;0.42;2712.92;4;150000.0;0;0.0;0.0;0.0;0.0
Q13_9_seed_65632248;26415;Aggregate;2;Outer;;0;150000;1487976;0;0.1008080775496379;60819.85;62319.85;12;0.0;0;897.207;904.694;15.428;694.76;0.0;0.0;26416;Hash Join;3;Outer;;0;1487976;1487976;150000;6.666666666666667e-06;4587.92;53379.97;8;0.0;0;0.309;482.792;14.919;14.919;26417;Seq Scan;4;Outer;;26136;1487976;0;0;0.991984;0.0;44886.0;8;1500000.0;0;0.0;0.0;0.0;0.0;26418;Hash;4;Inner;;0;150000;150000;0;1.0;2712.92;2712.92;4;0.0;0;0.01;9.588;0.0;0.0;26419;Index Only Scan;5;Outer;;3600;150000;0;0;1.0;0.42;2712.92;4;150000.0;0;0.0;0.0;0.0;0.0
