query_file;Aggregate_node_id;Aggregate_node_type;Aggregate_depth;Aggregate_parent_relationship;Aggregate_subplan_name;Aggregate_np;Aggregate_nt;Aggregate_nt1;Aggregate_nt2;Aggregate_sel;Aggregate_startup_cost;Aggregate_total_cost;Aggregate_plan_width;Aggregate_reltuples;Aggregate_parallel_workers;actual_startup_time;actual_total_time;Aggregate_st1;Aggregate_rt1;Aggregate_st2;Aggregate_rt2;Aggregate_template;Gather_Outer_node_id;Gather_Outer_node_type;Gather_Outer_depth;Gather_Outer_parent_relationship;Gather_Outer_subplan_name;Gather_Outer_np;Gather_Outer_nt;Gather_Outer_nt1;Gather_Outer_nt2;Gather_Outer_sel;Gather_Outer_startup_cost;Gather_Outer_total_cost;Gather_Outer_plan_width;Gather_Outer_reltuples;Gather_Outer_parallel_workers;Gather_Outer_st1;Gather_Outer_rt1;Gather_Outer_st2;Gather_Outer_rt2;Gather_Outer_template;Aggregate_Outer_node_id;Aggregate_Outer_node_type;Aggregate_Outer_depth;Aggregate_Outer_parent_relationship;Aggregate_Outer_subplan_name;Aggregate_Outer_np;Aggregate_Outer_nt;Aggregate_Outer_nt1;Aggregate_Outer_nt2;Aggregate_Outer_sel;Aggregate_Outer_startup_cost;Aggregate_Outer_total_cost;Aggregate_Outer_plan_width;Aggregate_Outer_reltuples;Aggregate_Outer_parallel_workers;Aggregate_Outer_st1;Aggregate_Outer_rt1;Aggregate_Outer_st2;Aggregate_Outer_rt2;Aggregate_Outer_template;NestedLoop_Outer_node_id;NestedLoop_Outer_node_type;NestedLoop_Outer_depth;NestedLoop_Outer_parent_relationship;NestedLoop_Outer_subplan_name;NestedLoop_Outer_np;NestedLoop_Outer_nt;NestedLoop_Outer_nt1;NestedLoop_Outer_nt2;NestedLoop_Outer_sel;NestedLoop_Outer_startup_cost;NestedLoop_Outer_total_cost;NestedLoop_Outer_plan_width;NestedLoop_Outer_reltuples;NestedLoop_Outer_parallel_workers;NestedLoop_Outer_st1;NestedLoop_Outer_rt1;NestedLoop_Outer_st2;NestedLoop_Outer_rt2;NestedLoop_Outer_template;HashJoin_Outer_node_id;HashJoin_Outer_node_type;HashJoin_Outer_depth;HashJoin_Outer_parent_relationship;HashJoin_Outer_subplan_name;HashJoin_Outer_np;HashJoin_Outer_nt;HashJoin_Outer_nt1;HashJoin_Outer_nt2;HashJoin_Outer_sel;HashJoin_Outer_startup_cost;HashJoin_Outer_total_cost;HashJoin_Outer_plan_width;HashJoin_Outer_reltuples;HashJoin_Outer_parallel_workers;HashJoin_Outer_st1;HashJoin_Outer_rt1;HashJoin_Outer_st2;HashJoin_Outer_rt2;HashJoin_Outer_template;IndexScan_Inner_node_id;IndexScan_Inner_node_type;IndexScan_Inner_depth;IndexScan_Inner_parent_relationship;IndexScan_Inner_subplan_name;IndexScan_Inner_np;IndexScan_Inner_nt;IndexScan_Inner_nt1;IndexScan_Inner_nt2;IndexScan_Inner_sel;IndexScan_Inner_startup_cost;IndexScan_Inner_total_cost;IndexScan_Inner_plan_width;IndexScan_Inner_reltuples;IndexScan_Inner_parallel_workers;IndexScan_Inner_template
Q9_101_seed_820403100;16671;Aggregate;1;Outer;;0;60150;300750;0;0.2;214213.94;215116.19;168;0.0;0;1180.187;1185.53;1178.309;1184.533;0.0;0.0;Q9;16672;Gather;2;Outer;;0;300750;60150;0;5.0;180229.19;211206.44;168;0.0;5;1165.577;1166.038;0.0;0.0;Q9;16673;Aggregate;3;Outer;;0;60150;64945;0;0.9261682962506737;179229.19;180131.44;168;0.0;0;182.035;1141.879;0.0;0.0;Q9;16674;Nested Loop;4;Outer;;0;64945;64945;1;1.0;15065.71;178092.65;159;0.0;0;181.603;973.225;0.003;0.003;Q9;16675;Hash Join;5;Outer;;0;64945;1200243;18037;2.9999376882755692e-06;15065.28;148669.64;131;0.0;0;0.287;698.406;180.733;180.735;Q9;16687;Index Scan;5;Inner;;26136;1;0;0;6.666666666666667e-07;0.43;0.45;8;1500000.0;0;Q9
Q9_102_seed_828607131;16689;Aggregate;1;Outer;;0;60150;300750;0;0.2;219386.69;220288.94;168;0.0;0;1175.0;1180.869;1173.704;1179.788;0.0;0.0;Q9;16690;Gather;2;Outer;;0;300750;60150;0;5.0;185401.94;216379.19;168;0.0;5;1158.757;1159.129;0.0;0.0;Q9;16691;Aggregate;3;Outer;;0;60150;74565;0;0.8066787366727016;184401.94;185304.19;168;0.0;0;170.854;1135.279;0.0;0.0;Q9;16692;Nested Loop;4;Outer;;0;74565;74565;1;1.0;15711.8;183097.06;159;0.0;0;170.43;957.541;0.003;0.003;Q9;16693;Hash Join;5;Outer;;0;74565;1200243;20708;3.0000444129689005e-06;15711.38;149315.75;131;0.0;0;0.233;695.447;169.446;169.448;Q9;16705;Index Scan;5;Inner;;26136;1;0;0;6.666666666666667e-07;0.43;0.45;8;1500000.0;0;Q9
Q9_103_seed_836811162;16707;Aggregate;1;Outer;;0;60150;276595;0;0.2174659701006887;206292.44;207194.69;168;0.0;0;1182.738;1189.642;1181.013;1188.516;0.0;0.0;Q9;16708;Gather;2;Outer;;0;276595;55319;0;5.0;175037.2;203526.49;168;0.0;5;1169.201;1169.432;0.0;0.0;Q9;16709;Aggregate;3;Outer;;0;55319;55319;0;1.0;174037.2;174866.99;168;0.0;0;179.959;1145.301;0.0;0.0;Q9;16710;Nested Loop;4;Outer;;0;55319;55319;1;1.0;14403.2;173069.12;159;0.0;0;179.607;973.747;0.003;0.003;Q9;16711;Hash Join;5;Outer;;0;55319;1200243;15363;3.000054252124449e-06;14402.78;148007.12;131;0.0;0;0.397;701.96;178.379;178.38;Q9;16723;Index Scan;5;Inner;;26136;1;0;0;6.666666666666667e-07;0.43;0.45;8;1500000.0;0;Q9
Q9_105_seed_853219224;16743;Aggregate;1;Outer;;0;60150;288630;0;0.208398295395489;208952.23;209854.48;168;0.0;0;1181.312;1186.781;1180.444;1185.775;0.0;0.0;Q9;16744;Gather;2;Outer;;0;288630;57726;0;5.0;176337.04;206065.93;168;0.0;5;1166.853;1167.044;0.0;0.0;Q9;16745;Aggregate;3;Outer;;0;57726;57726;0;1.0;175337.04;176202.93;168;0.0;0;177.881;1143.192;0.0;0.0;Q9;16746;Nested Loop;4;Outer;;0;57726;57726;1;1.0;14570.43;174326.84;159;0.0;0;177.314;967.356;0.003;0.003;Q9;16747;Hash Join;5;Outer;;0;57726;1200243;16032;2.999953886583476e-06;14570.01;148174.36;131;0.0;0;0.298;696.597;176.61;176.611;Q9;16759;Index Scan;5;Inner;;26136;1;0;0;6.666666666666667e-07;0.43;0.45;8;1500000.0;0;Q9
Q9_106_seed_861423255;16761;Aggregate;1;Outer;;0;60150;300750;0;0.2;216801.14;217703.39;168;0.0;0;1186.672;1191.916;1185.636;1190.838;0.0;0.0;Q9;16762;Gather;2;Outer;;0;300750;60150;0;5.0;182816.39;213793.64;168;0.0;5;1171.495;1171.934;0.0;0.0;Q9;16763;Aggregate;3;Outer;;0;60150;69752;0;0.8623408647780709;181816.39;182718.64;168;0.0;0;184.998;1147.27;0.0;0.0;Q9;16764;Nested Loop;4;Outer;;0;69752;69752;1;1.0;15390.98;180595.73;159;0.0;0;184.508;973.16;0.003;0.003;Q9;16765;Hash Join;5;Outer;;0;69752;1200243;19372;2.999943134407429e-06;15390.55;148994.93;131;0.0;0;0.477;695.502;183.876;183.878;Q9;16777;Index Scan;5;Inner;;26136;1;0;0;6.666666666666667e-07;0.43;0.45;8;1500000.0;0;Q9
Q9_107_seed_869627286;16779;Aggregate;1;Outer;;0;60150;300750;0;0.2;218094.8;218997.05;168;0.0;0;1158.806;1164.347;1157.157;1163.141;0.0;0.0;Q9;16780;Gather;2;Outer;;0;300750;60150;0;5.0;184110.05;215087.3;168;0.0;5;1145.174;1145.634;0.0;0.0;Q9;16781;Aggregate;3;Outer;;0;60150;72159;0;0.8335758533239097;183110.05;184012.3;168;0.0;0;177.714;1121.246;0.0;0.0;Q9;16782;Nested Loop;4;Outer;;0;72159;72159;1;1.0;15552.04;181847.26;159;0.0;0;177.209;952.513;0.003;0.003;Q9;16783;Hash Join;5;Outer;;0;72159;1200243;20040;3.0000162492045462e-06;15551.61;149155.98;131;0.0;0;0.32;681.714;176.552;176.553;Q9;16795;Index Scan;5;Inner;;26136;1;0;0;6.666666666666667e-07;0.43;0.45;8;1500000.0;0;Q9
Q9_108_seed_877831317;16797;Aggregate;1;Outer;;0;60150;300750;0;0.2;218094.8;218997.05;168;0.0;0;1203.051;1206.741;1199.741;1205.881;0.0;0.0;Q9;16798;Gather;2;Outer;;0;300750;60150;0;5.0;184110.05;215087.3;168;0.0;5;1186.31;1186.748;0.0;0.0;Q9;16799;Aggregate;3;Outer;;0;60150;72159;0;0.8335758533239097;183110.05;184012.3;168;0.0;0;187.181;1162.55;0.0;0.0;Q9;16800;Nested Loop;4;Outer;;0;72159;72159;1;1.0;15552.04;181847.26;159;0.0;0;186.692;990.126;0.003;0.003;Q9;16801;Hash Join;5;Outer;;0;72159;1200243;20040;3.0000162492045462e-06;15551.61;149155.98;131;0.0;0;0.411;709.759;185.447;185.448;Q9;16813;Index Scan;5;Inner;;26136;1;0;0;6.666666666666667e-07;0.43;0.45;8;1500000.0;0;Q9
Q9_10_seed_73836279;16833;Aggregate;1;Outer;;0;60150;204460;0;0.2941895725325247;189878.04;190780.29;168;0.0;0;1183.932;1192.64;1183.354;1191.918;0.0;0.0;Q9;16834;Gather;2;Outer;;0;204460;40892;0;5.0;166774.06;187833.44;168;0.0;5;1170.446;1170.638;0.0;0.0;Q9;16835;Aggregate;3;Outer;;0;40892;40892;0;1.0;165774.06;166387.44;168;0.0;0;192.114;1146.984;0.0;0.0;Q9;16836;Nested Loop;4;Outer;;0;40892;40892;1;1.0;12928.63;165058.45;159;0.0;0;191.488;976.942;0.003;0.003;Q9;16837;Hash Join;5;Outer;;0;40892;1200243;11357;2.9998914800334657e-06;12928.2;146532.53;131;0.0;0;0.34;692.679;191.043;191.044;Q9;16849;Index Scan;5;Inner;;26136;1;0;0;6.666666666666667e-07;0.43;0.45;8;1500000.0;0;Q9
Q9_113_seed_918851472;16906;Aggregate;1;Outer;;0;60150;300750;0;0.2;212917.9;213820.15;168;0.0;0;1186.509;1192.209;1184.495;1191.407;0.0;0.0;Q9;16907;Gather;2;Outer;;0;300750;60150;0;5.0;178933.15;209910.4;168;0.0;5;1170.282;1170.712;0.0;0.0;Q9;16908;Aggregate;3;Outer;;0;60150;62539;0;0.9617998369017732;177933.15;178835.4;168;0.0;0;184.331;1145.956;0.0;0.0;Q9;16909;Nested Loop;4;Outer;;0;62539;62539;1;1.0;14901.81;176838.72;159;0.0;0;183.896;976.295;0.003;0.003;Q9;16910;Hash Join;5;Outer;;0;62539;1200243;17368;3.0000738147009185e-06;14901.38;148505.73;131;0.0;0;0.346;700.139;182.689;182.691;Q9;16922;Index Scan;5;Inner;;26136;1;0;0;6.666666666666667e-07;0.43;0.45;8;1500000.0;0;Q9
Q9_114_seed_927055503;16924;Aggregate;1;Outer;;0;60150;240530;0;0.2500727559971729;198153.43;199055.68;168;0.0;0;1192.809;1198.44;1190.324;1197.251;0.0;0.0;Q9;16925;Gather;2;Outer;;0;240530;48106;0;5.0;170973.54;195748.13;168;0.0;5;1179.032;1179.247;0.0;0.0;Q9;16926;Aggregate;3;Outer;;0;48106;48106;0;1.0;169973.54;170695.13;168;0.0;0;185.728;1155.198;0.0;0.0;Q9;16927;Nested Loop;4;Outer;;0;48106;48106;1;1.0;13733.6;169131.69;159;0.0;0;185.296;979.665;0.003;0.003;Q9;16928;Hash Join;5;Outer;;0;48106;1200243;13360;3.0000162492045462e-06;13733.17;147337.5;131;0.0;0;0.234;701.514;183.991;183.993;Q9;16940;Index Scan;5;Inner;;26136;1;0;0;6.666666666666667e-07;0.43;0.45;8;1500000.0;0;Q9
Q9_116_seed_943463565;16961;Aggregate;1;Outer;;0;60150;288630;0;0.208398295395489;208952.23;209854.48;168;0.0;0;1184.077;1193.271;1183.331;1192.45;0.0;0.0;Q9;16962;Gather;2;Outer;;0;288630;57726;0;5.0;176337.04;206065.93;168;0.0;5;1170.738;1170.917;0.0;0.0;Q9;16963;Aggregate;3;Outer;;0;57726;57726;0;1.0;175337.04;176202.93;168;0.0;0;185.365;1146.706;0.0;0.0;Q9;16964;Nested Loop;4;Outer;;0;57726;57726;1;1.0;14570.43;174326.84;159;0.0;0;184.882;974.929;0.003;0.003;Q9;16965;Hash Join;5;Outer;;0;57726;1200243;16032;2.999953886583476e-06;14570.01;148174.36;131;0.0;0;0.491;696.714;184.233;184.235;Q9;16977;Index Scan;5;Inner;;26136;1;0;0;6.666666666666667e-07;0.43;0.45;8;1500000.0;0;Q9
Q9_119_seed_968075658;17015;Aggregate;1;Outer;;0;60150;300750;0;0.2;214213.94;215116.19;168;0.0;0;1171.879;1175.878;1166.763;1174.855;0.0;0.0;Q9;17016;Gather;2;Outer;;0;300750;60150;0;5.0;180229.19;211206.44;168;0.0;5;1154.623;1155.227;0.0;0.0;Q9;17017;Aggregate;3;Outer;;0;60150;64945;0;0.9261682962506737;179229.19;180131.44;168;0.0;0;178.653;1129.786;0.0;0.0;Q9;17018;Nested Loop;4;Outer;;0;64945;64945;1;1.0;15065.71;178092.65;159;0.0;0;178.283;960.956;0.003;0.003;Q9;17019;Hash Join;5;Outer;;0;64945;1200243;18037;2.9999376882755692e-06;15065.28;148669.64;131;0.0;0;0.323;686.507;176.567;176.57;Q9;17031;Index Scan;5;Inner;;26136;1;0;0;6.666666666666667e-07;0.43;0.45;8;1500000.0;0;Q9
Q9_11_seed_82040310;17033;Aggregate;1;Outer;;0;60150;264595;0;0.2273285587407169;203638.2;204540.45;168;0.0;0;1195.357;1200.675;1192.599;1199.609;0.0;0.0;Q9;17034;Gather;2;Outer;;0;264595;52919;0;5.0;173738.96;200992.25;168;0.0;5;1179.777;1180.106;0.0;0.0;Q9;17035;Aggregate;3;Outer;;0;52919;52919;0;1.0;172738.96;173532.75;168;0.0;0;178.316;1155.482;0.0;0.0;Q9;17036;Nested Loop;4;Outer;;0;52919;52919;1;1.0;14234.27;171812.88;159;0.0;0;177.833;976.825;0.003;0.003;Q9;17037;Hash Join;5;Outer;;0;52919;1200243;14697;2.999948179451045e-06;14233.85;147838.19;131;0.0;0;0.339;705.873;176.747;176.75;Q9;17049;Index Scan;5;Inner;;26136;1;0;0;6.666666666666667e-07;0.43;0.45;8;1500000.0;0;Q9
Q9_121_seed_984483720;17069;Aggregate;1;Outer;;0;60150;300750;0;0.2;218094.8;218997.05;168;0.0;0;1182.621;1188.731;1181.363;1187.822;0.0;0.0;Q9;17070;Gather;2;Outer;;0;300750;60150;0;5.0;184110.05;215087.3;168;0.0;5;1168.847;1169.325;0.0;0.0;Q9;17071;Aggregate;3;Outer;;0;60150;72159;0;0.8335758533239097;183110.05;184012.3;168;0.0;0;185.153;1144.733;0.0;0.0;Q9;17072;Nested Loop;4;Outer;;0;72159;72159;1;1.0;15552.04;181847.26;159;0.0;0;184.609;972.297;0.003;0.003;Q9;17073;Hash Join;5;Outer;;0;72159;1200243;20040;3.0000162492045462e-06;15551.61;149155.98;131;0.0;0;0.378;693.858;183.373;183.374;Q9;17085;Index Scan;5;Inner;;26136;1;0;0;6.666666666666667e-07;0.43;0.45;8;1500000.0;0;Q9
Q9_122_seed_992687751;17087;Aggregate;1;Outer;;0;60150;300750;0;0.2;215507.15;216409.4;168;0.0;0;1192.262;1197.576;1190.215;1196.704;0.0;0.0;Q9;17088;Gather;2;Outer;;0;300750;60150;0;5.0;181522.4;212499.65;168;0.0;5;1177.892;1178.346;0.0;0.0;Q9;17089;Aggregate;3;Outer;;0;60150;67346;0;0.8931488135895228;180522.4;181424.65;168;0.0;0;192.929;1153.798;0.0;0.0;Q9;17090;Nested Loop;4;Outer;;0;67346;67346;1;1.0;15229.13;179343.84;159;0.0;0;192.392;981.306;0.003;0.003;Q9;17091;Hash Join;5;Outer;;0;67346;1200243;18703;3.0000697390814218e-06;15228.71;148833.07;131;0.0;0;0.264;694.995;191.867;191.869;Q9;17103;Index Scan;5;Inner;;26136;1;0;0;6.666666666666667e-07;0.43;0.45;8;1500000.0;0;Q9
Q9_123_seed_1000891782;17105;Aggregate;1;Outer;;0;60150;300750;0;0.2;218094.8;218997.05;168;0.0;0;1177.083;1182.941;1175.139;1181.839;0.0;0.0;Q9;17106;Gather;2;Outer;;0;300750;60150;0;5.0;184110.05;215087.3;168;0.0;5;1162.196;1162.713;0.0;0.0;Q9;17107;Aggregate;3;Outer;;0;60150;72159;0;0.8335758533239097;183110.05;184012.3;168;0.0;0;179.171;1138.081;0.0;0.0;Q9;17108;Nested Loop;4;Outer;;0;72159;72159;1;1.0;15552.04;181847.26;159;0.0;0;178.723;967.711;0.003;0.003;Q9;17109;Hash Join;5;Outer;;0;72159;1200243;20040;3.0000162492045462e-06;15551.61;149155.98;131;0.0;0;0.583;696.141;177.682;177.684;Q9;17121;Index Scan;5;Inner;;26136;1;0;0;6.666666666666667e-07;0.43;0.45;8;1500000.0;0;Q9
Q9_125_seed_1017299844;17141;Aggregate;1;Outer;;0;60150;300750;0;0.2;214213.94;215116.19;168;0.0;0;1191.404;1197.299;1189.9;1196.169;0.0;0.0;Q9;17142;Gather;2;Outer;;0;300750;60150;0;5.0;180229.19;211206.44;168;0.0;5;1177.951;1178.49;0.0;0.0;Q9;17143;Aggregate;3;Outer;;0;60150;64945;0;0.9261682962506737;179229.19;180131.44;168;0.0;0;189.765;1153.964;0.0;0.0;Q9;17144;Nested Loop;4;Outer;;0;64945;64945;1;1.0;15065.71;178092.65;159;0.0;0;189.446;981.835;0.003;0.003;Q9;17145;Hash Join;5;Outer;;0;64945;1200243;18037;2.9999376882755692e-06;15065.28;148669.64;131;0.0;0;0.312;699.656;187.691;187.692;Q9;17157;Index Scan;5;Inner;;26136;1;0;0;6.666666666666667e-07;0.43;0.45;8;1500000.0;0;Q9
Q9_126_seed_1025503875;17159;Aggregate;1;Outer;;0;60150;300750;0;0.2;216801.14;217703.39;168;0.0;0;1194.912;1198.447;1190.68;1197.46;0.0;0.0;Q9;17160;Gather;2;Outer;;0;300750;60150;0;5.0;182816.39;213793.64;168;0.0;5;1177.954;1178.397;0.0;0.0;Q9;17161;Aggregate;3;Outer;;0;60150;69752;0;0.8623408647780709;181816.39;182718.64;168;0.0;0;186.695;1153.435;0.0;0.0;Q9;17162;Nested Loop;4;Outer;;0;69752;69752;1;1.0;15390.98;180595.73;159;0.0;0;186.152;980.835;0.003;0.003;Q9;17163;Hash Join;5;Outer;;0;69752;1200243;19372;2.999943134407429e-06;15390.55;148994.93;131;0.0;0;0.391;700.731;185.634;185.636;Q9;17175;Index Scan;5;Inner;;26136;1;0;0;6.666666666666667e-07;0.43;0.45;8;1500000.0;0;Q9
Q9_12_seed_90244341;17232;Aggregate;1;Outer;;0;60150;300750;0;0.2;214213.94;215116.19;168;0.0;0;1182.341;1192.374;1181.673;1191.748;0.0;0.0;Q9;17233;Gather;2;Outer;;0;300750;60150;0;5.0;180229.19;211206.44;168;0.0;5;1166.203;1166.627;0.0;0.0;Q9;17234;Aggregate;3;Outer;;0;60150;64945;0;0.9261682962506737;179229.19;180131.44;168;0.0;0;183.109;1142.714;0.0;0.0;Q9;17235;Nested Loop;4;Outer;;0;64945;64945;1;1.0;15065.71;178092.65;159;0.0;0;182.667;971.068;0.003;0.003;Q9;17236;Hash Join;5;Outer;;0;64945;1200243;18037;2.9999376882755692e-06;15065.28;148669.64;131;0.0;0;0.971;697.487;181.59;181.593;Q9;17248;Index Scan;5;Inner;;26136;1;0;0;6.666666666666667e-07;0.43;0.45;8;1500000.0;0;Q9
Q9_130_seed_1058319999;17250;Aggregate;1;Outer;;0;60150;300750;0;0.2;216801.14;217703.39;168;0.0;0;1203.382;1208.839;1201.984;1207.706;0.0;0.0;Q9;17251;Gather;2;Outer;;0;300750;60150;0;5.0;182816.39;213793.64;168;0.0;5;1190.102;1190.595;0.0;0.0;Q9;17252;Aggregate;3;Outer;;0;60150;69752;0;0.8623408647780709;181816.39;182718.64;168;0.0;0;184.523;1166.429;0.0;0.0;Q9;17253;Nested Loop;4;Outer;;0;69752;69752;1;1.0;15390.98;180595.73;159;0.0;0;183.368;993.393;0.003;0.003;Q9;17254;Hash Join;5;Outer;;0;69752;1200243;19372;2.999943134407429e-06;15390.55;148994.93;131;0.0;0;0.122;716.71;179.804;179.807;Q9;17266;Index Scan;5;Inner;;26136;1;0;0;6.666666666666667e-07;0.43;0.45;8;1500000.0;0;Q9
Q9_132_seed_1074728061;17286;Aggregate;1;Outer;;0;60150;300750;0;0.2;218094.8;218997.05;168;0.0;0;1183.584;1191.571;1181.265;1190.509;0.0;0.0;Q9;17287;Gather;2;Outer;;0;300750;60150;0;5.0;184110.05;215087.3;168;0.0;5;1169.379;1169.826;0.0;0.0;Q9;17288;Aggregate;3;Outer;;0;60150;72159;0;0.8335758533239097;183110.05;184012.3;168;0.0;0;182.594;1145.51;0.0;0.0;Q9;17289;Nested Loop;4;Outer;;0;72159;72159;1;1.0;15552.04;181847.26;159;0.0;0;182.101;974.044;0.003;0.003;Q9;17290;Hash Join;5;Outer;;0;72159;1200243;20040;3.0000162492045462e-06;15551.61;149155.98;131;0.0;0;0.272;699.17;180.176;180.178;Q9;17302;Index Scan;5;Inner;;26136;1;0;0;6.666666666666667e-07;0.43;0.45;8;1500000.0;0;Q9
Q9_134_seed_1091136123;17322;Aggregate;1;Outer;;0;60150;300750;0;0.2;212917.9;213820.15;168;0.0;0;1189.429;1196.143;1187.262;1195.031;0.0;0.0;Q9;17323;Gather;2;Outer;;0;300750;60150;0;5.0;178933.15;209910.4;168;0.0;5;1173.02;1173.502;0.0;0.0;Q9;17324;Aggregate;3;Outer;;0;60150;62539;0;0.9617998369017732;177933.15;178835.4;168;0.0;0;180.106;1149.184;0.0;0.0;Q9;17325;Nested Loop;4;Outer;;0;62539;62539;1;1.0;14901.81;176838.72;159;0.0;0;179.641;975.184;0.003;0.003;Q9;17326;Hash Join;5;Outer;;0;62539;1200243;17368;3.0000738147009185e-06;14901.38;148505.73;131;0.0;0;0.181;702.186;178.602;178.605;Q9;17338;Index Scan;5;Inner;;26136;1;0;0;6.666666666666667e-07;0.43;0.45;8;1500000.0;0;Q9
Q9_135_seed_1099340154;17340;Aggregate;1;Outer;;0;60150;300750;0;0.2;216801.14;217703.39;168;0.0;0;1174.676;1179.464;1171.47;1178.441;0.0;0.0;Q9;17341;Gather;2;Outer;;0;300750;60150;0;5.0;182816.39;213793.64;168;0.0;5;1159.287;1159.874;0.0;0.0;Q9;17342;Aggregate;3;Outer;;0;60150;69752;0;0.8623408647780709;181816.39;182718.64;168;0.0;0;180.976;1134.821;0.0;0.0;Q9;17343;Nested Loop;4;Outer;;0;69752;69752;1;1.0;15390.98;180595.73;159;0.0;0;180.6;961.679;0.003;0.003;Q9;17344;Hash Join;5;Outer;;0;69752;1200243;19372;2.999943134407429e-06;15390.55;148994.93;131;0.0;0;0.415;686.577;178.437;178.439;Q9;17356;Index Scan;5;Inner;;26136;1;0;0;6.666666666666667e-07;0.43;0.45;8;1500000.0;0;Q9
Q9_136_seed_1107544185;17358;Aggregate;1;Outer;;0;60150;276595;0;0.2174659701006887;206292.44;207194.69;168;0.0;0;1182.077;1188.268;1181.319;1187.451;0.0;0.0;Q9;17359;Gather;2;Outer;;0;276595;55319;0;5.0;175037.2;203526.49;168;0.0;5;1167.767;1167.95;0.0;0.0;Q9;17360;Aggregate;3;Outer;;0;55319;55319;0;1.0;174037.2;174866.99;168;0.0;0;189.533;1143.888;0.0;0.0;Q9;17361;Nested Loop;4;Outer;;0;55319;55319;1;1.0;14403.2;173069.12;159;0.0;0;189.056;966.684;0.003;0.003;Q9;17362;Hash Join;5;Outer;;0;55319;1200243;15363;3.000054252124449e-06;14402.78;148007.12;131;0.0;0;0.297;685.611;187.347;187.348;Q9;17374;Index Scan;5;Inner;;26136;1;0;0;6.666666666666667e-07;0.43;0.45;8;1500000.0;0;Q9
Q9_138_seed_1123952247;17394;Aggregate;1;Outer;;0;60150;300750;0;0.2;218094.8;218997.05;168;0.0;0;1180.754;1186.004;1178.668;1184.761;0.0;0.0;Q9;17395;Gather;2;Outer;;0;300750;60150;0;5.0;184110.05;215087.3;168;0.0;5;1166.021;1166.515;0.0;0.0;Q9;17396;Aggregate;3;Outer;;0;60150;72159;0;0.8335758533239097;183110.05;184012.3;168;0.0;0;173.865;1141.325;0.0;0.0;Q9;17397;Nested Loop;4;Outer;;0;72159;72159;1;1.0;15552.04;181847.26;159;0.0;0;173.31;964.679;0.003;0.003;Q9;17398;Hash Join;5;Outer;;0;72159;1200243;20040;3.0000162492045462e-06;15551.61;149155.98;131;0.0;0;0.304;697.62;172.563;172.564;Q9;17410;Index Scan;5;Inner;;26136;1;0;0;6.666666666666667e-07;0.43;0.45;8;1500000.0;0;Q9
Q9_139_seed_1132156278;17412;Aggregate;1;Outer;;0;60150;300660;0;0.2000598682897625;211609.95;212512.2;168;0.0;0;1213.401;1218.265;1210.16;1217.187;0.0;0.0;Q9;17413;Gather;2;Outer;;0;300660;60132;0;5.0;177635.37;208603.35;168;0.0;5;1198.582;1199.186;0.0;0.0;Q9;17414;Aggregate;3;Outer;;0;60132;60132;0;1.0;176635.37;177537.35;168;0.0;0;191.297;1174.554;0.0;0.0;Q9;17415;Nested Loop;4;Outer;;0;60132;60132;1;1.0;14736.63;175583.06;159;0.0;0;190.766;996.861;0.003;0.003;Q9;17416;Hash Join;5;Outer;;0;60132;1200243;16700;2.9999913041561178e-06;14736.2;148340.56;131;0.0;0;0.279;711.781;190.197;190.199;Q9;17428;Index Scan;5;Inner;;26136;1;0;0;6.666666666666667e-07;0.43;0.45;8;1500000.0;0;Q9
Q9_13_seed_98448372;17430;Aggregate;1;Outer;;0;60150;300750;0;0.2;214213.94;215116.19;168;0.0;0;1187.354;1193.968;1185.481;1193.249;0.0;0.0;Q9;17431;Gather;2;Outer;;0;300750;60150;0;5.0;180229.19;211206.44;168;0.0;5;1172.025;1172.375;0.0;0.0;Q9;17432;Aggregate;3;Outer;;0;60150;64945;0;0.9261682962506737;179229.19;180131.44;168;0.0;0;187.059;1147.594;0.0;0.0;Q9;17433;Nested Loop;4;Outer;;0;64945;64945;1;1.0;15065.71;178092.65;159;0.0;0;186.565;974.013;0.003;0.003;Q9;17434;Hash Join;5;Outer;;0;64945;1200243;18037;2.9999376882755692e-06;15065.28;148669.64;131;0.0;0;0.484;693.626;185.636;185.637;Q9;17446;Index Scan;5;Inner;;26136;1;0;0;6.666666666666667e-07;0.43;0.45;8;1500000.0;0;Q9
Q9_140_seed_1140360309;17448;Aggregate;1;Outer;;0;60150;300750;0;0.2;216801.14;217703.39;168;0.0;0;1206.496;1213.601;1203.537;1212.687;0.0;0.0;Q9;17449;Gather;2;Outer;;0;300750;60150;0;5.0;182816.39;213793.64;168;0.0;5;1190.673;1191.122;0.0;0.0;Q9;17450;Aggregate;3;Outer;;0;60150;69752;0;0.8623408647780709;181816.39;182718.64;168;0.0;0;184.807;1165.694;0.0;0.0;Q9;17451;Nested Loop;4;Outer;;0;69752;69752;1;1.0;15390.98;180595.73;159;0.0;0;184.365;986.345;0.003;0.003;Q9;17452;Hash Join;5;Outer;;0;69752;1200243;19372;2.999943134407429e-06;15390.55;148994.93;131;0.0;0;0.303;707.792;183.416;183.418;Q9;17464;Index Scan;5;Inner;;26136;1;0;0;6.666666666666667e-07;0.43;0.45;8;1500000.0;0;Q9
Q9_143_seed_1164972402;17503;Aggregate;1;Outer;;0;60150;300750;0;0.2;215507.15;216409.4;168;0.0;0;1166.318;1173.611;1164.914;1172.568;0.0;0.0;Q9;17504;Gather;2;Outer;;0;300750;60150;0;5.0;181522.4;212499.65;168;0.0;5;1152.085;1152.593;0.0;0.0;Q9;17505;Aggregate;3;Outer;;0;60150;67346;0;0.8931488135895228;180522.4;181424.65;168;0.0;0;181.739;1127.496;0.0;0.0;Q9;17506;Nested Loop;4;Outer;;0;67346;67346;1;1.0;15229.13;179343.84;159;0.0;0;181.294;957.786;0.003;0.003;Q9;17507;Hash Join;5;Outer;;0;67346;1200243;18703;3.0000697390814218e-06;15228.71;148833.07;131;0.0;0;0.324;681.396;180.256;180.257;Q9;17519;Index Scan;5;Inner;;26136;1;0;0;6.666666666666667e-07;0.43;0.45;8;1500000.0;0;Q9
Q9_144_seed_1173176433;17521;Aggregate;1;Outer;;0;60150;300750;0;0.2;216801.14;217703.39;168;0.0;0;1185.759;1191.428;1183.777;1190.321;0.0;0.0;Q9;17522;Gather;2;Outer;;0;300750;60150;0;5.0;182816.39;213793.64;168;0.0;5;1169.931;1170.393;0.0;0.0;Q9;17523;Aggregate;3;Outer;;0;60150;69752;0;0.8623408647780709;181816.39;182718.64;168;0.0;0;182.853;1146.84;0.0;0.0;Q9;17524;Nested Loop;4;Outer;;0;69752;69752;1;1.0;15390.98;180595.73;159;0.0;0;182.378;973.199;0.003;0.003;Q9;17525;Hash Join;5;Outer;;0;69752;1200243;19372;2.999943134407429e-06;15390.55;148994.93;131;0.0;0;0.368;698.138;181.405;181.407;Q9;17537;Index Scan;5;Inner;;26136;1;0;0;6.666666666666667e-07;0.43;0.45;8;1500000.0;0;Q9
Q9_145_seed_1181380464;17539;Aggregate;1;Outer;;0;60150;300660;0;0.2000598682897625;211609.95;212512.2;168;0.0;0;1168.245;1172.785;1164.936;1171.417;0.0;0.0;Q9;17540;Gather;2;Outer;;0;300660;60132;0;5.0;177635.37;208603.35;168;0.0;5;1152.245;1152.717;0.0;0.0;Q9;17541;Aggregate;3;Outer;;0;60132;60132;0;1.0;176635.37;177537.35;168;0.0;0;175.044;1128.599;0.0;0.0;Q9;17542;Nested Loop;4;Outer;;0;60132;60132;1;1.0;14736.63;175583.06;159;0.0;0;174.519;955.427;0.003;0.003;Q9;17543;Hash Join;5;Outer;;0;60132;1200243;16700;2.9999913041561178e-06;14736.2;148340.56;131;0.0;0;0.372;689.235;173.256;173.258;Q9;17555;Index Scan;5;Inner;;26136;1;0;0;6.666666666666667e-07;0.43;0.45;8;1500000.0;0;Q9
Q9_147_seed_1197788526;17575;Aggregate;1;Outer;;0;60150;216465;0;0.2778740212043517;192638.89;193541.14;168;0.0;0;1202.85;1206.89;1199.495;1205.574;0.0;0.0;Q9;17576;Gather;2;Outer;;0;216465;43293;0;5.0;168178.34;190474.24;168;0.0;5;1187.067;1187.308;0.0;0.0;Q9;17577;Aggregate;3;Outer;;0;43293;43293;0;1.0;167178.34;167827.74;168;0.0;0;185.657;1162.28;0.0;0.0;Q9;17578;Nested Loop;4;Outer;;0;43293;43293;1;1.0;13203.14;166420.72;159;0.0;0;185.128;992.346;0.003;0.003;Q9;17579;Hash Join;5;Outer;;0;43293;1200243;12023;3.000099458151332e-06;13202.71;146807.04;131;0.0;0;0.196;713.294;184.384;184.386;Q9;17591;Index Scan;5;Inner;;26136;1;0;0;6.666666666666667e-07;0.43;0.45;8;1500000.0;0;Q9
Q9_149_seed_1214196588;17612;Aggregate;1;Outer;;0;60150;300660;0;0.2000598682897625;211609.95;212512.2;168;0.0;0;1175.075;1181.188;1173.738;1180.348;0.0;0.0;Q9;17613;Gather;2;Outer;;0;300660;60132;0;5.0;177635.37;208603.35;168;0.0;5;1160.54;1161.008;0.0;0.0;Q9;17614;Aggregate;3;Outer;;0;60132;60132;0;1.0;176635.37;177537.35;168;0.0;0;181.944;1137.012;0.0;0.0;Q9;17615;Nested Loop;4;Outer;;0;60132;60132;1;1.0;14736.63;175583.06;159;0.0;0;181.553;968.314;0.003;0.003;Q9;17616;Hash Join;5;Outer;;0;60132;1200243;16700;2.9999913041561178e-06;14736.2;148340.56;131;0.0;0;0.426;693.321;179.886;179.889;Q9;17628;Index Scan;5;Inner;;26136;1;0;0;6.666666666666667e-07;0.43;0.45;8;1500000.0;0;Q9
Q9_17_seed_131264496;17702;Aggregate;1;Outer;;0;60150;300750;0;0.2;218094.8;218997.05;168;0.0;0;1191.26;1195.213;1187.522;1194.131;0.0;0.0;Q9;17703;Gather;2;Outer;;0;300750;60150;0;5.0;184110.05;215087.3;168;0.0;5;1175.605;1176.077;0.0;0.0;Q9;17704;Aggregate;3;Outer;;0;60150;72159;0;0.8335758533239097;183110.05;184012.3;168;0.0;0;183.78;1150.962;0.0;0.0;Q9;17705;Nested Loop;4;Outer;;0;72159;72159;1;1.0;15552.04;181847.26;159;0.0;0;183.24;974.109;0.003;0.003;Q9;17706;Hash Join;5;Outer;;0;72159;1200243;20040;3.0000162492045462e-06;15551.61;149155.98;131;0.0;0;0.351;697.252;182.648;182.649;Q9;17718;Index Scan;5;Inner;;26136;1;0;0;6.666666666666667e-07;0.43;0.45;8;1500000.0;0;Q9
Q9_1_seed_0101000000;17758;Aggregate;1;Outer;;0;60150;300750;0;0.2;215507.15;216409.4;168;0.0;0;1223.903;1232.692;1222.033;1231.859;0.0;0.0;Q9;17759;Gather;2;Outer;;0;300750;60150;0;5.0;181522.4;212499.65;168;0.0;5;1207.316;1207.754;0.0;0.0;Q9;17760;Aggregate;3;Outer;;0;60150;67346;0;0.8931488135895228;180522.4;181424.65;168;0.0;0;182.81;1183.202;0.0;0.0;Q9;17761;Nested Loop;4;Outer;;0;67346;67346;1;1.0;15229.13;179343.84;159;0.0;0;182.359;1003.396;0.003;0.003;Q9;17762;Hash Join;5;Outer;;0;67346;1200243;18703;3.0000697390814218e-06;15228.71;148833.07;131;0.0;0;0.276;728.855;179.811;179.813;Q9;17774;Index Scan;5;Inner;;26136;1;0;0;6.666666666666667e-07;0.43;0.45;8;1500000.0;0;Q9
Q9_20_seed_155876589;17776;Aggregate;1;Outer;;0;60150;300660;0;0.2000598682897625;211609.95;212512.2;168;0.0;0;1188.351;1193.768;1186.06;1192.356;0.0;0.0;Q9;17777;Gather;2;Outer;;0;300660;60132;0;5.0;177635.37;208603.35;168;0.0;5;1173.191;1173.711;0.0;0.0;Q9;17778;Aggregate;3;Outer;;0;60132;60132;0;1.0;176635.37;177537.35;168;0.0;0;183.651;1149.425;0.0;0.0;Q9;17779;Nested Loop;4;Outer;;0;60132;60132;1;1.0;14736.63;175583.06;159;0.0;0;183.241;975.94;0.003;0.003;Q9;17780;Hash Join;5;Outer;;0;60132;1200243;16700;2.9999913041561178e-06;14736.2;148340.56;131;0.0;0;0.913;699.466;182.185;182.187;Q9;17792;Index Scan;5;Inner;;26136;1;0;0;6.666666666666667e-07;0.43;0.45;8;1500000.0;0;Q9
Q9_21_seed_164080620;17794;Aggregate;1;Outer;;0;60150;300750;0;0.2;219386.69;220288.94;168;0.0;0;1195.143;1202.285;1193.728;1201.154;0.0;0.0;Q9;17795;Gather;2;Outer;;0;300750;60150;0;5.0;185401.94;216379.19;168;0.0;5;1180.381;1180.894;0.0;0.0;Q9;17796;Aggregate;3;Outer;;0;60150;74565;0;0.8066787366727016;184401.94;185304.19;168;0.0;0;182.087;1157.558;0.0;0.0;Q9;17797;Nested Loop;4;Outer;;0;74565;74565;1;1.0;15711.8;183097.06;159;0.0;0;181.62;982.123;0.003;0.003;Q9;17798;Hash Join;5;Outer;;0;74565;1200243;20708;3.0000444129689005e-06;15711.38;149315.75;131;0.0;0;0.273;707.492;180.776;180.778;Q9;17810;Index Scan;5;Inner;;26136;1;0;0;6.666666666666667e-07;0.43;0.45;8;1500000.0;0;Q9
Q9_23_seed_180488682;17830;Aggregate;1;Outer;;0;60150;240530;0;0.2500727559971729;198153.43;199055.68;168;0.0;0;1185.492;1191.37;1183.745;1190.134;0.0;0.0;Q9;17831;Gather;2;Outer;;0;240530;48106;0;5.0;170973.54;195748.13;168;0.0;5;1169.092;1169.312;0.0;0.0;Q9;17832;Aggregate;3;Outer;;0;48106;48106;0;1.0;169973.54;170695.13;168;0.0;0;183.441;1145.01;0.0;0.0;Q9;17833;Nested Loop;4;Outer;;0;48106;48106;1;1.0;13733.6;169131.69;159;0.0;0;182.98;967.906;0.003;0.003;Q9;17834;Hash Join;5;Outer;;0;48106;1200243;13360;3.0000162492045462e-06;13733.17;147337.5;131;0.0;0;0.296;690.894;182.427;182.429;Q9;17846;Index Scan;5;Inner;;26136;1;0;0;6.666666666666667e-07;0.43;0.45;8;1500000.0;0;Q9
Q9_24_seed_188692713;17848;Aggregate;1;Outer;;0;60150;288630;0;0.208398295395489;208952.23;209854.48;168;0.0;0;1166.769;1173.088;1165.865;1172.07;0.0;0.0;Q9;17849;Gather;2;Outer;;0;288630;57726;0;5.0;176337.04;206065.93;168;0.0;5;1152.911;1153.114;0.0;0.0;Q9;17850;Aggregate;3;Outer;;0;57726;57726;0;1.0;175337.04;176202.93;168;0.0;0;178.469;1128.425;0.0;0.0;Q9;17851;Nested Loop;4;Outer;;0;57726;57726;1;1.0;14570.43;174326.84;159;0.0;0;178.046;956.149;0.003;0.003;Q9;17852;Hash Join;5;Outer;;0;57726;1200243;16032;2.999953886583476e-06;14570.01;148174.36;131;0.0;0;0.343;683.862;176.784;176.786;Q9;17864;Index Scan;5;Inner;;26136;1;0;0;6.666666666666667e-07;0.43;0.45;8;1500000.0;0;Q9
Q9_25_seed_196896744;17866;Aggregate;1;Outer;;0;60150;300750;0;0.2;218094.8;218997.05;168;0.0;0;1185.18;1193.552;1183.539;1192.746;0.0;0.0;Q9;17867;Gather;2;Outer;;0;300750;60150;0;5.0;184110.05;215087.3;168;0.0;5;1171.093;1171.54;0.0;0.0;Q9;17868;Aggregate;3;Outer;;0;60150;72159;0;0.8335758533239097;183110.05;184012.3;168;0.0;0;177.331;1147.45;0.0;0.0;Q9;17869;Nested Loop;4;Outer;;0;72159;72159;1;1.0;15552.04;181847.26;159;0.0;0;176.832;971.944;0.003;0.003;Q9;17870;Hash Join;5;Outer;;0;72159;1200243;20040;3.0000162492045462e-06;15551.61;149155.98;131;0.0;0;0.295;702.392;176.397;176.398;Q9;17882;Index Scan;5;Inner;;26136;1;0;0;6.666666666666667e-07;0.43;0.45;8;1500000.0;0;Q9
Q9_29_seed_229712868;17938;Aggregate;1;Outer;;0;60150;300750;0;0.2;219386.69;220288.94;168;0.0;0;1188.341;1193.974;1186.126;1192.836;0.0;0.0;Q9;17939;Gather;2;Outer;;0;300750;60150;0;5.0;185401.94;216379.19;168;0.0;5;1172.71;1173.193;0.0;0.0;Q9;17940;Aggregate;3;Outer;;0;60150;74565;0;0.8066787366727016;184401.94;185304.19;168;0.0;0;180.667;1148.625;0.0;0.0;Q9;17941;Nested Loop;4;Outer;;0;74565;74565;1;1.0;15711.8;183097.06;159;0.0;0;180.073;974.164;0.003;0.003;Q9;17942;Hash Join;5;Outer;;0;74565;1200243;20708;3.0000444129689005e-06;15711.38;149315.75;131;0.0;0;0.333;701.705;178.503;178.505;Q9;17954;Index Scan;5;Inner;;26136;1;0;0;6.666666666666667e-07;0.43;0.45;8;1500000.0;0;Q9
Q9_2_seed_8204031;17956;Aggregate;1;Outer;;0;60150;300750;0;0.2;215507.15;216409.4;168;0.0;0;1179.988;1187.437;1178.714;1186.372;0.0;0.0;Q9;17957;Gather;2;Outer;;0;300750;60150;0;5.0;181522.4;212499.65;168;0.0;5;1165.263;1165.739;0.0;0.0;Q9;17958;Aggregate;3;Outer;;0;60150;67346;0;0.8931488135895228;180522.4;181424.65;168;0.0;0;187.588;1141.105;0.0;0.0;Q9;17959;Nested Loop;4;Outer;;0;67346;67346;1;1.0;15229.13;179343.84;159;0.0;0;187.154;973.142;0.003;0.003;Q9;17960;Hash Join;5;Outer;;0;67346;1200243;18703;3.0000697390814218e-06;15228.71;148833.07;131;0.0;0;0.314;693.835;185.29;185.291;Q9;17972;Index Scan;5;Inner;;26136;1;0;0;6.666666666666667e-07;0.43;0.45;8;1500000.0;0;Q9
Q9_31_seed_246120930;17993;Aggregate;1;Outer;;0;60150;300750;0;0.2;215507.15;216409.4;168;0.0;0;1177.868;1184.503;1176.535;1183.477;0.0;0.0;Q9;17994;Gather;2;Outer;;0;300750;60150;0;5.0;181522.4;212499.65;168;0.0;5;1162.936;1163.414;0.0;0.0;Q9;17995;Aggregate;3;Outer;;0;60150;67346;0;0.8931488135895228;180522.4;181424.65;168;0.0;0;174.885;1139.23;0.0;0.0;Q9;17996;Nested Loop;4;Outer;;0;67346;67346;1;1.0;15229.13;179343.84;159;0.0;0;174.413;971.096;0.003;0.003;Q9;17997;Hash Join;5;Outer;;0;67346;1200243;18703;3.0000697390814218e-06;15228.71;148833.07;131;0.0;0;0.358;701.738;173.33;173.332;Q9;18009;Index Scan;5;Inner;;26136;1;0;0;6.666666666666667e-07;0.43;0.45;8;1500000.0;0;Q9
Q9_34_seed_270733023;18048;Aggregate;1;Outer;;0;60150;300750;0;0.2;212917.9;213820.15;168;0.0;0;1201.872;1206.046;1198.33;1204.738;0.0;0.0;Q9;18049;Gather;2;Outer;;0;300750;60150;0;5.0;178933.15;209910.4;168;0.0;5;1185.021;1185.505;0.0;0.0;Q9;18050;Aggregate;3;Outer;;0;60150;62539;0;0.9617998369017732;177933.15;178835.4;168;0.0;0;173.068;1160.232;0.0;0.0;Q9;18051;Nested Loop;4;Outer;;0;62539;62539;1;1.0;14901.81;176838.72;159;0.0;0;172.645;982.766;0.003;0.003;Q9;18052;Hash Join;5;Outer;;0;62539;1200243;17368;3.0000738147009185e-06;14901.38;148505.73;131;0.0;0;0.458;715.891;171.486;171.49;Q9;18064;Index Scan;5;Inner;;26136;1;0;0;6.666666666666667e-07;0.43;0.45;8;1500000.0;0;Q9
Q9_36_seed_287141085;18084;Aggregate;1;Outer;;0;60150;300750;0;0.2;214213.94;215116.19;168;0.0;0;1187.864;1189.367;1181.906;1188.388;0.0;0.0;Q9;18085;Gather;2;Outer;;0;300750;60150;0;5.0;180229.19;211206.44;168;0.0;5;1168.888;1169.319;0.0;0.0;Q9;18086;Aggregate;3;Outer;;0;60150;64945;0;0.9261682962506737;179229.19;180131.44;168;0.0;0;176.001;1144.29;0.0;0.0;Q9;18087;Nested Loop;4;Outer;;0;64945;64945;1;1.0;15065.71;178092.65;159;0.0;0;175.668;969.68;0.003;0.003;Q9;18088;Hash Join;5;Outer;;0;64945;1200243;18037;2.9999376882755692e-06;15065.28;148669.64;131;0.0;0;0.383;700.033;173.498;173.5;Q9;18100;Index Scan;5;Inner;;26136;1;0;0;6.666666666666667e-07;0.43;0.45;8;1500000.0;0;Q9
Q9_38_seed_303549147;18120;Aggregate;1;Outer;;0;60150;300750;0;0.2;214213.94;215116.19;168;0.0;0;1209.581;1215.957;1207.273;1215.144;0.0;0.0;Q9;18121;Gather;2;Outer;;0;300750;60150;0;5.0;180229.19;211206.44;168;0.0;5;1194.395;1194.861;0.0;0.0;Q9;18122;Aggregate;3;Outer;;0;60150;64945;0;0.9261682962506737;179229.19;180131.44;168;0.0;0;183.405;1169.996;0.0;0.0;Q9;18123;Nested Loop;4;Outer;;0;64945;64945;1;1.0;15065.71;178092.65;159;0.0;0;182.916;987.564;0.003;0.003;Q9;18124;Hash Join;5;Outer;;0;64945;1200243;18037;2.9999376882755692e-06;15065.28;148669.64;131;0.0;0;0.291;710.566;182.222;182.224;Q9;18136;Index Scan;5;Inner;;26136;1;0;0;6.666666666666667e-07;0.43;0.45;8;1500000.0;0;Q9
Q9_41_seed_328161240;18193;Aggregate;1;Outer;;0;60150;300660;0;0.2000598682897625;211609.95;212512.2;168;0.0;0;1167.878;1173.008;1165.055;1171.992;0.0;0.0;Q9;18194;Gather;2;Outer;;0;300660;60132;0;5.0;177635.37;208603.35;168;0.0;5;1151.103;1151.597;0.0;0.0;Q9;18195;Aggregate;3;Outer;;0;60132;60132;0;1.0;176635.37;177537.35;168;0.0;0;178.175;1126.387;0.0;0.0;Q9;18196;Nested Loop;4;Outer;;0;60132;60132;1;1.0;14736.63;175583.06;159;0.0;0;177.941;948.228;0.003;0.003;Q9;18197;Hash Join;5;Outer;;0;60132;1200243;16700;2.9999913041561178e-06;14736.2;148340.56;131;0.0;0;0.388;676.154;174.972;174.973;Q9;18209;Index Scan;5;Inner;;26136;1;0;0;6.666666666666667e-07;0.43;0.45;8;1500000.0;0;Q9
Q9_42_seed_336365271;18211;Aggregate;1;Outer;;0;60150;300750;0;0.2;218094.8;218997.05;168;0.0;0;1212.193;1219.01;1209.13;1217.912;0.0;0.0;Q9;18212;Gather;2;Outer;;0;300750;60150;0;5.0;184110.05;215087.3;168;0.0;5;1196.111;1196.551;0.0;0.0;Q9;18213;Aggregate;3;Outer;;0;60150;72159;0;0.8335758533239097;183110.05;184012.3;168;0.0;0;183.583;1172.099;0.0;0.0;Q9;18214;Nested Loop;4;Outer;;0;72159;72159;1;1.0;15552.04;181847.26;159;0.0;0;183.031;999.488;0.003;0.003;Q9;18215;Hash Join;5;Outer;;0;72159;1200243;20040;3.0000162492045462e-06;15551.61;149155.98;131;0.0;0;0.346;722.074;182.407;182.408;Q9;18227;Index Scan;5;Inner;;26136;1;0;0;6.666666666666667e-07;0.43;0.45;8;1500000.0;0;Q9
Q9_43_seed_344569302;18229;Aggregate;1;Outer;;0;60150;276595;0;0.2174659701006887;206292.44;207194.69;168;0.0;0;1181.695;1185.101;1177.406;1183.987;0.0;0.0;Q9;18230;Gather;2;Outer;;0;276595;55319;0;5.0;175037.2;203526.49;168;0.0;5;1165.826;1166.055;0.0;0.0;Q9;18231;Aggregate;3;Outer;;0;55319;55319;0;1.0;174037.2;174866.99;168;0.0;0;181.53;1141.995;0.0;0.0;Q9;18232;Nested Loop;4;Outer;;0;55319;55319;1;1.0;14403.2;173069.12;159;0.0;0;180.995;967.736;0.003;0.003;Q9;18233;Hash Join;5;Outer;;0;55319;1200243;15363;3.000054252124449e-06;14402.78;148007.12;131;0.0;0;0.279;693.941;179.837;179.838;Q9;18245;Index Scan;5;Inner;;26136;1;0;0;6.666666666666667e-07;0.43;0.45;8;1500000.0;0;Q9
Q9_44_seed_352773333;18247;Aggregate;1;Outer;;0;60150;300750;0;0.2;214213.94;215116.19;168;0.0;0;1178.03;1183.367;1176.346;1182.073;0.0;0.0;Q9;18248;Gather;2;Outer;;0;300750;60150;0;5.0;180229.19;211206.44;168;0.0;5;1163.722;1164.173;0.0;0.0;Q9;18249;Aggregate;3;Outer;;0;60150;64945;0;0.9261682962506737;179229.19;180131.44;168;0.0;0;176.604;1139.461;0.0;0.0;Q9;18250;Nested Loop;4;Outer;;0;64945;64945;1;1.0;15065.71;178092.65;159;0.0;0;176.08;963.978;0.003;0.003;Q9;18251;Hash Join;5;Outer;;0;64945;1200243;18037;2.9999376882755692e-06;15065.28;148669.64;131;0.0;0;0.46;694.281;173.999;174.0;Q9;18263;Index Scan;5;Inner;;26136;1;0;0;6.666666666666667e-07;0.43;0.45;8;1500000.0;0;Q9
Q9_46_seed_369181395;18283;Aggregate;1;Outer;;0;60150;300750;0;0.2;216801.14;217703.39;168;0.0;0;1190.433;1195.48;1188.22;1194.466;0.0;0.0;Q9;18284;Gather;2;Outer;;0;300750;60150;0;5.0;182816.39;213793.64;168;0.0;5;1176.176;1176.621;0.0;0.0;Q9;18285;Aggregate;3;Outer;;0;60150;69752;0;0.8623408647780709;181816.39;182718.64;168;0.0;0;180.963;1152.195;0.0;0.0;Q9;18286;Nested Loop;4;Outer;;0;69752;69752;1;1.0;15390.98;180595.73;159;0.0;0;180.391;980.897;0.003;0.003;Q9;18287;Hash Join;5;Outer;;0;69752;1200243;19372;2.999943134407429e-06;15390.55;148994.93;131;0.0;0;0.265;707.933;179.87;179.871;Q9;18299;Index Scan;5;Inner;;26136;1;0;0;6.666666666666667e-07;0.43;0.45;8;1500000.0;0;Q9
Q9_47_seed_377385426;18301;Aggregate;1;Outer;;0;60150;240530;0;0.2500727559971729;198153.43;199055.68;168;0.0;0;1220.825;1227.008;1219.762;1225.839;0.0;0.0;Q9;18302;Gather;2;Outer;;0;240530;48106;0;5.0;170973.54;195748.13;168;0.0;5;1207.311;1207.543;0.0;0.0;Q9;18303;Aggregate;3;Outer;;0;48106;48106;0;1.0;169973.54;170695.13;168;0.0;0;194.14;1183.086;0.0;0.0;Q9;18304;Nested Loop;4;Outer;;0;48106;48106;1;1.0;13733.6;169131.69;159;0.0;0;192.861;1004.284;0.003;0.003;Q9;18305;Hash Join;5;Outer;;0;48106;1200243;13360;3.0000162492045462e-06;13733.17;147337.5;131;0.0;0;0.51;716.255;188.75;188.752;Q9;18317;Index Scan;5;Inner;;26136;1;0;0;6.666666666666667e-07;0.43;0.45;8;1500000.0;0;Q9
Q9_49_seed_393793488;18337;Aggregate;1;Outer;;0;60150;300750;0;0.2;216801.14;217703.39;168;0.0;0;1203.588;1209.374;1201.485;1208.352;0.0;0.0;Q9;18338;Gather;2;Outer;;0;300750;60150;0;5.0;182816.39;213793.64;168;0.0;5;1188.163;1188.597;0.0;0.0;Q9;18339;Aggregate;3;Outer;;0;60150;69752;0;0.8623408647780709;181816.39;182718.64;168;0.0;0;185.677;1164.065;0.0;0.0;Q9;18340;Nested Loop;4;Outer;;0;69752;69752;1;1.0;15390.98;180595.73;159;0.0;0;185.301;993.984;0.003;0.003;Q9;18341;Hash Join;5;Outer;;0;69752;1200243;19372;2.999943134407429e-06;15390.55;148994.93;131;0.0;0;0.174;714.753;183.965;183.967;Q9;18353;Index Scan;5;Inner;;26136;1;0;0;6.666666666666667e-07;0.43;0.45;8;1500000.0;0;Q9
Q9_4_seed_24612093;18355;Aggregate;1;Outer;;0;60150;300750;0;0.2;218094.8;218997.05;168;0.0;0;1180.736;1186.15;1179.925;1185.356;0.0;0.0;Q9;18356;Gather;2;Outer;;0;300750;60150;0;5.0;184110.05;215087.3;168;0.0;5;1164.107;1164.737;0.0;0.0;Q9;18357;Aggregate;3;Outer;;0;60150;72159;0;0.8335758533239097;183110.05;184012.3;168;0.0;0;172.758;1139.885;0.0;0.0;Q9;18358;Nested Loop;4;Outer;;0;72159;72159;1;1.0;15552.04;181847.26;159;0.0;0;172.291;961.199;0.003;0.003;Q9;18359;Hash Join;5;Outer;;0;72159;1200243;20040;3.0000162492045462e-06;15551.61;149155.98;131;0.0;0;0.358;695.69;171.7;171.701;Q9;18371;Index Scan;5;Inner;;26136;1;0;0;6.666666666666667e-07;0.43;0.45;8;1500000.0;0;Q9
Q9_50_seed_401997519;18373;Aggregate;1;Outer;;0;60150;300750;0;0.2;218094.8;218997.05;168;0.0;0;1192.138;1197.57;1190.317;1196.628;0.0;0.0;Q9;18374;Gather;2;Outer;;0;300750;60150;0;5.0;184110.05;215087.3;168;0.0;5;1176.759;1177.246;0.0;0.0;Q9;18375;Aggregate;3;Outer;;0;60150;72159;0;0.8335758533239097;183110.05;184012.3;168;0.0;0;186.923;1152.443;0.0;0.0;Q9;18376;Nested Loop;4;Outer;;0;72159;72159;1;1.0;15552.04;181847.26;159;0.0;0;186.411;978.863;0.003;0.003;Q9;18377;Hash Join;5;Outer;;0;72159;1200243;20040;3.0000162492045462e-06;15551.61;149155.98;131;0.0;0;0.266;700.149;185.098;185.1;Q9;18389;Index Scan;5;Inner;;26136;1;0;0;6.666666666666667e-07;0.43;0.45;8;1500000.0;0;Q9
Q9_51_seed_410201550;18391;Aggregate;1;Outer;;0;60150;300750;0;0.2;218094.8;218997.05;168;0.0;0;1194.199;1201.43;1192.798;1200.28;0.0;0.0;Q9;18392;Gather;2;Outer;;0;300750;60150;0;5.0;184110.05;215087.3;168;0.0;5;1179.668;1180.146;0.0;0.0;Q9;18393;Aggregate;3;Outer;;0;60150;72159;0;0.8335758533239097;183110.05;184012.3;168;0.0;0;172.626;1155.684;0.0;0.0;Q9;18394;Nested Loop;4;Outer;;0;72159;72159;1;1.0;15552.04;181847.26;159;0.0;0;172.259;976.879;0.003;0.003;Q9;18395;Hash Join;5;Outer;;0;72159;1200243;20040;3.0000162492045462e-06;15551.61;149155.98;131;0.0;0;1.164;710.976;170.474;170.475;Q9;18407;Index Scan;5;Inner;;26136;1;0;0;6.666666666666667e-07;0.43;0.45;8;1500000.0;0;Q9
Q9_52_seed_418405581;18409;Aggregate;1;Outer;;0;60150;300750;0;0.2;219386.69;220288.94;168;0.0;0;1195.839;1200.649;1194.798;1199.584;0.0;0.0;Q9;18410;Gather;2;Outer;;0;300750;60150;0;5.0;185401.94;216379.19;168;0.0;5;1180.511;1180.988;0.0;0.0;Q9;18411;Aggregate;3;Outer;;0;60150;74565;0;0.8066787366727016;184401.94;185304.19;168;0.0;0;172.429;1156.054;0.0;0.0;Q9;18412;Nested Loop;4;Outer;;0;74565;74565;1;1.0;15711.8;183097.06;159;0.0;0;171.858;975.417;0.003;0.003;Q9;18413;Hash Join;5;Outer;;0;74565;1200243;20708;3.0000444129689005e-06;15711.38;149315.75;131;0.0;0;0.402;708.09;171.327;171.329;Q9;18425;Index Scan;5;Inner;;26136;1;0;0;6.666666666666667e-07;0.43;0.45;8;1500000.0;0;Q9
Q9_53_seed_426609612;18427;Aggregate;1;Outer;;0;60150;300750;0;0.2;215507.15;216409.4;168;0.0;0;1194.534;1201.897;1193.188;1200.875;0.0;0.0;Q9;18428;Gather;2;Outer;;0;300750;60150;0;5.0;181522.4;212499.65;168;0.0;5;1179.214;1179.703;0.0;0.0;Q9;18429;Aggregate;3;Outer;;0;60150;67346;0;0.8931488135895228;180522.4;181424.65;168;0.0;0;179.977;1156.128;0.0;0.0;Q9;18430;Nested Loop;4;Outer;;0;67346;67346;1;1.0;15229.13;179343.84;159;0.0;0;179.485;986.251;0.003;0.003;Q9;18431;Hash Join;5;Outer;;0;67346;1200243;18703;3.0000697390814218e-06;15228.71;148833.07;131;0.0;0;0.309;713.4;178.49;178.492;Q9;18443;Index Scan;5;Inner;;26136;1;0;0;6.666666666666667e-07;0.43;0.45;8;1500000.0;0;Q9
Q9_54_seed_434813643;18445;Aggregate;1;Outer;;0;60150;300750;0;0.2;216801.14;217703.39;168;0.0;0;1185.126;1190.274;1182.865;1189.135;0.0;0.0;Q9;18446;Gather;2;Outer;;0;300750;60150;0;5.0;182816.39;213793.64;168;0.0;5;1169.561;1170.056;0.0;0.0;Q9;18447;Aggregate;3;Outer;;0;60150;69752;0;0.8623408647780709;181816.39;182718.64;168;0.0;0;182.192;1145.32;0.0;0.0;Q9;18448;Nested Loop;4;Outer;;0;69752;69752;1;1.0;15390.98;180595.73;159;0.0;0;181.843;972.322;0.003;0.003;Q9;18449;Hash Join;5;Outer;;0;69752;1200243;19372;2.999943134407429e-06;15390.55;148994.93;131;0.0;0;0.92;698.866;180.818;180.82;Q9;18461;Index Scan;5;Inner;;26136;1;0;0;6.666666666666667e-07;0.43;0.45;8;1500000.0;0;Q9
Q9_55_seed_443017674;18463;Aggregate;1;Outer;;0;60150;300750;0;0.2;212917.9;213820.15;168;0.0;0;1169.827;1176.706;1167.997;1175.394;0.0;0.0;Q9;18464;Gather;2;Outer;;0;300750;60150;0;5.0;178933.15;209910.4;168;0.0;5;1154.975;1155.466;0.0;0.0;Q9;18465;Aggregate;3;Outer;;0;60150;62539;0;0.9617998369017732;177933.15;178835.4;168;0.0;0;179.018;1130.177;0.0;0.0;Q9;18466;Nested Loop;4;Outer;;0;62539;62539;1;1.0;14901.81;176838.72;159;0.0;0;178.608;955.17;0.003;0.003;Q9;18467;Hash Join;5;Outer;;0;62539;1200243;17368;3.0000738147009185e-06;14901.38;148505.73;131;0.0;0;0.882;685.421;177.565;177.567;Q9;18479;Index Scan;5;Inner;;26136;1;0;0;6.666666666666667e-07;0.43;0.45;8;1500000.0;0;Q9
Q9_56_seed_451221705;18481;Aggregate;1;Outer;;0;60150;264595;0;0.2273285587407169;203638.2;204540.45;168;0.0;0;1196.421;1200.127;1193.057;1199.354;0.0;0.0;Q9;18482;Gather;2;Outer;;0;264595;52919;0;5.0;173738.96;200992.25;168;0.0;5;1181.539;1181.745;0.0;0.0;Q9;18483;Aggregate;3;Outer;;0;52919;52919;0;1.0;172738.96;173532.75;168;0.0;0;185.534;1157.429;0.0;0.0;Q9;18484;Nested Loop;4;Outer;;0;52919;52919;1;1.0;14234.27;171812.88;159;0.0;0;185.129;984.538;0.003;0.003;Q9;18485;Hash Join;5;Outer;;0;52919;1200243;14697;2.999948179451045e-06;14233.85;147838.19;131;0.0;0;0.253;704.919;183.591;183.592;Q9;18497;Index Scan;5;Inner;;26136;1;0;0;6.666666666666667e-07;0.43;0.45;8;1500000.0;0;Q9
Q9_57_seed_459425736;18499;Aggregate;1;Outer;;0;60150;300750;0;0.2;218094.8;218997.05;168;0.0;0;1181.102;1183.497;1176.208;1182.504;0.0;0.0;Q9;18500;Gather;2;Outer;;0;300750;60150;0;5.0;184110.05;215087.3;168;0.0;5;1163.804;1164.267;0.0;0.0;Q9;18501;Aggregate;3;Outer;;0;60150;72159;0;0.8335758533239097;183110.05;184012.3;168;0.0;0;177.004;1139.055;0.0;0.0;Q9;18502;Nested Loop;4;Outer;;0;72159;72159;1;1.0;15552.04;181847.26;159;0.0;0;176.481;960.326;0.003;0.003;Q9;18503;Hash Join;5;Outer;;0;72159;1200243;20040;3.0000162492045462e-06;15551.61;149155.98;131;0.0;0;0.223;688.925;175.602;175.604;Q9;18515;Index Scan;5;Inner;;26136;1;0;0;6.666666666666667e-07;0.43;0.45;8;1500000.0;0;Q9
Q9_58_seed_467629767;18517;Aggregate;1;Outer;;0;60150;300660;0;0.2000598682897625;211609.95;212512.2;168;0.0;0;1195.499;1200.321;1194.46;1199.357;0.0;0.0;Q9;18518;Gather;2;Outer;;0;300660;60132;0;5.0;177635.37;208603.35;168;0.0;5;1180.195;1180.657;0.0;0.0;Q9;18519;Aggregate;3;Outer;;0;60132;60132;0;1.0;176635.37;177537.35;168;0.0;0;188.817;1155.558;0.0;0.0;Q9;18520;Nested Loop;4;Outer;;0;60132;60132;1;1.0;14736.63;175583.06;159;0.0;0;187.828;978.505;0.003;0.003;Q9;18521;Hash Join;5;Outer;;0;60132;1200243;16700;2.9999913041561178e-06;14736.2;148340.56;131;0.0;0;0.322;697.099;186.241;186.243;Q9;18533;Index Scan;5;Inner;;26136;1;0;0;6.666666666666667e-07;0.43;0.45;8;1500000.0;0;Q9
Q9_5_seed_32816124;18553;Aggregate;1;Outer;;0;60150;252560;0;0.2381612290148875;200901.61;201803.86;168;0.0;0;1192.45;1201.715;1191.096;1200.958;0.0;0.0;Q9;18554;Gather;2;Outer;;0;252560;50512;0;5.0;172362.33;198376.01;168;0.0;5;1178.398;1178.582;0.0;0.0;Q9;18555;Aggregate;3;Outer;;0;50512;50512;0;1.0;171362.33;172120.01;168;0.0;0;179.756;1155.124;0.0;0.0;Q9;18556;Nested Loop;4;Outer;;0;50512;50512;1;1.0;13990.25;170478.37;159;0.0;0;179.181;986.964;0.003;0.003;Q9;18557;Hash Join;5;Outer;;0;50512;1200243;14028;3.0000578242852597e-06;13989.83;147594.16;131;0.0;0;0.3;714.17;178.763;178.764;Q9;18569;Index Scan;5;Inner;;26136;1;0;0;6.666666666666667e-07;0.43;0.45;8;1500000.0;0;Q9
Q9_60_seed_484037829;18571;Aggregate;1;Outer;;0;60150;300750;0;0.2;212917.9;213820.15;168;0.0;0;1184.888;1190.391;1182.706;1189.139;0.0;0.0;Q9;18572;Gather;2;Outer;;0;300750;60150;0;5.0;178933.15;209910.4;168;0.0;5;1169.857;1170.323;0.0;0.0;Q9;18573;Aggregate;3;Outer;;0;60150;62539;0;0.9617998369017732;177933.15;178835.4;168;0.0;0;185.229;1145.319;0.0;0.0;Q9;18574;Nested Loop;4;Outer;;0;62539;62539;1;1.0;14901.81;176838.72;159;0.0;0;184.839;971.861;0.003;0.003;Q9;18575;Hash Join;5;Outer;;0;62539;1200243;17368;3.0000738147009185e-06;14901.38;148505.73;131;0.0;0;0.784;695.003;182.861;182.863;Q9;18587;Index Scan;5;Inner;;26136;1;0;0;6.666666666666667e-07;0.43;0.45;8;1500000.0;0;Q9
Q9_61_seed_492241860;18589;Aggregate;1;Outer;;0;60150;300750;0;0.2;215507.15;216409.4;168;0.0;0;1156.901;1161.754;1155.893;1160.812;0.0;0.0;Q9;18590;Gather;2;Outer;;0;300750;60150;0;5.0;181522.4;212499.65;168;0.0;5;1141.218;1141.68;0.0;0.0;Q9;18591;Aggregate;3;Outer;;0;60150;67346;0;0.8931488135895228;180522.4;181424.65;168;0.0;0;177.511;1117.738;0.0;0.0;Q9;18592;Nested Loop;4;Outer;;0;67346;67346;1;1.0;15229.13;179343.84;159;0.0;0;177.133;948.142;0.003;0.003;Q9;18593;Hash Join;5;Outer;;0;67346;1200243;18703;3.0000697390814218e-06;15228.71;148833.07;131;0.0;0;0.304;679.734;175.673;175.675;Q9;18605;Index Scan;5;Inner;;26136;1;0;0;6.666666666666667e-07;0.43;0.45;8;1500000.0;0;Q9
Q9_66_seed_533262015;18680;Aggregate;1;Outer;;0;60150;216465;0;0.2778740212043517;192638.89;193541.14;168;0.0;0;1189.379;1191.242;1183.972;1190.282;0.0;0.0;Q9;18681;Gather;2;Outer;;0;216465;43293;0;5.0;168178.34;190474.24;168;0.0;5;1172.021;1172.241;0.0;0.0;Q9;18682;Aggregate;3;Outer;;0;43293;43293;0;1.0;167178.34;167827.74;168;0.0;0;181.936;1148.474;0.0;0.0;Q9;18683;Nested Loop;4;Outer;;0;43293;43293;1;1.0;13203.14;166420.72;159;0.0;0;181.459;973.912;0.003;0.003;Q9;18684;Hash Join;5;Outer;;0;43293;1200243;12023;3.000099458151332e-06;13202.71;146807.04;131;0.0;0;0.378;698.284;180.358;180.359;Q9;18696;Index Scan;5;Inner;;26136;1;0;0;6.666666666666667e-07;0.43;0.45;8;1500000.0;0;Q9
Q9_68_seed_549670077;18716;Aggregate;1;Outer;;0;60150;300660;0;0.2000598682897625;211609.95;212512.2;168;0.0;0;1186.372;1191.41;1183.306;1190.657;0.0;0.0;Q9;18717;Gather;2;Outer;;0;300660;60132;0;5.0;177635.37;208603.35;168;0.0;5;1171.738;1172.147;0.0;0.0;Q9;18718;Aggregate;3;Outer;;0;60132;60132;0;1.0;176635.37;177537.35;168;0.0;0;178.691;1147.595;0.0;0.0;Q9;18719;Nested Loop;4;Outer;;0;60132;60132;1;1.0;14736.63;175583.06;159;0.0;0;178.19;971.902;0.003;0.003;Q9;18720;Hash Join;5;Outer;;0;60132;1200243;16700;2.9999913041561178e-06;14736.2;148340.56;131;0.0;0;0.283;700.13;177.759;177.761;Q9;18732;Index Scan;5;Inner;;26136;1;0;0;6.666666666666667e-07;0.43;0.45;8;1500000.0;0;Q9
Q9_6_seed_41020155;18753;Aggregate;1;Outer;;0;60150;300750;0;0.2;216801.14;217703.39;168;0.0;0;1193.759;1199.649;1192.122;1198.581;0.0;0.0;Q9;18754;Gather;2;Outer;;0;300750;60150;0;5.0;182816.39;213793.64;168;0.0;5;1179.313;1179.858;0.0;0.0;Q9;18755;Aggregate;3;Outer;;0;60150;69752;0;0.8623408647780709;181816.39;182718.64;168;0.0;0;185.389;1154.797;0.0;0.0;Q9;18756;Nested Loop;4;Outer;;0;69752;69752;1;1.0;15390.98;180595.73;159;0.0;0;184.921;979.552;0.003;0.003;Q9;18757;Hash Join;5;Outer;;0;69752;1200243;19372;2.999943134407429e-06;15390.55;148994.93;131;0.0;0;0.266;701.263;184.385;184.387;Q9;18769;Index Scan;5;Inner;;26136;1;0;0;6.666666666666667e-07;0.43;0.45;8;1500000.0;0;Q9
Q9_70_seed_566078139;18771;Aggregate;1;Outer;;0;60150;300750;0;0.2;216801.14;217703.39;168;0.0;0;1184.614;1190.257;1182.637;1189.277;0.0;0.0;Q9;18772;Gather;2;Outer;;0;300750;60150;0;5.0;182816.39;213793.64;168;0.0;5;1169.667;1170.116;0.0;0.0;Q9;18773;Aggregate;3;Outer;;0;60150;69752;0;0.8623408647780709;181816.39;182718.64;168;0.0;0;176.197;1144.742;0.0;0.0;Q9;18774;Nested Loop;4;Outer;;0;69752;69752;1;1.0;15390.98;180595.73;159;0.0;0;175.604;970.43;0.003;0.003;Q9;18775;Hash Join;5;Outer;;0;69752;1200243;19372;2.999943134407429e-06;15390.55;148994.93;131;0.0;0;0.225;701.881;174.699;174.701;Q9;18787;Index Scan;5;Inner;;26136;1;0;0;6.666666666666667e-07;0.43;0.45;8;1500000.0;0;Q9
Q9_73_seed_590690232;18826;Aggregate;1;Outer;;0;60150;300750;0;0.2;218094.8;218997.05;168;0.0;0;1171.042;1177.005;1169.481;1175.858;0.0;0.0;Q9;18827;Gather;2;Outer;;0;300750;60150;0;5.0;184110.05;215087.3;168;0.0;5;1156.014;1156.511;0.0;0.0;Q9;18828;Aggregate;3;Outer;;0;60150;72159;0;0.8335758533239097;183110.05;184012.3;168;0.0;0;174.479;1131.906;0.0;0.0;Q9;18829;Nested Loop;4;Outer;;0;72159;72159;1;1.0;15552.04;181847.26;159;0.0;0;173.906;959.622;0.003;0.003;Q9;18830;Hash Join;5;Outer;;0;72159;1200243;20040;3.0000162492045462e-06;15551.61;149155.98;131;0.0;0;0.362;693.005;173.408;173.411;Q9;18842;Index Scan;5;Inner;;26136;1;0;0;6.666666666666667e-07;0.43;0.45;8;1500000.0;0;Q9
Q9_75_seed_607098294;18863;Aggregate;1;Outer;;0;60150;288630;0;0.208398295395489;208952.23;209854.48;168;0.0;0;1211.774;1217.158;1210.44;1216.177;0.0;0.0;Q9;18864;Gather;2;Outer;;0;288630;57726;0;5.0;176337.04;206065.93;168;0.0;5;1197.386;1197.584;0.0;0.0;Q9;18865;Aggregate;3;Outer;;0;57726;57726;0;1.0;175337.04;176202.93;168;0.0;0;180.096;1174.052;0.0;0.0;Q9;18866;Nested Loop;4;Outer;;0;57726;57726;1;1.0;14570.43;174326.84;159;0.0;0;179.523;1002.331;0.003;0.003;Q9;18867;Hash Join;5;Outer;;0;57726;1200243;16032;2.999953886583476e-06;14570.01;148174.36;131;0.0;0;0.289;730.583;178.549;178.551;Q9;18879;Index Scan;5;Inner;;26136;1;0;0;6.666666666666667e-07;0.43;0.45;8;1500000.0;0;Q9
Q9_76_seed_615302325;18881;Aggregate;1;Outer;;0;60150;264595;0;0.2273285587407169;203638.2;204540.45;168;0.0;0;1193.685;1196.045;1189.803;1195.099;0.0;0.0;Q9;18882;Gather;2;Outer;;0;264595;52919;0;5.0;173738.96;200992.25;168;0.0;5;1177.304;1177.504;0.0;0.0;Q9;18883;Aggregate;3;Outer;;0;52919;52919;0;1.0;172738.96;173532.75;168;0.0;0;186.722;1154.094;0.0;0.0;Q9;18884;Nested Loop;4;Outer;;0;52919;52919;1;1.0;14234.27;171812.88;159;0.0;0;186.361;981.41;0.003;0.003;Q9;18885;Hash Join;5;Outer;;0;52919;1200243;14697;2.999948179451045e-06;14233.85;147838.19;131;0.0;0;0.512;703.259;184.608;184.61;Q9;18897;Index Scan;5;Inner;;26136;1;0;0;6.666666666666667e-07;0.43;0.45;8;1500000.0;0;Q9
Q9_77_seed_623506356;18899;Aggregate;1;Outer;;0;60150;276595;0;0.2174659701006887;206292.44;207194.69;168;0.0;0;1177.826;1184.681;1177.17;1183.824;0.0;0.0;Q9;18900;Gather;2;Outer;;0;276595;55319;0;5.0;175037.2;203526.49;168;0.0;5;1163.334;1163.548;0.0;0.0;Q9;18901;Aggregate;3;Outer;;0;55319;55319;0;1.0;174037.2;174866.99;168;0.0;0;179.785;1138.542;0.0;0.0;Q9;18902;Nested Loop;4;Outer;;0;55319;55319;1;1.0;14403.2;173069.12;159;0.0;0;179.469;958.516;0.003;0.003;Q9;18903;Hash Join;5;Outer;;0;55319;1200243;15363;3.000054252124449e-06;14402.78;148007.12;131;0.0;0;0.333;684.05;178.088;178.09;Q9;18915;Index Scan;5;Inner;;26136;1;0;0;6.666666666666667e-07;0.43;0.45;8;1500000.0;0;Q9
Q9_78_seed_631710387;18917;Aggregate;1;Outer;;0;60150;300750;0;0.2;212917.9;213820.15;168;0.0;0;1199.438;1205.988;1197.913;1204.848;0.0;0.0;Q9;18918;Gather;2;Outer;;0;300750;60150;0;5.0;178933.15;209910.4;168;0.0;5;1184.538;1185.048;0.0;0.0;Q9;18919;Aggregate;3;Outer;;0;60150;62539;0;0.9617998369017732;177933.15;178835.4;168;0.0;0;181.68;1161.096;0.0;0.0;Q9;18920;Nested Loop;4;Outer;;0;62539;62539;1;1.0;14901.81;176838.72;159;0.0;0;181.145;989.564;0.003;0.003;Q9;18921;Hash Join;5;Outer;;0;62539;1200243;17368;3.0000738147009185e-06;14901.38;148505.73;131;0.0;0;0.232;715.142;180.688;180.69;Q9;18933;Index Scan;5;Inner;;26136;1;0;0;6.666666666666667e-07;0.43;0.45;8;1500000.0;0;Q9
Q9_79_seed_639914418;18935;Aggregate;1;Outer;;0;60150;240530;0;0.2500727559971729;198153.43;199055.68;168;0.0;0;1206.094;1212.476;1205.231;1211.607;0.0;0.0;Q9;18936;Gather;2;Outer;;0;240530;48106;0;5.0;170973.54;195748.13;168;0.0;5;1192.45;1192.651;0.0;0.0;Q9;18937;Aggregate;3;Outer;;0;48106;48106;0;1.0;169973.54;170695.13;168;0.0;0;188.321;1168.713;0.0;0.0;Q9;18938;Nested Loop;4;Outer;;0;48106;48106;1;1.0;13733.6;169131.69;159;0.0;0;187.737;997.795;0.003;0.003;Q9;18939;Hash Join;5;Outer;;0;48106;1200243;13360;3.0000162492045462e-06;13733.17;147337.5;131;0.0;0;0.309;717.446;187.24;187.241;Q9;18951;Index Scan;5;Inner;;26136;1;0;0;6.666666666666667e-07;0.43;0.45;8;1500000.0;0;Q9
Q9_82_seed_664526511;19008;Aggregate;1;Outer;;0;60150;300750;0;0.2;212917.9;213820.15;168;0.0;0;1197.047;1198.834;1191.018;1197.474;0.0;0.0;Q9;19009;Gather;2;Outer;;0;300750;60150;0;5.0;178933.15;209910.4;168;0.0;5;1176.931;1177.429;0.0;0.0;Q9;19010;Aggregate;3;Outer;;0;60150;62539;0;0.9617998369017732;177933.15;178835.4;168;0.0;0;186.619;1151.908;0.0;0.0;Q9;19011;Nested Loop;4;Outer;;0;62539;62539;1;1.0;14901.81;176838.72;159;0.0;0;186.169;975.826;0.003;0.003;Q9;19012;Hash Join;5;Outer;;0;62539;1200243;17368;3.0000738147009185e-06;14901.38;148505.73;131;0.0;0;0.222;693.216;184.668;184.67;Q9;19024;Index Scan;5;Inner;;26136;1;0;0;6.666666666666667e-07;0.43;0.45;8;1500000.0;0;Q9
Q9_85_seed_689138604;19063;Aggregate;1;Outer;;0;60150;300750;0;0.2;216801.14;217703.39;168;0.0;0;1248.087;1251.593;1246.913;1250.54;0.0;0.0;Q9;19064;Gather;2;Outer;;0;300750;60150;0;5.0;182816.39;213793.64;168;0.0;5;1229.906;1230.398;0.0;0.0;Q9;19065;Aggregate;3;Outer;;0;60150;69752;0;0.8623408647780709;181816.39;182718.64;168;0.0;0;180.424;1206.414;0.0;0.0;Q9;19066;Nested Loop;4;Outer;;0;69752;69752;1;1.0;15390.98;180595.73;159;0.0;0;179.988;1024.216;0.003;0.003;Q9;19067;Hash Join;5;Outer;;0;69752;1200243;19372;2.999943134407429e-06;15390.55;148994.93;131;0.0;0;0.435;750.872;179.09;179.091;Q9;19079;Index Scan;5;Inner;;26136;1;0;0;6.666666666666667e-07;0.43;0.45;8;1500000.0;0;Q9
Q9_87_seed_705546666;19099;Aggregate;1;Outer;;0;60150;264595;0;0.2273285587407169;203638.2;204540.45;168;0.0;0;1166.282;1176.349;1165.079;1175.319;0.0;0.0;Q9;19100;Gather;2;Outer;;0;264595;52919;0;5.0;173738.96;200992.25;168;0.0;5;1150.671;1150.878;0.0;0.0;Q9;19101;Aggregate;3;Outer;;0;52919;52919;0;1.0;172738.96;173532.75;168;0.0;0;177.56;1126.704;0.0;0.0;Q9;19102;Nested Loop;4;Outer;;0;52919;52919;1;1.0;14234.27;171812.88;159;0.0;0;177.083;950.66;0.003;0.003;Q9;19103;Hash Join;5;Outer;;0;52919;1200243;14697;2.999948179451045e-06;14233.85;147838.19;131;0.0;0;0.244;680.757;176.349;176.351;Q9;19115;Index Scan;5;Inner;;26136;1;0;0;6.666666666666667e-07;0.43;0.45;8;1500000.0;0;Q9
Q9_89_seed_721954728;19136;Aggregate;1;Outer;;0;60150;300750;0;0.2;214213.94;215116.19;168;0.0;0;1209.095;1212.537;1207.25;1210.997;0.0;0.0;Q9;19137;Gather;2;Outer;;0;300750;60150;0;5.0;180229.19;211206.44;168;0.0;5;1192.835;1193.307;0.0;0.0;Q9;19138;Aggregate;3;Outer;;0;60150;64945;0;0.9261682962506737;179229.19;180131.44;168;0.0;0;192.244;1167.687;0.0;0.0;Q9;19139;Nested Loop;4;Outer;;0;64945;64945;1;1.0;15065.71;178092.65;159;0.0;0;191.72;989.173;0.003;0.003;Q9;19140;Hash Join;5;Outer;;0;64945;1200243;18037;2.9999376882755692e-06;15065.28;148669.64;131;0.0;0;0.384;702.642;189.806;189.808;Q9;19152;Index Scan;5;Inner;;26136;1;0;0;6.666666666666667e-07;0.43;0.45;8;1500000.0;0;Q9
Q9_8_seed_57428217;19154;Aggregate;1;Outer;;0;60150;300750;0;0.2;214213.94;215116.19;168;0.0;0;1191.787;1193.837;1186.34;1192.621;0.0;0.0;Q9;19155;Gather;2;Outer;;0;300750;60150;0;5.0;180229.19;211206.44;168;0.0;5;1172.937;1173.465;0.0;0.0;Q9;19156;Aggregate;3;Outer;;0;60150;64945;0;0.9261682962506737;179229.19;180131.44;168;0.0;0;183.164;1148.083;0.0;0.0;Q9;19157;Nested Loop;4;Outer;;0;64945;64945;1;1.0;15065.71;178092.65;159;0.0;0;182.705;974.091;0.003;0.003;Q9;19158;Hash Join;5;Outer;;0;64945;1200243;18037;2.9999376882755692e-06;15065.28;148669.64;131;0.0;0;0.54;697.267;181.69;181.693;Q9;19170;Index Scan;5;Inner;;26136;1;0;0;6.666666666666667e-07;0.43;0.45;8;1500000.0;0;Q9
Q9_90_seed_730158759;19172;Aggregate;1;Outer;;0;60150;300750;0;0.2;215507.15;216409.4;168;0.0;0;1223.408;1229.502;1220.949;1228.409;0.0;0.0;Q9;19173;Gather;2;Outer;;0;300750;60150;0;5.0;181522.4;212499.65;168;0.0;5;1208.593;1209.069;0.0;0.0;Q9;19174;Aggregate;3;Outer;;0;60150;67346;0;0.8931488135895228;180522.4;181424.65;168;0.0;0;186.401;1184.446;0.0;0.0;Q9;19175;Nested Loop;4;Outer;;0;67346;67346;1;1.0;15229.13;179343.84;159;0.0;0;186.036;1011.203;0.003;0.003;Q9;19176;Hash Join;5;Outer;;0;67346;1200243;18703;3.0000697390814218e-06;15228.71;148833.07;131;0.0;0;0.214;731.987;184.326;184.327;Q9;19188;Index Scan;5;Inner;;26136;1;0;0;6.666666666666667e-07;0.43;0.45;8;1500000.0;0;Q9
Q9_91_seed_738362790;19190;Aggregate;1;Outer;;0;60150;204460;0;0.2941895725325247;189878.04;190780.29;168;0.0;0;1196.547;1202.769;1194.581;1201.717;0.0;0.0;Q9;19191;Gather;2;Outer;;0;204460;40892;0;5.0;166774.06;187833.44;168;0.0;5;1181.135;1181.555;0.0;0.0;Q9;19192;Aggregate;3;Outer;;0;40892;40892;0;1.0;165774.06;166387.44;168;0.0;0;182.637;1156.889;0.0;0.0;Q9;19193;Nested Loop;4;Outer;;0;40892;40892;1;1.0;12928.63;165058.45;159;0.0;0;182.105;983.452;0.003;0.003;Q9;19194;Hash Join;5;Outer;;0;40892;1200243;11357;2.9998914800334657e-06;12928.2;146532.53;131;0.0;0;0.332;707.059;181.359;181.363;Q9;19206;Index Scan;5;Inner;;26136;1;0;0;6.666666666666667e-07;0.43;0.45;8;1500000.0;0;Q9
Q9_93_seed_754770852;19226;Aggregate;1;Outer;;0;60150;300750;0;0.2;214213.94;215116.19;168;0.0;0;1170.037;1175.387;1167.869;1174.495;0.0;0.0;Q9;19227;Gather;2;Outer;;0;300750;60150;0;5.0;180229.19;211206.44;168;0.0;5;1154.834;1155.255;0.0;0.0;Q9;19228;Aggregate;3;Outer;;0;60150;64945;0;0.9261682962506737;179229.19;180131.44;168;0.0;0;180.228;1129.857;0.0;0.0;Q9;19229;Nested Loop;4;Outer;;0;64945;64945;1;1.0;15065.71;178092.65;159;0.0;0;179.779;963.454;0.003;0.003;Q9;19230;Hash Join;5;Outer;;0;64945;1200243;18037;2.9999376882755692e-06;15065.28;148669.64;131;0.0;0;0.265;690.522;178.696;178.697;Q9;19242;Index Scan;5;Inner;;26136;1;0;0;6.666666666666667e-07;0.43;0.45;8;1500000.0;0;Q9
Q9_95_seed_771178914;19263;Aggregate;1;Outer;;0;60150;240530;0;0.2500727559971729;198153.43;199055.68;168;0.0;0;1165.114;1169.893;1163.206;1168.649;0.0;0.0;Q9;19264;Gather;2;Outer;;0;240530;48106;0;5.0;170973.54;195748.13;168;0.0;5;1150.119;1150.336;0.0;0.0;Q9;19265;Aggregate;3;Outer;;0;48106;48106;0;1.0;169973.54;170695.13;168;0.0;0;181.53;1126.488;0.0;0.0;Q9;19266;Nested Loop;4;Outer;;0;48106;48106;1;1.0;13733.6;169131.69;159;0.0;0;180.944;957.441;0.003;0.003;Q9;19267;Hash Join;5;Outer;;0;48106;1200243;13360;3.0000162492045462e-06;13733.17;147337.5;131;0.0;0;0.359;685.083;180.483;180.485;Q9;19279;Index Scan;5;Inner;;26136;1;0;0;6.666666666666667e-07;0.43;0.45;8;1500000.0;0;Q9
Q9_97_seed_787586976;19299;Aggregate;1;Outer;;0;60150;252560;0;0.2381612290148875;200901.61;201803.86;168;0.0;0;1188.221;1193.775;1186.824;1192.343;0.0;0.0;Q9;19300;Gather;2;Outer;;0;252560;50512;0;5.0;172362.33;198376.01;168;0.0;5;1174.814;1175.046;0.0;0.0;Q9;19301;Aggregate;3;Outer;;0;50512;50512;0;1.0;171362.33;172120.01;168;0.0;0;184.258;1151.346;0.0;0.0;Q9;19302;Nested Loop;4;Outer;;0;50512;50512;1;1.0;13990.25;170478.37;159;0.0;0;183.703;971.6;0.003;0.003;Q9;19303;Hash Join;5;Outer;;0;50512;1200243;14028;3.0000578242852597e-06;13989.83;147594.16;131;0.0;0;0.309;696.262;182.761;182.764;Q9;19315;Index Scan;5;Inner;;26136;1;0;0;6.666666666666667e-07;0.43;0.45;8;1500000.0;0;Q9
Q9_98_seed_795791007;19317;Aggregate;1;Outer;;0;60150;300750;0;0.2;218094.8;218997.05;168;0.0;0;1205.495;1209.11;1204.171;1208.032;0.0;0.0;Q9;19318;Gather;2;Outer;;0;300750;60150;0;5.0;184110.05;215087.3;168;0.0;5;1187.217;1187.676;0.0;0.0;Q9;19319;Aggregate;3;Outer;;0;60150;72159;0;0.8335758533239097;183110.05;184012.3;168;0.0;0;179.345;1162.884;0.0;0.0;Q9;19320;Nested Loop;4;Outer;;0;72159;72159;1;1.0;15552.04;181847.26;159;0.0;0;178.869;985.571;0.003;0.003;Q9;19321;Hash Join;5;Outer;;0;72159;1200243;20040;3.0000162492045462e-06;15551.61;149155.98;131;0.0;0;0.219;713.035;177.978;177.98;Q9;19333;Index Scan;5;Inner;;26136;1;0;0;6.666666666666667e-07;0.43;0.45;8;1500000.0;0;Q9
Q9_99_seed_803995038;19335;Aggregate;1;Outer;;0;60150;300660;0;0.2000598682897625;211609.95;212512.2;168;0.0;0;1247.783;1252.991;1247.155;1252.406;0.0;0.0;Q9;19336;Gather;2;Outer;;0;300660;60132;0;5.0;177635.37;208603.35;168;0.0;5;1233.667;1234.063;0.0;0.0;Q9;19337;Aggregate;3;Outer;;0;60132;60132;0;1.0;176635.37;177537.35;168;0.0;0;184.672;1208.525;0.0;0.0;Q9;19338;Nested Loop;4;Outer;;0;60132;60132;1;1.0;14736.63;175583.06;159;0.0;0;184.2;1027.346;0.003;0.003;Q9;19339;Hash Join;5;Outer;;0;60132;1200243;16700;2.9999913041561178e-06;14736.2;148340.56;131;0.0;0;0.352;748.894;183.736;183.738;Q9;19351;Index Scan;5;Inner;;26136;1;0;0;6.666666666666667e-07;0.43;0.45;8;1500000.0;0;Q9
Q9_9_seed_65632248;19353;Aggregate;1;Outer;;0;60150;300750;0;0.2;215507.15;216409.4;168;0.0;0;1191.209;1199.057;1189.849;1197.949;0.0;0.0;Q9;19354;Gather;2;Outer;;0;300750;60150;0;5.0;181522.4;212499.65;168;0.0;5;1176.724;1177.231;0.0;0.0;Q9;19355;Aggregate;3;Outer;;0;60150;67346;0;0.8931488135895228;180522.4;181424.65;168;0.0;0;178.138;1152.298;0.0;0.0;Q9;19356;Nested Loop;4;Outer;;0;67346;67346;1;1.0;15229.13;179343.84;159;0.0;0;177.61;972.638;0.003;0.003;Q9;19357;Hash Join;5;Outer;;0;67346;1200243;18703;3.0000697390814218e-06;15228.71;148833.07;131;0.0;0;0.331;702.407;177.057;177.059;Q9;19369;Index Scan;5;Inner;;26136;1;0;0;6.666666666666667e-07;0.43;0.45;8;1500000.0;0;Q9
