query_file;HashJoin_node_id;HashJoin_node_type;HashJoin_depth;HashJoin_parent_relationship;HashJoin_subplan_name;HashJoin_np;HashJoin_nt;HashJoin_nt1;HashJoin_nt2;HashJoin_sel;HashJoin_startup_cost;HashJoin_total_cost;HashJoin_plan_width;HashJoin_reltuples;HashJoin_parallel_workers;actual_startup_time;actual_total_time;SeqScan_Outer_node_id;SeqScan_Outer_node_type;SeqScan_Outer_depth;SeqScan_Outer_parent_relationship;SeqScan_Outer_subplan_name;SeqScan_Outer_np;SeqScan_Outer_nt;SeqScan_Outer_nt1;SeqScan_Outer_nt2;SeqScan_Outer_sel;SeqScan_Outer_startup_cost;SeqScan_Outer_total_cost;SeqScan_Outer_plan_width;SeqScan_Outer_reltuples;SeqScan_Outer_parallel_workers;SeqScan_Outer_st1;SeqScan_Outer_rt1;SeqScan_Outer_st2;SeqScan_Outer_rt2;Hash_Inner_node_id;Hash_Inner_node_type;Hash_Inner_depth;Hash_Inner_parent_relationship;Hash_Inner_subplan_name;Hash_Inner_np;Hash_Inner_nt;Hash_Inner_nt1;Hash_Inner_nt2;Hash_Inner_sel;Hash_Inner_startup_cost;Hash_Inner_total_cost;Hash_Inner_plan_width;Hash_Inner_reltuples;Hash_Inner_parallel_workers;Hash_Inner_st1;Hash_Inner_rt1;Hash_Inner_st2;Hash_Inner_rt2;HashJoin_Outer_node_id;HashJoin_Outer_node_type;HashJoin_Outer_depth;HashJoin_Outer_parent_relationship;HashJoin_Outer_subplan_name;HashJoin_Outer_np;HashJoin_Outer_nt;HashJoin_Outer_nt1;HashJoin_Outer_nt2;HashJoin_Outer_sel;HashJoin_Outer_startup_cost;HashJoin_Outer_total_cost;HashJoin_Outer_plan_width;HashJoin_Outer_reltuples;HashJoin_Outer_parallel_workers
Q5_101_seed_820403100;6928;Hash Join;7;Outer;;0;14756;73782;12500;1.5999566289881002e-05;4743.09;38475.32;116;0.0;0;34.708;213.732;6935;Seq Scan;12;Outer;;1;25;0;0;1.0;0.0;1.25;112;25.0;0;0.0;0.0;0.0;0.0;6936;Hash;12;Inner;;0;1;1;0;1.0;1.06;1.06;4;0.0;0;0.053;0.054;0.0;0.0;6934;Hash Join;11;Outer;;0;5;25;1;0.2;1.07;2.4;108;0.0;0
Q5_102_seed_828607131;6948;Hash Join;7;Outer;;0;14612;73059;12500;1.6000219001081317e-05;4743.09;38472.01;116;0.0;0;36.486;215.197;6955;Seq Scan;12;Outer;;1;25;0;0;1.0;0.0;1.25;112;25.0;0;0.0;0.0;0.0;0.0;6956;Hash;12;Inner;;0;1;1;0;1.0;1.06;1.06;4;0.0;0;0.063;0.064;0.0;0.0;6954;Hash Join;11;Outer;;0;5;25;1;0.2;1.07;2.4;108;0.0;0
Q5_103_seed_836811162;6968;Hash Join;7;Outer;;0;14756;73782;12500;1.5999566289881002e-05;4743.09;38475.32;116;0.0;0;38.188;221.91;6975;Seq Scan;12;Outer;;1;25;0;0;1.0;0.0;1.25;112;25.0;0;0.0;0.0;0.0;0.0;6976;Hash;12;Inner;;0;1;1;0;1.0;1.06;1.06;4;0.0;0;0.142;0.142;0.0;0.0;6974;Hash Join;11;Outer;;0;5;25;1;0.2;1.07;2.4;108;0.0;0
Q5_104_seed_845015193;6988;Hash Join;7;Outer;;0;14612;73059;12500;1.6000219001081317e-05;4743.09;38472.01;116;0.0;0;37.733;216.462;6995;Seq Scan;12;Outer;;1;25;0;0;1.0;0.0;1.25;112;25.0;0;0.0;0.0;0.0;0.0;6996;Hash;12;Inner;;0;1;1;0;1.0;1.06;1.06;4;0.0;0;0.148;0.149;0.0;0.0;6994;Hash Join;11;Outer;;0;5;25;1;0.2;1.07;2.4;108;0.0;0
Q5_105_seed_853219224;7008;Hash Join;7;Outer;;0;14756;73782;12500;1.5999566289881002e-05;4743.09;38475.32;116;0.0;0;34.867;217.049;7015;Seq Scan;12;Outer;;1;25;0;0;1.0;0.0;1.25;112;25.0;0;0.0;0.0;0.0;0.0;7016;Hash;12;Inner;;0;1;1;0;1.0;1.06;1.06;4;0.0;0;0.046;0.047;0.0;0.0;7014;Hash Join;11;Outer;;0;5;25;1;0.2;1.07;2.4;108;0.0;0
Q5_106_seed_861423255;7028;Hash Join;7;Outer;;0;14612;73059;12500;1.6000219001081317e-05;4743.09;38472.01;116;0.0;0;35.222;217.828;7035;Seq Scan;12;Outer;;1;25;0;0;1.0;0.0;1.25;112;25.0;0;0.0;0.0;0.0;0.0;7036;Hash;12;Inner;;0;1;1;0;1.0;1.06;1.06;4;0.0;0;0.054;0.054;0.0;0.0;7034;Hash Join;11;Outer;;0;5;25;1;0.2;1.07;2.4;108;0.0;0
Q5_107_seed_869627286;7048;Hash Join;7;Outer;;0;14756;73782;12500;1.5999566289881002e-05;4743.09;38475.32;116;0.0;0;31.985;208.146;7055;Seq Scan;12;Outer;;1;25;0;0;1.0;0.0;1.25;112;25.0;0;0.0;0.0;0.0;0.0;7056;Hash;12;Inner;;0;1;1;0;1.0;1.06;1.06;4;0.0;0;0.084;0.084;0.0;0.0;7054;Hash Join;11;Outer;;0;5;25;1;0.2;1.07;2.4;108;0.0;0
Q5_109_seed_886035348;7088;Hash Join;7;Outer;;0;14756;73782;12500;1.5999566289881002e-05;4743.09;38475.32;116;0.0;0;39.256;218.195;7095;Seq Scan;12;Outer;;1;25;0;0;1.0;0.0;1.25;112;25.0;0;0.0;0.0;0.0;0.0;7096;Hash;12;Inner;;0;1;1;0;1.0;1.06;1.06;4;0.0;0;0.058;0.059;0.0;0.0;7094;Hash Join;11;Outer;;0;5;25;1;0.2;1.07;2.4;108;0.0;0
Q5_10_seed_73836279;7108;Hash Join;7;Outer;;0;14612;73059;12500;1.6000219001081317e-05;4743.09;38472.01;116;0.0;0;36.041;214.399;7115;Seq Scan;12;Outer;;1;25;0;0;1.0;0.0;1.25;112;25.0;0;0.0;0.0;0.0;0.0;7116;Hash;12;Inner;;0;1;1;0;1.0;1.06;1.06;4;0.0;0;0.052;0.052;0.0;0.0;7114;Hash Join;11;Outer;;0;5;25;1;0.2;1.07;2.4;108;0.0;0
Q5_110_seed_894239379;7128;Hash Join;7;Outer;;0;14646;73231;12500;1.599978151329355e-05;4743.09;38472.8;116;0.0;0;31.629;212.209;7135;Seq Scan;12;Outer;;1;25;0;0;1.0;0.0;1.25;112;25.0;0;0.0;0.0;0.0;0.0;7136;Hash;12;Inner;;0;1;1;0;1.0;1.06;1.06;4;0.0;0;0.054;0.054;0.0;0.0;7134;Hash Join;11;Outer;;0;5;25;1;0.2;1.07;2.4;108;0.0;0
Q5_111_seed_902443410;7148;Hash Join;7;Outer;;0;14756;73782;12500;1.5999566289881002e-05;4743.09;38475.32;116;0.0;0;32.274;219.833;7155;Seq Scan;12;Outer;;1;25;0;0;1.0;0.0;1.25;112;25.0;0;0.0;0.0;0.0;0.0;7156;Hash;12;Inner;;0;1;1;0;1.0;1.06;1.06;4;0.0;0;0.24;0.24;0.0;0.0;7154;Hash Join;11;Outer;;0;5;25;1;0.2;1.07;2.4;108;0.0;0
Q5_112_seed_910647441;7168;Hash Join;7;Outer;;0;14646;73231;12500;1.599978151329355e-05;4743.09;38472.8;116;0.0;0;33.241;213.399;7175;Seq Scan;12;Outer;;1;25;0;0;1.0;0.0;1.25;112;25.0;0;0.0;0.0;0.0;0.0;7176;Hash;12;Inner;;0;1;1;0;1.0;1.06;1.06;4;0.0;0;0.052;0.052;0.0;0.0;7174;Hash Join;11;Outer;;0;5;25;1;0.2;1.07;2.4;108;0.0;0
Q5_114_seed_927055503;7208;Hash Join;7;Outer;;0;14646;73231;12500;1.599978151329355e-05;4743.09;38472.8;116;0.0;0;33.304;213.476;7215;Seq Scan;12;Outer;;1;25;0;0;1.0;0.0;1.25;112;25.0;0;0.0;0.0;0.0;0.0;7216;Hash;12;Inner;;0;1;1;0;1.0;1.06;1.06;4;0.0;0;0.042;0.042;0.0;0.0;7214;Hash Join;11;Outer;;0;5;25;1;0.2;1.07;2.4;108;0.0;0
Q5_115_seed_935259534;7228;Hash Join;7;Outer;;0;14756;73782;12500;1.5999566289881002e-05;4743.09;38475.32;116;0.0;0;32.835;211.763;7235;Seq Scan;12;Outer;;1;25;0;0;1.0;0.0;1.25;112;25.0;0;0.0;0.0;0.0;0.0;7236;Hash;12;Inner;;0;1;1;0;1.0;1.06;1.06;4;0.0;0;0.133;0.133;0.0;0.0;7234;Hash Join;11;Outer;;0;5;25;1;0.2;1.07;2.4;108;0.0;0
Q5_116_seed_943463565;7248;Hash Join;7;Outer;;0;14646;73231;12500;1.599978151329355e-05;4743.09;38472.8;116;0.0;0;36.262;216.949;7255;Seq Scan;12;Outer;;1;25;0;0;1.0;0.0;1.25;112;25.0;0;0.0;0.0;0.0;0.0;7256;Hash;12;Inner;;0;1;1;0;1.0;1.06;1.06;4;0.0;0;0.171;0.171;0.0;0.0;7254;Hash Join;11;Outer;;0;5;25;1;0.2;1.07;2.4;108;0.0;0
Q5_117_seed_951667596;7268;Hash Join;7;Outer;;0;14756;73782;12500;1.5999566289881002e-05;4743.09;38475.32;116;0.0;0;38.187;216.371;7275;Seq Scan;12;Outer;;1;25;0;0;1.0;0.0;1.25;112;25.0;0;0.0;0.0;0.0;0.0;7276;Hash;12;Inner;;0;1;1;0;1.0;1.06;1.06;4;0.0;0;0.408;0.408;0.0;0.0;7274;Hash Join;11;Outer;;0;5;25;1;0.2;1.07;2.4;108;0.0;0
Q5_118_seed_959871627;7288;Hash Join;7;Outer;;0;14646;73231;12500;1.599978151329355e-05;4743.09;38472.8;116;0.0;0;35.334;215.003;7295;Seq Scan;12;Outer;;1;25;0;0;1.0;0.0;1.25;112;25.0;0;0.0;0.0;0.0;0.0;7296;Hash;12;Inner;;0;1;1;0;1.0;1.06;1.06;4;0.0;0;0.038;0.039;0.0;0.0;7294;Hash Join;11;Outer;;0;5;25;1;0.2;1.07;2.4;108;0.0;0
Q5_119_seed_968075658;7308;Hash Join;7;Outer;;0;14884;74418;12500;1.600043000349378e-05;4743.09;38478.24;116;0.0;0;37.831;219.165;7315;Seq Scan;12;Outer;;1;25;0;0;1.0;0.0;1.25;112;25.0;0;0.0;0.0;0.0;0.0;7316;Hash;12;Inner;;0;1;1;0;1.0;1.06;1.06;4;0.0;0;0.257;0.257;0.0;0.0;7314;Hash Join;11;Outer;;0;5;25;1;0.2;1.07;2.4;108;0.0;0
Q5_11_seed_82040310;7328;Hash Join;7;Outer;;0;14756;73782;12500;1.5999566289881002e-05;4743.09;38475.32;116;0.0;0;39.461;218.737;7335;Seq Scan;12;Outer;;1;25;0;0;1.0;0.0;1.25;112;25.0;0;0.0;0.0;0.0;0.0;7336;Hash;12;Inner;;0;1;1;0;1.0;1.06;1.06;4;0.0;0;0.123;0.124;0.0;0.0;7334;Hash Join;11;Outer;;0;5;25;1;0.2;1.07;2.4;108;0.0;0
Q5_120_seed_976279689;7348;Hash Join;7;Outer;;0;14646;73231;12500;1.599978151329355e-05;4743.09;38472.8;116;0.0;0;34.742;218.787;7355;Seq Scan;12;Outer;;1;25;0;0;1.0;0.0;1.25;112;25.0;0;0.0;0.0;0.0;0.0;7356;Hash;12;Inner;;0;1;1;0;1.0;1.06;1.06;4;0.0;0;0.053;0.054;0.0;0.0;7354;Hash Join;11;Outer;;0;5;25;1;0.2;1.07;2.4;108;0.0;0
Q5_121_seed_984483720;7368;Hash Join;7;Outer;;0;14884;74418;12500;1.600043000349378e-05;4743.09;38478.24;116;0.0;0;35.686;216.468;7375;Seq Scan;12;Outer;;1;25;0;0;1.0;0.0;1.25;112;25.0;0;0.0;0.0;0.0;0.0;7376;Hash;12;Inner;;0;1;1;0;1.0;1.06;1.06;4;0.0;0;0.055;0.055;0.0;0.0;7374;Hash Join;11;Outer;;0;5;25;1;0.2;1.07;2.4;108;0.0;0
Q5_122_seed_992687751;7388;Hash Join;7;Outer;;0;14646;73231;12500;1.599978151329355e-05;4743.09;38472.8;116;0.0;0;34.968;216.861;7395;Seq Scan;12;Outer;;1;25;0;0;1.0;0.0;1.25;112;25.0;0;0.0;0.0;0.0;0.0;7396;Hash;12;Inner;;0;1;1;0;1.0;1.06;1.06;4;0.0;0;0.052;0.053;0.0;0.0;7394;Hash Join;11;Outer;;0;5;25;1;0.2;1.07;2.4;108;0.0;0
Q5_123_seed_1000891782;7408;Hash Join;7;Outer;;0;14884;74418;12500;1.600043000349378e-05;4743.09;38478.24;116;0.0;0;34.456;212.871;7415;Seq Scan;12;Outer;;1;25;0;0;1.0;0.0;1.25;112;25.0;0;0.0;0.0;0.0;0.0;7416;Hash;12;Inner;;0;1;1;0;1.0;1.06;1.06;4;0.0;0;0.055;0.055;0.0;0.0;7414;Hash Join;11;Outer;;0;5;25;1;0.2;1.07;2.4;108;0.0;0
Q5_124_seed_1009095813;7428;Hash Join;7;Outer;;0;14646;73231;12500;1.599978151329355e-05;4743.09;38472.8;116;0.0;0;31.909;209.594;7435;Seq Scan;12;Outer;;1;25;0;0;1.0;0.0;1.25;112;25.0;0;0.0;0.0;0.0;0.0;7436;Hash;12;Inner;;0;1;1;0;1.0;1.06;1.06;4;0.0;0;0.13;0.131;0.0;0.0;7434;Hash Join;11;Outer;;0;5;25;1;0.2;1.07;2.4;108;0.0;0
Q5_125_seed_1017299844;7448;Hash Join;7;Outer;;0;14884;74418;12500;1.600043000349378e-05;4743.09;38478.24;116;0.0;0;30.371;209.691;7455;Seq Scan;12;Outer;;1;25;0;0;1.0;0.0;1.25;112;25.0;0;0.0;0.0;0.0;0.0;7456;Hash;12;Inner;;0;1;1;0;1.0;1.06;1.06;4;0.0;0;0.049;0.05;0.0;0.0;7454;Hash Join;11;Outer;;0;5;25;1;0.2;1.07;2.4;108;0.0;0
Q5_128_seed_1041911937;7508;Hash Join;7;Outer;;0;14646;73231;12500;1.599978151329355e-05;4743.09;38472.8;116;0.0;0;37.851;216.951;7515;Seq Scan;12;Outer;;1;25;0;0;1.0;0.0;1.25;112;25.0;0;0.0;0.0;0.0;0.0;7516;Hash;12;Inner;;0;1;1;0;1.0;1.06;1.06;4;0.0;0;0.051;0.052;0.0;0.0;7514;Hash Join;11;Outer;;0;5;25;1;0.2;1.07;2.4;108;0.0;0
Q5_129_seed_1050115968;7528;Hash Join;7;Outer;;0;14884;74418;12500;1.600043000349378e-05;4743.09;38478.24;116;0.0;0;35.913;214.288;7535;Seq Scan;12;Outer;;1;25;0;0;1.0;0.0;1.25;112;25.0;0;0.0;0.0;0.0;0.0;7536;Hash;12;Inner;;0;1;1;0;1.0;1.06;1.06;4;0.0;0;0.165;0.165;0.0;0.0;7534;Hash Join;11;Outer;;0;5;25;1;0.2;1.07;2.4;108;0.0;0
Q5_131_seed_1066524030;7588;Hash Join;7;Outer;;0;14884;74418;12500;1.600043000349378e-05;4743.09;38478.24;116;0.0;0;35.065;216.997;7595;Seq Scan;12;Outer;;1;25;0;0;1.0;0.0;1.25;112;25.0;0;0.0;0.0;0.0;0.0;7596;Hash;12;Inner;;0;1;1;0;1.0;1.06;1.06;4;0.0;0;0.048;0.049;0.0;0.0;7594;Hash Join;11;Outer;;0;5;25;1;0.2;1.07;2.4;108;0.0;0
Q5_134_seed_1091136123;7648;Hash Join;7;Outer;;0;14685;73423;12500;1.600043583073424e-05;4743.09;38473.68;116;0.0;0;37.241;217.837;7655;Seq Scan;12;Outer;;1;25;0;0;1.0;0.0;1.25;112;25.0;0;0.0;0.0;0.0;0.0;7656;Hash;12;Inner;;0;1;1;0;1.0;1.06;1.06;4;0.0;0;0.047;0.047;0.0;0.0;7654;Hash Join;11;Outer;;0;5;25;1;0.2;1.07;2.4;108;0.0;0
Q5_135_seed_1099340154;7668;Hash Join;7;Outer;;0;14884;74418;12500;1.600043000349378e-05;4743.09;38478.24;116;0.0;0;33.117;210.019;7675;Seq Scan;12;Outer;;1;25;0;0;1.0;0.0;1.25;112;25.0;0;0.0;0.0;0.0;0.0;7676;Hash;12;Inner;;0;1;1;0;1.0;1.06;1.06;4;0.0;0;0.053;0.053;0.0;0.0;7674;Hash Join;11;Outer;;0;5;25;1;0.2;1.07;2.4;108;0.0;0
Q5_136_seed_1107544185;7688;Hash Join;7;Outer;;0;14685;73423;12500;1.600043583073424e-05;4743.09;38473.68;116;0.0;0;35.274;215.928;7695;Seq Scan;12;Outer;;1;25;0;0;1.0;0.0;1.25;112;25.0;0;0.0;0.0;0.0;0.0;7696;Hash;12;Inner;;0;1;1;0;1.0;1.06;1.06;4;0.0;0;0.055;0.055;0.0;0.0;7694;Hash Join;11;Outer;;0;5;25;1;0.2;1.07;2.4;108;0.0;0
Q5_137_seed_1115748216;7708;Hash Join;7;Outer;;0;14884;74418;12500;1.600043000349378e-05;4743.09;38478.24;116;0.0;0;36.044;216.518;7715;Seq Scan;12;Outer;;1;25;0;0;1.0;0.0;1.25;112;25.0;0;0.0;0.0;0.0;0.0;7716;Hash;12;Inner;;0;1;1;0;1.0;1.06;1.06;4;0.0;0;0.057;0.057;0.0;0.0;7714;Hash Join;11;Outer;;0;5;25;1;0.2;1.07;2.4;108;0.0;0
Q5_138_seed_1123952247;7728;Hash Join;7;Outer;;0;14685;73423;12500;1.600043583073424e-05;4743.09;38473.68;116;0.0;0;33.664;213.337;7735;Seq Scan;12;Outer;;1;25;0;0;1.0;0.0;1.25;112;25.0;0;0.0;0.0;0.0;0.0;7736;Hash;12;Inner;;0;1;1;0;1.0;1.06;1.06;4;0.0;0;1.123;1.123;0.0;0.0;7734;Hash Join;11;Outer;;0;5;25;1;0.2;1.07;2.4;108;0.0;0
Q5_139_seed_1132156278;7748;Hash Join;7;Outer;;0;14612;73059;12500;1.6000219001081317e-05;4743.09;38472.01;116;0.0;0;38.953;220.817;7755;Seq Scan;12;Outer;;1;25;0;0;1.0;0.0;1.25;112;25.0;0;0.0;0.0;0.0;0.0;7756;Hash;12;Inner;;0;1;1;0;1.0;1.06;1.06;4;0.0;0;0.052;0.053;0.0;0.0;7754;Hash Join;11;Outer;;0;5;25;1;0.2;1.07;2.4;108;0.0;0
Q5_13_seed_98448372;7768;Hash Join;7;Outer;;0;14756;73782;12500;1.5999566289881002e-05;4743.09;38475.32;116;0.0;0;29.429;206.675;7775;Seq Scan;12;Outer;;1;25;0;0;1.0;0.0;1.25;112;25.0;0;0.0;0.0;0.0;0.0;7776;Hash;12;Inner;;0;1;1;0;1.0;1.06;1.06;4;0.0;0;0.042;0.043;0.0;0.0;7774;Hash Join;11;Outer;;0;5;25;1;0.2;1.07;2.4;108;0.0;0
Q5_142_seed_1156768371;7828;Hash Join;7;Outer;;0;14685;73423;12500;1.600043583073424e-05;4743.09;38473.68;116;0.0;0;39.434;219.0;7835;Seq Scan;12;Outer;;1;25;0;0;1.0;0.0;1.25;112;25.0;0;0.0;0.0;0.0;0.0;7836;Hash;12;Inner;;0;1;1;0;1.0;1.06;1.06;4;0.0;0;0.307;0.307;0.0;0.0;7834;Hash Join;11;Outer;;0;5;25;1;0.2;1.07;2.4;108;0.0;0
Q5_143_seed_1164972402;7848;Hash Join;7;Outer;;0;14612;73059;12500;1.6000219001081317e-05;4743.09;38472.01;116;0.0;0;37.928;215.281;7855;Seq Scan;12;Outer;;1;25;0;0;1.0;0.0;1.25;112;25.0;0;0.0;0.0;0.0;0.0;7856;Hash;12;Inner;;0;1;1;0;1.0;1.06;1.06;4;0.0;0;0.053;0.053;0.0;0.0;7854;Hash Join;11;Outer;;0;5;25;1;0.2;1.07;2.4;108;0.0;0
Q5_144_seed_1173176433;7868;Hash Join;7;Outer;;0;14685;73423;12500;1.600043583073424e-05;4743.09;38473.68;116;0.0;0;36.626;215.05;7875;Seq Scan;12;Outer;;1;25;0;0;1.0;0.0;1.25;112;25.0;0;0.0;0.0;0.0;0.0;7876;Hash;12;Inner;;0;1;1;0;1.0;1.06;1.06;4;0.0;0;0.086;0.086;0.0;0.0;7874;Hash Join;11;Outer;;0;5;25;1;0.2;1.07;2.4;108;0.0;0
Q5_145_seed_1181380464;7888;Hash Join;7;Outer;;0;14612;73059;12500;1.6000219001081317e-05;4743.09;38472.01;116;0.0;0;37.519;216.495;7895;Seq Scan;12;Outer;;1;25;0;0;1.0;0.0;1.25;112;25.0;0;0.0;0.0;0.0;0.0;7896;Hash;12;Inner;;0;1;1;0;1.0;1.06;1.06;4;0.0;0;0.081;0.081;0.0;0.0;7894;Hash Join;11;Outer;;0;5;25;1;0.2;1.07;2.4;108;0.0;0
Q5_146_seed_1189584495;7908;Hash Join;7;Outer;;0;14685;73423;12500;1.600043583073424e-05;4743.09;38473.68;116;0.0;0;35.226;218.057;7915;Seq Scan;12;Outer;;1;25;0;0;1.0;0.0;1.25;112;25.0;0;0.0;0.0;0.0;0.0;7916;Hash;12;Inner;;0;1;1;0;1.0;1.06;1.06;4;0.0;0;0.049;0.05;0.0;0.0;7914;Hash Join;11;Outer;;0;5;25;1;0.2;1.07;2.4;108;0.0;0
Q5_147_seed_1197788526;7928;Hash Join;7;Outer;;0;14612;73059;12500;1.6000219001081317e-05;4743.09;38472.01;116;0.0;0;34.083;215.217;7935;Seq Scan;12;Outer;;1;25;0;0;1.0;0.0;1.25;112;25.0;0;0.0;0.0;0.0;0.0;7936;Hash;12;Inner;;0;1;1;0;1.0;1.06;1.06;4;0.0;0;0.044;0.044;0.0;0.0;7934;Hash Join;11;Outer;;0;5;25;1;0.2;1.07;2.4;108;0.0;0
Q5_148_seed_1205992557;7948;Hash Join;7;Outer;;0;14685;73423;12500;1.600043583073424e-05;4743.09;38473.68;116;0.0;0;31.917;208.52;7955;Seq Scan;12;Outer;;1;25;0;0;1.0;0.0;1.25;112;25.0;0;0.0;0.0;0.0;0.0;7956;Hash;12;Inner;;0;1;1;0;1.0;1.06;1.06;4;0.0;0;0.054;0.054;0.0;0.0;7954;Hash Join;11;Outer;;0;5;25;1;0.2;1.07;2.4;108;0.0;0
Q5_149_seed_1214196588;7968;Hash Join;7;Outer;;0;14612;73059;12500;1.6000219001081317e-05;4743.09;38472.01;116;0.0;0;40.626;220.24;7975;Seq Scan;12;Outer;;1;25;0;0;1.0;0.0;1.25;112;25.0;0;0.0;0.0;0.0;0.0;7976;Hash;12;Inner;;0;1;1;0;1.0;1.06;1.06;4;0.0;0;0.538;0.538;0.0;0.0;7974;Hash Join;11;Outer;;0;5;25;1;0.2;1.07;2.4;108;0.0;0
Q5_14_seed_106652403;7988;Hash Join;7;Outer;;0;14646;73231;12500;1.599978151329355e-05;4743.09;38472.8;116;0.0;0;36.699;216.962;7995;Seq Scan;12;Outer;;1;25;0;0;1.0;0.0;1.25;112;25.0;0;0.0;0.0;0.0;0.0;7996;Hash;12;Inner;;0;1;1;0;1.0;1.06;1.06;4;0.0;0;0.053;0.053;0.0;0.0;7994;Hash Join;11;Outer;;0;5;25;1;0.2;1.07;2.4;108;0.0;0
Q5_150_seed_1231235959;8008;Hash Join;7;Outer;;0;14685;73423;12500;1.600043583073424e-05;4743.09;38473.68;116;0.0;0;30.579;208.217;8015;Seq Scan;12;Outer;;1;25;0;0;1.0;0.0;1.25;112;25.0;0;0.0;0.0;0.0;0.0;8016;Hash;12;Inner;;0;1;1;0;1.0;1.06;1.06;4;0.0;0;0.136;0.136;0.0;0.0;8014;Hash Join;11;Outer;;0;5;25;1;0.2;1.07;2.4;108;0.0;0
Q5_15_seed_114856434;8028;Hash Join;7;Outer;;0;14756;73782;12500;1.5999566289881002e-05;4743.09;38475.32;116;0.0;0;39.909;218.984;8035;Seq Scan;12;Outer;;1;25;0;0;1.0;0.0;1.25;112;25.0;0;0.0;0.0;0.0;0.0;8036;Hash;12;Inner;;0;1;1;0;1.0;1.06;1.06;4;0.0;0;0.344;0.344;0.0;0.0;8034;Hash Join;11;Outer;;0;5;25;1;0.2;1.07;2.4;108;0.0;0
Q5_18_seed_139468527;8088;Hash Join;7;Outer;;0;14646;73231;12500;1.599978151329355e-05;4743.09;38472.8;116;0.0;0;33.993;222.193;8095;Seq Scan;12;Outer;;1;25;0;0;1.0;0.0;1.25;112;25.0;0;0.0;0.0;0.0;0.0;8096;Hash;12;Inner;;0;1;1;0;1.0;1.06;1.06;4;0.0;0;0.096;0.097;0.0;0.0;8094;Hash Join;11;Outer;;0;5;25;1;0.2;1.07;2.4;108;0.0;0
Q5_19_seed_147672558;8108;Hash Join;7;Outer;;0;14756;73782;12500;1.5999566289881002e-05;4743.09;38475.32;116;0.0;0;36.83;217.173;8115;Seq Scan;12;Outer;;1;25;0;0;1.0;0.0;1.25;112;25.0;0;0.0;0.0;0.0;0.0;8116;Hash;12;Inner;;0;1;1;0;1.0;1.06;1.06;4;0.0;0;0.039;0.04;0.0;0.0;8114;Hash Join;11;Outer;;0;5;25;1;0.2;1.07;2.4;108;0.0;0
Q5_1_seed_0101000000;8128;Hash Join;7;Outer;;0;14646;73231;12500;1.599978151329355e-05;4743.09;38472.8;116;0.0;0;36.913;217.288;8135;Seq Scan;12;Outer;;1;25;0;0;1.0;0.0;1.25;112;25.0;0;0.0;0.0;0.0;0.0;8136;Hash;12;Inner;;0;1;1;0;1.0;1.06;1.06;4;0.0;0;0.053;0.053;0.0;0.0;8134;Hash Join;11;Outer;;0;5;25;1;0.2;1.07;2.4;108;0.0;0
Q5_20_seed_155876589;8148;Hash Join;7;Outer;;0;14646;73231;12500;1.599978151329355e-05;4743.09;38472.8;116;0.0;0;36.376;219.59;8155;Seq Scan;12;Outer;;1;25;0;0;1.0;0.0;1.25;112;25.0;0;0.0;0.0;0.0;0.0;8156;Hash;12;Inner;;0;1;1;0;1.0;1.06;1.06;4;0.0;0;0.057;0.057;0.0;0.0;8154;Hash Join;11;Outer;;0;5;25;1;0.2;1.07;2.4;108;0.0;0
Q5_21_seed_164080620;8168;Hash Join;7;Outer;;0;14884;74418;12500;1.600043000349378e-05;4743.09;38478.24;116;0.0;0;36.745;216.275;8175;Seq Scan;12;Outer;;1;25;0;0;1.0;0.0;1.25;112;25.0;0;0.0;0.0;0.0;0.0;8176;Hash;12;Inner;;0;1;1;0;1.0;1.06;1.06;4;0.0;0;0.102;0.102;0.0;0.0;8174;Hash Join;11;Outer;;0;5;25;1;0.2;1.07;2.4;108;0.0;0
Q5_23_seed_180488682;8208;Hash Join;7;Outer;;0;14884;74418;12500;1.600043000349378e-05;4743.09;38478.24;116;0.0;0;32.503;208.152;8215;Seq Scan;12;Outer;;1;25;0;0;1.0;0.0;1.25;112;25.0;0;0.0;0.0;0.0;0.0;8216;Hash;12;Inner;;0;1;1;0;1.0;1.06;1.06;4;0.0;0;0.261;0.262;0.0;0.0;8214;Hash Join;11;Outer;;0;5;25;1;0.2;1.07;2.4;108;0.0;0
Q5_24_seed_188692713;8228;Hash Join;7;Outer;;0;14646;73231;12500;1.599978151329355e-05;4743.09;38472.8;116;0.0;0;38.284;220.862;8235;Seq Scan;12;Outer;;1;25;0;0;1.0;0.0;1.25;112;25.0;0;0.0;0.0;0.0;0.0;8236;Hash;12;Inner;;0;1;1;0;1.0;1.06;1.06;4;0.0;0;0.05;0.051;0.0;0.0;8234;Hash Join;11;Outer;;0;5;25;1;0.2;1.07;2.4;108;0.0;0
Q5_25_seed_196896744;8248;Hash Join;7;Outer;;0;14884;74418;12500;1.600043000349378e-05;4743.09;38478.24;116;0.0;0;34.589;213.496;8255;Seq Scan;12;Outer;;1;25;0;0;1.0;0.0;1.25;112;25.0;0;0.0;0.0;0.0;0.0;8256;Hash;12;Inner;;0;1;1;0;1.0;1.06;1.06;4;0.0;0;0.054;0.054;0.0;0.0;8254;Hash Join;11;Outer;;0;5;25;1;0.2;1.07;2.4;108;0.0;0
Q5_26_seed_205100775;8268;Hash Join;7;Outer;;0;14646;73231;12500;1.599978151329355e-05;4743.09;38472.8;116;0.0;0;32.401;210.267;8275;Seq Scan;12;Outer;;1;25;0;0;1.0;0.0;1.25;112;25.0;0;0.0;0.0;0.0;0.0;8276;Hash;12;Inner;;0;1;1;0;1.0;1.06;1.06;4;0.0;0;0.054;0.054;0.0;0.0;8274;Hash Join;11;Outer;;0;5;25;1;0.2;1.07;2.4;108;0.0;0
Q5_28_seed_221508837;8308;Hash Join;7;Outer;;0;14646;73231;12500;1.599978151329355e-05;4743.09;38472.8;116;0.0;0;39.454;223.963;8315;Seq Scan;12;Outer;;1;25;0;0;1.0;0.0;1.25;112;25.0;0;0.0;0.0;0.0;0.0;8316;Hash;12;Inner;;0;1;1;0;1.0;1.06;1.06;4;0.0;0;0.082;0.082;0.0;0.0;8314;Hash Join;11;Outer;;0;5;25;1;0.2;1.07;2.4;108;0.0;0
Q5_29_seed_229712868;8328;Hash Join;7;Outer;;0;14884;74418;12500;1.600043000349378e-05;4743.09;38478.24;116;0.0;0;39.6;219.647;8335;Seq Scan;12;Outer;;1;25;0;0;1.0;0.0;1.25;112;25.0;0;0.0;0.0;0.0;0.0;8336;Hash;12;Inner;;0;1;1;0;1.0;1.06;1.06;4;0.0;0;0.192;0.192;0.0;0.0;8334;Hash Join;11;Outer;;0;5;25;1;0.2;1.07;2.4;108;0.0;0
Q5_2_seed_8204031;8348;Hash Join;7;Outer;;0;14612;73059;12500;1.6000219001081317e-05;4743.09;38472.01;116;0.0;0;38.48;219.099;8355;Seq Scan;12;Outer;;1;25;0;0;1.0;0.0;1.25;112;25.0;0;0.0;0.0;0.0;0.0;8356;Hash;12;Inner;;0;1;1;0;1.0;1.06;1.06;4;0.0;0;0.155;0.155;0.0;0.0;8354;Hash Join;11;Outer;;0;5;25;1;0.2;1.07;2.4;108;0.0;0
Q5_30_seed_237916899;8368;Hash Join;7;Outer;;0;14646;73231;12500;1.599978151329355e-05;4743.09;38472.8;116;0.0;0;33.162;215.491;8375;Seq Scan;12;Outer;;1;25;0;0;1.0;0.0;1.25;112;25.0;0;0.0;0.0;0.0;0.0;8376;Hash;12;Inner;;0;1;1;0;1.0;1.06;1.06;4;0.0;0;0.051;0.051;0.0;0.0;8374;Hash Join;11;Outer;;0;5;25;1;0.2;1.07;2.4;108;0.0;0
Q5_31_seed_246120930;8388;Hash Join;7;Outer;;0;14884;74418;12500;1.600043000349378e-05;4743.09;38478.24;116;0.0;0;35.859;216.831;8395;Seq Scan;12;Outer;;1;25;0;0;1.0;0.0;1.25;112;25.0;0;0.0;0.0;0.0;0.0;8396;Hash;12;Inner;;0;1;1;0;1.0;1.06;1.06;4;0.0;0;0.056;0.056;0.0;0.0;8394;Hash Join;11;Outer;;0;5;25;1;0.2;1.07;2.4;108;0.0;0
Q5_32_seed_254324961;8408;Hash Join;7;Outer;;0;14685;73423;12500;1.600043583073424e-05;4743.09;38473.68;116;0.0;0;40.156;223.668;8415;Seq Scan;12;Outer;;1;25;0;0;1.0;0.0;1.25;112;25.0;0;0.0;0.0;0.0;0.0;8416;Hash;12;Inner;;0;1;1;0;1.0;1.06;1.06;4;0.0;0;0.051;0.051;0.0;0.0;8414;Hash Join;11;Outer;;0;5;25;1;0.2;1.07;2.4;108;0.0;0
Q5_33_seed_262528992;8428;Hash Join;7;Outer;;0;14884;74418;12500;1.600043000349378e-05;4743.09;38478.24;116;0.0;0;35.625;217.614;8435;Seq Scan;12;Outer;;1;25;0;0;1.0;0.0;1.25;112;25.0;0;0.0;0.0;0.0;0.0;8436;Hash;12;Inner;;0;1;1;0;1.0;1.06;1.06;4;0.0;0;0.34;0.341;0.0;0.0;8434;Hash Join;11;Outer;;0;5;25;1;0.2;1.07;2.4;108;0.0;0
Q5_34_seed_270733023;8448;Hash Join;7;Outer;;0;14685;73423;12500;1.600043583073424e-05;4743.09;38473.68;116;0.0;0;36.681;217.514;8455;Seq Scan;12;Outer;;1;25;0;0;1.0;0.0;1.25;112;25.0;0;0.0;0.0;0.0;0.0;8456;Hash;12;Inner;;0;1;1;0;1.0;1.06;1.06;4;0.0;0;0.13;0.13;0.0;0.0;8454;Hash Join;11;Outer;;0;5;25;1;0.2;1.07;2.4;108;0.0;0
Q5_35_seed_278937054;8468;Hash Join;7;Outer;;0;14884;74418;12500;1.600043000349378e-05;4743.09;38478.24;116;0.0;0;38.404;216.72;8475;Seq Scan;12;Outer;;1;25;0;0;1.0;0.0;1.25;112;25.0;0;0.0;0.0;0.0;0.0;8476;Hash;12;Inner;;0;1;1;0;1.0;1.06;1.06;4;0.0;0;0.067;0.068;0.0;0.0;8474;Hash Join;11;Outer;;0;5;25;1;0.2;1.07;2.4;108;0.0;0
Q5_38_seed_303549147;8528;Hash Join;7;Outer;;0;14685;73423;12500;1.600043583073424e-05;4743.09;38473.68;116;0.0;0;37.993;218.977;8535;Seq Scan;12;Outer;;1;25;0;0;1.0;0.0;1.25;112;25.0;0;0.0;0.0;0.0;0.0;8536;Hash;12;Inner;;0;1;1;0;1.0;1.06;1.06;4;0.0;0;0.156;0.156;0.0;0.0;8534;Hash Join;11;Outer;;0;5;25;1;0.2;1.07;2.4;108;0.0;0
Q5_39_seed_311753178;8548;Hash Join;7;Outer;;0;14884;74418;12500;1.600043000349378e-05;4743.09;38478.24;116;0.0;0;39.628;217.293;8555;Seq Scan;12;Outer;;1;25;0;0;1.0;0.0;1.25;112;25.0;0;0.0;0.0;0.0;0.0;8556;Hash;12;Inner;;0;1;1;0;1.0;1.06;1.06;4;0.0;0;0.143;0.144;0.0;0.0;8554;Hash Join;11;Outer;;0;5;25;1;0.2;1.07;2.4;108;0.0;0
Q5_3_seed_16408062;8568;Hash Join;7;Outer;;0;14756;73782;12500;1.5999566289881002e-05;4743.09;38475.32;116;0.0;0;34.144;217.098;8575;Seq Scan;12;Outer;;1;25;0;0;1.0;0.0;1.25;112;25.0;0;0.0;0.0;0.0;0.0;8576;Hash;12;Inner;;0;1;1;0;1.0;1.06;1.06;4;0.0;0;0.054;0.054;0.0;0.0;8574;Hash Join;11;Outer;;0;5;25;1;0.2;1.07;2.4;108;0.0;0
Q5_40_seed_319957209;8588;Hash Join;7;Outer;;0;14685;73423;12500;1.600043583073424e-05;4743.09;38473.68;116;0.0;0;40.713;226.417;8595;Seq Scan;12;Outer;;1;25;0;0;1.0;0.0;1.25;112;25.0;0;0.0;0.0;0.0;0.0;8596;Hash;12;Inner;;0;1;1;0;1.0;1.06;1.06;4;0.0;0;0.056;0.057;0.0;0.0;8594;Hash Join;11;Outer;;0;5;25;1;0.2;1.07;2.4;108;0.0;0
Q5_42_seed_336365271;8628;Hash Join;7;Outer;;0;14685;73423;12500;1.600043583073424e-05;4743.09;38473.68;116;0.0;0;36.223;214.271;8635;Seq Scan;12;Outer;;1;25;0;0;1.0;0.0;1.25;112;25.0;0;0.0;0.0;0.0;0.0;8636;Hash;12;Inner;;0;1;1;0;1.0;1.06;1.06;4;0.0;0;0.051;0.051;0.0;0.0;8634;Hash Join;11;Outer;;0;5;25;1;0.2;1.07;2.4;108;0.0;0
Q5_43_seed_344569302;8648;Hash Join;7;Outer;;0;14612;73059;12500;1.6000219001081317e-05;4743.09;38472.01;116;0.0;0;36.758;219.756;8655;Seq Scan;12;Outer;;1;25;0;0;1.0;0.0;1.25;112;25.0;0;0.0;0.0;0.0;0.0;8656;Hash;12;Inner;;0;1;1;0;1.0;1.06;1.06;4;0.0;0;0.104;0.104;0.0;0.0;8654;Hash Join;11;Outer;;0;5;25;1;0.2;1.07;2.4;108;0.0;0
Q5_45_seed_360977364;8688;Hash Join;7;Outer;;0;14612;73059;12500;1.6000219001081317e-05;4743.09;38472.01;116;0.0;0;36.354;219.1;8695;Seq Scan;12;Outer;;1;25;0;0;1.0;0.0;1.25;112;25.0;0;0.0;0.0;0.0;0.0;8696;Hash;12;Inner;;0;1;1;0;1.0;1.06;1.06;4;0.0;0;0.124;0.124;0.0;0.0;8694;Hash Join;11;Outer;;0;5;25;1;0.2;1.07;2.4;108;0.0;0
Q5_46_seed_369181395;8708;Hash Join;7;Outer;;0;14685;73423;12500;1.600043583073424e-05;4743.09;38473.68;116;0.0;0;37.521;219.993;8715;Seq Scan;12;Outer;;1;25;0;0;1.0;0.0;1.25;112;25.0;0;0.0;0.0;0.0;0.0;8716;Hash;12;Inner;;0;1;1;0;1.0;1.06;1.06;4;0.0;0;0.055;0.055;0.0;0.0;8714;Hash Join;11;Outer;;0;5;25;1;0.2;1.07;2.4;108;0.0;0
Q5_47_seed_377385426;8728;Hash Join;7;Outer;;0;14612;73059;12500;1.6000219001081317e-05;4743.09;38472.01;116;0.0;0;34.36;210.923;8735;Seq Scan;12;Outer;;1;25;0;0;1.0;0.0;1.25;112;25.0;0;0.0;0.0;0.0;0.0;8736;Hash;12;Inner;;0;1;1;0;1.0;1.06;1.06;4;0.0;0;0.159;0.16;0.0;0.0;8734;Hash Join;11;Outer;;0;5;25;1;0.2;1.07;2.4;108;0.0;0
Q5_48_seed_385589457;8748;Hash Join;7;Outer;;0;14685;73423;12500;1.600043583073424e-05;4743.09;38473.68;116;0.0;0;31.803;211.649;8755;Seq Scan;12;Outer;;1;25;0;0;1.0;0.0;1.25;112;25.0;0;0.0;0.0;0.0;0.0;8756;Hash;12;Inner;;0;1;1;0;1.0;1.06;1.06;4;0.0;0;0.053;0.053;0.0;0.0;8754;Hash Join;11;Outer;;0;5;25;1;0.2;1.07;2.4;108;0.0;0
Q5_49_seed_393793488;8768;Hash Join;7;Outer;;0;14612;73059;12500;1.6000219001081317e-05;4743.09;38472.01;116;0.0;0;36.216;218.072;8775;Seq Scan;12;Outer;;1;25;0;0;1.0;0.0;1.25;112;25.0;0;0.0;0.0;0.0;0.0;8776;Hash;12;Inner;;0;1;1;0;1.0;1.06;1.06;4;0.0;0;0.046;0.046;0.0;0.0;8774;Hash Join;11;Outer;;0;5;25;1;0.2;1.07;2.4;108;0.0;0
Q5_50_seed_401997519;8808;Hash Join;7;Outer;;0;14685;73423;12500;1.600043583073424e-05;4743.09;38473.68;116;0.0;0;32.998;215.604;8815;Seq Scan;12;Outer;;1;25;0;0;1.0;0.0;1.25;112;25.0;0;0.0;0.0;0.0;0.0;8816;Hash;12;Inner;;0;1;1;0;1.0;1.06;1.06;4;0.0;0;0.086;0.086;0.0;0.0;8814;Hash Join;11;Outer;;0;5;25;1;0.2;1.07;2.4;108;0.0;0
Q5_51_seed_410201550;8828;Hash Join;7;Outer;;0;14612;73059;12500;1.6000219001081317e-05;4743.09;38472.01;116;0.0;0;32.542;209.797;8835;Seq Scan;12;Outer;;1;25;0;0;1.0;0.0;1.25;112;25.0;0;0.0;0.0;0.0;0.0;8836;Hash;12;Inner;;0;1;1;0;1.0;1.06;1.06;4;0.0;0;0.054;0.054;0.0;0.0;8834;Hash Join;11;Outer;;0;5;25;1;0.2;1.07;2.4;108;0.0;0
Q5_52_seed_418405581;8848;Hash Join;7;Outer;;0;14756;73782;12500;1.5999566289881002e-05;4743.09;38475.32;116;0.0;0;36.302;218.712;8855;Seq Scan;12;Outer;;1;25;0;0;1.0;0.0;1.25;112;25.0;0;0.0;0.0;0.0;0.0;8856;Hash;12;Inner;;0;1;1;0;1.0;1.06;1.06;4;0.0;0;0.183;0.184;0.0;0.0;8854;Hash Join;11;Outer;;0;5;25;1;0.2;1.07;2.4;108;0.0;0
Q5_54_seed_434813643;8888;Hash Join;7;Outer;;0;14756;73782;12500;1.5999566289881002e-05;4743.09;38475.32;116;0.0;0;35.146;214.622;8895;Seq Scan;12;Outer;;1;25;0;0;1.0;0.0;1.25;112;25.0;0;0.0;0.0;0.0;0.0;8896;Hash;12;Inner;;0;1;1;0;1.0;1.06;1.06;4;0.0;0;0.069;0.07;0.0;0.0;8894;Hash Join;11;Outer;;0;5;25;1;0.2;1.07;2.4;108;0.0;0
Q5_55_seed_443017674;8908;Hash Join;7;Outer;;0;14612;73059;12500;1.6000219001081317e-05;4743.09;38472.01;116;0.0;0;34.844;214.336;8915;Seq Scan;12;Outer;;1;25;0;0;1.0;0.0;1.25;112;25.0;0;0.0;0.0;0.0;0.0;8916;Hash;12;Inner;;0;1;1;0;1.0;1.06;1.06;4;0.0;0;0.054;0.054;0.0;0.0;8914;Hash Join;11;Outer;;0;5;25;1;0.2;1.07;2.4;108;0.0;0
Q5_56_seed_451221705;8928;Hash Join;7;Outer;;0;14756;73782;12500;1.5999566289881002e-05;4743.09;38475.32;116;0.0;0;41.281;222.356;8935;Seq Scan;12;Outer;;1;25;0;0;1.0;0.0;1.25;112;25.0;0;0.0;0.0;0.0;0.0;8936;Hash;12;Inner;;0;1;1;0;1.0;1.06;1.06;4;0.0;0;0.05;0.05;0.0;0.0;8934;Hash Join;11;Outer;;0;5;25;1;0.2;1.07;2.4;108;0.0;0
Q5_58_seed_467629767;8968;Hash Join;7;Outer;;0;14756;73782;12500;1.5999566289881002e-05;4743.09;38475.32;116;0.0;0;38.467;220.357;8975;Seq Scan;12;Outer;;1;25;0;0;1.0;0.0;1.25;112;25.0;0;0.0;0.0;0.0;0.0;8976;Hash;12;Inner;;0;1;1;0;1.0;1.06;1.06;4;0.0;0;0.06;0.06;0.0;0.0;8974;Hash Join;11;Outer;;0;5;25;1;0.2;1.07;2.4;108;0.0;0
Q5_60_seed_484037829;9028;Hash Join;7;Outer;;0;14756;73782;12500;1.5999566289881002e-05;4743.09;38475.32;116;0.0;0;36.424;216.844;9035;Seq Scan;12;Outer;;1;25;0;0;1.0;0.0;1.25;112;25.0;0;0.0;0.0;0.0;0.0;9036;Hash;12;Inner;;0;1;1;0;1.0;1.06;1.06;4;0.0;0;0.105;0.106;0.0;0.0;9034;Hash Join;11;Outer;;0;5;25;1;0.2;1.07;2.4;108;0.0;0
Q5_61_seed_492241860;9048;Hash Join;7;Outer;;0;14646;73231;12500;1.599978151329355e-05;4743.09;38472.8;116;0.0;0;34.123;219.785;9055;Seq Scan;12;Outer;;1;25;0;0;1.0;0.0;1.25;112;25.0;0;0.0;0.0;0.0;0.0;9056;Hash;12;Inner;;0;1;1;0;1.0;1.06;1.06;4;0.0;0;0.056;0.057;0.0;0.0;9054;Hash Join;11;Outer;;0;5;25;1;0.2;1.07;2.4;108;0.0;0
Q5_62_seed_500445891;9068;Hash Join;7;Outer;;0;14756;73782;12500;1.5999566289881002e-05;4743.09;38475.32;116;0.0;0;43.075;221.757;9075;Seq Scan;12;Outer;;1;25;0;0;1.0;0.0;1.25;112;25.0;0;0.0;0.0;0.0;0.0;9076;Hash;12;Inner;;0;1;1;0;1.0;1.06;1.06;4;0.0;0;0.117;0.118;0.0;0.0;9074;Hash Join;11;Outer;;0;5;25;1;0.2;1.07;2.4;108;0.0;0
Q5_63_seed_508649922;9088;Hash Join;7;Outer;;0;14646;73231;12500;1.599978151329355e-05;4743.09;38472.8;116;0.0;0;37.933;221.722;9095;Seq Scan;12;Outer;;1;25;0;0;1.0;0.0;1.25;112;25.0;0;0.0;0.0;0.0;0.0;9096;Hash;12;Inner;;0;1;1;0;1.0;1.06;1.06;4;0.0;0;0.15;0.15;0.0;0.0;9094;Hash Join;11;Outer;;0;5;25;1;0.2;1.07;2.4;108;0.0;0
Q5_64_seed_516853953;9108;Hash Join;7;Outer;;0;14756;73782;12500;1.5999566289881002e-05;4743.09;38475.32;116;0.0;0;37.978;218.759;9115;Seq Scan;12;Outer;;1;25;0;0;1.0;0.0;1.25;112;25.0;0;0.0;0.0;0.0;0.0;9116;Hash;12;Inner;;0;1;1;0;1.0;1.06;1.06;4;0.0;0;0.05;0.05;0.0;0.0;9114;Hash Join;11;Outer;;0;5;25;1;0.2;1.07;2.4;108;0.0;0
Q5_66_seed_533262015;9148;Hash Join;7;Outer;;0;14756;73782;12500;1.5999566289881002e-05;4743.09;38475.32;116;0.0;0;31.384;212.723;9155;Seq Scan;12;Outer;;1;25;0;0;1.0;0.0;1.25;112;25.0;0;0.0;0.0;0.0;0.0;9156;Hash;12;Inner;;0;1;1;0;1.0;1.06;1.06;4;0.0;0;0.126;0.126;0.0;0.0;9154;Hash Join;11;Outer;;0;5;25;1;0.2;1.07;2.4;108;0.0;0
Q5_67_seed_541466046;9168;Hash Join;7;Outer;;0;14646;73231;12500;1.599978151329355e-05;4743.09;38472.8;116;0.0;0;32.135;206.075;9175;Seq Scan;12;Outer;;1;25;0;0;1.0;0.0;1.25;112;25.0;0;0.0;0.0;0.0;0.0;9176;Hash;12;Inner;;0;1;1;0;1.0;1.06;1.06;4;0.0;0;0.055;0.055;0.0;0.0;9174;Hash Join;11;Outer;;0;5;25;1;0.2;1.07;2.4;108;0.0;0
Q5_69_seed_557874108;9208;Hash Join;7;Outer;;0;14646;73231;12500;1.599978151329355e-05;4743.09;38472.8;116;0.0;0;32.258;210.546;9215;Seq Scan;12;Outer;;1;25;0;0;1.0;0.0;1.25;112;25.0;0;0.0;0.0;0.0;0.0;9216;Hash;12;Inner;;0;1;1;0;1.0;1.06;1.06;4;0.0;0;0.051;0.051;0.0;0.0;9214;Hash Join;11;Outer;;0;5;25;1;0.2;1.07;2.4;108;0.0;0
Q5_6_seed_41020155;9228;Hash Join;7;Outer;;0;14612;73059;12500;1.6000219001081317e-05;4743.09;38472.01;116;0.0;0;35.491;217.948;9235;Seq Scan;12;Outer;;1;25;0;0;1.0;0.0;1.25;112;25.0;0;0.0;0.0;0.0;0.0;9236;Hash;12;Inner;;0;1;1;0;1.0;1.06;1.06;4;0.0;0;0.054;0.054;0.0;0.0;9234;Hash Join;11;Outer;;0;5;25;1;0.2;1.07;2.4;108;0.0;0
Q5_71_seed_574282170;9268;Hash Join;7;Outer;;0;14646;73231;12500;1.599978151329355e-05;4743.09;38472.8;116;0.0;0;36.602;215.282;9275;Seq Scan;12;Outer;;1;25;0;0;1.0;0.0;1.25;112;25.0;0;0.0;0.0;0.0;0.0;9276;Hash;12;Inner;;0;1;1;0;1.0;1.06;1.06;4;0.0;0;0.083;0.083;0.0;0.0;9274;Hash Join;11;Outer;;0;5;25;1;0.2;1.07;2.4;108;0.0;0
Q5_72_seed_582486201;9288;Hash Join;7;Outer;;0;14884;74418;12500;1.600043000349378e-05;4743.09;38478.24;116;0.0;0;38.818;217.86;9295;Seq Scan;12;Outer;;1;25;0;0;1.0;0.0;1.25;112;25.0;0;0.0;0.0;0.0;0.0;9296;Hash;12;Inner;;0;1;1;0;1.0;1.06;1.06;4;0.0;0;0.053;0.053;0.0;0.0;9294;Hash Join;11;Outer;;0;5;25;1;0.2;1.07;2.4;108;0.0;0
Q5_73_seed_590690232;9308;Hash Join;7;Outer;;0;14646;73231;12500;1.599978151329355e-05;4743.09;38472.8;116;0.0;0;34.837;210.702;9315;Seq Scan;12;Outer;;1;25;0;0;1.0;0.0;1.25;112;25.0;0;0.0;0.0;0.0;0.0;9316;Hash;12;Inner;;0;1;1;0;1.0;1.06;1.06;4;0.0;0;0.117;0.117;0.0;0.0;9314;Hash Join;11;Outer;;0;5;25;1;0.2;1.07;2.4;108;0.0;0
Q5_75_seed_607098294;9348;Hash Join;7;Outer;;0;14646;73231;12500;1.599978151329355e-05;4743.09;38472.8;116;0.0;0;35.679;217.699;9355;Seq Scan;12;Outer;;1;25;0;0;1.0;0.0;1.25;112;25.0;0;0.0;0.0;0.0;0.0;9356;Hash;12;Inner;;0;1;1;0;1.0;1.06;1.06;4;0.0;0;0.086;0.086;0.0;0.0;9354;Hash Join;11;Outer;;0;5;25;1;0.2;1.07;2.4;108;0.0;0
Q5_76_seed_615302325;9368;Hash Join;7;Outer;;0;14884;74418;12500;1.600043000349378e-05;4743.09;38478.24;116;0.0;0;31.448;213.331;9375;Seq Scan;12;Outer;;1;25;0;0;1.0;0.0;1.25;112;25.0;0;0.0;0.0;0.0;0.0;9376;Hash;12;Inner;;0;1;1;0;1.0;1.06;1.06;4;0.0;0;0.049;0.049;0.0;0.0;9374;Hash Join;11;Outer;;0;5;25;1;0.2;1.07;2.4;108;0.0;0
Q5_77_seed_623506356;9388;Hash Join;7;Outer;;0;14646;73231;12500;1.599978151329355e-05;4743.09;38472.8;116;0.0;0;42.322;228.186;9395;Seq Scan;12;Outer;;1;25;0;0;1.0;0.0;1.25;112;25.0;0;0.0;0.0;0.0;0.0;9396;Hash;12;Inner;;0;1;1;0;1.0;1.06;1.06;4;0.0;0;0.062;0.063;0.0;0.0;9394;Hash Join;11;Outer;;0;5;25;1;0.2;1.07;2.4;108;0.0;0
Q5_78_seed_631710387;9408;Hash Join;7;Outer;;0;14884;74418;12500;1.600043000349378e-05;4743.09;38478.24;116;0.0;0;35.87;213.583;9415;Seq Scan;12;Outer;;1;25;0;0;1.0;0.0;1.25;112;25.0;0;0.0;0.0;0.0;0.0;9416;Hash;12;Inner;;0;1;1;0;1.0;1.06;1.06;4;0.0;0;0.092;0.092;0.0;0.0;9414;Hash Join;11;Outer;;0;5;25;1;0.2;1.07;2.4;108;0.0;0
Q5_7_seed_49224186;9448;Hash Join;7;Outer;;0;14756;73782;12500;1.5999566289881002e-05;4743.09;38475.32;116;0.0;0;36.426;214.983;9455;Seq Scan;12;Outer;;1;25;0;0;1.0;0.0;1.25;112;25.0;0;0.0;0.0;0.0;0.0;9456;Hash;12;Inner;;0;1;1;0;1.0;1.06;1.06;4;0.0;0;0.051;0.051;0.0;0.0;9454;Hash Join;11;Outer;;0;5;25;1;0.2;1.07;2.4;108;0.0;0
Q5_80_seed_648118449;9468;Hash Join;7;Outer;;0;14884;74418;12500;1.600043000349378e-05;4743.09;38478.24;116;0.0;0;33.21;207.927;9475;Seq Scan;12;Outer;;1;25;0;0;1.0;0.0;1.25;112;25.0;0;0.0;0.0;0.0;0.0;9476;Hash;12;Inner;;0;1;1;0;1.0;1.06;1.06;4;0.0;0;0.11;0.11;0.0;0.0;9474;Hash Join;11;Outer;;0;5;25;1;0.2;1.07;2.4;108;0.0;0
Q5_81_seed_656322480;9488;Hash Join;7;Outer;;0;14685;73423;12500;1.600043583073424e-05;4743.09;38473.68;116;0.0;0;39.964;220.487;9495;Seq Scan;12;Outer;;1;25;0;0;1.0;0.0;1.25;112;25.0;0;0.0;0.0;0.0;0.0;9496;Hash;12;Inner;;0;1;1;0;1.0;1.06;1.06;4;0.0;0;0.479;0.48;0.0;0.0;9494;Hash Join;11;Outer;;0;5;25;1;0.2;1.07;2.4;108;0.0;0
Q5_82_seed_664526511;9508;Hash Join;7;Outer;;0;14884;74418;12500;1.600043000349378e-05;4743.09;38478.24;116;0.0;0;34.87;216.015;9515;Seq Scan;12;Outer;;1;25;0;0;1.0;0.0;1.25;112;25.0;0;0.0;0.0;0.0;0.0;9516;Hash;12;Inner;;0;1;1;0;1.0;1.06;1.06;4;0.0;0;0.054;0.055;0.0;0.0;9514;Hash Join;11;Outer;;0;5;25;1;0.2;1.07;2.4;108;0.0;0
Q5_84_seed_680934573;9548;Hash Join;7;Outer;;0;14884;74418;12500;1.600043000349378e-05;4743.09;38478.24;116;0.0;0;38.234;218.188;9555;Seq Scan;12;Outer;;1;25;0;0;1.0;0.0;1.25;112;25.0;0;0.0;0.0;0.0;0.0;9556;Hash;12;Inner;;0;1;1;0;1.0;1.06;1.06;4;0.0;0;0.119;0.12;0.0;0.0;9554;Hash Join;11;Outer;;0;5;25;1;0.2;1.07;2.4;108;0.0;0
Q5_88_seed_713750697;9628;Hash Join;7;Outer;;0;14884;74418;12500;1.600043000349378e-05;4743.09;38478.24;116;0.0;0;35.13;211.692;9635;Seq Scan;12;Outer;;1;25;0;0;1.0;0.0;1.25;112;25.0;0;0.0;0.0;0.0;0.0;9636;Hash;12;Inner;;0;1;1;0;1.0;1.06;1.06;4;0.0;0;0.08;0.08;0.0;0.0;9634;Hash Join;11;Outer;;0;5;25;1;0.2;1.07;2.4;108;0.0;0
Q5_89_seed_721954728;9648;Hash Join;7;Outer;;0;14685;73423;12500;1.600043583073424e-05;4743.09;38473.68;116;0.0;0;32.093;208.644;9655;Seq Scan;12;Outer;;1;25;0;0;1.0;0.0;1.25;112;25.0;0;0.0;0.0;0.0;0.0;9656;Hash;12;Inner;;0;1;1;0;1.0;1.06;1.06;4;0.0;0;0.078;0.078;0.0;0.0;9654;Hash Join;11;Outer;;0;5;25;1;0.2;1.07;2.4;108;0.0;0
Q5_90_seed_730158759;9688;Hash Join;7;Outer;;0;14612;73059;12500;1.6000219001081317e-05;4743.09;38472.01;116;0.0;0;34.217;216.577;9695;Seq Scan;12;Outer;;1;25;0;0;1.0;0.0;1.25;112;25.0;0;0.0;0.0;0.0;0.0;9696;Hash;12;Inner;;0;1;1;0;1.0;1.06;1.06;4;0.0;0;0.055;0.055;0.0;0.0;9694;Hash Join;11;Outer;;0;5;25;1;0.2;1.07;2.4;108;0.0;0
Q5_92_seed_746566821;9728;Hash Join;7;Outer;;0;14612;73059;12500;1.6000219001081317e-05;4743.09;38472.01;116;0.0;0;35.947;217.041;9735;Seq Scan;12;Outer;;1;25;0;0;1.0;0.0;1.25;112;25.0;0;0.0;0.0;0.0;0.0;9736;Hash;12;Inner;;0;1;1;0;1.0;1.06;1.06;4;0.0;0;0.334;0.334;0.0;0.0;9734;Hash Join;11;Outer;;0;5;25;1;0.2;1.07;2.4;108;0.0;0
Q5_93_seed_754770852;9748;Hash Join;7;Outer;;0;14685;73423;12500;1.600043583073424e-05;4743.09;38473.68;116;0.0;0;35.404;215.504;9755;Seq Scan;12;Outer;;1;25;0;0;1.0;0.0;1.25;112;25.0;0;0.0;0.0;0.0;0.0;9756;Hash;12;Inner;;0;1;1;0;1.0;1.06;1.06;4;0.0;0;0.066;0.066;0.0;0.0;9754;Hash Join;11;Outer;;0;5;25;1;0.2;1.07;2.4;108;0.0;0
Q5_94_seed_762974883;9768;Hash Join;7;Outer;;0;14612;73059;12500;1.6000219001081317e-05;4743.09;38472.01;116;0.0;0;34.37;216.381;9775;Seq Scan;12;Outer;;1;25;0;0;1.0;0.0;1.25;112;25.0;0;0.0;0.0;0.0;0.0;9776;Hash;12;Inner;;0;1;1;0;1.0;1.06;1.06;4;0.0;0;0.049;0.05;0.0;0.0;9774;Hash Join;11;Outer;;0;5;25;1;0.2;1.07;2.4;108;0.0;0
Q5_95_seed_771178914;9788;Hash Join;7;Outer;;0;14685;73423;12500;1.600043583073424e-05;4743.09;38473.68;116;0.0;0;36.799;221.311;9795;Seq Scan;12;Outer;;1;25;0;0;1.0;0.0;1.25;112;25.0;0;0.0;0.0;0.0;0.0;9796;Hash;12;Inner;;0;1;1;0;1.0;1.06;1.06;4;0.0;0;0.132;0.132;0.0;0.0;9794;Hash Join;11;Outer;;0;5;25;1;0.2;1.07;2.4;108;0.0;0
Q5_96_seed_779382945;9808;Hash Join;7;Outer;;0;14612;73059;12500;1.6000219001081317e-05;4743.09;38472.01;116;0.0;0;40.586;223.582;9815;Seq Scan;12;Outer;;1;25;0;0;1.0;0.0;1.25;112;25.0;0;0.0;0.0;0.0;0.0;9816;Hash;12;Inner;;0;1;1;0;1.0;1.06;1.06;4;0.0;0;0.051;0.051;0.0;0.0;9814;Hash Join;11;Outer;;0;5;25;1;0.2;1.07;2.4;108;0.0;0
Q5_98_seed_795791007;9848;Hash Join;7;Outer;;0;14612;73059;12500;1.6000219001081317e-05;4743.09;38472.01;116;0.0;0;35.478;215.611;9855;Seq Scan;12;Outer;;1;25;0;0;1.0;0.0;1.25;112;25.0;0;0.0;0.0;0.0;0.0;9856;Hash;12;Inner;;0;1;1;0;1.0;1.06;1.06;4;0.0;0;0.35;0.35;0.0;0.0;9854;Hash Join;11;Outer;;0;5;25;1;0.2;1.07;2.4;108;0.0;0
Q5_99_seed_803995038;9868;Hash Join;7;Outer;;0;14685;73423;12500;1.600043583073424e-05;4743.09;38473.68;116;0.0;0;35.356;215.748;9875;Seq Scan;12;Outer;;1;25;0;0;1.0;0.0;1.25;112;25.0;0;0.0;0.0;0.0;0.0;9876;Hash;12;Inner;;0;1;1;0;1.0;1.06;1.06;4;0.0;0;0.052;0.052;0.0;0.0;9874;Hash Join;11;Outer;;0;5;25;1;0.2;1.07;2.4;108;0.0;0
Q8_100_seed_812199069;13208;Hash Join;7;Outer;;0;29497;147487;12500;1.599978303172483e-05;4743.09;38813.14;8;0.0;0;35.754;212.396;13215;Seq Scan;12;Outer;;1;25;0;0;1.0;0.0;1.25;8;25.0;0;0.0;0.0;0.0;0.0;13216;Hash;12;Inner;;0;1;1;0;1.0;1.06;1.06;4;0.0;0;0.227;0.227;0.0;0.0;13214;Hash Join;11;Outer;;0;5;25;1;0.2;1.07;2.4;4;0.0;0
Q8_101_seed_820403100;13231;Hash Join;7;Outer;;0;29497;147487;12500;1.599978303172483e-05;4743.09;38813.14;8;0.0;0;35.129;214.609;13238;Seq Scan;12;Outer;;1;25;0;0;1.0;0.0;1.25;8;25.0;0;0.0;0.0;0.0;0.0;13239;Hash;12;Inner;;0;1;1;0;1.0;1.06;1.06;4;0.0;0;0.203;0.204;0.0;0.0;13237;Hash Join;11;Outer;;0;5;25;1;0.2;1.07;2.4;4;0.0;0
Q8_102_seed_828607131;13254;Hash Join;7;Outer;;0;29497;147487;12500;1.599978303172483e-05;4743.09;38813.14;8;0.0;0;31.061;206.297;13261;Seq Scan;12;Outer;;1;25;0;0;1.0;0.0;1.25;8;25.0;0;0.0;0.0;0.0;0.0;13262;Hash;12;Inner;;0;1;1;0;1.0;1.06;1.06;4;0.0;0;2.071;2.071;0.0;0.0;13260;Hash Join;11;Outer;;0;5;25;1;0.2;1.07;2.4;4;0.0;0
Q8_104_seed_845015193;13300;Hash Join;7;Outer;;0;29497;147487;12500;1.599978303172483e-05;4743.09;38813.14;8;0.0;0;35.398;210.309;13307;Seq Scan;12;Outer;;1;25;0;0;1.0;0.0;1.25;8;25.0;0;0.0;0.0;0.0;0.0;13308;Hash;12;Inner;;0;1;1;0;1.0;1.06;1.06;4;0.0;0;0.055;0.055;0.0;0.0;13306;Hash Join;11;Outer;;0;5;25;1;0.2;1.07;2.4;4;0.0;0
Q8_105_seed_853219224;13323;Hash Join;7;Outer;;0;29497;147487;12500;1.599978303172483e-05;4743.09;38813.14;8;0.0;0;37.103;214.189;13330;Seq Scan;12;Outer;;1;25;0;0;1.0;0.0;1.25;8;25.0;0;0.0;0.0;0.0;0.0;13331;Hash;12;Inner;;0;1;1;0;1.0;1.06;1.06;4;0.0;0;0.157;0.158;0.0;0.0;13329;Hash Join;11;Outer;;0;5;25;1;0.2;1.07;2.4;4;0.0;0
Q8_106_seed_861423255;13346;Hash Join;7;Outer;;0;29497;147487;12500;1.599978303172483e-05;4743.09;38813.14;8;0.0;0;29.673;204.477;13353;Seq Scan;12;Outer;;1;25;0;0;1.0;0.0;1.25;8;25.0;0;0.0;0.0;0.0;0.0;13354;Hash;12;Inner;;0;1;1;0;1.0;1.06;1.06;4;0.0;0;0.179;0.18;0.0;0.0;13352;Hash Join;11;Outer;;0;5;25;1;0.2;1.07;2.4;4;0.0;0
Q8_107_seed_869627286;13369;Hash Join;7;Outer;;0;29497;147487;12500;1.599978303172483e-05;4743.09;38813.14;8;0.0;0;39.587;220.333;13376;Seq Scan;12;Outer;;1;25;0;0;1.0;0.0;1.25;8;25.0;0;0.0;0.0;0.0;0.0;13377;Hash;12;Inner;;0;1;1;0;1.0;1.06;1.06;4;0.0;0;0.177;0.177;0.0;0.0;13375;Hash Join;11;Outer;;0;5;25;1;0.2;1.07;2.4;4;0.0;0
Q8_108_seed_877831317;13392;Hash Join;7;Outer;;0;29497;147487;12500;1.599978303172483e-05;4743.09;38813.14;8;0.0;0;40.16;219.286;13399;Seq Scan;12;Outer;;1;25;0;0;1.0;0.0;1.25;8;25.0;0;0.0;0.0;0.0;0.0;13400;Hash;12;Inner;;0;1;1;0;1.0;1.06;1.06;4;0.0;0;0.381;0.381;0.0;0.0;13398;Hash Join;11;Outer;;0;5;25;1;0.2;1.07;2.4;4;0.0;0
Q8_109_seed_886035348;13415;Hash Join;7;Outer;;0;29497;147487;12500;1.599978303172483e-05;4743.09;38813.14;8;0.0;0;36.16;212.465;13422;Seq Scan;12;Outer;;1;25;0;0;1.0;0.0;1.25;8;25.0;0;0.0;0.0;0.0;0.0;13423;Hash;12;Inner;;0;1;1;0;1.0;1.06;1.06;4;0.0;0;0.212;0.212;0.0;0.0;13421;Hash Join;11;Outer;;0;5;25;1;0.2;1.07;2.4;4;0.0;0
Q8_10_seed_73836279;13438;Hash Join;7;Outer;;0;29497;147487;12500;1.599978303172483e-05;4743.09;38813.14;8;0.0;0;36.453;207.718;13445;Seq Scan;12;Outer;;1;25;0;0;1.0;0.0;1.25;8;25.0;0;0.0;0.0;0.0;0.0;13446;Hash;12;Inner;;0;1;1;0;1.0;1.06;1.06;4;0.0;0;0.14;0.14;0.0;0.0;13444;Hash Join;11;Outer;;0;5;25;1;0.2;1.07;2.4;4;0.0;0
Q8_110_seed_894239379;13461;Hash Join;7;Outer;;0;29497;147487;12500;1.599978303172483e-05;4743.09;38813.14;8;0.0;0;36.102;210.203;13468;Seq Scan;12;Outer;;1;25;0;0;1.0;0.0;1.25;8;25.0;0;0.0;0.0;0.0;0.0;13469;Hash;12;Inner;;0;1;1;0;1.0;1.06;1.06;4;0.0;0;0.215;0.215;0.0;0.0;13467;Hash Join;11;Outer;;0;5;25;1;0.2;1.07;2.4;4;0.0;0
Q8_111_seed_902443410;13484;Hash Join;7;Outer;;0;29497;147487;12500;1.599978303172483e-05;4743.09;38813.14;8;0.0;0;37.294;213.782;13491;Seq Scan;12;Outer;;1;25;0;0;1.0;0.0;1.25;8;25.0;0;0.0;0.0;0.0;0.0;13492;Hash;12;Inner;;0;1;1;0;1.0;1.06;1.06;4;0.0;0;0.073;0.073;0.0;0.0;13490;Hash Join;11;Outer;;0;5;25;1;0.2;1.07;2.4;4;0.0;0
Q8_112_seed_910647441;13507;Hash Join;7;Outer;;0;29497;147487;12500;1.599978303172483e-05;4743.09;38813.14;8;0.0;0;43.324;222.592;13514;Seq Scan;12;Outer;;1;25;0;0;1.0;0.0;1.25;8;25.0;0;0.0;0.0;0.0;0.0;13515;Hash;12;Inner;;0;1;1;0;1.0;1.06;1.06;4;0.0;0;0.207;0.207;0.0;0.0;13513;Hash Join;11;Outer;;0;5;25;1;0.2;1.07;2.4;4;0.0;0
Q8_114_seed_927055503;13553;Hash Join;7;Outer;;0;29497;147487;12500;1.599978303172483e-05;4743.09;38813.14;8;0.0;0;39.54;213.237;13560;Seq Scan;12;Outer;;1;25;0;0;1.0;0.0;1.25;8;25.0;0;0.0;0.0;0.0;0.0;13561;Hash;12;Inner;;0;1;1;0;1.0;1.06;1.06;4;0.0;0;0.289;0.289;0.0;0.0;13559;Hash Join;11;Outer;;0;5;25;1;0.2;1.07;2.4;4;0.0;0
Q8_116_seed_943463565;13599;Hash Join;7;Outer;;0;29497;147487;12500;1.599978303172483e-05;4743.09;38813.14;8;0.0;0;31.391;211.416;13606;Seq Scan;12;Outer;;1;25;0;0;1.0;0.0;1.25;8;25.0;0;0.0;0.0;0.0;0.0;13607;Hash;12;Inner;;0;1;1;0;1.0;1.06;1.06;4;0.0;0;0.195;0.195;0.0;0.0;13605;Hash Join;11;Outer;;0;5;25;1;0.2;1.07;2.4;4;0.0;0
Q8_117_seed_951667596;13622;Hash Join;7;Outer;;0;29497;147487;12500;1.599978303172483e-05;4743.09;38813.14;8;0.0;0;37.126;213.426;13629;Seq Scan;12;Outer;;1;25;0;0;1.0;0.0;1.25;8;25.0;0;0.0;0.0;0.0;0.0;13630;Hash;12;Inner;;0;1;1;0;1.0;1.06;1.06;4;0.0;0;0.134;0.134;0.0;0.0;13628;Hash Join;11;Outer;;0;5;25;1;0.2;1.07;2.4;4;0.0;0
Q8_118_seed_959871627;13645;Hash Join;7;Outer;;0;29497;147487;12500;1.599978303172483e-05;4743.09;38813.14;8;0.0;0;41.144;220.418;13652;Seq Scan;12;Outer;;1;25;0;0;1.0;0.0;1.25;8;25.0;0;0.0;0.0;0.0;0.0;13653;Hash;12;Inner;;0;1;1;0;1.0;1.06;1.06;4;0.0;0;0.225;0.225;0.0;0.0;13651;Hash Join;11;Outer;;0;5;25;1;0.2;1.07;2.4;4;0.0;0
Q8_119_seed_968075658;13668;Hash Join;7;Outer;;0;29497;147487;12500;1.599978303172483e-05;4743.09;38813.14;8;0.0;0;37.877;218.265;13675;Seq Scan;12;Outer;;1;25;0;0;1.0;0.0;1.25;8;25.0;0;0.0;0.0;0.0;0.0;13676;Hash;12;Inner;;0;1;1;0;1.0;1.06;1.06;4;0.0;0;0.19;0.19;0.0;0.0;13674;Hash Join;11;Outer;;0;5;25;1;0.2;1.07;2.4;4;0.0;0
Q8_120_seed_976279689;13714;Hash Join;7;Outer;;0;29497;147487;12500;1.599978303172483e-05;4743.09;38813.14;8;0.0;0;34.256;211.622;13721;Seq Scan;12;Outer;;1;25;0;0;1.0;0.0;1.25;8;25.0;0;0.0;0.0;0.0;0.0;13722;Hash;12;Inner;;0;1;1;0;1.0;1.06;1.06;4;0.0;0;0.162;0.162;0.0;0.0;13720;Hash Join;11;Outer;;0;5;25;1;0.2;1.07;2.4;4;0.0;0
Q8_122_seed_992687751;13760;Hash Join;7;Outer;;0;29497;147487;12500;1.599978303172483e-05;4743.09;38813.14;8;0.0;0;33.075;211.669;13767;Seq Scan;12;Outer;;1;25;0;0;1.0;0.0;1.25;8;25.0;0;0.0;0.0;0.0;0.0;13768;Hash;12;Inner;;0;1;1;0;1.0;1.06;1.06;4;0.0;0;0.065;0.066;0.0;0.0;13766;Hash Join;11;Outer;;0;5;25;1;0.2;1.07;2.4;4;0.0;0
Q8_123_seed_1000891782;13783;Hash Join;7;Outer;;0;29497;147487;12500;1.599978303172483e-05;4743.09;38813.14;8;0.0;0;36.077;214.011;13790;Seq Scan;12;Outer;;1;25;0;0;1.0;0.0;1.25;8;25.0;0;0.0;0.0;0.0;0.0;13791;Hash;12;Inner;;0;1;1;0;1.0;1.06;1.06;4;0.0;0;0.075;0.075;0.0;0.0;13789;Hash Join;11;Outer;;0;5;25;1;0.2;1.07;2.4;4;0.0;0
Q8_125_seed_1017299844;13829;Hash Join;7;Outer;;0;29497;147487;12500;1.599978303172483e-05;4743.09;38813.14;8;0.0;0;38.597;215.879;13836;Seq Scan;12;Outer;;1;25;0;0;1.0;0.0;1.25;8;25.0;0;0.0;0.0;0.0;0.0;13837;Hash;12;Inner;;0;1;1;0;1.0;1.06;1.06;4;0.0;0;0.211;0.211;0.0;0.0;13835;Hash Join;11;Outer;;0;5;25;1;0.2;1.07;2.4;4;0.0;0
Q8_126_seed_1025503875;13852;Hash Join;7;Outer;;0;29497;147487;12500;1.599978303172483e-05;4743.09;38813.14;8;0.0;0;36.85;216.218;13859;Seq Scan;12;Outer;;1;25;0;0;1.0;0.0;1.25;8;25.0;0;0.0;0.0;0.0;0.0;13860;Hash;12;Inner;;0;1;1;0;1.0;1.06;1.06;4;0.0;0;0.066;0.066;0.0;0.0;13858;Hash Join;11;Outer;;0;5;25;1;0.2;1.07;2.4;4;0.0;0
Q8_127_seed_1033707906;13875;Hash Join;7;Outer;;0;29497;147487;12500;1.599978303172483e-05;4743.09;38813.14;8;0.0;0;39.025;215.803;13882;Seq Scan;12;Outer;;1;25;0;0;1.0;0.0;1.25;8;25.0;0;0.0;0.0;0.0;0.0;13883;Hash;12;Inner;;0;1;1;0;1.0;1.06;1.06;4;0.0;0;0.212;0.213;0.0;0.0;13881;Hash Join;11;Outer;;0;5;25;1;0.2;1.07;2.4;4;0.0;0
Q8_128_seed_1041911937;13898;Hash Join;7;Outer;;0;29497;147487;12500;1.599978303172483e-05;4743.09;38813.14;8;0.0;0;35.006;213.111;13905;Seq Scan;12;Outer;;1;25;0;0;1.0;0.0;1.25;8;25.0;0;0.0;0.0;0.0;0.0;13906;Hash;12;Inner;;0;1;1;0;1.0;1.06;1.06;4;0.0;0;0.171;0.171;0.0;0.0;13904;Hash Join;11;Outer;;0;5;25;1;0.2;1.07;2.4;4;0.0;0
Q8_129_seed_1050115968;13921;Hash Join;7;Outer;;0;29497;147487;12500;1.599978303172483e-05;4743.09;38813.14;8;0.0;0;37.698;218.257;13928;Seq Scan;12;Outer;;1;25;0;0;1.0;0.0;1.25;8;25.0;0;0.0;0.0;0.0;0.0;13929;Hash;12;Inner;;0;1;1;0;1.0;1.06;1.06;4;0.0;0;0.122;0.123;0.0;0.0;13927;Hash Join;11;Outer;;0;5;25;1;0.2;1.07;2.4;4;0.0;0
Q8_12_seed_90244341;13944;Hash Join;7;Outer;;0;29497;147487;12500;1.599978303172483e-05;4743.09;38813.14;8;0.0;0;38.613;217.438;13951;Seq Scan;12;Outer;;1;25;0;0;1.0;0.0;1.25;8;25.0;0;0.0;0.0;0.0;0.0;13952;Hash;12;Inner;;0;1;1;0;1.0;1.06;1.06;4;0.0;0;1.379;1.379;0.0;0.0;13950;Hash Join;11;Outer;;0;5;25;1;0.2;1.07;2.4;4;0.0;0
Q8_130_seed_1058319999;13967;Hash Join;7;Outer;;0;29497;147487;12500;1.599978303172483e-05;4743.09;38813.14;8;0.0;0;37.174;214.822;13974;Seq Scan;12;Outer;;1;25;0;0;1.0;0.0;1.25;8;25.0;0;0.0;0.0;0.0;0.0;13975;Hash;12;Inner;;0;1;1;0;1.0;1.06;1.06;4;0.0;0;0.059;0.059;0.0;0.0;13973;Hash Join;11;Outer;;0;5;25;1;0.2;1.07;2.4;4;0.0;0
Q8_131_seed_1066524030;13990;Hash Join;7;Outer;;0;29497;147487;12500;1.599978303172483e-05;4743.09;38813.14;8;0.0;0;31.929;207.524;13997;Seq Scan;12;Outer;;1;25;0;0;1.0;0.0;1.25;8;25.0;0;0.0;0.0;0.0;0.0;13998;Hash;12;Inner;;0;1;1;0;1.0;1.06;1.06;4;0.0;0;0.168;0.168;0.0;0.0;13996;Hash Join;11;Outer;;0;5;25;1;0.2;1.07;2.4;4;0.0;0
Q8_132_seed_1074728061;14013;Hash Join;7;Outer;;0;29497;147487;12500;1.599978303172483e-05;4743.09;38813.14;8;0.0;0;33.197;207.111;14020;Seq Scan;12;Outer;;1;25;0;0;1.0;0.0;1.25;8;25.0;0;0.0;0.0;0.0;0.0;14021;Hash;12;Inner;;0;1;1;0;1.0;1.06;1.06;4;0.0;0;0.127;0.128;0.0;0.0;14019;Hash Join;11;Outer;;0;5;25;1;0.2;1.07;2.4;4;0.0;0
Q8_134_seed_1091136123;14059;Hash Join;7;Outer;;0;29497;147487;12500;1.599978303172483e-05;4743.09;38813.14;8;0.0;0;39.256;213.3;14066;Seq Scan;12;Outer;;1;25;0;0;1.0;0.0;1.25;8;25.0;0;0.0;0.0;0.0;0.0;14067;Hash;12;Inner;;0;1;1;0;1.0;1.06;1.06;4;0.0;0;0.169;0.169;0.0;0.0;14065;Hash Join;11;Outer;;0;5;25;1;0.2;1.07;2.4;4;0.0;0
Q8_136_seed_1107544185;14105;Hash Join;7;Outer;;0;29497;147487;12500;1.599978303172483e-05;4743.09;38813.14;8;0.0;0;35.335;212.072;14112;Seq Scan;12;Outer;;1;25;0;0;1.0;0.0;1.25;8;25.0;0;0.0;0.0;0.0;0.0;14113;Hash;12;Inner;;0;1;1;0;1.0;1.06;1.06;4;0.0;0;0.076;0.076;0.0;0.0;14111;Hash Join;11;Outer;;0;5;25;1;0.2;1.07;2.4;4;0.0;0
Q8_137_seed_1115748216;14128;Hash Join;7;Outer;;0;29497;147487;12500;1.599978303172483e-05;4743.09;38813.14;8;0.0;0;36.498;213.01;14135;Seq Scan;12;Outer;;1;25;0;0;1.0;0.0;1.25;8;25.0;0;0.0;0.0;0.0;0.0;14136;Hash;12;Inner;;0;1;1;0;1.0;1.06;1.06;4;0.0;0;0.215;0.215;0.0;0.0;14134;Hash Join;11;Outer;;0;5;25;1;0.2;1.07;2.4;4;0.0;0
Q8_138_seed_1123952247;14151;Hash Join;7;Outer;;0;29497;147487;12500;1.599978303172483e-05;4743.09;38813.14;8;0.0;0;39.262;216.177;14158;Seq Scan;12;Outer;;1;25;0;0;1.0;0.0;1.25;8;25.0;0;0.0;0.0;0.0;0.0;14159;Hash;12;Inner;;0;1;1;0;1.0;1.06;1.06;4;0.0;0;0.159;0.159;0.0;0.0;14157;Hash Join;11;Outer;;0;5;25;1;0.2;1.07;2.4;4;0.0;0
Q8_139_seed_1132156278;14174;Hash Join;7;Outer;;0;29497;147487;12500;1.599978303172483e-05;4743.09;38813.14;8;0.0;0;36.214;213.84;14181;Seq Scan;12;Outer;;1;25;0;0;1.0;0.0;1.25;8;25.0;0;0.0;0.0;0.0;0.0;14182;Hash;12;Inner;;0;1;1;0;1.0;1.06;1.06;4;0.0;0;0.154;0.155;0.0;0.0;14180;Hash Join;11;Outer;;0;5;25;1;0.2;1.07;2.4;4;0.0;0
Q8_13_seed_98448372;14197;Hash Join;7;Outer;;0;29497;147487;12500;1.599978303172483e-05;4743.09;38813.14;8;0.0;0;38.994;218.698;14204;Seq Scan;12;Outer;;1;25;0;0;1.0;0.0;1.25;8;25.0;0;0.0;0.0;0.0;0.0;14205;Hash;12;Inner;;0;1;1;0;1.0;1.06;1.06;4;0.0;0;0.18;0.181;0.0;0.0;14203;Hash Join;11;Outer;;0;5;25;1;0.2;1.07;2.4;4;0.0;0
Q8_140_seed_1140360309;14220;Hash Join;7;Outer;;0;29497;147487;12500;1.599978303172483e-05;4743.09;38813.14;8;0.0;0;40.128;216.6;14227;Seq Scan;12;Outer;;1;25;0;0;1.0;0.0;1.25;8;25.0;0;0.0;0.0;0.0;0.0;14228;Hash;12;Inner;;0;1;1;0;1.0;1.06;1.06;4;0.0;0;0.27;0.27;0.0;0.0;14226;Hash Join;11;Outer;;0;5;25;1;0.2;1.07;2.4;4;0.0;0
Q8_141_seed_1148564340;14243;Hash Join;7;Outer;;0;29497;147487;12500;1.599978303172483e-05;4743.09;38813.14;8;0.0;0;37.798;230.142;14250;Seq Scan;12;Outer;;1;25;0;0;1.0;0.0;1.25;8;25.0;0;0.0;0.0;0.0;0.0;14251;Hash;12;Inner;;0;1;1;0;1.0;1.06;1.06;4;0.0;0;0.275;0.276;0.0;0.0;14249;Hash Join;11;Outer;;0;5;25;1;0.2;1.07;2.4;4;0.0;0
Q8_142_seed_1156768371;14266;Hash Join;7;Outer;;0;29497;147487;12500;1.599978303172483e-05;4743.09;38813.14;8;0.0;0;37.966;216.466;14273;Seq Scan;12;Outer;;1;25;0;0;1.0;0.0;1.25;8;25.0;0;0.0;0.0;0.0;0.0;14274;Hash;12;Inner;;0;1;1;0;1.0;1.06;1.06;4;0.0;0;0.239;0.239;0.0;0.0;14272;Hash Join;11;Outer;;0;5;25;1;0.2;1.07;2.4;4;0.0;0
Q8_143_seed_1164972402;14289;Hash Join;7;Outer;;0;29497;147487;12500;1.599978303172483e-05;4743.09;38813.14;8;0.0;0;39.92;216.876;14296;Seq Scan;12;Outer;;1;25;0;0;1.0;0.0;1.25;8;25.0;0;0.0;0.0;0.0;0.0;14297;Hash;12;Inner;;0;1;1;0;1.0;1.06;1.06;4;0.0;0;0.057;0.058;0.0;0.0;14295;Hash Join;11;Outer;;0;5;25;1;0.2;1.07;2.4;4;0.0;0
Q8_145_seed_1181380464;14335;Hash Join;7;Outer;;0;29497;147487;12500;1.599978303172483e-05;4743.09;38813.14;8;0.0;0;32.639;208.31;14342;Seq Scan;12;Outer;;1;25;0;0;1.0;0.0;1.25;8;25.0;0;0.0;0.0;0.0;0.0;14343;Hash;12;Inner;;0;1;1;0;1.0;1.06;1.06;4;0.0;0;0.187;0.187;0.0;0.0;14341;Hash Join;11;Outer;;0;5;25;1;0.2;1.07;2.4;4;0.0;0
Q8_146_seed_1189584495;14358;Hash Join;7;Outer;;0;29497;147487;12500;1.599978303172483e-05;4743.09;38813.14;8;0.0;0;30.913;207.359;14365;Seq Scan;12;Outer;;1;25;0;0;1.0;0.0;1.25;8;25.0;0;0.0;0.0;0.0;0.0;14366;Hash;12;Inner;;0;1;1;0;1.0;1.06;1.06;4;0.0;0;0.214;0.214;0.0;0.0;14364;Hash Join;11;Outer;;0;5;25;1;0.2;1.07;2.4;4;0.0;0
Q8_147_seed_1197788526;14381;Hash Join;7;Outer;;0;29497;147487;12500;1.599978303172483e-05;4743.09;38813.14;8;0.0;0;38.822;216.065;14388;Seq Scan;12;Outer;;1;25;0;0;1.0;0.0;1.25;8;25.0;0;0.0;0.0;0.0;0.0;14389;Hash;12;Inner;;0;1;1;0;1.0;1.06;1.06;4;0.0;0;0.133;0.133;0.0;0.0;14387;Hash Join;11;Outer;;0;5;25;1;0.2;1.07;2.4;4;0.0;0
Q8_148_seed_1205992557;14404;Hash Join;7;Outer;;0;29497;147487;12500;1.599978303172483e-05;4743.09;38813.14;8;0.0;0;37.646;217.176;14411;Seq Scan;12;Outer;;1;25;0;0;1.0;0.0;1.25;8;25.0;0;0.0;0.0;0.0;0.0;14412;Hash;12;Inner;;0;1;1;0;1.0;1.06;1.06;4;0.0;0;0.117;0.118;0.0;0.0;14410;Hash Join;11;Outer;;0;5;25;1;0.2;1.07;2.4;4;0.0;0
Q8_149_seed_1214196588;14427;Hash Join;7;Outer;;0;29497;147487;12500;1.599978303172483e-05;4743.09;38813.14;8;0.0;0;38.811;217.635;14434;Seq Scan;12;Outer;;1;25;0;0;1.0;0.0;1.25;8;25.0;0;0.0;0.0;0.0;0.0;14435;Hash;12;Inner;;0;1;1;0;1.0;1.06;1.06;4;0.0;0;0.205;0.206;0.0;0.0;14433;Hash Join;11;Outer;;0;5;25;1;0.2;1.07;2.4;4;0.0;0
Q8_14_seed_106652403;14450;Hash Join;7;Outer;;0;29497;147487;12500;1.599978303172483e-05;4743.09;38813.14;8;0.0;0;33.171;206.493;14457;Seq Scan;12;Outer;;1;25;0;0;1.0;0.0;1.25;8;25.0;0;0.0;0.0;0.0;0.0;14458;Hash;12;Inner;;0;1;1;0;1.0;1.06;1.06;4;0.0;0;0.123;0.124;0.0;0.0;14456;Hash Join;11;Outer;;0;5;25;1;0.2;1.07;2.4;4;0.0;0
Q8_150_seed_1231235959;14473;Hash Join;7;Outer;;0;29497;147487;12500;1.599978303172483e-05;4743.09;38813.14;8;0.0;0;33.433;210.452;14480;Seq Scan;12;Outer;;1;25;0;0;1.0;0.0;1.25;8;25.0;0;0.0;0.0;0.0;0.0;14481;Hash;12;Inner;;0;1;1;0;1.0;1.06;1.06;4;0.0;0;0.121;0.121;0.0;0.0;14479;Hash Join;11;Outer;;0;5;25;1;0.2;1.07;2.4;4;0.0;0
Q8_15_seed_114856434;14496;Hash Join;7;Outer;;0;29497;147487;12500;1.599978303172483e-05;4743.09;38813.14;8;0.0;0;36.382;214.505;14503;Seq Scan;12;Outer;;1;25;0;0;1.0;0.0;1.25;8;25.0;0;0.0;0.0;0.0;0.0;14504;Hash;12;Inner;;0;1;1;0;1.0;1.06;1.06;4;0.0;0;0.181;0.182;0.0;0.0;14502;Hash Join;11;Outer;;0;5;25;1;0.2;1.07;2.4;4;0.0;0
Q8_16_seed_123060465;14519;Hash Join;7;Outer;;0;29497;147487;12500;1.599978303172483e-05;4743.09;38813.14;8;0.0;0;37.436;213.062;14526;Seq Scan;12;Outer;;1;25;0;0;1.0;0.0;1.25;8;25.0;0;0.0;0.0;0.0;0.0;14527;Hash;12;Inner;;0;1;1;0;1.0;1.06;1.06;4;0.0;0;0.421;0.422;0.0;0.0;14525;Hash Join;11;Outer;;0;5;25;1;0.2;1.07;2.4;4;0.0;0
Q8_17_seed_131264496;14542;Hash Join;7;Outer;;0;29497;147487;12500;1.599978303172483e-05;4743.09;38813.14;8;0.0;0;39.25;217.055;14549;Seq Scan;12;Outer;;1;25;0;0;1.0;0.0;1.25;8;25.0;0;0.0;0.0;0.0;0.0;14550;Hash;12;Inner;;0;1;1;0;1.0;1.06;1.06;4;0.0;0;0.181;0.181;0.0;0.0;14548;Hash Join;11;Outer;;0;5;25;1;0.2;1.07;2.4;4;0.0;0
Q8_18_seed_139468527;14565;Hash Join;7;Outer;;0;29497;147487;12500;1.599978303172483e-05;4743.09;38813.14;8;0.0;0;34.882;214.838;14572;Seq Scan;12;Outer;;1;25;0;0;1.0;0.0;1.25;8;25.0;0;0.0;0.0;0.0;0.0;14573;Hash;12;Inner;;0;1;1;0;1.0;1.06;1.06;4;0.0;0;0.152;0.152;0.0;0.0;14571;Hash Join;11;Outer;;0;5;25;1;0.2;1.07;2.4;4;0.0;0
Q8_19_seed_147672558;14588;Hash Join;7;Outer;;0;29497;147487;12500;1.599978303172483e-05;4743.09;38813.14;8;0.0;0;35.309;208.736;14595;Seq Scan;12;Outer;;1;25;0;0;1.0;0.0;1.25;8;25.0;0;0.0;0.0;0.0;0.0;14596;Hash;12;Inner;;0;1;1;0;1.0;1.06;1.06;4;0.0;0;2.482;2.482;0.0;0.0;14594;Hash Join;11;Outer;;0;5;25;1;0.2;1.07;2.4;4;0.0;0
Q8_1_seed_0101000000;14611;Hash Join;7;Outer;;0;29497;147487;12500;1.599978303172483e-05;4743.09;38813.14;8;0.0;0;36.974;214.131;14618;Seq Scan;12;Outer;;1;25;0;0;1.0;0.0;1.25;8;25.0;0;0.0;0.0;0.0;0.0;14619;Hash;12;Inner;;0;1;1;0;1.0;1.06;1.06;4;0.0;0;0.165;0.165;0.0;0.0;14617;Hash Join;11;Outer;;0;5;25;1;0.2;1.07;2.4;4;0.0;0
Q8_20_seed_155876589;14634;Hash Join;7;Outer;;0;29497;147487;12500;1.599978303172483e-05;4743.09;38813.14;8;0.0;0;36.357;217.191;14641;Seq Scan;12;Outer;;1;25;0;0;1.0;0.0;1.25;8;25.0;0;0.0;0.0;0.0;0.0;14642;Hash;12;Inner;;0;1;1;0;1.0;1.06;1.06;4;0.0;0;0.2;0.201;0.0;0.0;14640;Hash Join;11;Outer;;0;5;25;1;0.2;1.07;2.4;4;0.0;0
Q8_21_seed_164080620;14657;Hash Join;7;Outer;;0;29497;147487;12500;1.599978303172483e-05;4743.09;38813.14;8;0.0;0;37.98;211.462;14664;Seq Scan;12;Outer;;1;25;0;0;1.0;0.0;1.25;8;25.0;0;0.0;0.0;0.0;0.0;14665;Hash;12;Inner;;0;1;1;0;1.0;1.06;1.06;4;0.0;0;0.194;0.194;0.0;0.0;14663;Hash Join;11;Outer;;0;5;25;1;0.2;1.07;2.4;4;0.0;0
Q8_22_seed_172284651;14680;Hash Join;7;Outer;;0;29497;147487;12500;1.599978303172483e-05;4743.09;38813.14;8;0.0;0;38.638;216.602;14687;Seq Scan;12;Outer;;1;25;0;0;1.0;0.0;1.25;8;25.0;0;0.0;0.0;0.0;0.0;14688;Hash;12;Inner;;0;1;1;0;1.0;1.06;1.06;4;0.0;0;0.478;0.478;0.0;0.0;14686;Hash Join;11;Outer;;0;5;25;1;0.2;1.07;2.4;4;0.0;0
Q8_23_seed_180488682;14703;Hash Join;7;Outer;;0;29497;147487;12500;1.599978303172483e-05;4743.09;38813.14;8;0.0;0;38.999;213.68;14710;Seq Scan;12;Outer;;1;25;0;0;1.0;0.0;1.25;8;25.0;0;0.0;0.0;0.0;0.0;14711;Hash;12;Inner;;0;1;1;0;1.0;1.06;1.06;4;0.0;0;0.35;0.35;0.0;0.0;14709;Hash Join;11;Outer;;0;5;25;1;0.2;1.07;2.4;4;0.0;0
Q8_24_seed_188692713;14726;Hash Join;7;Outer;;0;29497;147487;12500;1.599978303172483e-05;4743.09;38813.14;8;0.0;0;35.309;218.735;14733;Seq Scan;12;Outer;;1;25;0;0;1.0;0.0;1.25;8;25.0;0;0.0;0.0;0.0;0.0;14734;Hash;12;Inner;;0;1;1;0;1.0;1.06;1.06;4;0.0;0;0.23;0.23;0.0;0.0;14732;Hash Join;11;Outer;;0;5;25;1;0.2;1.07;2.4;4;0.0;0
Q8_25_seed_196896744;14749;Hash Join;7;Outer;;0;29497;147487;12500;1.599978303172483e-05;4743.09;38813.14;8;0.0;0;36.014;213.106;14756;Seq Scan;12;Outer;;1;25;0;0;1.0;0.0;1.25;8;25.0;0;0.0;0.0;0.0;0.0;14757;Hash;12;Inner;;0;1;1;0;1.0;1.06;1.06;4;0.0;0;0.059;0.06;0.0;0.0;14755;Hash Join;11;Outer;;0;5;25;1;0.2;1.07;2.4;4;0.0;0
Q8_26_seed_205100775;14772;Hash Join;7;Outer;;0;29497;147487;12500;1.599978303172483e-05;4743.09;38813.14;8;0.0;0;37.074;209.828;14779;Seq Scan;12;Outer;;1;25;0;0;1.0;0.0;1.25;8;25.0;0;0.0;0.0;0.0;0.0;14780;Hash;12;Inner;;0;1;1;0;1.0;1.06;1.06;4;0.0;0;0.12;0.121;0.0;0.0;14778;Hash Join;11;Outer;;0;5;25;1;0.2;1.07;2.4;4;0.0;0
Q8_27_seed_213304806;14795;Hash Join;7;Outer;;0;29497;147487;12500;1.599978303172483e-05;4743.09;38813.14;8;0.0;0;34.012;212.203;14802;Seq Scan;12;Outer;;1;25;0;0;1.0;0.0;1.25;8;25.0;0;0.0;0.0;0.0;0.0;14803;Hash;12;Inner;;0;1;1;0;1.0;1.06;1.06;4;0.0;0;0.202;0.203;0.0;0.0;14801;Hash Join;11;Outer;;0;5;25;1;0.2;1.07;2.4;4;0.0;0
Q8_28_seed_221508837;14818;Hash Join;7;Outer;;0;29497;147487;12500;1.599978303172483e-05;4743.09;38813.14;8;0.0;0;32.228;207.562;14825;Seq Scan;12;Outer;;1;25;0;0;1.0;0.0;1.25;8;25.0;0;0.0;0.0;0.0;0.0;14826;Hash;12;Inner;;0;1;1;0;1.0;1.06;1.06;4;0.0;0;0.193;0.193;0.0;0.0;14824;Hash Join;11;Outer;;0;5;25;1;0.2;1.07;2.4;4;0.0;0
Q8_29_seed_229712868;14841;Hash Join;7;Outer;;0;29497;147487;12500;1.599978303172483e-05;4743.09;38813.14;8;0.0;0;31.074;205.861;14848;Seq Scan;12;Outer;;1;25;0;0;1.0;0.0;1.25;8;25.0;0;0.0;0.0;0.0;0.0;14849;Hash;12;Inner;;0;1;1;0;1.0;1.06;1.06;4;0.0;0;0.067;0.068;0.0;0.0;14847;Hash Join;11;Outer;;0;5;25;1;0.2;1.07;2.4;4;0.0;0
Q8_2_seed_8204031;14864;Hash Join;7;Outer;;0;29497;147487;12500;1.599978303172483e-05;4743.09;38813.14;8;0.0;0;37.214;216.952;14871;Seq Scan;12;Outer;;1;25;0;0;1.0;0.0;1.25;8;25.0;0;0.0;0.0;0.0;0.0;14872;Hash;12;Inner;;0;1;1;0;1.0;1.06;1.06;4;0.0;0;0.199;0.199;0.0;0.0;14870;Hash Join;11;Outer;;0;5;25;1;0.2;1.07;2.4;4;0.0;0
Q8_32_seed_254324961;14933;Hash Join;7;Outer;;0;29497;147487;12500;1.599978303172483e-05;4743.09;38813.14;8;0.0;0;33.833;212.487;14940;Seq Scan;12;Outer;;1;25;0;0;1.0;0.0;1.25;8;25.0;0;0.0;0.0;0.0;0.0;14941;Hash;12;Inner;;0;1;1;0;1.0;1.06;1.06;4;0.0;0;0.057;0.057;0.0;0.0;14939;Hash Join;11;Outer;;0;5;25;1;0.2;1.07;2.4;4;0.0;0
Q8_33_seed_262528992;14956;Hash Join;7;Outer;;0;29497;147487;12500;1.599978303172483e-05;4743.09;38813.14;8;0.0;0;37.31;215.261;14963;Seq Scan;12;Outer;;1;25;0;0;1.0;0.0;1.25;8;25.0;0;0.0;0.0;0.0;0.0;14964;Hash;12;Inner;;0;1;1;0;1.0;1.06;1.06;4;0.0;0;0.223;0.223;0.0;0.0;14962;Hash Join;11;Outer;;0;5;25;1;0.2;1.07;2.4;4;0.0;0
Q8_34_seed_270733023;14979;Hash Join;7;Outer;;0;29497;147487;12500;1.599978303172483e-05;4743.09;38813.14;8;0.0;0;34.298;207.293;14986;Seq Scan;12;Outer;;1;25;0;0;1.0;0.0;1.25;8;25.0;0;0.0;0.0;0.0;0.0;14987;Hash;12;Inner;;0;1;1;0;1.0;1.06;1.06;4;0.0;0;0.143;0.143;0.0;0.0;14985;Hash Join;11;Outer;;0;5;25;1;0.2;1.07;2.4;4;0.0;0
Q8_36_seed_287141085;15025;Hash Join;7;Outer;;0;29497;147487;12500;1.599978303172483e-05;4743.09;38813.14;8;0.0;0;34.31;215.007;15032;Seq Scan;12;Outer;;1;25;0;0;1.0;0.0;1.25;8;25.0;0;0.0;0.0;0.0;0.0;15033;Hash;12;Inner;;0;1;1;0;1.0;1.06;1.06;4;0.0;0;0.058;0.058;0.0;0.0;15031;Hash Join;11;Outer;;0;5;25;1;0.2;1.07;2.4;4;0.0;0
Q8_37_seed_295345116;15048;Hash Join;7;Outer;;0;29497;147487;12500;1.599978303172483e-05;4743.09;38813.14;8;0.0;0;36.869;216.401;15055;Seq Scan;12;Outer;;1;25;0;0;1.0;0.0;1.25;8;25.0;0;0.0;0.0;0.0;0.0;15056;Hash;12;Inner;;0;1;1;0;1.0;1.06;1.06;4;0.0;0;0.143;0.144;0.0;0.0;15054;Hash Join;11;Outer;;0;5;25;1;0.2;1.07;2.4;4;0.0;0
Q8_38_seed_303549147;15071;Hash Join;7;Outer;;0;29497;147487;12500;1.599978303172483e-05;4743.09;38813.14;8;0.0;0;34.393;211.175;15078;Seq Scan;12;Outer;;1;25;0;0;1.0;0.0;1.25;8;25.0;0;0.0;0.0;0.0;0.0;15079;Hash;12;Inner;;0;1;1;0;1.0;1.06;1.06;4;0.0;0;0.071;0.071;0.0;0.0;15077;Hash Join;11;Outer;;0;5;25;1;0.2;1.07;2.4;4;0.0;0
Q8_39_seed_311753178;15094;Hash Join;7;Outer;;0;29497;147487;12500;1.599978303172483e-05;4743.09;38813.14;8;0.0;0;40.58;218.877;15101;Seq Scan;12;Outer;;1;25;0;0;1.0;0.0;1.25;8;25.0;0;0.0;0.0;0.0;0.0;15102;Hash;12;Inner;;0;1;1;0;1.0;1.06;1.06;4;0.0;0;0.161;0.161;0.0;0.0;15100;Hash Join;11;Outer;;0;5;25;1;0.2;1.07;2.4;4;0.0;0
Q8_3_seed_16408062;15117;Hash Join;7;Outer;;0;29497;147487;12500;1.599978303172483e-05;4743.09;38813.14;8;0.0;0;44.151;219.51;15124;Seq Scan;12;Outer;;1;25;0;0;1.0;0.0;1.25;8;25.0;0;0.0;0.0;0.0;0.0;15125;Hash;12;Inner;;0;1;1;0;1.0;1.06;1.06;4;0.0;0;0.133;0.134;0.0;0.0;15123;Hash Join;11;Outer;;0;5;25;1;0.2;1.07;2.4;4;0.0;0
Q8_43_seed_344569302;15209;Hash Join;7;Outer;;0;29497;147487;12500;1.599978303172483e-05;4743.09;38813.14;8;0.0;0;34.176;211.065;15216;Seq Scan;12;Outer;;1;25;0;0;1.0;0.0;1.25;8;25.0;0;0.0;0.0;0.0;0.0;15217;Hash;12;Inner;;0;1;1;0;1.0;1.06;1.06;4;0.0;0;0.199;0.199;0.0;0.0;15215;Hash Join;11;Outer;;0;5;25;1;0.2;1.07;2.4;4;0.0;0
Q8_44_seed_352773333;15232;Hash Join;7;Outer;;0;29497;147487;12500;1.599978303172483e-05;4743.09;38813.14;8;0.0;0;33.589;210.89;15239;Seq Scan;12;Outer;;1;25;0;0;1.0;0.0;1.25;8;25.0;0;0.0;0.0;0.0;0.0;15240;Hash;12;Inner;;0;1;1;0;1.0;1.06;1.06;4;0.0;0;0.062;0.062;0.0;0.0;15238;Hash Join;11;Outer;;0;5;25;1;0.2;1.07;2.4;4;0.0;0
Q8_45_seed_360977364;15255;Hash Join;7;Outer;;0;29497;147487;12500;1.599978303172483e-05;4743.09;38813.14;8;0.0;0;38.392;216.844;15262;Seq Scan;12;Outer;;1;25;0;0;1.0;0.0;1.25;8;25.0;0;0.0;0.0;0.0;0.0;15263;Hash;12;Inner;;0;1;1;0;1.0;1.06;1.06;4;0.0;0;0.187;0.187;0.0;0.0;15261;Hash Join;11;Outer;;0;5;25;1;0.2;1.07;2.4;4;0.0;0
Q8_46_seed_369181395;15278;Hash Join;7;Outer;;0;29497;147487;12500;1.599978303172483e-05;4743.09;38813.14;8;0.0;0;36.872;217.433;15285;Seq Scan;12;Outer;;1;25;0;0;1.0;0.0;1.25;8;25.0;0;0.0;0.0;0.0;0.0;15286;Hash;12;Inner;;0;1;1;0;1.0;1.06;1.06;4;0.0;0;0.066;0.067;0.0;0.0;15284;Hash Join;11;Outer;;0;5;25;1;0.2;1.07;2.4;4;0.0;0
Q8_47_seed_377385426;15301;Hash Join;7;Outer;;0;29497;147487;12500;1.599978303172483e-05;4743.09;38813.14;8;0.0;0;32.323;208.176;15308;Seq Scan;12;Outer;;1;25;0;0;1.0;0.0;1.25;8;25.0;0;0.0;0.0;0.0;0.0;15309;Hash;12;Inner;;0;1;1;0;1.0;1.06;1.06;4;0.0;0;0.222;0.223;0.0;0.0;15307;Hash Join;11;Outer;;0;5;25;1;0.2;1.07;2.4;4;0.0;0
Q8_48_seed_385589457;15324;Hash Join;7;Outer;;0;29497;147487;12500;1.599978303172483e-05;4743.09;38813.14;8;0.0;0;39.833;218.705;15331;Seq Scan;12;Outer;;1;25;0;0;1.0;0.0;1.25;8;25.0;0;0.0;0.0;0.0;0.0;15332;Hash;12;Inner;;0;1;1;0;1.0;1.06;1.06;4;0.0;0;0.11;0.11;0.0;0.0;15330;Hash Join;11;Outer;;0;5;25;1;0.2;1.07;2.4;4;0.0;0
Q8_49_seed_393793488;15347;Hash Join;7;Outer;;0;29497;147487;12500;1.599978303172483e-05;4743.09;38813.14;8;0.0;0;39.115;213.568;15354;Seq Scan;12;Outer;;1;25;0;0;1.0;0.0;1.25;8;25.0;0;0.0;0.0;0.0;0.0;15355;Hash;12;Inner;;0;1;1;0;1.0;1.06;1.06;4;0.0;0;0.196;0.196;0.0;0.0;15353;Hash Join;11;Outer;;0;5;25;1;0.2;1.07;2.4;4;0.0;0
Q8_50_seed_401997519;15393;Hash Join;7;Outer;;0;29497;147487;12500;1.599978303172483e-05;4743.09;38813.14;8;0.0;0;34.383;211.403;15400;Seq Scan;12;Outer;;1;25;0;0;1.0;0.0;1.25;8;25.0;0;0.0;0.0;0.0;0.0;15401;Hash;12;Inner;;0;1;1;0;1.0;1.06;1.06;4;0.0;0;0.179;0.179;0.0;0.0;15399;Hash Join;11;Outer;;0;5;25;1;0.2;1.07;2.4;4;0.0;0
Q8_51_seed_410201550;15416;Hash Join;7;Outer;;0;29497;147487;12500;1.599978303172483e-05;4743.09;38813.14;8;0.0;0;31.765;207.496;15423;Seq Scan;12;Outer;;1;25;0;0;1.0;0.0;1.25;8;25.0;0;0.0;0.0;0.0;0.0;15424;Hash;12;Inner;;0;1;1;0;1.0;1.06;1.06;4;0.0;0;0.183;0.183;0.0;0.0;15422;Hash Join;11;Outer;;0;5;25;1;0.2;1.07;2.4;4;0.0;0
Q8_52_seed_418405581;15439;Hash Join;7;Outer;;0;29497;147487;12500;1.599978303172483e-05;4743.09;38813.14;8;0.0;0;37.005;214.861;15446;Seq Scan;12;Outer;;1;25;0;0;1.0;0.0;1.25;8;25.0;0;0.0;0.0;0.0;0.0;15447;Hash;12;Inner;;0;1;1;0;1.0;1.06;1.06;4;0.0;0;0.191;0.191;0.0;0.0;15445;Hash Join;11;Outer;;0;5;25;1;0.2;1.07;2.4;4;0.0;0
Q8_53_seed_426609612;15462;Hash Join;7;Outer;;0;29497;147487;12500;1.599978303172483e-05;4743.09;38813.14;8;0.0;0;38.408;214.869;15469;Seq Scan;12;Outer;;1;25;0;0;1.0;0.0;1.25;8;25.0;0;0.0;0.0;0.0;0.0;15470;Hash;12;Inner;;0;1;1;0;1.0;1.06;1.06;4;0.0;0;0.2;0.2;0.0;0.0;15468;Hash Join;11;Outer;;0;5;25;1;0.2;1.07;2.4;4;0.0;0
Q8_54_seed_434813643;15485;Hash Join;7;Outer;;0;29497;147487;12500;1.599978303172483e-05;4743.09;38813.14;8;0.0;0;36.968;216.894;15492;Seq Scan;12;Outer;;1;25;0;0;1.0;0.0;1.25;8;25.0;0;0.0;0.0;0.0;0.0;15493;Hash;12;Inner;;0;1;1;0;1.0;1.06;1.06;4;0.0;0;0.22;0.221;0.0;0.0;15491;Hash Join;11;Outer;;0;5;25;1;0.2;1.07;2.4;4;0.0;0
Q8_57_seed_459425736;15554;Hash Join;7;Outer;;0;29497;147487;12500;1.599978303172483e-05;4743.09;38813.14;8;0.0;0;38.559;216.136;15561;Seq Scan;12;Outer;;1;25;0;0;1.0;0.0;1.25;8;25.0;0;0.0;0.0;0.0;0.0;15562;Hash;12;Inner;;0;1;1;0;1.0;1.06;1.06;4;0.0;0;0.156;0.156;0.0;0.0;15560;Hash Join;11;Outer;;0;5;25;1;0.2;1.07;2.4;4;0.0;0
Q8_58_seed_467629767;15577;Hash Join;7;Outer;;0;29497;147487;12500;1.599978303172483e-05;4743.09;38813.14;8;0.0;0;43.912;223.435;15584;Seq Scan;12;Outer;;1;25;0;0;1.0;0.0;1.25;8;25.0;0;0.0;0.0;0.0;0.0;15585;Hash;12;Inner;;0;1;1;0;1.0;1.06;1.06;4;0.0;0;0.235;0.235;0.0;0.0;15583;Hash Join;11;Outer;;0;5;25;1;0.2;1.07;2.4;4;0.0;0
Q8_59_seed_475833798;15600;Hash Join;7;Outer;;0;29497;147487;12500;1.599978303172483e-05;4743.09;38813.14;8;0.0;0;38.514;214.401;15607;Seq Scan;12;Outer;;1;25;0;0;1.0;0.0;1.25;8;25.0;0;0.0;0.0;0.0;0.0;15608;Hash;12;Inner;;0;1;1;0;1.0;1.06;1.06;4;0.0;0;0.225;0.225;0.0;0.0;15606;Hash Join;11;Outer;;0;5;25;1;0.2;1.07;2.4;4;0.0;0
Q8_5_seed_32816124;15623;Hash Join;7;Outer;;0;29497;147487;12500;1.599978303172483e-05;4743.09;38813.14;8;0.0;0;39.263;216.569;15630;Seq Scan;12;Outer;;1;25;0;0;1.0;0.0;1.25;8;25.0;0;0.0;0.0;0.0;0.0;15631;Hash;12;Inner;;0;1;1;0;1.0;1.06;1.06;4;0.0;0;0.208;0.208;0.0;0.0;15629;Hash Join;11;Outer;;0;5;25;1;0.2;1.07;2.4;4;0.0;0
Q8_60_seed_484037829;15646;Hash Join;7;Outer;;0;29497;147487;12500;1.599978303172483e-05;4743.09;38813.14;8;0.0;0;37.897;214.506;15653;Seq Scan;12;Outer;;1;25;0;0;1.0;0.0;1.25;8;25.0;0;0.0;0.0;0.0;0.0;15654;Hash;12;Inner;;0;1;1;0;1.0;1.06;1.06;4;0.0;0;0.175;0.175;0.0;0.0;15652;Hash Join;11;Outer;;0;5;25;1;0.2;1.07;2.4;4;0.0;0
Q8_62_seed_500445891;15692;Hash Join;7;Outer;;0;29497;147487;12500;1.599978303172483e-05;4743.09;38813.14;8;0.0;0;40.805;223.248;15699;Seq Scan;12;Outer;;1;25;0;0;1.0;0.0;1.25;8;25.0;0;0.0;0.0;0.0;0.0;15700;Hash;12;Inner;;0;1;1;0;1.0;1.06;1.06;4;0.0;0;0.203;0.204;0.0;0.0;15698;Hash Join;11;Outer;;0;5;25;1;0.2;1.07;2.4;4;0.0;0
Q8_63_seed_508649922;15715;Hash Join;7;Outer;;0;29497;147487;12500;1.599978303172483e-05;4743.09;38813.14;8;0.0;0;37.297;213.315;15722;Seq Scan;12;Outer;;1;25;0;0;1.0;0.0;1.25;8;25.0;0;0.0;0.0;0.0;0.0;15723;Hash;12;Inner;;0;1;1;0;1.0;1.06;1.06;4;0.0;0;0.152;0.152;0.0;0.0;15721;Hash Join;11;Outer;;0;5;25;1;0.2;1.07;2.4;4;0.0;0
Q8_64_seed_516853953;15738;Hash Join;7;Outer;;0;29497;147487;12500;1.599978303172483e-05;4743.09;38813.14;8;0.0;0;39.315;216.879;15745;Seq Scan;12;Outer;;1;25;0;0;1.0;0.0;1.25;8;25.0;0;0.0;0.0;0.0;0.0;15746;Hash;12;Inner;;0;1;1;0;1.0;1.06;1.06;4;0.0;0;0.121;0.122;0.0;0.0;15744;Hash Join;11;Outer;;0;5;25;1;0.2;1.07;2.4;4;0.0;0
Q8_65_seed_525057984;15761;Hash Join;7;Outer;;0;29497;147487;12500;1.599978303172483e-05;4743.09;38813.14;8;0.0;0;38.495;215.266;15768;Seq Scan;12;Outer;;1;25;0;0;1.0;0.0;1.25;8;25.0;0;0.0;0.0;0.0;0.0;15769;Hash;12;Inner;;0;1;1;0;1.0;1.06;1.06;4;0.0;0;0.22;0.22;0.0;0.0;15767;Hash Join;11;Outer;;0;5;25;1;0.2;1.07;2.4;4;0.0;0
Q8_66_seed_533262015;15784;Hash Join;7;Outer;;0;29497;147487;12500;1.599978303172483e-05;4743.09;38813.14;8;0.0;0;34.996;212.533;15791;Seq Scan;12;Outer;;1;25;0;0;1.0;0.0;1.25;8;25.0;0;0.0;0.0;0.0;0.0;15792;Hash;12;Inner;;0;1;1;0;1.0;1.06;1.06;4;0.0;0;0.079;0.079;0.0;0.0;15790;Hash Join;11;Outer;;0;5;25;1;0.2;1.07;2.4;4;0.0;0
Q8_68_seed_549670077;15830;Hash Join;7;Outer;;0;29497;147487;12500;1.599978303172483e-05;4743.09;38813.14;8;0.0;0;36.896;214.056;15837;Seq Scan;12;Outer;;1;25;0;0;1.0;0.0;1.25;8;25.0;0;0.0;0.0;0.0;0.0;15838;Hash;12;Inner;;0;1;1;0;1.0;1.06;1.06;4;0.0;0;0.196;0.196;0.0;0.0;15836;Hash Join;11;Outer;;0;5;25;1;0.2;1.07;2.4;4;0.0;0
Q8_69_seed_557874108;15853;Hash Join;7;Outer;;0;29497;147487;12500;1.599978303172483e-05;4743.09;38813.14;8;0.0;0;32.99;204.567;15860;Seq Scan;12;Outer;;1;25;0;0;1.0;0.0;1.25;8;25.0;0;0.0;0.0;0.0;0.0;15861;Hash;12;Inner;;0;1;1;0;1.0;1.06;1.06;4;0.0;0;0.056;0.056;0.0;0.0;15859;Hash Join;11;Outer;;0;5;25;1;0.2;1.07;2.4;4;0.0;0
Q8_6_seed_41020155;15876;Hash Join;7;Outer;;0;29497;147487;12500;1.599978303172483e-05;4743.09;38813.14;8;0.0;0;37.645;214.492;15883;Seq Scan;12;Outer;;1;25;0;0;1.0;0.0;1.25;8;25.0;0;0.0;0.0;0.0;0.0;15884;Hash;12;Inner;;0;1;1;0;1.0;1.06;1.06;4;0.0;0;0.138;0.139;0.0;0.0;15882;Hash Join;11;Outer;;0;5;25;1;0.2;1.07;2.4;4;0.0;0
Q8_70_seed_566078139;15899;Hash Join;7;Outer;;0;29497;147487;12500;1.599978303172483e-05;4743.09;38813.14;8;0.0;0;35.151;213.333;15906;Seq Scan;12;Outer;;1;25;0;0;1.0;0.0;1.25;8;25.0;0;0.0;0.0;0.0;0.0;15907;Hash;12;Inner;;0;1;1;0;1.0;1.06;1.06;4;0.0;0;0.293;0.293;0.0;0.0;15905;Hash Join;11;Outer;;0;5;25;1;0.2;1.07;2.4;4;0.0;0
Q8_71_seed_574282170;15922;Hash Join;7;Outer;;0;29497;147487;12500;1.599978303172483e-05;4743.09;38813.14;8;0.0;0;36.922;214.272;15929;Seq Scan;12;Outer;;1;25;0;0;1.0;0.0;1.25;8;25.0;0;0.0;0.0;0.0;0.0;15930;Hash;12;Inner;;0;1;1;0;1.0;1.06;1.06;4;0.0;0;0.267;0.267;0.0;0.0;15928;Hash Join;11;Outer;;0;5;25;1;0.2;1.07;2.4;4;0.0;0
Q8_72_seed_582486201;15945;Hash Join;7;Outer;;0;29497;147487;12500;1.599978303172483e-05;4743.09;38813.14;8;0.0;0;35.102;209.949;15952;Seq Scan;12;Outer;;1;25;0;0;1.0;0.0;1.25;8;25.0;0;0.0;0.0;0.0;0.0;15953;Hash;12;Inner;;0;1;1;0;1.0;1.06;1.06;4;0.0;0;0.067;0.067;0.0;0.0;15951;Hash Join;11;Outer;;0;5;25;1;0.2;1.07;2.4;4;0.0;0
Q8_73_seed_590690232;15968;Hash Join;7;Outer;;0;29497;147487;12500;1.599978303172483e-05;4743.09;38813.14;8;0.0;0;36.086;215.809;15975;Seq Scan;12;Outer;;1;25;0;0;1.0;0.0;1.25;8;25.0;0;0.0;0.0;0.0;0.0;15976;Hash;12;Inner;;0;1;1;0;1.0;1.06;1.06;4;0.0;0;0.142;0.142;0.0;0.0;15974;Hash Join;11;Outer;;0;5;25;1;0.2;1.07;2.4;4;0.0;0
Q8_74_seed_598894263;15991;Hash Join;7;Outer;;0;29497;147487;12500;1.599978303172483e-05;4743.09;38813.14;8;0.0;0;36.047;221.02;15998;Seq Scan;12;Outer;;1;25;0;0;1.0;0.0;1.25;8;25.0;0;0.0;0.0;0.0;0.0;15999;Hash;12;Inner;;0;1;1;0;1.0;1.06;1.06;4;0.0;0;0.137;0.137;0.0;0.0;15997;Hash Join;11;Outer;;0;5;25;1;0.2;1.07;2.4;4;0.0;0
Q8_75_seed_607098294;16014;Hash Join;7;Outer;;0;29497;147487;12500;1.599978303172483e-05;4743.09;38813.14;8;0.0;0;32.036;205.912;16021;Seq Scan;12;Outer;;1;25;0;0;1.0;0.0;1.25;8;25.0;0;0.0;0.0;0.0;0.0;16022;Hash;12;Inner;;0;1;1;0;1.0;1.06;1.06;4;0.0;0;0.147;0.148;0.0;0.0;16020;Hash Join;11;Outer;;0;5;25;1;0.2;1.07;2.4;4;0.0;0
Q8_76_seed_615302325;16037;Hash Join;7;Outer;;0;29497;147487;12500;1.599978303172483e-05;4743.09;38813.14;8;0.0;0;39.312;218.567;16044;Seq Scan;12;Outer;;1;25;0;0;1.0;0.0;1.25;8;25.0;0;0.0;0.0;0.0;0.0;16045;Hash;12;Inner;;0;1;1;0;1.0;1.06;1.06;4;0.0;0;0.108;0.109;0.0;0.0;16043;Hash Join;11;Outer;;0;5;25;1;0.2;1.07;2.4;4;0.0;0
Q8_77_seed_623506356;16060;Hash Join;7;Outer;;0;29497;147487;12500;1.599978303172483e-05;4743.09;38813.14;8;0.0;0;37.233;216.198;16067;Seq Scan;12;Outer;;1;25;0;0;1.0;0.0;1.25;8;25.0;0;0.0;0.0;0.0;0.0;16068;Hash;12;Inner;;0;1;1;0;1.0;1.06;1.06;4;0.0;0;0.051;0.052;0.0;0.0;16066;Hash Join;11;Outer;;0;5;25;1;0.2;1.07;2.4;4;0.0;0
Q8_78_seed_631710387;16083;Hash Join;7;Outer;;0;29497;147487;12500;1.599978303172483e-05;4743.09;38813.14;8;0.0;0;35.877;212.192;16090;Seq Scan;12;Outer;;1;25;0;0;1.0;0.0;1.25;8;25.0;0;0.0;0.0;0.0;0.0;16091;Hash;12;Inner;;0;1;1;0;1.0;1.06;1.06;4;0.0;0;0.144;0.144;0.0;0.0;16089;Hash Join;11;Outer;;0;5;25;1;0.2;1.07;2.4;4;0.0;0
Q8_79_seed_639914418;16106;Hash Join;7;Outer;;0;29497;147487;12500;1.599978303172483e-05;4743.09;38813.14;8;0.0;0;33.797;207.091;16113;Seq Scan;12;Outer;;1;25;0;0;1.0;0.0;1.25;8;25.0;0;0.0;0.0;0.0;0.0;16114;Hash;12;Inner;;0;1;1;0;1.0;1.06;1.06;4;0.0;0;0.126;0.126;0.0;0.0;16112;Hash Join;11;Outer;;0;5;25;1;0.2;1.07;2.4;4;0.0;0
Q8_7_seed_49224186;16129;Hash Join;7;Outer;;0;29497;147487;12500;1.599978303172483e-05;4743.09;38813.14;8;0.0;0;33.197;206.486;16136;Seq Scan;12;Outer;;1;25;0;0;1.0;0.0;1.25;8;25.0;0;0.0;0.0;0.0;0.0;16137;Hash;12;Inner;;0;1;1;0;1.0;1.06;1.06;4;0.0;0;0.182;0.183;0.0;0.0;16135;Hash Join;11;Outer;;0;5;25;1;0.2;1.07;2.4;4;0.0;0
Q8_80_seed_648118449;16152;Hash Join;7;Outer;;0;29497;147487;12500;1.599978303172483e-05;4743.09;38813.14;8;0.0;0;34.293;208.369;16159;Seq Scan;12;Outer;;1;25;0;0;1.0;0.0;1.25;8;25.0;0;0.0;0.0;0.0;0.0;16160;Hash;12;Inner;;0;1;1;0;1.0;1.06;1.06;4;0.0;0;0.212;0.213;0.0;0.0;16158;Hash Join;11;Outer;;0;5;25;1;0.2;1.07;2.4;4;0.0;0
Q8_81_seed_656322480;16175;Hash Join;7;Outer;;0;29497;147487;12500;1.599978303172483e-05;4743.09;38813.14;8;0.0;0;36.853;212.491;16182;Seq Scan;12;Outer;;1;25;0;0;1.0;0.0;1.25;8;25.0;0;0.0;0.0;0.0;0.0;16183;Hash;12;Inner;;0;1;1;0;1.0;1.06;1.06;4;0.0;0;0.201;0.202;0.0;0.0;16181;Hash Join;11;Outer;;0;5;25;1;0.2;1.07;2.4;4;0.0;0
Q8_82_seed_664526511;16198;Hash Join;7;Outer;;0;29497;147487;12500;1.599978303172483e-05;4743.09;38813.14;8;0.0;0;38.506;213.716;16205;Seq Scan;12;Outer;;1;25;0;0;1.0;0.0;1.25;8;25.0;0;0.0;0.0;0.0;0.0;16206;Hash;12;Inner;;0;1;1;0;1.0;1.06;1.06;4;0.0;0;0.058;0.058;0.0;0.0;16204;Hash Join;11;Outer;;0;5;25;1;0.2;1.07;2.4;4;0.0;0
Q8_83_seed_672730542;16221;Hash Join;7;Outer;;0;29497;147487;12500;1.599978303172483e-05;4743.09;38813.14;8;0.0;0;39.32;218.699;16228;Seq Scan;12;Outer;;1;25;0;0;1.0;0.0;1.25;8;25.0;0;0.0;0.0;0.0;0.0;16229;Hash;12;Inner;;0;1;1;0;1.0;1.06;1.06;4;0.0;0;0.202;0.202;0.0;0.0;16227;Hash Join;11;Outer;;0;5;25;1;0.2;1.07;2.4;4;0.0;0
Q8_84_seed_680934573;16244;Hash Join;7;Outer;;0;29497;147487;12500;1.599978303172483e-05;4743.09;38813.14;8;0.0;0;32.479;207.507;16251;Seq Scan;12;Outer;;1;25;0;0;1.0;0.0;1.25;8;25.0;0;0.0;0.0;0.0;0.0;16252;Hash;12;Inner;;0;1;1;0;1.0;1.06;1.06;4;0.0;0;0.15;0.15;0.0;0.0;16250;Hash Join;11;Outer;;0;5;25;1;0.2;1.07;2.4;4;0.0;0
Q8_87_seed_705546666;16313;Hash Join;7;Outer;;0;29497;147487;12500;1.599978303172483e-05;4743.09;38813.14;8;0.0;0;36.622;212.232;16320;Seq Scan;12;Outer;;1;25;0;0;1.0;0.0;1.25;8;25.0;0;0.0;0.0;0.0;0.0;16321;Hash;12;Inner;;0;1;1;0;1.0;1.06;1.06;4;0.0;0;0.248;0.248;0.0;0.0;16319;Hash Join;11;Outer;;0;5;25;1;0.2;1.07;2.4;4;0.0;0
Q8_8_seed_57428217;16382;Hash Join;7;Outer;;0;29497;147487;12500;1.599978303172483e-05;4743.09;38813.14;8;0.0;0;38.561;213.596;16389;Seq Scan;12;Outer;;1;25;0;0;1.0;0.0;1.25;8;25.0;0;0.0;0.0;0.0;0.0;16390;Hash;12;Inner;;0;1;1;0;1.0;1.06;1.06;4;0.0;0;0.207;0.207;0.0;0.0;16388;Hash Join;11;Outer;;0;5;25;1;0.2;1.07;2.4;4;0.0;0
Q8_90_seed_730158759;16405;Hash Join;7;Outer;;0;29497;147487;12500;1.599978303172483e-05;4743.09;38813.14;8;0.0;0;33.287;209.127;16412;Seq Scan;12;Outer;;1;25;0;0;1.0;0.0;1.25;8;25.0;0;0.0;0.0;0.0;0.0;16413;Hash;12;Inner;;0;1;1;0;1.0;1.06;1.06;4;0.0;0;0.209;0.209;0.0;0.0;16411;Hash Join;11;Outer;;0;5;25;1;0.2;1.07;2.4;4;0.0;0
Q8_91_seed_738362790;16428;Hash Join;7;Outer;;0;29497;147487;12500;1.599978303172483e-05;4743.09;38813.14;8;0.0;0;37.647;218.047;16435;Seq Scan;12;Outer;;1;25;0;0;1.0;0.0;1.25;8;25.0;0;0.0;0.0;0.0;0.0;16436;Hash;12;Inner;;0;1;1;0;1.0;1.06;1.06;4;0.0;0;0.223;0.223;0.0;0.0;16434;Hash Join;11;Outer;;0;5;25;1;0.2;1.07;2.4;4;0.0;0
Q8_92_seed_746566821;16451;Hash Join;7;Outer;;0;29497;147487;12500;1.599978303172483e-05;4743.09;38813.14;8;0.0;0;37.216;210.788;16458;Seq Scan;12;Outer;;1;25;0;0;1.0;0.0;1.25;8;25.0;0;0.0;0.0;0.0;0.0;16459;Hash;12;Inner;;0;1;1;0;1.0;1.06;1.06;4;0.0;0;0.168;0.169;0.0;0.0;16457;Hash Join;11;Outer;;0;5;25;1;0.2;1.07;2.4;4;0.0;0
Q8_93_seed_754770852;16474;Hash Join;7;Outer;;0;29497;147487;12500;1.599978303172483e-05;4743.09;38813.14;8;0.0;0;33.23;209.643;16481;Seq Scan;12;Outer;;1;25;0;0;1.0;0.0;1.25;8;25.0;0;0.0;0.0;0.0;0.0;16482;Hash;12;Inner;;0;1;1;0;1.0;1.06;1.06;4;0.0;0;0.2;0.2;0.0;0.0;16480;Hash Join;11;Outer;;0;5;25;1;0.2;1.07;2.4;4;0.0;0
Q8_94_seed_762974883;16497;Hash Join;7;Outer;;0;29497;147487;12500;1.599978303172483e-05;4743.09;38813.14;8;0.0;0;36.243;214.61;16504;Seq Scan;12;Outer;;1;25;0;0;1.0;0.0;1.25;8;25.0;0;0.0;0.0;0.0;0.0;16505;Hash;12;Inner;;0;1;1;0;1.0;1.06;1.06;4;0.0;0;0.057;0.057;0.0;0.0;16503;Hash Join;11;Outer;;0;5;25;1;0.2;1.07;2.4;4;0.0;0
Q8_95_seed_771178914;16520;Hash Join;7;Outer;;0;29497;147487;12500;1.599978303172483e-05;4743.09;38813.14;8;0.0;0;37.337;216.663;16527;Seq Scan;12;Outer;;1;25;0;0;1.0;0.0;1.25;8;25.0;0;0.0;0.0;0.0;0.0;16528;Hash;12;Inner;;0;1;1;0;1.0;1.06;1.06;4;0.0;0;0.197;0.197;0.0;0.0;16526;Hash Join;11;Outer;;0;5;25;1;0.2;1.07;2.4;4;0.0;0
Q8_96_seed_779382945;16543;Hash Join;7;Outer;;0;29497;147487;12500;1.599978303172483e-05;4743.09;38813.14;8;0.0;0;35.785;212.819;16550;Seq Scan;12;Outer;;1;25;0;0;1.0;0.0;1.25;8;25.0;0;0.0;0.0;0.0;0.0;16551;Hash;12;Inner;;0;1;1;0;1.0;1.06;1.06;4;0.0;0;0.079;0.079;0.0;0.0;16549;Hash Join;11;Outer;;0;5;25;1;0.2;1.07;2.4;4;0.0;0
Q8_97_seed_787586976;16566;Hash Join;7;Outer;;0;29497;147487;12500;1.599978303172483e-05;4743.09;38813.14;8;0.0;0;42.088;216.152;16573;Seq Scan;12;Outer;;1;25;0;0;1.0;0.0;1.25;8;25.0;0;0.0;0.0;0.0;0.0;16574;Hash;12;Inner;;0;1;1;0;1.0;1.06;1.06;4;0.0;0;0.349;0.349;0.0;0.0;16572;Hash Join;11;Outer;;0;5;25;1;0.2;1.07;2.4;4;0.0;0
Q8_99_seed_803995038;16612;Hash Join;7;Outer;;0;29497;147487;12500;1.599978303172483e-05;4743.09;38813.14;8;0.0;0;35.075;217.895;16619;Seq Scan;12;Outer;;1;25;0;0;1.0;0.0;1.25;8;25.0;0;0.0;0.0;0.0;0.0;16620;Hash;12;Inner;;0;1;1;0;1.0;1.06;1.06;4;0.0;0;0.212;0.213;0.0;0.0;16618;Hash Join;11;Outer;;0;5;25;1;0.2;1.07;2.4;4;0.0;0
Q8_9_seed_65632248;16635;Hash Join;7;Outer;;0;29497;147487;12500;1.599978303172483e-05;4743.09;38813.14;8;0.0;0;38.776;217.5;16642;Seq Scan;12;Outer;;1;25;0;0;1.0;0.0;1.25;8;25.0;0;0.0;0.0;0.0;0.0;16643;Hash;12;Inner;;0;1;1;0;1.0;1.06;1.06;4;0.0;0;0.595;0.595;0.0;0.0;16641;Hash Join;11;Outer;;0;5;25;1;0.2;1.07;2.4;4;0.0;0
