query_file;Aggregate_node_id;Aggregate_node_type;Aggregate_depth;Aggregate_parent_relationship;Aggregate_subplan_name;Aggregate_np;Aggregate_nt;Aggregate_nt1;Aggregate_nt2;Aggregate_sel;Aggregate_startup_cost;Aggregate_total_cost;Aggregate_plan_width;Aggregate_reltuples;Aggregate_parallel_workers;actual_startup_time;actual_total_time;GatherMerge_Outer_node_id;GatherMerge_Outer_node_type;GatherMerge_Outer_depth;GatherMerge_Outer_parent_relationship;GatherMerge_Outer_subplan_name;GatherMerge_Outer_np;GatherMerge_Outer_nt;GatherMerge_Outer_nt1;GatherMerge_Outer_nt2;GatherMerge_Outer_sel;GatherMerge_Outer_startup_cost;GatherMerge_Outer_total_cost;GatherMerge_Outer_plan_width;GatherMerge_Outer_reltuples;GatherMerge_Outer_parallel_workers;Aggregate_Outer_node_id;Aggregate_Outer_node_type;Aggregate_Outer_depth;Aggregate_Outer_parent_relationship;Aggregate_Outer_subplan_name;Aggregate_Outer_np;Aggregate_Outer_nt;Aggregate_Outer_nt1;Aggregate_Outer_nt2;Aggregate_Outer_sel;Aggregate_Outer_startup_cost;Aggregate_Outer_total_cost;Aggregate_Outer_plan_width;Aggregate_Outer_reltuples;Aggregate_Outer_parallel_workers;Sort_Outer_node_id;Sort_Outer_node_type;Sort_Outer_depth;Sort_Outer_parent_relationship;Sort_Outer_subplan_name;Sort_Outer_np;Sort_Outer_nt;Sort_Outer_nt1;Sort_Outer_nt2;Sort_Outer_sel;Sort_Outer_startup_cost;Sort_Outer_total_cost;Sort_Outer_plan_width;Sort_Outer_reltuples;Sort_Outer_parallel_workers;HashJoin_Outer_node_id;HashJoin_Outer_node_type;HashJoin_Outer_depth;HashJoin_Outer_parent_relationship;HashJoin_Outer_subplan_name;HashJoin_Outer_np;HashJoin_Outer_nt;HashJoin_Outer_nt1;HashJoin_Outer_nt2;HashJoin_Outer_sel;HashJoin_Outer_startup_cost;HashJoin_Outer_total_cost;HashJoin_Outer_plan_width;HashJoin_Outer_reltuples;HashJoin_Outer_parallel_workers;HashJoin_Outer_st1;HashJoin_Outer_rt1;HashJoin_Outer_st2;HashJoin_Outer_rt2
Q5_101_seed_820403100;6922;Aggregate;1;Outer;;0;25;75;0;0.3333333333333333;57960.2;57999.73;136;0.0;0;1060.844;1063.102;6923;Gather Merge;2;Outer;;0;75;25;0;3.0;57960.2;57998.85;136;0.0;3;6924;Aggregate;3;Outer;;0;25;2362;0;0.010584250635055;56960.16;56990.0;136;0.0;0;6925;Sort;4;Outer;;0;2362;2362;0;1.0;56960.16;56966.07;116;0.0;0;6926;Hash Join;5;Outer;;0;2362;59037;10000;4.0008808035638665e-06;5216.52;56827.82;116;0.0;0;36.051;1045.553;3.722;3.722
Q5_102_seed_828607131;6942;Aggregate;1;Outer;;0;25;75;0;0.3333333333333333;57870.66;57909.89;136;0.0;0;1065.104;1067.267;6943;Gather Merge;2;Outer;;0;75;25;0;3.0;57870.66;57909.01;136;0.0;3;6944;Aggregate;3;Outer;;0;25;2338;0;0.0106928999144568;56870.62;56900.16;136;0.0;0;6945;Sort;4;Outer;;0;2338;2338;0;1.0;56870.62;56876.47;116;0.0;0;6946;Hash Join;5;Outer;;0;2338;58459;10000;3.999384183786928e-06;5216.52;56739.8;116;0.0;0;36.84;1050.07;3.456;3.456
Q5_103_seed_836811162;6962;Aggregate;1;Outer;;0;25;75;0;0.3333333333333333;57960.2;57999.73;136;0.0;0;1081.209;1083.318;6963;Gather Merge;2;Outer;;0;75;25;0;3.0;57960.2;57998.85;136;0.0;3;6964;Aggregate;3;Outer;;0;25;2362;0;0.010584250635055;56960.16;56990.0;136;0.0;0;6965;Sort;4;Outer;;0;2362;2362;0;1.0;56960.16;56966.07;116;0.0;0;6966;Hash Join;5;Outer;;0;2362;59037;10000;4.0008808035638665e-06;5216.52;56827.82;116;0.0;0;38.455;1066.686;2.753;2.753
Q5_104_seed_845015193;6982;Aggregate;1;Outer;;0;25;75;0;0.3333333333333333;57870.66;57909.89;136;0.0;0;1071.24;1073.502;6983;Gather Merge;2;Outer;;0;75;25;0;3.0;57870.66;57909.01;136;0.0;3;6984;Aggregate;3;Outer;;0;25;2338;0;0.0106928999144568;56870.62;56900.16;136;0.0;0;6985;Sort;4;Outer;;0;2338;2338;0;1.0;56870.62;56876.47;116;0.0;0;6986;Hash Join;5;Outer;;0;2338;58459;10000;3.999384183786928e-06;5216.52;56739.8;116;0.0;0;37.985;1057.074;2.508;2.508
Q5_105_seed_853219224;7002;Aggregate;1;Outer;;0;25;75;0;0.3333333333333333;57960.2;57999.73;136;0.0;0;1067.223;1068.893;7003;Gather Merge;2;Outer;;0;75;25;0;3.0;57960.2;57998.85;136;0.0;3;7004;Aggregate;3;Outer;;0;25;2362;0;0.010584250635055;56960.16;56990.0;136;0.0;0;7005;Sort;4;Outer;;0;2362;2362;0;1.0;56960.16;56966.07;116;0.0;0;7006;Hash Join;5;Outer;;0;2362;59037;10000;4.0008808035638665e-06;5216.52;56827.82;116;0.0;0;35.329;1050.645;3.772;3.772
Q5_106_seed_861423255;7022;Aggregate;1;Outer;;0;25;75;0;0.3333333333333333;57870.66;57909.89;136;0.0;0;1091.305;1091.678;7023;Gather Merge;2;Outer;;0;75;25;0;3.0;57870.66;57909.01;136;0.0;3;7024;Aggregate;3;Outer;;0;25;2338;0;0.0106928999144568;56870.62;56900.16;136;0.0;0;7025;Sort;4;Outer;;0;2338;2338;0;1.0;56870.62;56876.47;116;0.0;0;7026;Hash Join;5;Outer;;0;2338;58459;10000;3.999384183786928e-06;5216.52;56739.8;116;0.0;0;35.409;1072.261;5.307;5.307
Q5_107_seed_869627286;7042;Aggregate;1;Outer;;0;25;75;0;0.3333333333333333;57960.2;57999.73;136;0.0;0;1041.134;1043.167;7043;Gather Merge;2;Outer;;0;75;25;0;3.0;57960.2;57998.85;136;0.0;3;7044;Aggregate;3;Outer;;0;25;2362;0;0.010584250635055;56960.16;56990.0;136;0.0;0;7045;Sort;4;Outer;;0;2362;2362;0;1.0;56960.16;56966.07;116;0.0;0;7046;Hash Join;5;Outer;;0;2362;59037;10000;4.0008808035638665e-06;5216.52;56827.82;116;0.0;0;32.212;1026.513;2.726;2.726
Q5_109_seed_886035348;7082;Aggregate;1;Outer;;0;25;75;0;0.3333333333333333;57960.2;57999.73;136;0.0;0;1056.648;1058.753;7083;Gather Merge;2;Outer;;0;75;25;0;3.0;57960.2;57998.85;136;0.0;3;7084;Aggregate;3;Outer;;0;25;2362;0;0.010584250635055;56960.16;56990.0;136;0.0;0;7085;Sort;4;Outer;;0;2362;2362;0;1.0;56960.16;56966.07;116;0.0;0;7086;Hash Join;5;Outer;;0;2362;59037;10000;4.0008808035638665e-06;5216.52;56827.82;116;0.0;0;39.398;1041.678;3.213;3.213
Q5_10_seed_73836279;7102;Aggregate;1;Outer;;0;25;75;0;0.3333333333333333;57870.66;57909.89;136;0.0;0;1053.235;1055.371;7103;Gather Merge;2;Outer;;0;75;25;0;3.0;57870.66;57909.01;136;0.0;3;7104;Aggregate;3;Outer;;0;25;2338;0;0.0106928999144568;56870.62;56900.16;136;0.0;0;7105;Sort;4;Outer;;0;2338;2338;0;1.0;56870.62;56876.47;116;0.0;0;7106;Hash Join;5;Outer;;0;2338;58459;10000;3.999384183786928e-06;5216.52;56739.8;116;0.0;0;36.227;1037.949;3.95;3.95
Q5_110_seed_894239379;7122;Aggregate;1;Outer;;0;25;75;0;0.3333333333333333;57891.66;57930.96;136;0.0;0;1059.737;1060.756;7123;Gather Merge;2;Outer;;0;75;25;0;3.0;57891.66;57930.08;136;0.0;3;7124;Aggregate;3;Outer;;0;25;2344;0;0.0106655290102389;56891.62;56921.23;136;0.0;0;7125;Sort;4;Outer;;0;2344;2344;0;1.0;56891.62;56897.48;116;0.0;0;7126;Hash Join;5;Outer;;0;2344;58597;10000;4.000204788641057e-06;5216.52;56760.42;116;0.0;0;31.858;1041.342;6.3;6.3
Q5_111_seed_902443410;7142;Aggregate;1;Outer;;0;25;75;0;0.3333333333333333;57960.2;57999.73;136;0.0;0;1112.473;1114.495;7143;Gather Merge;2;Outer;;0;75;25;0;3.0;57960.2;57998.85;136;0.0;3;7144;Aggregate;3;Outer;;0;25;2362;0;0.010584250635055;56960.16;56990.0;136;0.0;0;7145;Sort;4;Outer;;0;2362;2362;0;1.0;56960.16;56966.07;116;0.0;0;7146;Hash Join;5;Outer;;0;2362;59037;10000;4.0008808035638665e-06;5216.52;56827.82;116;0.0;0;32.542;1097.785;3.256;3.256
Q5_112_seed_910647441;7162;Aggregate;1;Outer;;0;25;75;0;0.3333333333333333;57891.66;57930.96;136;0.0;0;1059.959;1062.231;7163;Gather Merge;2;Outer;;0;75;25;0;3.0;57891.66;57930.08;136;0.0;3;7164;Aggregate;3;Outer;;0;25;2344;0;0.0106655290102389;56891.62;56921.23;136;0.0;0;7165;Sort;4;Outer;;0;2344;2344;0;1.0;56891.62;56897.48;116;0.0;0;7166;Hash Join;5;Outer;;0;2344;58597;10000;4.000204788641057e-06;5216.52;56760.42;116;0.0;0;34.365;1043.738;4.598;4.598
Q5_114_seed_927055503;7202;Aggregate;1;Outer;;0;25;75;0;0.3333333333333333;57891.66;57930.96;136;0.0;0;1081.963;1084.281;7203;Gather Merge;2;Outer;;0;75;25;0;3.0;57891.66;57930.08;136;0.0;3;7204;Aggregate;3;Outer;;0;25;2344;0;0.0106655290102389;56891.62;56921.23;136;0.0;0;7205;Sort;4;Outer;;0;2344;2344;0;1.0;56891.62;56897.48;116;0.0;0;7206;Hash Join;5;Outer;;0;2344;58597;10000;4.000204788641057e-06;5216.52;56760.42;116;0.0;0;33.982;1067.078;3.136;3.136
Q5_115_seed_935259534;7222;Aggregate;1;Outer;;0;25;75;0;0.3333333333333333;57960.2;57999.73;136;0.0;0;1047.298;1049.394;7223;Gather Merge;2;Outer;;0;75;25;0;3.0;57960.2;57998.85;136;0.0;3;7224;Aggregate;3;Outer;;0;25;2362;0;0.010584250635055;56960.16;56990.0;136;0.0;0;7225;Sort;4;Outer;;0;2362;2362;0;1.0;56960.16;56966.07;116;0.0;0;7226;Hash Join;5;Outer;;0;2362;59037;10000;4.0008808035638665e-06;5216.52;56827.82;116;0.0;0;33.067;1030.845;4.053;4.053
Q5_116_seed_943463565;7242;Aggregate;1;Outer;;0;25;75;0;0.3333333333333333;57891.66;57930.96;136;0.0;0;1065.782;1067.865;7243;Gather Merge;2;Outer;;0;75;25;0;3.0;57891.66;57930.08;136;0.0;3;7244;Aggregate;3;Outer;;0;25;2344;0;0.0106655290102389;56891.62;56921.23;136;0.0;0;7245;Sort;4;Outer;;0;2344;2344;0;1.0;56891.62;56897.48;116;0.0;0;7246;Hash Join;5;Outer;;0;2344;58597;10000;4.000204788641057e-06;5216.52;56760.42;116;0.0;0;36.505;1050.771;3.673;3.673
Q5_117_seed_951667596;7262;Aggregate;1;Outer;;0;25;75;0;0.3333333333333333;57960.2;57999.73;136;0.0;0;1066.377;1068.364;7263;Gather Merge;2;Outer;;0;75;25;0;3.0;57960.2;57998.85;136;0.0;3;7264;Aggregate;3;Outer;;0;25;2362;0;0.010584250635055;56960.16;56990.0;136;0.0;0;7265;Sort;4;Outer;;0;2362;2362;0;1.0;56960.16;56966.07;116;0.0;0;7266;Hash Join;5;Outer;;0;2362;59037;10000;4.0008808035638665e-06;5216.52;56827.82;116;0.0;0;38.458;1049.318;2.652;2.652
Q5_118_seed_959871627;7282;Aggregate;1;Outer;;0;25;75;0;0.3333333333333333;57891.66;57930.96;136;0.0;0;1055.432;1057.507;7283;Gather Merge;2;Outer;;0;75;25;0;3.0;57891.66;57930.08;136;0.0;3;7284;Aggregate;3;Outer;;0;25;2344;0;0.0106655290102389;56891.62;56921.23;136;0.0;0;7285;Sort;4;Outer;;0;2344;2344;0;1.0;56891.62;56897.48;116;0.0;0;7286;Hash Join;5;Outer;;0;2344;58597;10000;4.000204788641057e-06;5216.52;56760.42;116;0.0;0;35.581;1040.874;2.729;2.729
Q5_119_seed_968075658;7302;Aggregate;1;Outer;;0;25;75;0;0.3333333333333333;58040.55;58080.32;136;0.0;0;1062.234;1064.622;7303;Gather Merge;2;Outer;;0;75;25;0;3.0;58040.55;58079.45;136;0.0;3;7304;Aggregate;3;Outer;;0;25;2382;0;0.0104953820319059;57040.51;57070.59;136;0.0;0;7305;Sort;4;Outer;;0;2382;2382;0;1.0;57040.51;57046.46;116;0.0;0;7306;Hash Join;5;Outer;;0;2382;59546;10000;4.000268699828704e-06;5216.52;56906.9;116;0.0;0;38.073;1047.544;3.749;3.749
Q5_11_seed_82040310;7322;Aggregate;1;Outer;;0;25;75;0;0.3333333333333333;57960.2;57999.73;136;0.0;0;1068.229;1070.326;7323;Gather Merge;2;Outer;;0;75;25;0;3.0;57960.2;57998.85;136;0.0;3;7324;Aggregate;3;Outer;;0;25;2362;0;0.010584250635055;56960.16;56990.0;136;0.0;0;7325;Sort;4;Outer;;0;2362;2362;0;1.0;56960.16;56966.07;116;0.0;0;7326;Hash Join;5;Outer;;0;2362;59037;10000;4.0008808035638665e-06;5216.52;56827.82;116;0.0;0;39.581;1052.13;4.488;4.488
Q5_120_seed_976279689;7342;Aggregate;1;Outer;;0;25;75;0;0.3333333333333333;57891.66;57930.96;136;0.0;0;1058.864;1061.066;7343;Gather Merge;2;Outer;;0;75;25;0;3.0;57891.66;57930.08;136;0.0;3;7344;Aggregate;3;Outer;;0;25;2344;0;0.0106655290102389;56891.62;56921.23;136;0.0;0;7345;Sort;4;Outer;;0;2344;2344;0;1.0;56891.62;56897.48;116;0.0;0;7346;Hash Join;5;Outer;;0;2344;58597;10000;4.000204788641057e-06;5216.52;56760.42;116;0.0;0;35.01;1041.813;5.846;5.846
Q5_121_seed_984483720;7362;Aggregate;1;Outer;;0;25;75;0;0.3333333333333333;58040.55;58080.32;136;0.0;0;1072.29;1074.813;7363;Gather Merge;2;Outer;;0;75;25;0;3.0;58040.55;58079.45;136;0.0;3;7364;Aggregate;3;Outer;;0;25;2382;0;0.0104953820319059;57040.51;57070.59;136;0.0;0;7365;Sort;4;Outer;;0;2382;2382;0;1.0;57040.51;57046.46;116;0.0;0;7366;Hash Join;5;Outer;;0;2382;59546;10000;4.000268699828704e-06;5216.52;56906.9;116;0.0;0;35.927;1057.315;3.293;3.293
Q5_122_seed_992687751;7382;Aggregate;1;Outer;;0;25;75;0;0.3333333333333333;57891.66;57930.96;136;0.0;0;1065.165;1065.897;7383;Gather Merge;2;Outer;;0;75;25;0;3.0;57891.66;57930.08;136;0.0;3;7384;Aggregate;3;Outer;;0;25;2344;0;0.0106655290102389;56891.62;56921.23;136;0.0;0;7385;Sort;4;Outer;;0;2344;2344;0;1.0;56891.62;56897.48;116;0.0;0;7386;Hash Join;5;Outer;;0;2344;58597;10000;4.000204788641057e-06;5216.52;56760.42;116;0.0;0;35.249;1049.638;2.915;2.915
Q5_123_seed_1000891782;7402;Aggregate;1;Outer;;0;25;75;0;0.3333333333333333;58040.55;58080.32;136;0.0;0;1060.112;1062.303;7403;Gather Merge;2;Outer;;0;75;25;0;3.0;58040.55;58079.45;136;0.0;3;7404;Aggregate;3;Outer;;0;25;2382;0;0.0104953820319059;57040.51;57070.59;136;0.0;0;7405;Sort;4;Outer;;0;2382;2382;0;1.0;57040.51;57046.46;116;0.0;0;7406;Hash Join;5;Outer;;0;2382;59546;10000;4.000268699828704e-06;5216.52;56906.9;116;0.0;0;34.696;1044.48;3.484;3.484
Q5_124_seed_1009095813;7422;Aggregate;1;Outer;;0;25;75;0;0.3333333333333333;57891.66;57930.96;136;0.0;0;1042.718;1044.829;7423;Gather Merge;2;Outer;;0;75;25;0;3.0;57891.66;57930.08;136;0.0;3;7424;Aggregate;3;Outer;;0;25;2344;0;0.0106655290102389;56891.62;56921.23;136;0.0;0;7425;Sort;4;Outer;;0;2344;2344;0;1.0;56891.62;56897.48;116;0.0;0;7426;Hash Join;5;Outer;;0;2344;58597;10000;4.000204788641057e-06;5216.52;56760.42;116;0.0;0;32.143;1028.028;3.353;3.353
Q5_125_seed_1017299844;7442;Aggregate;1;Outer;;0;25;75;0;0.3333333333333333;58040.55;58080.32;136;0.0;0;1058.087;1060.115;7443;Gather Merge;2;Outer;;0;75;25;0;3.0;58040.55;58079.45;136;0.0;3;7444;Aggregate;3;Outer;;0;25;2382;0;0.0104953820319059;57040.51;57070.59;136;0.0;0;7445;Sort;4;Outer;;0;2382;2382;0;1.0;57040.51;57046.46;116;0.0;0;7446;Hash Join;5;Outer;;0;2382;59546;10000;4.000268699828704e-06;5216.52;56906.9;116;0.0;0;30.601;1040.823;5.539;5.54
Q5_128_seed_1041911937;7502;Aggregate;1;Outer;;0;25;75;0;0.3333333333333333;57891.66;57930.96;136;0.0;0;1071.739;1073.791;7503;Gather Merge;2;Outer;;0;75;25;0;3.0;57891.66;57930.08;136;0.0;3;7504;Aggregate;3;Outer;;0;25;2344;0;0.0106655290102389;56891.62;56921.23;136;0.0;0;7505;Sort;4;Outer;;0;2344;2344;0;1.0;56891.62;56897.48;116;0.0;0;7506;Hash Join;5;Outer;;0;2344;58597;10000;4.000204788641057e-06;5216.52;56760.42;116;0.0;0;38.088;1057.175;3.559;3.559
Q5_129_seed_1050115968;7522;Aggregate;1;Outer;;0;25;75;0;0.3333333333333333;58040.55;58080.32;136;0.0;0;1076.203;1078.282;7523;Gather Merge;2;Outer;;0;75;25;0;3.0;58040.55;58079.45;136;0.0;3;7524;Aggregate;3;Outer;;0;25;2382;0;0.0104953820319059;57040.51;57070.59;136;0.0;0;7525;Sort;4;Outer;;0;2382;2382;0;1.0;57040.51;57046.46;116;0.0;0;7526;Hash Join;5;Outer;;0;2382;59546;10000;4.000268699828704e-06;5216.52;56906.9;116;0.0;0;36.191;1060.757;2.241;2.241
Q5_131_seed_1066524030;7582;Aggregate;1;Outer;;0;25;75;0;0.3333333333333333;58040.55;58080.32;136;0.0;0;1076.854;1078.847;7583;Gather Merge;2;Outer;;0;75;25;0;3.0;58040.55;58079.45;136;0.0;3;7584;Aggregate;3;Outer;;0;25;2382;0;0.0104953820319059;57040.51;57070.59;136;0.0;0;7585;Sort;4;Outer;;0;2382;2382;0;1.0;57040.51;57046.46;116;0.0;0;7586;Hash Join;5;Outer;;0;2382;59546;10000;4.000268699828704e-06;5216.52;56906.9;116;0.0;0;35.694;1062.553;2.308;2.308
Q5_134_seed_1091136123;7642;Aggregate;1;Outer;;0;25;75;0;0.3333333333333333;57916.29;57955.67;136;0.0;0;1081.2;1083.301;7643;Gather Merge;2;Outer;;0;75;25;0;3.0;57916.29;57954.79;136;0.0;3;7644;Aggregate;3;Outer;;0;25;2350;0;0.0106382978723404;56916.25;56945.94;136;0.0;0;7645;Sort;4;Outer;;0;2350;2350;0;1.0;56916.25;56922.13;116;0.0;0;7646;Hash Join;5;Outer;;0;2350;58750;10000;4e-06;5216.52;56784.67;116;0.0;0;37.45;1062.379;4.747;4.747
Q5_135_seed_1099340154;7662;Aggregate;1;Outer;;0;25;75;0;0.3333333333333333;58040.55;58080.32;136;0.0;0;1058.717;1060.852;7663;Gather Merge;2;Outer;;0;75;25;0;3.0;58040.55;58079.45;136;0.0;3;7664;Aggregate;3;Outer;;0;25;2382;0;0.0104953820319059;57040.51;57070.59;136;0.0;0;7665;Sort;4;Outer;;0;2382;2382;0;1.0;57040.51;57046.46;116;0.0;0;7666;Hash Join;5;Outer;;0;2382;59546;10000;4.000268699828704e-06;5216.52;56906.9;116;0.0;0;33.35;1042.875;4.479;4.479
Q5_136_seed_1107544185;7682;Aggregate;1;Outer;;0;25;75;0;0.3333333333333333;57916.29;57955.67;136;0.0;0;1063.995;1066.353;7683;Gather Merge;2;Outer;;0;75;25;0;3.0;57916.29;57954.79;136;0.0;3;7684;Aggregate;3;Outer;;0;25;2350;0;0.0106382978723404;56916.25;56945.94;136;0.0;0;7685;Sort;4;Outer;;0;2350;2350;0;1.0;56916.25;56922.13;116;0.0;0;7686;Hash Join;5;Outer;;0;2350;58750;10000;4e-06;5216.52;56784.67;116;0.0;0;36.046;1046.625;5.191;5.191
Q5_137_seed_1115748216;7702;Aggregate;1;Outer;;0;25;75;0;0.3333333333333333;58040.55;58080.32;136;0.0;0;1061.013;1063.202;7703;Gather Merge;2;Outer;;0;75;25;0;3.0;58040.55;58079.45;136;0.0;3;7704;Aggregate;3;Outer;;0;25;2382;0;0.0104953820319059;57040.51;57070.59;136;0.0;0;7705;Sort;4;Outer;;0;2382;2382;0;1.0;57040.51;57046.46;116;0.0;0;7706;Hash Join;5;Outer;;0;2382;59546;10000;4.000268699828704e-06;5216.52;56906.9;116;0.0;0;36.323;1044.733;4.531;4.531
Q5_138_seed_1123952247;7722;Aggregate;1;Outer;;0;25;75;0;0.3333333333333333;57916.29;57955.67;136;0.0;0;1040.132;1042.495;7723;Gather Merge;2;Outer;;0;75;25;0;3.0;57916.29;57954.79;136;0.0;3;7724;Aggregate;3;Outer;;0;25;2350;0;0.0106382978723404;56916.25;56945.94;136;0.0;0;7725;Sort;4;Outer;;0;2350;2350;0;1.0;56916.25;56922.13;116;0.0;0;7726;Hash Join;5;Outer;;0;2350;58750;10000;4e-06;5216.52;56784.67;116;0.0;0;33.82;1024.192;4.178;4.178
Q5_139_seed_1132156278;7742;Aggregate;1;Outer;;0;25;75;0;0.3333333333333333;57870.66;57909.89;136;0.0;0;1067.451;1069.591;7743;Gather Merge;2;Outer;;0;75;25;0;3.0;57870.66;57909.01;136;0.0;3;7744;Aggregate;3;Outer;;0;25;2338;0;0.0106928999144568;56870.62;56900.16;136;0.0;0;7745;Sort;4;Outer;;0;2338;2338;0;1.0;56870.62;56876.47;116;0.0;0;7746;Hash Join;5;Outer;;0;2338;58459;10000;3.999384183786928e-06;5216.52;56739.8;116;0.0;0;39.103;1051.994;3.63;3.63
Q5_13_seed_98448372;7762;Aggregate;1;Outer;;0;25;75;0;0.3333333333333333;57960.2;57999.73;136;0.0;0;1042.096;1044.224;7763;Gather Merge;2;Outer;;0;75;25;0;3.0;57960.2;57998.85;136;0.0;3;7764;Aggregate;3;Outer;;0;25;2362;0;0.010584250635055;56960.16;56990.0;136;0.0;0;7765;Sort;4;Outer;;0;2362;2362;0;1.0;56960.16;56966.07;116;0.0;0;7766;Hash Join;5;Outer;;0;2362;59037;10000;4.0008808035638665e-06;5216.52;56827.82;116;0.0;0;30.266;1025.559;5.762;5.762
Q5_142_seed_1156768371;7822;Aggregate;1;Outer;;0;25;75;0;0.3333333333333333;57916.29;57955.67;136;0.0;0;1073.651;1075.51;7823;Gather Merge;2;Outer;;0;75;25;0;3.0;57916.29;57954.79;136;0.0;3;7824;Aggregate;3;Outer;;0;25;2350;0;0.0106382978723404;56916.25;56945.94;136;0.0;0;7825;Sort;4;Outer;;0;2350;2350;0;1.0;56916.25;56922.13;116;0.0;0;7826;Hash Join;5;Outer;;0;2350;58750;10000;4e-06;5216.52;56784.67;116;0.0;0;39.581;1058.417;3.448;3.448
Q5_143_seed_1164972402;7842;Aggregate;1;Outer;;0;25;75;0;0.3333333333333333;57870.66;57909.89;136;0.0;0;1041.862;1044.053;7843;Gather Merge;2;Outer;;0;75;25;0;3.0;57870.66;57909.01;136;0.0;3;7844;Aggregate;3;Outer;;0;25;2338;0;0.0106928999144568;56870.62;56900.16;136;0.0;0;7845;Sort;4;Outer;;0;2338;2338;0;1.0;56870.62;56876.47;116;0.0;0;7846;Hash Join;5;Outer;;0;2338;58459;10000;3.999384183786928e-06;5216.52;56739.8;116;0.0;0;38.089;1026.469;4.182;4.182
Q5_144_seed_1173176433;7862;Aggregate;1;Outer;;0;25;75;0;0.3333333333333333;57916.29;57955.67;136;0.0;0;1080.379;1082.465;7863;Gather Merge;2;Outer;;0;75;25;0;3.0;57916.29;57954.79;136;0.0;3;7864;Aggregate;3;Outer;;0;25;2350;0;0.0106382978723404;56916.25;56945.94;136;0.0;0;7865;Sort;4;Outer;;0;2350;2350;0;1.0;56916.25;56922.13;116;0.0;0;7866;Hash Join;5;Outer;;0;2350;58750;10000;4e-06;5216.52;56784.67;116;0.0;0;36.806;1064.207;3.677;3.678
Q5_145_seed_1181380464;7882;Aggregate;1;Outer;;0;25;75;0;0.3333333333333333;57870.66;57909.89;136;0.0;0;1078.5;1080.659;7883;Gather Merge;2;Outer;;0;75;25;0;3.0;57870.66;57909.01;136;0.0;3;7884;Aggregate;3;Outer;;0;25;2338;0;0.0106928999144568;56870.62;56900.16;136;0.0;0;7885;Sort;4;Outer;;0;2338;2338;0;1.0;56870.62;56876.47;116;0.0;0;7886;Hash Join;5;Outer;;0;2338;58459;10000;3.999384183786928e-06;5216.52;56739.8;116;0.0;0;37.76;1062.503;3.466;3.467
Q5_146_seed_1189584495;7902;Aggregate;1;Outer;;0;25;75;0;0.3333333333333333;57916.29;57955.67;136;0.0;0;1059.911;1061.991;7903;Gather Merge;2;Outer;;0;75;25;0;3.0;57916.29;57954.79;136;0.0;3;7904;Aggregate;3;Outer;;0;25;2350;0;0.0106382978723404;56916.25;56945.94;136;0.0;0;7905;Sort;4;Outer;;0;2350;2350;0;1.0;56916.25;56922.13;116;0.0;0;7906;Hash Join;5;Outer;;0;2350;58750;10000;4e-06;5216.52;56784.67;116;0.0;0;35.424;1045.003;3.889;3.889
Q5_147_seed_1197788526;7922;Aggregate;1;Outer;;0;25;75;0;0.3333333333333333;57870.66;57909.89;136;0.0;0;1078.767;1080.802;7923;Gather Merge;2;Outer;;0;75;25;0;3.0;57870.66;57909.01;136;0.0;3;7924;Aggregate;3;Outer;;0;25;2338;0;0.0106928999144568;56870.62;56900.16;136;0.0;0;7925;Sort;4;Outer;;0;2338;2338;0;1.0;56870.62;56876.47;116;0.0;0;7926;Hash Join;5;Outer;;0;2338;58459;10000;3.999384183786928e-06;5216.52;56739.8;116;0.0;0;35.019;1061.227;5.567;5.567
Q5_148_seed_1205992557;7942;Aggregate;1;Outer;;0;25;75;0;0.3333333333333333;57916.29;57955.67;136;0.0;0;1034.2;1036.922;7943;Gather Merge;2;Outer;;0;75;25;0;3.0;57916.29;57954.79;136;0.0;3;7944;Aggregate;3;Outer;;0;25;2350;0;0.0106382978723404;56916.25;56945.94;136;0.0;0;7945;Sort;4;Outer;;0;2350;2350;0;1.0;56916.25;56922.13;116;0.0;0;7946;Hash Join;5;Outer;;0;2350;58750;10000;4e-06;5216.52;56784.67;116;0.0;0;32.134;1017.943;3.825;3.825
Q5_149_seed_1214196588;7962;Aggregate;1;Outer;;0;25;75;0;0.3333333333333333;57870.66;57909.89;136;0.0;0;1077.543;1079.859;7963;Gather Merge;2;Outer;;0;75;25;0;3.0;57870.66;57909.01;136;0.0;3;7964;Aggregate;3;Outer;;0;25;2338;0;0.0106928999144568;56870.62;56900.16;136;0.0;0;7965;Sort;4;Outer;;0;2338;2338;0;1.0;56870.62;56876.47;116;0.0;0;7966;Hash Join;5;Outer;;0;2338;58459;10000;3.999384183786928e-06;5216.52;56739.8;116;0.0;0;40.873;1062.245;3.315;3.315
Q5_14_seed_106652403;7982;Aggregate;1;Outer;;0;25;75;0;0.3333333333333333;57891.66;57930.96;136;0.0;0;1067.303;1069.487;7983;Gather Merge;2;Outer;;0;75;25;0;3.0;57891.66;57930.08;136;0.0;3;7984;Aggregate;3;Outer;;0;25;2344;0;0.0106655290102389;56891.62;56921.23;136;0.0;0;7985;Sort;4;Outer;;0;2344;2344;0;1.0;56891.62;56897.48;116;0.0;0;7986;Hash Join;5;Outer;;0;2344;58597;10000;4.000204788641057e-06;5216.52;56760.42;116;0.0;0;36.93;1052.032;3.183;3.183
Q5_150_seed_1231235959;8002;Aggregate;1;Outer;;0;25;75;0;0.3333333333333333;57916.29;57955.67;136;0.0;0;1059.352;1059.737;8003;Gather Merge;2;Outer;;0;75;25;0;3.0;57916.29;57954.79;136;0.0;3;8004;Aggregate;3;Outer;;0;25;2350;0;0.0106382978723404;56916.25;56945.94;136;0.0;0;8005;Sort;4;Outer;;0;2350;2350;0;1.0;56916.25;56922.13;116;0.0;0;8006;Hash Join;5;Outer;;0;2350;58750;10000;4e-06;5216.52;56784.67;116;0.0;0;30.808;1043.319;2.955;2.955
Q5_15_seed_114856434;8022;Aggregate;1;Outer;;0;25;75;0;0.3333333333333333;57960.2;57999.73;136;0.0;0;1085.842;1088.012;8023;Gather Merge;2;Outer;;0;75;25;0;3.0;57960.2;57998.85;136;0.0;3;8024;Aggregate;3;Outer;;0;25;2362;0;0.010584250635055;56960.16;56990.0;136;0.0;0;8025;Sort;4;Outer;;0;2362;2362;0;1.0;56960.16;56966.07;116;0.0;0;8026;Hash Join;5;Outer;;0;2362;59037;10000;4.0008808035638665e-06;5216.52;56827.82;116;0.0;0;40.614;1070.593;3.495;3.495
Q5_18_seed_139468527;8082;Aggregate;1;Outer;;0;25;75;0;0.3333333333333333;57891.66;57930.96;136;0.0;0;1063.485;1065.603;8083;Gather Merge;2;Outer;;0;75;25;0;3.0;57891.66;57930.08;136;0.0;3;8084;Aggregate;3;Outer;;0;25;2344;0;0.0106655290102389;56891.62;56921.23;136;0.0;0;8085;Sort;4;Outer;;0;2344;2344;0;1.0;56891.62;56897.48;116;0.0;0;8086;Hash Join;5;Outer;;0;2344;58597;10000;4.000204788641057e-06;5216.52;56760.42;116;0.0;0;34.862;1048.516;3.133;3.133
Q5_19_seed_147672558;8102;Aggregate;1;Outer;;0;25;75;0;0.3333333333333333;57960.2;57999.73;136;0.0;0;1050.109;1052.348;8103;Gather Merge;2;Outer;;0;75;25;0;3.0;57960.2;57998.85;136;0.0;3;8104;Aggregate;3;Outer;;0;25;2362;0;0.010584250635055;56960.16;56990.0;136;0.0;0;8105;Sort;4;Outer;;0;2362;2362;0;1.0;56960.16;56966.07;116;0.0;0;8106;Hash Join;5;Outer;;0;2362;59037;10000;4.0008808035638665e-06;5216.52;56827.82;116;0.0;0;37.117;1034.283;3.055;3.055
Q5_1_seed_0101000000;8122;Aggregate;1;Outer;;0;25;75;0;0.3333333333333333;57891.66;57930.96;136;0.0;0;1079.918;1082.057;8123;Gather Merge;2;Outer;;0;75;25;0;3.0;57891.66;57930.08;136;0.0;3;8124;Aggregate;3;Outer;;0;25;2344;0;0.0106655290102389;56891.62;56921.23;136;0.0;0;8125;Sort;4;Outer;;0;2344;2344;0;1.0;56891.62;56897.48;116;0.0;0;8126;Hash Join;5;Outer;;0;2344;58597;10000;4.000204788641057e-06;5216.52;56760.42;116;0.0;0;37.134;1062.21;5.896;5.896
Q5_20_seed_155876589;8142;Aggregate;1;Outer;;0;25;75;0;0.3333333333333333;57891.66;57930.96;136;0.0;0;1066.503;1068.537;8143;Gather Merge;2;Outer;;0;75;25;0;3.0;57891.66;57930.08;136;0.0;3;8144;Aggregate;3;Outer;;0;25;2344;0;0.0106655290102389;56891.62;56921.23;136;0.0;0;8145;Sort;4;Outer;;0;2344;2344;0;1.0;56891.62;56897.48;116;0.0;0;8146;Hash Join;5;Outer;;0;2344;58597;10000;4.000204788641057e-06;5216.52;56760.42;116;0.0;0;36.494;1051.64;3.309;3.309
Q5_21_seed_164080620;8162;Aggregate;1;Outer;;0;25;75;0;0.3333333333333333;58040.55;58080.32;136;0.0;0;1047.191;1049.474;8163;Gather Merge;2;Outer;;0;75;25;0;3.0;58040.55;58079.45;136;0.0;3;8164;Aggregate;3;Outer;;0;25;2382;0;0.0104953820319059;57040.51;57070.59;136;0.0;0;8165;Sort;4;Outer;;0;2382;2382;0;1.0;57040.51;57046.46;116;0.0;0;8166;Hash Join;5;Outer;;0;2382;59546;10000;4.000268699828704e-06;5216.52;56906.9;116;0.0;0;36.941;1030.011;4.923;4.923
Q5_23_seed_180488682;8202;Aggregate;1;Outer;;0;25;75;0;0.3333333333333333;58040.55;58080.32;136;0.0;0;1078.846;1081.176;8203;Gather Merge;2;Outer;;0;75;25;0;3.0;58040.55;58079.45;136;0.0;3;8204;Aggregate;3;Outer;;0;25;2382;0;0.0104953820319059;57040.51;57070.59;136;0.0;0;8205;Sort;4;Outer;;0;2382;2382;0;1.0;57040.51;57046.46;116;0.0;0;8206;Hash Join;5;Outer;;0;2382;59546;10000;4.000268699828704e-06;5216.52;56906.9;116;0.0;0;32.814;1063.413;3.384;3.384
Q5_24_seed_188692713;8222;Aggregate;1;Outer;;0;25;75;0;0.3333333333333333;57891.66;57930.96;136;0.0;0;1076.779;1078.939;8223;Gather Merge;2;Outer;;0;75;25;0;3.0;57891.66;57930.08;136;0.0;3;8224;Aggregate;3;Outer;;0;25;2344;0;0.0106655290102389;56891.62;56921.23;136;0.0;0;8225;Sort;4;Outer;;0;2344;2344;0;1.0;56891.62;56897.48;116;0.0;0;8226;Hash Join;5;Outer;;0;2344;58597;10000;4.000204788641057e-06;5216.52;56760.42;116;0.0;0;38.505;1061.987;2.951;2.951
Q5_25_seed_196896744;8242;Aggregate;1;Outer;;0;25;75;0;0.3333333333333333;58040.55;58080.32;136;0.0;0;1071.235;1073.376;8243;Gather Merge;2;Outer;;0;75;25;0;3.0;58040.55;58079.45;136;0.0;3;8244;Aggregate;3;Outer;;0;25;2382;0;0.0104953820319059;57040.51;57070.59;136;0.0;0;8245;Sort;4;Outer;;0;2382;2382;0;1.0;57040.51;57046.46;116;0.0;0;8246;Hash Join;5;Outer;;0;2382;59546;10000;4.000268699828704e-06;5216.52;56906.9;116;0.0;0;34.768;1053.377;5.176;5.176
Q5_26_seed_205100775;8262;Aggregate;1;Outer;;0;25;75;0;0.3333333333333333;57891.66;57930.96;136;0.0;0;1056.831;1058.9;8263;Gather Merge;2;Outer;;0;75;25;0;3.0;57891.66;57930.08;136;0.0;3;8264;Aggregate;3;Outer;;0;25;2344;0;0.0106655290102389;56891.62;56921.23;136;0.0;0;8265;Sort;4;Outer;;0;2344;2344;0;1.0;56891.62;56897.48;116;0.0;0;8266;Hash Join;5;Outer;;0;2344;58597;10000;4.000204788641057e-06;5216.52;56760.42;116;0.0;0;32.635;1039.098;6.323;6.323
Q5_28_seed_221508837;8302;Aggregate;1;Outer;;0;25;75;0;0.3333333333333333;57891.66;57930.96;136;0.0;0;1122.413;1124.618;8303;Gather Merge;2;Outer;;0;75;25;0;3.0;57891.66;57930.08;136;0.0;3;8304;Aggregate;3;Outer;;0;25;2344;0;0.0106655290102389;56891.62;56921.23;136;0.0;0;8305;Sort;4;Outer;;0;2344;2344;0;1.0;56891.62;56897.48;116;0.0;0;8306;Hash Join;5;Outer;;0;2344;58597;10000;4.000204788641057e-06;5216.52;56760.42;116;0.0;0;40.317;1107.26;3.427;3.427
Q5_29_seed_229712868;8322;Aggregate;1;Outer;;0;25;75;0;0.3333333333333333;58040.55;58080.32;136;0.0;0;1074.893;1075.35;8323;Gather Merge;2;Outer;;0;75;25;0;3.0;58040.55;58079.45;136;0.0;3;8324;Aggregate;3;Outer;;0;25;2382;0;0.0104953820319059;57040.51;57070.59;136;0.0;0;8325;Sort;4;Outer;;0;2382;2382;0;1.0;57040.51;57046.46;116;0.0;0;8326;Hash Join;5;Outer;;0;2382;59546;10000;4.000268699828704e-06;5216.52;56906.9;116;0.0;0;39.826;1056.85;3.98;3.98
Q5_2_seed_8204031;8342;Aggregate;1;Outer;;0;25;75;0;0.3333333333333333;57870.66;57909.89;136;0.0;0;1078.354;1080.637;8343;Gather Merge;2;Outer;;0;75;25;0;3.0;57870.66;57909.01;136;0.0;3;8344;Aggregate;3;Outer;;0;25;2338;0;0.0106928999144568;56870.62;56900.16;136;0.0;0;8345;Sort;4;Outer;;0;2338;2338;0;1.0;56870.62;56876.47;116;0.0;0;8346;Hash Join;5;Outer;;0;2338;58459;10000;3.999384183786928e-06;5216.52;56739.8;116;0.0;0;38.708;1064.04;2.421;2.421
Q5_30_seed_237916899;8362;Aggregate;1;Outer;;0;25;75;0;0.3333333333333333;57891.66;57930.96;136;0.0;0;1091.794;1093.961;8363;Gather Merge;2;Outer;;0;75;25;0;3.0;57891.66;57930.08;136;0.0;3;8364;Aggregate;3;Outer;;0;25;2344;0;0.0106655290102389;56891.62;56921.23;136;0.0;0;8365;Sort;4;Outer;;0;2344;2344;0;1.0;56891.62;56897.48;116;0.0;0;8366;Hash Join;5;Outer;;0;2344;58597;10000;4.000204788641057e-06;5216.52;56760.42;116;0.0;0;33.323;1074.565;5.437;5.437
Q5_31_seed_246120930;8382;Aggregate;1;Outer;;0;25;75;0;0.3333333333333333;58040.55;58080.32;136;0.0;0;1072.558;1074.772;8383;Gather Merge;2;Outer;;0;75;25;0;3.0;58040.55;58079.45;136;0.0;3;8384;Aggregate;3;Outer;;0;25;2382;0;0.0104953820319059;57040.51;57070.59;136;0.0;0;8385;Sort;4;Outer;;0;2382;2382;0;1.0;57040.51;57046.46;116;0.0;0;8386;Hash Join;5;Outer;;0;2382;59546;10000;4.000268699828704e-06;5216.52;56906.9;116;0.0;0;36.004;1054.603;4.26;4.26
Q5_32_seed_254324961;8402;Aggregate;1;Outer;;0;25;75;0;0.3333333333333333;57916.29;57955.67;136;0.0;0;1076.348;1078.553;8403;Gather Merge;2;Outer;;0;75;25;0;3.0;57916.29;57954.79;136;0.0;3;8404;Aggregate;3;Outer;;0;25;2350;0;0.0106382978723404;56916.25;56945.94;136;0.0;0;8405;Sort;4;Outer;;0;2350;2350;0;1.0;56916.25;56922.13;116;0.0;0;8406;Hash Join;5;Outer;;0;2350;58750;10000;4e-06;5216.52;56784.67;116;0.0;0;40.318;1060.209;4.447;4.447
Q5_33_seed_262528992;8422;Aggregate;1;Outer;;0;25;75;0;0.3333333333333333;58040.55;58080.32;136;0.0;0;1078.071;1078.395;8423;Gather Merge;2;Outer;;0;75;25;0;3.0;58040.55;58079.45;136;0.0;3;8424;Aggregate;3;Outer;;0;25;2382;0;0.0104953820319059;57040.51;57070.59;136;0.0;0;8425;Sort;4;Outer;;0;2382;2382;0;1.0;57040.51;57046.46;116;0.0;0;8426;Hash Join;5;Outer;;0;2382;59546;10000;4.000268699828704e-06;5216.52;56906.9;116;0.0;0;35.857;1061.734;4.176;4.176
Q5_34_seed_270733023;8442;Aggregate;1;Outer;;0;25;75;0;0.3333333333333333;57916.29;57955.67;136;0.0;0;1057.261;1059.432;8443;Gather Merge;2;Outer;;0;75;25;0;3.0;57916.29;57954.79;136;0.0;3;8444;Aggregate;3;Outer;;0;25;2350;0;0.0106382978723404;56916.25;56945.94;136;0.0;0;8445;Sort;4;Outer;;0;2350;2350;0;1.0;56916.25;56922.13;116;0.0;0;8446;Hash Join;5;Outer;;0;2350;58750;10000;4e-06;5216.52;56784.67;116;0.0;0;36.835;1042.574;3.03;3.03
Q5_35_seed_278937054;8462;Aggregate;1;Outer;;0;25;75;0;0.3333333333333333;58040.55;58080.32;136;0.0;0;1073.755;1075.745;8463;Gather Merge;2;Outer;;0;75;25;0;3.0;58040.55;58079.45;136;0.0;3;8464;Aggregate;3;Outer;;0;25;2382;0;0.0104953820319059;57040.51;57070.59;136;0.0;0;8465;Sort;4;Outer;;0;2382;2382;0;1.0;57040.51;57046.46;116;0.0;0;8466;Hash Join;5;Outer;;0;2382;59546;10000;4.000268699828704e-06;5216.52;56906.9;116;0.0;0;39.144;1059.006;3.533;3.533
Q5_38_seed_303549147;8522;Aggregate;1;Outer;;0;25;75;0;0.3333333333333333;57916.29;57955.67;136;0.0;0;1060.362;1061.118;8523;Gather Merge;2;Outer;;0;75;25;0;3.0;57916.29;57954.79;136;0.0;3;8524;Aggregate;3;Outer;;0;25;2350;0;0.0106382978723404;56916.25;56945.94;136;0.0;0;8525;Sort;4;Outer;;0;2350;2350;0;1.0;56916.25;56922.13;116;0.0;0;8526;Hash Join;5;Outer;;0;2350;58750;10000;4e-06;5216.52;56784.67;116;0.0;0;38.149;1043.511;2.88;2.88
Q5_39_seed_311753178;8542;Aggregate;1;Outer;;0;25;75;0;0.3333333333333333;58040.55;58080.32;136;0.0;0;1060.695;1062.895;8543;Gather Merge;2;Outer;;0;75;25;0;3.0;58040.55;58079.45;136;0.0;3;8544;Aggregate;3;Outer;;0;25;2382;0;0.0104953820319059;57040.51;57070.59;136;0.0;0;8545;Sort;4;Outer;;0;2382;2382;0;1.0;57040.51;57046.46;116;0.0;0;8546;Hash Join;5;Outer;;0;2382;59546;10000;4.000268699828704e-06;5216.52;56906.9;116;0.0;0;39.865;1045.424;3.729;3.73
Q5_3_seed_16408062;8562;Aggregate;1;Outer;;0;25;75;0;0.3333333333333333;57960.2;57999.73;136;0.0;0;1077.224;1078.425;8563;Gather Merge;2;Outer;;0;75;25;0;3.0;57960.2;57998.85;136;0.0;3;8564;Aggregate;3;Outer;;0;25;2362;0;0.010584250635055;56960.16;56990.0;136;0.0;0;8565;Sort;4;Outer;;0;2362;2362;0;1.0;56960.16;56966.07;116;0.0;0;8566;Hash Join;5;Outer;;0;2362;59037;10000;4.0008808035638665e-06;5216.52;56827.82;116;0.0;0;34.38;1057.071;7.471;7.472
Q5_40_seed_319957209;8582;Aggregate;1;Outer;;0;25;75;0;0.3333333333333333;57916.29;57955.67;136;0.0;0;1116.144;1118.183;8583;Gather Merge;2;Outer;;0;75;25;0;3.0;57916.29;57954.79;136;0.0;3;8584;Aggregate;3;Outer;;0;25;2350;0;0.0106382978723404;56916.25;56945.94;136;0.0;0;8585;Sort;4;Outer;;0;2350;2350;0;1.0;56916.25;56922.13;116;0.0;0;8586;Hash Join;5;Outer;;0;2350;58750;10000;4e-06;5216.52;56784.67;116;0.0;0;40.885;1099.681;1.959;1.959
Q5_42_seed_336365271;8622;Aggregate;1;Outer;;0;25;75;0;0.3333333333333333;57916.29;57955.67;136;0.0;0;1060.706;1062.925;8623;Gather Merge;2;Outer;;0;75;25;0;3.0;57916.29;57954.79;136;0.0;3;8624;Aggregate;3;Outer;;0;25;2350;0;0.0106382978723404;56916.25;56945.94;136;0.0;0;8625;Sort;4;Outer;;0;2350;2350;0;1.0;56916.25;56922.13;116;0.0;0;8626;Hash Join;5;Outer;;0;2350;58750;10000;4e-06;5216.52;56784.67;116;0.0;0;36.46;1044.828;4.395;4.395
Q5_43_seed_344569302;8642;Aggregate;1;Outer;;0;25;75;0;0.3333333333333333;57870.66;57909.89;136;0.0;0;1086.257;1088.384;8643;Gather Merge;2;Outer;;0;75;25;0;3.0;57870.66;57909.01;136;0.0;3;8644;Aggregate;3;Outer;;0;25;2338;0;0.0106928999144568;56870.62;56900.16;136;0.0;0;8645;Sort;4;Outer;;0;2338;2338;0;1.0;56870.62;56876.47;116;0.0;0;8646;Hash Join;5;Outer;;0;2338;58459;10000;3.999384183786928e-06;5216.52;56739.8;116;0.0;0;36.986;1071.483;3.388;3.388
Q5_45_seed_360977364;8682;Aggregate;1;Outer;;0;25;75;0;0.3333333333333333;57870.66;57909.89;136;0.0;0;1075.459;1077.818;8683;Gather Merge;2;Outer;;0;75;25;0;3.0;57870.66;57909.01;136;0.0;3;8684;Aggregate;3;Outer;;0;25;2338;0;0.0106928999144568;56870.62;56900.16;136;0.0;0;8685;Sort;4;Outer;;0;2338;2338;0;1.0;56870.62;56876.47;116;0.0;0;8686;Hash Join;5;Outer;;0;2338;58459;10000;3.999384183786928e-06;5216.52;56739.8;116;0.0;0;36.561;1061.137;2.763;2.763
Q5_46_seed_369181395;8702;Aggregate;1;Outer;;0;25;75;0;0.3333333333333333;57916.29;57955.67;136;0.0;0;1065.955;1068.373;8703;Gather Merge;2;Outer;;0;75;25;0;3.0;57916.29;57954.79;136;0.0;3;8704;Aggregate;3;Outer;;0;25;2350;0;0.0106382978723404;56916.25;56945.94;136;0.0;0;8705;Sort;4;Outer;;0;2350;2350;0;1.0;56916.25;56922.13;116;0.0;0;8706;Hash Join;5;Outer;;0;2350;58750;10000;4e-06;5216.52;56784.67;116;0.0;0;37.781;1050.268;3.959;3.959
Q5_47_seed_377385426;8722;Aggregate;1;Outer;;0;25;75;0;0.3333333333333333;57870.66;57909.89;136;0.0;0;1056.611;1058.775;8723;Gather Merge;2;Outer;;0;75;25;0;3.0;57870.66;57909.01;136;0.0;3;8724;Aggregate;3;Outer;;0;25;2338;0;0.0106928999144568;56870.62;56900.16;136;0.0;0;8725;Sort;4;Outer;;0;2338;2338;0;1.0;56870.62;56876.47;116;0.0;0;8726;Hash Join;5;Outer;;0;2338;58459;10000;3.999384183786928e-06;5216.52;56739.8;116;0.0;0;34.927;1041.39;3.955;3.955
Q5_48_seed_385589457;8742;Aggregate;1;Outer;;0;25;75;0;0.3333333333333333;57916.29;57955.67;136;0.0;0;1044.76;1046.689;8743;Gather Merge;2;Outer;;0;75;25;0;3.0;57916.29;57954.79;136;0.0;3;8744;Aggregate;3;Outer;;0;25;2350;0;0.0106382978723404;56916.25;56945.94;136;0.0;0;8745;Sort;4;Outer;;0;2350;2350;0;1.0;56916.25;56922.13;116;0.0;0;8746;Hash Join;5;Outer;;0;2350;58750;10000;4e-06;5216.52;56784.67;116;0.0;0;32.043;1028.02;4.961;4.961
Q5_49_seed_393793488;8762;Aggregate;1;Outer;;0;25;75;0;0.3333333333333333;57870.66;57909.89;136;0.0;0;1057.398;1059.623;8763;Gather Merge;2;Outer;;0;75;25;0;3.0;57870.66;57909.01;136;0.0;3;8764;Aggregate;3;Outer;;0;25;2338;0;0.0106928999144568;56870.62;56900.16;136;0.0;0;8765;Sort;4;Outer;;0;2338;2338;0;1.0;56870.62;56876.47;116;0.0;0;8766;Hash Join;5;Outer;;0;2338;58459;10000;3.999384183786928e-06;5216.52;56739.8;116;0.0;0;36.612;1041.108;3.71;3.71
Q5_50_seed_401997519;8802;Aggregate;1;Outer;;0;25;75;0;0.3333333333333333;57916.29;57955.67;136;0.0;0;1069.389;1071.707;8803;Gather Merge;2;Outer;;0;75;25;0;3.0;57916.29;57954.79;136;0.0;3;8804;Aggregate;3;Outer;;0;25;2350;0;0.0106382978723404;56916.25;56945.94;136;0.0;0;8805;Sort;4;Outer;;0;2350;2350;0;1.0;56916.25;56922.13;116;0.0;0;8806;Hash Join;5;Outer;;0;2350;58750;10000;4e-06;5216.52;56784.67;116;0.0;0;33.228;1054.856;2.039;2.039
Q5_51_seed_410201550;8822;Aggregate;1;Outer;;0;25;75;0;0.3333333333333333;57870.66;57909.89;136;0.0;0;1052.556;1054.717;8823;Gather Merge;2;Outer;;0;75;25;0;3.0;57870.66;57909.01;136;0.0;3;8824;Aggregate;3;Outer;;0;25;2338;0;0.0106928999144568;56870.62;56900.16;136;0.0;0;8825;Sort;4;Outer;;0;2338;2338;0;1.0;56870.62;56876.47;116;0.0;0;8826;Hash Join;5;Outer;;0;2338;58459;10000;3.999384183786928e-06;5216.52;56739.8;116;0.0;0;33.669;1036.948;3.818;3.818
Q5_52_seed_418405581;8842;Aggregate;1;Outer;;0;25;75;0;0.3333333333333333;57960.2;57999.73;136;0.0;0;1084.271;1086.631;8843;Gather Merge;2;Outer;;0;75;25;0;3.0;57960.2;57998.85;136;0.0;3;8844;Aggregate;3;Outer;;0;25;2362;0;0.010584250635055;56960.16;56990.0;136;0.0;0;8845;Sort;4;Outer;;0;2362;2362;0;1.0;56960.16;56966.07;116;0.0;0;8846;Hash Join;5;Outer;;0;2362;59037;10000;4.0008808035638665e-06;5216.52;56827.82;116;0.0;0;37.348;1068.465;4.562;4.562
Q5_54_seed_434813643;8882;Aggregate;1;Outer;;0;25;75;0;0.3333333333333333;57960.2;57999.73;136;0.0;0;1052.563;1054.759;8883;Gather Merge;2;Outer;;0;75;25;0;3.0;57960.2;57998.85;136;0.0;3;8884;Aggregate;3;Outer;;0;25;2362;0;0.010584250635055;56960.16;56990.0;136;0.0;0;8885;Sort;4;Outer;;0;2362;2362;0;1.0;56960.16;56966.07;116;0.0;0;8886;Hash Join;5;Outer;;0;2362;59037;10000;4.0008808035638665e-06;5216.52;56827.82;116;0.0;0;35.397;1037.8;2.93;2.93
Q5_55_seed_443017674;8902;Aggregate;1;Outer;;0;25;75;0;0.3333333333333333;57870.66;57909.89;136;0.0;0;1080.777;1081.025;8903;Gather Merge;2;Outer;;0;75;25;0;3.0;57870.66;57909.01;136;0.0;3;8904;Aggregate;3;Outer;;0;25;2338;0;0.0106928999144568;56870.62;56900.16;136;0.0;0;8905;Sort;4;Outer;;0;2338;2338;0;1.0;56870.62;56876.47;116;0.0;0;8906;Hash Join;5;Outer;;0;2338;58459;10000;3.999384183786928e-06;5216.52;56739.8;116;0.0;0;35.054;1061.602;5.483;5.483
Q5_56_seed_451221705;8922;Aggregate;1;Outer;;0;25;75;0;0.3333333333333333;57960.2;57999.73;136;0.0;0;1075.343;1077.235;8923;Gather Merge;2;Outer;;0;75;25;0;3.0;57960.2;57998.85;136;0.0;3;8924;Aggregate;3;Outer;;0;25;2362;0;0.010584250635055;56960.16;56990.0;136;0.0;0;8925;Sort;4;Outer;;0;2362;2362;0;1.0;56960.16;56966.07;116;0.0;0;8926;Hash Join;5;Outer;;0;2362;59037;10000;4.0008808035638665e-06;5216.52;56827.82;116;0.0;0;41.44;1057.74;5.559;5.559
Q5_58_seed_467629767;8962;Aggregate;1;Outer;;0;25;75;0;0.3333333333333333;57960.2;57999.73;136;0.0;0;1078.885;1081.033;8963;Gather Merge;2;Outer;;0;75;25;0;3.0;57960.2;57998.85;136;0.0;3;8964;Aggregate;3;Outer;;0;25;2362;0;0.010584250635055;56960.16;56990.0;136;0.0;0;8965;Sort;4;Outer;;0;2362;2362;0;1.0;56960.16;56966.07;116;0.0;0;8966;Hash Join;5;Outer;;0;2362;59037;10000;4.0008808035638665e-06;5216.52;56827.82;116;0.0;0;38.628;1064.305;3.132;3.132
Q5_60_seed_484037829;9022;Aggregate;1;Outer;;0;25;75;0;0.3333333333333333;57960.2;57999.73;136;0.0;0;1062.388;1063.296;9023;Gather Merge;2;Outer;;0;75;25;0;3.0;57960.2;57998.85;136;0.0;3;9024;Aggregate;3;Outer;;0;25;2362;0;0.010584250635055;56960.16;56990.0;136;0.0;0;9025;Sort;4;Outer;;0;2362;2362;0;1.0;56960.16;56966.07;116;0.0;0;9026;Hash Join;5;Outer;;0;2362;59037;10000;4.0008808035638665e-06;5216.52;56827.82;116;0.0;0;36.61;1046.743;2.69;2.69
Q5_61_seed_492241860;9042;Aggregate;1;Outer;;0;25;75;0;0.3333333333333333;57891.66;57930.96;136;0.0;0;1047.443;1049.265;9043;Gather Merge;2;Outer;;0;75;25;0;3.0;57891.66;57930.08;136;0.0;3;9044;Aggregate;3;Outer;;0;25;2344;0;0.0106655290102389;56891.62;56921.23;136;0.0;0;9045;Sort;4;Outer;;0;2344;2344;0;1.0;56891.62;56897.48;116;0.0;0;9046;Hash Join;5;Outer;;0;2344;58597;10000;4.000204788641057e-06;5216.52;56760.42;116;0.0;0;34.31;1030.347;4.64;4.64
Q5_62_seed_500445891;9062;Aggregate;1;Outer;;0;25;75;0;0.3333333333333333;57960.2;57999.73;136;0.0;0;1059.717;1061.834;9063;Gather Merge;2;Outer;;0;75;25;0;3.0;57960.2;57998.85;136;0.0;3;9064;Aggregate;3;Outer;;0;25;2362;0;0.010584250635055;56960.16;56990.0;136;0.0;0;9065;Sort;4;Outer;;0;2362;2362;0;1.0;56960.16;56966.07;116;0.0;0;9066;Hash Join;5;Outer;;0;2362;59037;10000;4.0008808035638665e-06;5216.52;56827.82;116;0.0;0;43.296;1044.975;3.834;3.834
Q5_63_seed_508649922;9082;Aggregate;1;Outer;;0;25;75;0;0.3333333333333333;57891.66;57930.96;136;0.0;0;1077.247;1079.421;9083;Gather Merge;2;Outer;;0;75;25;0;3.0;57891.66;57930.08;136;0.0;3;9084;Aggregate;3;Outer;;0;25;2344;0;0.0106655290102389;56891.62;56921.23;136;0.0;0;9085;Sort;4;Outer;;0;2344;2344;0;1.0;56891.62;56897.48;116;0.0;0;9086;Hash Join;5;Outer;;0;2344;58597;10000;4.000204788641057e-06;5216.52;56760.42;116;0.0;0;38.373;1061.495;3.763;3.763
Q5_64_seed_516853953;9102;Aggregate;1;Outer;;0;25;75;0;0.3333333333333333;57960.2;57999.73;136;0.0;0;1049.582;1052.019;9103;Gather Merge;2;Outer;;0;75;25;0;3.0;57960.2;57998.85;136;0.0;3;9104;Aggregate;3;Outer;;0;25;2362;0;0.010584250635055;56960.16;56990.0;136;0.0;0;9105;Sort;4;Outer;;0;2362;2362;0;1.0;56960.16;56966.07;116;0.0;0;9106;Hash Join;5;Outer;;0;2362;59037;10000;4.0008808035638665e-06;5216.52;56827.82;116;0.0;0;38.095;1034.621;3.601;3.601
Q5_66_seed_533262015;9142;Aggregate;1;Outer;;0;25;75;0;0.3333333333333333;57960.2;57999.73;136;0.0;0;1052.266;1054.398;9143;Gather Merge;2;Outer;;0;75;25;0;3.0;57960.2;57998.85;136;0.0;3;9144;Aggregate;3;Outer;;0;25;2362;0;0.010584250635055;56960.16;56990.0;136;0.0;0;9145;Sort;4;Outer;;0;2362;2362;0;1.0;56960.16;56966.07;116;0.0;0;9146;Hash Join;5;Outer;;0;2362;59037;10000;4.0008808035638665e-06;5216.52;56827.82;116;0.0;0;31.637;1037.939;3.088;3.088
Q5_67_seed_541466046;9162;Aggregate;1;Outer;;0;25;75;0;0.3333333333333333;57891.66;57930.96;136;0.0;0;1032.807;1034.804;9163;Gather Merge;2;Outer;;0;75;25;0;3.0;57891.66;57930.08;136;0.0;3;9164;Aggregate;3;Outer;;0;25;2344;0;0.0106655290102389;56891.62;56921.23;136;0.0;0;9165;Sort;4;Outer;;0;2344;2344;0;1.0;56891.62;56897.48;116;0.0;0;9166;Hash Join;5;Outer;;0;2344;58597;10000;4.000204788641057e-06;5216.52;56760.42;116;0.0;0;32.37;1016.321;3.895;3.895
Q5_69_seed_557874108;9202;Aggregate;1;Outer;;0;25;75;0;0.3333333333333333;57891.66;57930.96;136;0.0;0;1051.072;1052.512;9203;Gather Merge;2;Outer;;0;75;25;0;3.0;57891.66;57930.08;136;0.0;3;9204;Aggregate;3;Outer;;0;25;2344;0;0.0106655290102389;56891.62;56921.23;136;0.0;0;9205;Sort;4;Outer;;0;2344;2344;0;1.0;56891.62;56897.48;116;0.0;0;9206;Hash Join;5;Outer;;0;2344;58597;10000;4.000204788641057e-06;5216.52;56760.42;116;0.0;0;32.425;1033.704;2.772;2.773
Q5_6_seed_41020155;9222;Aggregate;1;Outer;;0;25;75;0;0.3333333333333333;57870.66;57909.89;136;0.0;0;1060.453;1060.729;9223;Gather Merge;2;Outer;;0;75;25;0;3.0;57870.66;57909.01;136;0.0;3;9224;Aggregate;3;Outer;;0;25;2338;0;0.0106928999144568;56870.62;56900.16;136;0.0;0;9225;Sort;4;Outer;;0;2338;2338;0;1.0;56870.62;56876.47;116;0.0;0;9226;Hash Join;5;Outer;;0;2338;58459;10000;3.999384183786928e-06;5216.52;56739.8;116;0.0;0;35.715;1042.561;4.544;4.544
Q5_71_seed_574282170;9262;Aggregate;1;Outer;;0;25;75;0;0.3333333333333333;57891.66;57930.96;136;0.0;0;1062.272;1064.433;9263;Gather Merge;2;Outer;;0;75;25;0;3.0;57891.66;57930.08;136;0.0;3;9264;Aggregate;3;Outer;;0;25;2344;0;0.0106655290102389;56891.62;56921.23;136;0.0;0;9265;Sort;4;Outer;;0;2344;2344;0;1.0;56891.62;56897.48;116;0.0;0;9266;Hash Join;5;Outer;;0;2344;58597;10000;4.000204788641057e-06;5216.52;56760.42;116;0.0;0;36.833;1047.159;2.99;2.99
Q5_72_seed_582486201;9282;Aggregate;1;Outer;;0;25;75;0;0.3333333333333333;58040.55;58080.32;136;0.0;0;1090.448;1092.619;9283;Gather Merge;2;Outer;;0;75;25;0;3.0;58040.55;58079.45;136;0.0;3;9284;Aggregate;3;Outer;;0;25;2382;0;0.0104953820319059;57040.51;57070.59;136;0.0;0;9285;Sort;4;Outer;;0;2382;2382;0;1.0;57040.51;57046.46;116;0.0;0;9286;Hash Join;5;Outer;;0;2382;59546;10000;4.000268699828704e-06;5216.52;56906.9;116;0.0;0;39.126;1072.775;4.919;4.92
Q5_73_seed_590690232;9302;Aggregate;1;Outer;;0;25;75;0;0.3333333333333333;57891.66;57930.96;136;0.0;0;1073.895;1076.036;9303;Gather Merge;2;Outer;;0;75;25;0;3.0;57891.66;57930.08;136;0.0;3;9304;Aggregate;3;Outer;;0;25;2344;0;0.0106655290102389;56891.62;56921.23;136;0.0;0;9305;Sort;4;Outer;;0;2344;2344;0;1.0;56891.62;56897.48;116;0.0;0;9306;Hash Join;5;Outer;;0;2344;58597;10000;4.000204788641057e-06;5216.52;56760.42;116;0.0;0;35.08;1059.087;3.649;3.649
Q5_75_seed_607098294;9342;Aggregate;1;Outer;;0;25;75;0;0.3333333333333333;57891.66;57930.96;136;0.0;0;1062.328;1064.416;9343;Gather Merge;2;Outer;;0;75;25;0;3.0;57891.66;57930.08;136;0.0;3;9344;Aggregate;3;Outer;;0;25;2344;0;0.0106655290102389;56891.62;56921.23;136;0.0;0;9345;Sort;4;Outer;;0;2344;2344;0;1.0;56891.62;56897.48;116;0.0;0;9346;Hash Join;5;Outer;;0;2344;58597;10000;4.000204788641057e-06;5216.52;56760.42;116;0.0;0;36.301;1047.473;3.686;3.686
Q5_76_seed_615302325;9362;Aggregate;1;Outer;;0;25;75;0;0.3333333333333333;58040.55;58080.32;136;0.0;0;1056.221;1058.24;9363;Gather Merge;2;Outer;;0;75;25;0;3.0;58040.55;58079.45;136;0.0;3;9364;Aggregate;3;Outer;;0;25;2382;0;0.0104953820319059;57040.51;57070.59;136;0.0;0;9365;Sort;4;Outer;;0;2382;2382;0;1.0;57040.51;57046.46;116;0.0;0;9366;Hash Join;5;Outer;;0;2382;59546;10000;4.000268699828704e-06;5216.52;56906.9;116;0.0;0;31.619;1041.817;2.497;2.497
Q5_77_seed_623506356;9382;Aggregate;1;Outer;;0;25;75;0;0.3333333333333333;57891.66;57930.96;136;0.0;0;1096.04;1098.23;9383;Gather Merge;2;Outer;;0;75;25;0;3.0;57891.66;57930.08;136;0.0;3;9384;Aggregate;3;Outer;;0;25;2344;0;0.0106655290102389;56891.62;56921.23;136;0.0;0;9385;Sort;4;Outer;;0;2344;2344;0;1.0;56891.62;56897.48;116;0.0;0;9386;Hash Join;5;Outer;;0;2344;58597;10000;4.000204788641057e-06;5216.52;56760.42;116;0.0;0;42.519;1080.661;3.943;3.943
Q5_78_seed_631710387;9402;Aggregate;1;Outer;;0;25;75;0;0.3333333333333333;58040.55;58080.32;136;0.0;0;1050.186;1052.474;9403;Gather Merge;2;Outer;;0;75;25;0;3.0;58040.55;58079.45;136;0.0;3;9404;Aggregate;3;Outer;;0;25;2382;0;0.0104953820319059;57040.51;57070.59;136;0.0;0;9405;Sort;4;Outer;;0;2382;2382;0;1.0;57040.51;57046.46;116;0.0;0;9406;Hash Join;5;Outer;;0;2382;59546;10000;4.000268699828704e-06;5216.52;56906.9;116;0.0;0;36.081;1035.635;3.06;3.06
Q5_7_seed_49224186;9442;Aggregate;1;Outer;;0;25;75;0;0.3333333333333333;57960.2;57999.73;136;0.0;0;1077.356;1079.536;9443;Gather Merge;2;Outer;;0;75;25;0;3.0;57960.2;57998.85;136;0.0;3;9444;Aggregate;3;Outer;;0;25;2362;0;0.010584250635055;56960.16;56990.0;136;0.0;0;9445;Sort;4;Outer;;0;2362;2362;0;1.0;56960.16;56966.07;116;0.0;0;9446;Hash Join;5;Outer;;0;2362;59037;10000;4.0008808035638665e-06;5216.52;56827.82;116;0.0;0;36.678;1059.024;3.897;3.897
Q5_80_seed_648118449;9462;Aggregate;1;Outer;;0;25;75;0;0.3333333333333333;58040.55;58080.32;136;0.0;0;1079.821;1082.149;9463;Gather Merge;2;Outer;;0;75;25;0;3.0;58040.55;58079.45;136;0.0;3;9464;Aggregate;3;Outer;;0;25;2382;0;0.0104953820319059;57040.51;57070.59;136;0.0;0;9465;Sort;4;Outer;;0;2382;2382;0;1.0;57040.51;57046.46;116;0.0;0;9466;Hash Join;5;Outer;;0;2382;59546;10000;4.000268699828704e-06;5216.52;56906.9;116;0.0;0;33.435;1065.44;2.622;2.622
Q5_81_seed_656322480;9482;Aggregate;1;Outer;;0;25;75;0;0.3333333333333333;57916.29;57955.67;136;0.0;0;1081.978;1084.088;9483;Gather Merge;2;Outer;;0;75;25;0;3.0;57916.29;57954.79;136;0.0;3;9484;Aggregate;3;Outer;;0;25;2350;0;0.0106382978723404;56916.25;56945.94;136;0.0;0;9485;Sort;4;Outer;;0;2350;2350;0;1.0;56916.25;56922.13;116;0.0;0;9486;Hash Join;5;Outer;;0;2350;58750;10000;4e-06;5216.52;56784.67;116;0.0;0;40.126;1065.525;2.979;2.979
Q5_82_seed_664526511;9502;Aggregate;1;Outer;;0;25;75;0;0.3333333333333333;58040.55;58080.32;136;0.0;0;1079.479;1081.659;9503;Gather Merge;2;Outer;;0;75;25;0;3.0;58040.55;58079.45;136;0.0;3;9504;Aggregate;3;Outer;;0;25;2382;0;0.0104953820319059;57040.51;57070.59;136;0.0;0;9505;Sort;4;Outer;;0;2382;2382;0;1.0;57040.51;57046.46;116;0.0;0;9506;Hash Join;5;Outer;;0;2382;59546;10000;4.000268699828704e-06;5216.52;56906.9;116;0.0;0;35.247;1063.897;3.409;3.41
Q5_84_seed_680934573;9542;Aggregate;1;Outer;;0;25;75;0;0.3333333333333333;58040.55;58080.32;136;0.0;0;1061.414;1063.83;9543;Gather Merge;2;Outer;;0;75;25;0;3.0;58040.55;58079.45;136;0.0;3;9544;Aggregate;3;Outer;;0;25;2382;0;0.0104953820319059;57040.51;57070.59;136;0.0;0;9545;Sort;4;Outer;;0;2382;2382;0;1.0;57040.51;57046.46;116;0.0;0;9546;Hash Join;5;Outer;;0;2382;59546;10000;4.000268699828704e-06;5216.52;56906.9;116;0.0;0;38.51;1046.536;3.896;3.896
Q5_88_seed_713750697;9622;Aggregate;1;Outer;;0;25;75;0;0.3333333333333333;58040.55;58080.32;136;0.0;0;1056.13;1056.45;9623;Gather Merge;2;Outer;;0;75;25;0;3.0;58040.55;58079.45;136;0.0;3;9624;Aggregate;3;Outer;;0;25;2382;0;0.0104953820319059;57040.51;57070.59;136;0.0;0;9625;Sort;4;Outer;;0;2382;2382;0;1.0;57040.51;57046.46;116;0.0;0;9626;Hash Join;5;Outer;;0;2382;59546;10000;4.000268699828704e-06;5216.52;56906.9;116;0.0;0;35.353;1037.857;3.093;3.093
Q5_89_seed_721954728;9642;Aggregate;1;Outer;;0;25;75;0;0.3333333333333333;57916.29;57955.67;136;0.0;0;1054.353;1056.621;9643;Gather Merge;2;Outer;;0;75;25;0;3.0;57916.29;57954.79;136;0.0;3;9644;Aggregate;3;Outer;;0;25;2350;0;0.0106382978723404;56916.25;56945.94;136;0.0;0;9645;Sort;4;Outer;;0;2350;2350;0;1.0;56916.25;56922.13;116;0.0;0;9646;Hash Join;5;Outer;;0;2350;58750;10000;4e-06;5216.52;56784.67;116;0.0;0;32.33;1039.357;2.642;2.642
Q5_90_seed_730158759;9682;Aggregate;1;Outer;;0;25;75;0;0.3333333333333333;57870.66;57909.89;136;0.0;0;1067.474;1069.773;9683;Gather Merge;2;Outer;;0;75;25;0;3.0;57870.66;57909.01;136;0.0;3;9684;Aggregate;3;Outer;;0;25;2338;0;0.0106928999144568;56870.62;56900.16;136;0.0;0;9685;Sort;4;Outer;;0;2338;2338;0;1.0;56870.62;56876.47;116;0.0;0;9686;Hash Join;5;Outer;;0;2338;58459;10000;3.999384183786928e-06;5216.52;56739.8;116;0.0;0;34.633;1050.072;5.455;5.455
Q5_92_seed_746566821;9722;Aggregate;1;Outer;;0;25;75;0;0.3333333333333333;57870.66;57909.89;136;0.0;0;1053.112;1055.437;9723;Gather Merge;2;Outer;;0;75;25;0;3.0;57870.66;57909.01;136;0.0;3;9724;Aggregate;3;Outer;;0;25;2338;0;0.0106928999144568;56870.62;56900.16;136;0.0;0;9725;Sort;4;Outer;;0;2338;2338;0;1.0;56870.62;56876.47;116;0.0;0;9726;Hash Join;5;Outer;;0;2338;58459;10000;3.999384183786928e-06;5216.52;56739.8;116;0.0;0;36.141;1038.233;2.742;2.742
Q5_93_seed_754770852;9742;Aggregate;1;Outer;;0;25;75;0;0.3333333333333333;57916.29;57955.67;136;0.0;0;1096.769;1098.928;9743;Gather Merge;2;Outer;;0;75;25;0;3.0;57916.29;57954.79;136;0.0;3;9744;Aggregate;3;Outer;;0;25;2350;0;0.0106382978723404;56916.25;56945.94;136;0.0;0;9745;Sort;4;Outer;;0;2350;2350;0;1.0;56916.25;56922.13;116;0.0;0;9746;Hash Join;5;Outer;;0;2350;58750;10000;4e-06;5216.52;56784.67;116;0.0;0;35.679;1080.551;4.416;4.416
Q5_94_seed_762974883;9762;Aggregate;1;Outer;;0;25;75;0;0.3333333333333333;57870.66;57909.89;136;0.0;0;1071.976;1074.276;9763;Gather Merge;2;Outer;;0;75;25;0;3.0;57870.66;57909.01;136;0.0;3;9764;Aggregate;3;Outer;;0;25;2338;0;0.0106928999144568;56870.62;56900.16;136;0.0;0;9765;Sort;4;Outer;;0;2338;2338;0;1.0;56870.62;56876.47;116;0.0;0;9766;Hash Join;5;Outer;;0;2338;58459;10000;3.999384183786928e-06;5216.52;56739.8;116;0.0;0;34.572;1056.499;1.851;1.851
Q5_95_seed_771178914;9782;Aggregate;1;Outer;;0;25;75;0;0.3333333333333333;57916.29;57955.67;136;0.0;0;1085.206;1087.323;9783;Gather Merge;2;Outer;;0;75;25;0;3.0;57916.29;57954.79;136;0.0;3;9784;Aggregate;3;Outer;;0;25;2350;0;0.0106382978723404;56916.25;56945.94;136;0.0;0;9785;Sort;4;Outer;;0;2350;2350;0;1.0;56916.25;56922.13;116;0.0;0;9786;Hash Join;5;Outer;;0;2350;58750;10000;4e-06;5216.52;56784.67;116;0.0;0;37.756;1069.909;3.476;3.476
Q5_96_seed_779382945;9802;Aggregate;1;Outer;;0;25;75;0;0.3333333333333333;57870.66;57909.89;136;0.0;0;1087.121;1089.028;9803;Gather Merge;2;Outer;;0;75;25;0;3.0;57870.66;57909.01;136;0.0;3;9804;Aggregate;3;Outer;;0;25;2338;0;0.0106928999144568;56870.62;56900.16;136;0.0;0;9805;Sort;4;Outer;;0;2338;2338;0;1.0;56870.62;56876.47;116;0.0;0;9806;Hash Join;5;Outer;;0;2338;58459;10000;3.999384183786928e-06;5216.52;56739.8;116;0.0;0;40.815;1071.243;3.317;3.317
Q5_98_seed_795791007;9842;Aggregate;1;Outer;;0;25;75;0;0.3333333333333333;57870.66;57909.89;136;0.0;0;1062.755;1065.043;9843;Gather Merge;2;Outer;;0;75;25;0;3.0;57870.66;57909.01;136;0.0;3;9844;Aggregate;3;Outer;;0;25;2338;0;0.0106928999144568;56870.62;56900.16;136;0.0;0;9845;Sort;4;Outer;;0;2338;2338;0;1.0;56870.62;56876.47;116;0.0;0;9846;Hash Join;5;Outer;;0;2338;58459;10000;3.999384183786928e-06;5216.52;56739.8;116;0.0;0;35.657;1047.16;3.467;3.467
Q5_99_seed_803995038;9862;Aggregate;1;Outer;;0;25;75;0;0.3333333333333333;57916.29;57955.67;136;0.0;0;1070.332;1071.906;9863;Gather Merge;2;Outer;;0;75;25;0;3.0;57916.29;57954.79;136;0.0;3;9864;Aggregate;3;Outer;;0;25;2350;0;0.0106382978723404;56916.25;56945.94;136;0.0;0;9865;Sort;4;Outer;;0;2350;2350;0;1.0;56916.25;56922.13;116;0.0;0;9866;Hash Join;5;Outer;;0;2350;58750;10000;4e-06;5216.52;56784.67;116;0.0;0;35.63;1052.522;5.679;5.679
