query_file;Aggregate_node_id;Aggregate_node_type;Aggregate_depth;Aggregate_parent_relationship;Aggregate_subplan_name;Aggregate_np;Aggregate_nt;Aggregate_nt1;Aggregate_nt2;Aggregate_sel;Aggregate_startup_cost;Aggregate_total_cost;Aggregate_plan_width;Aggregate_reltuples;Aggregate_parallel_workers;actual_startup_time;actual_total_time;Aggregate_st1;Aggregate_rt1;Aggregate_st2;Aggregate_rt2;Aggregate_template;NestedLoop_Outer_node_id;NestedLoop_Outer_node_type;NestedLoop_Outer_depth;NestedLoop_Outer_parent_relationship;NestedLoop_Outer_subplan_name;NestedLoop_Outer_np;NestedLoop_Outer_nt;NestedLoop_Outer_nt1;NestedLoop_Outer_nt2;NestedLoop_Outer_sel;NestedLoop_Outer_startup_cost;NestedLoop_Outer_total_cost;NestedLoop_Outer_plan_width;NestedLoop_Outer_reltuples;NestedLoop_Outer_parallel_workers;NestedLoop_Outer_st1;NestedLoop_Outer_rt1;NestedLoop_Outer_st2;NestedLoop_Outer_rt2;NestedLoop_Outer_template;HashJoin_Outer_node_id;HashJoin_Outer_node_type;HashJoin_Outer_depth;HashJoin_Outer_parent_relationship;HashJoin_Outer_subplan_name;HashJoin_Outer_np;HashJoin_Outer_nt;HashJoin_Outer_nt1;HashJoin_Outer_nt2;HashJoin_Outer_sel;HashJoin_Outer_startup_cost;HashJoin_Outer_total_cost;HashJoin_Outer_plan_width;HashJoin_Outer_reltuples;HashJoin_Outer_parallel_workers;HashJoin_Outer_st1;HashJoin_Outer_rt1;HashJoin_Outer_st2;HashJoin_Outer_rt2;HashJoin_Outer_template;SeqScan_Outer_node_id;SeqScan_Outer_node_type;SeqScan_Outer_depth;SeqScan_Outer_parent_relationship;SeqScan_Outer_subplan_name;SeqScan_Outer_np;SeqScan_Outer_nt;SeqScan_Outer_nt1;SeqScan_Outer_nt2;SeqScan_Outer_sel;SeqScan_Outer_startup_cost;SeqScan_Outer_total_cost;SeqScan_Outer_plan_width;SeqScan_Outer_reltuples;SeqScan_Outer_parallel_workers;SeqScan_Outer_template;Hash_Inner_node_id;Hash_Inner_node_type;Hash_Inner_depth;Hash_Inner_parent_relationship;Hash_Inner_subplan_name;Hash_Inner_np;Hash_Inner_nt;Hash_Inner_nt1;Hash_Inner_nt2;Hash_Inner_sel;Hash_Inner_startup_cost;Hash_Inner_total_cost;Hash_Inner_plan_width;Hash_Inner_reltuples;Hash_Inner_parallel_workers;Hash_Inner_st1;Hash_Inner_rt1;Hash_Inner_st2;Hash_Inner_rt2;Hash_Inner_template;IndexScan_Inner_node_id;IndexScan_Inner_node_type;IndexScan_Inner_depth;IndexScan_Inner_parent_relationship;IndexScan_Inner_subplan_name;IndexScan_Inner_np;IndexScan_Inner_nt;IndexScan_Inner_nt1;IndexScan_Inner_nt2;IndexScan_Inner_sel;IndexScan_Inner_startup_cost;IndexScan_Inner_total_cost;IndexScan_Inner_plan_width;IndexScan_Inner_reltuples;IndexScan_Inner_parallel_workers;IndexScan_Inner_template
Q9_101_seed_820403100;16673;Aggregate;3;Outer;;0;60150;64945;0;0.9261682962506737;179229.19;180131.44;168;0.0;0;1165.577;1166.038;182.035;1141.879;0.0;0.0;Q9;16680;Nested Loop;9;Outer;;0;18037;4509;4;1.000055444666223;0.42;14242.42;18;0.0;0;0.147;21.08;0.073;0.075;Q9;16679;Hash Join;8;Outer;;0;18037;18037;10000;0.0001;448.43;14737.79;26;0.0;0;0.59;158.28;4.224;4.225;Q9;16686;Seq Scan;9;Outer;;1;25;0;0;1.0;0.0;1.25;108;25.0;0;Q9;16685;Hash;8;Inner;;0;25;25;0;1.0;1.25;1.25;108;0.0;0;13.051;13.052;0.0;0.0;Q9;16687;Index Scan;5;Inner;;26136;1;0;0;6.666666666666667e-07;0.43;0.45;8;1500000.0;0;Q9
Q9_102_seed_828607131;16691;Aggregate;3;Outer;;0;60150;74565;0;0.8066787366727016;184401.94;185304.19;168;0.0;0;1158.757;1159.129;170.854;1135.279;0.0;0.0;Q9;16698;Nested Loop;9;Outer;;0;20708;5177;4;1.0;0.42;14833.24;18;0.0;0;0.102;19.828;0.069;0.072;Q9;16697;Hash Join;8;Outer;;0;20708;20708;10000;0.0001;448.43;15335.62;26;0.0;0;0.498;149.31;2.16;2.16;Q9;16704;Seq Scan;9;Outer;;1;25;0;0;1.0;0.0;1.25;108;25.0;0;Q9;16703;Hash;8;Inner;;0;25;25;0;1.0;1.25;1.25;108;0.0;0;13.75;13.752;0.0;0.0;Q9;16705;Index Scan;5;Inner;;26136;1;0;0;6.666666666666667e-07;0.43;0.45;8;1500000.0;0;Q9
Q9_103_seed_836811162;16709;Aggregate;3;Outer;;0;55319;55319;0;1.0;174037.2;174866.99;168;0.0;0;1169.201;1169.432;179.959;1145.301;0.0;0.0;Q9;16716;Nested Loop;9;Outer;;0;15363;3841;4;0.9999349127831294;0.42;13635.25;18;0.0;0;0.328;18.842;0.074;0.077;Q9;16715;Hash Join;8;Outer;;0;15363;15363;10000;0.0001;448.43;14123.6;26;0.0;0;0.786;155.75;4.575;4.576;Q9;16722;Seq Scan;9;Outer;;1;25;0;0;1.0;0.0;1.25;108;25.0;0;Q9;16721;Hash;8;Inner;;0;25;25;0;1.0;1.25;1.25;108;0.0;0;13.336;13.339;0.0;0.0;Q9;16723;Index Scan;5;Inner;;26136;1;0;0;6.666666666666667e-07;0.43;0.45;8;1500000.0;0;Q9
Q9_105_seed_853219224;16745;Aggregate;3;Outer;;0;57726;57726;0;1.0;175337.04;176202.93;168;0.0;0;1166.853;1167.044;177.881;1143.192;0.0;0.0;Q9;16752;Nested Loop;9;Outer;;0;16032;4008;4;1.0;0.42;13788.64;18;0.0;0;0.278;19.474;0.072;0.075;Q9;16751;Hash Join;8;Outer;;0;16032;16032;10000;0.0001;448.43;14278.75;26;0.0;0;0.722;154.687;4.196;4.196;Q9;16758;Seq Scan;9;Outer;;1;25;0;0;1.0;0.0;1.25;108;25.0;0;Q9;16757;Hash;8;Inner;;0;25;25;0;1.0;1.25;1.25;108;0.0;0;13.026;13.029;0.0;0.0;Q9;16759;Index Scan;5;Inner;;26136;1;0;0;6.666666666666667e-07;0.43;0.45;8;1500000.0;0;Q9
Q9_106_seed_861423255;16763;Aggregate;3;Outer;;0;60150;69752;0;0.8623408647780709;181816.39;182718.64;168;0.0;0;1171.495;1171.934;184.998;1147.27;0.0;0.0;Q9;16770;Nested Loop;9;Outer;;0;19372;4843;4;1.0;0.42;14540.06;18;0.0;0;0.234;20.273;0.073;0.076;Q9;16769;Hash Join;8;Outer;;0;19372;19372;10000;0.0001;448.43;15038.94;26;0.0;0;0.652;160.583;4.557;4.557;Q9;16776;Seq Scan;9;Outer;;1;25;0;0;1.0;0.0;1.25;108;25.0;0;Q9;16775;Hash;8;Inner;;0;25;25;0;1.0;1.25;1.25;108;0.0;0;13.453;13.455;0.0;0.0;Q9;16777;Index Scan;5;Inner;;26136;1;0;0;6.666666666666667e-07;0.43;0.45;8;1500000.0;0;Q9
Q9_107_seed_869627286;16781;Aggregate;3;Outer;;0;60150;72159;0;0.8335758533239097;183110.05;184012.3;168;0.0;0;1145.174;1145.634;177.714;1121.246;0.0;0.0;Q9;16788;Nested Loop;9;Outer;;0;20040;5010;4;1.0;0.42;14687.3;18;0.0;0;0.131;19.022;0.072;0.075;Q9;16787;Hash Join;8;Outer;;0;20040;20040;10000;0.0001;448.43;15187.92;26;0.0;0;0.586;155.564;3.465;3.466;Q9;16794;Seq Scan;9;Outer;;1;25;0;0;1.0;0.0;1.25;108;25.0;0;Q9;16793;Hash;8;Inner;;0;25;25;0;1.0;1.25;1.25;108;0.0;0;13.072;13.074;0.0;0.0;Q9;16795;Index Scan;5;Inner;;26136;1;0;0;6.666666666666667e-07;0.43;0.45;8;1500000.0;0;Q9
Q9_108_seed_877831317;16799;Aggregate;3;Outer;;0;60150;72159;0;0.8335758533239097;183110.05;184012.3;168;0.0;0;1186.31;1186.748;187.181;1162.55;0.0;0.0;Q9;16806;Nested Loop;9;Outer;;0;20040;5010;4;1.0;0.42;14687.3;18;0.0;0;0.16;20.213;0.075;0.077;Q9;16805;Hash Join;8;Outer;;0;20040;20040;10000;0.0001;448.43;15187.92;26;0.0;0;0.622;161.643;4.104;4.104;Q9;16812;Seq Scan;9;Outer;;1;25;0;0;1.0;0.0;1.25;108;25.0;0;Q9;16811;Hash;8;Inner;;0;25;25;0;1.0;1.25;1.25;108;0.0;0;13.619;13.622;0.0;0.0;Q9;16813;Index Scan;5;Inner;;26136;1;0;0;6.666666666666667e-07;0.43;0.45;8;1500000.0;0;Q9
Q9_10_seed_73836279;16835;Aggregate;3;Outer;;0;40892;40892;0;1.0;165774.06;166387.44;168;0.0;0;1170.446;1170.638;192.114;1146.984;0.0;0.0;Q9;16842;Nested Loop;9;Outer;;0;11357;2839;4;1.0000880591757662;0.42;12243.6;18;0.0;0;0.104;21.218;0.074;0.078;Q9;16841;Hash Join;8;Outer;;0;11357;11357;10000;0.0001;448.43;12721.42;26;0.0;0;0.61;163.017;4.523;4.523;Q9;16848;Seq Scan;9;Outer;;1;25;0;0;1.0;0.0;1.25;108;25.0;0;Q9;16847;Hash;8;Inner;;0;25;25;0;1.0;1.25;1.25;108;0.0;0;13.519;13.523;0.0;0.0;Q9;16849;Index Scan;5;Inner;;26136;1;0;0;6.666666666666667e-07;0.43;0.45;8;1500000.0;0;Q9
Q9_113_seed_918851472;16908;Aggregate;3;Outer;;0;60150;62539;0;0.9617998369017732;177933.15;178835.4;168;0.0;0;1170.282;1170.712;184.331;1145.956;0.0;0.0;Q9;16915;Nested Loop;9;Outer;;0;17368;4342;4;1.0;0.42;14092.36;18;0.0;0;0.106;19.185;0.076;0.079;Q9;16914;Hash Join;8;Outer;;0;17368;17368;10000;0.0001;448.43;14585.97;26;0.0;0;0.596;161.467;2.528;2.529;Q9;16921;Seq Scan;9;Outer;;1;25;0;0;1.0;0.0;1.25;108;25.0;0;Q9;16920;Hash;8;Inner;;0;25;25;0;1.0;1.25;1.25;108;0.0;0;13.751;13.753;0.0;0.0;Q9;16922;Index Scan;5;Inner;;26136;1;0;0;6.666666666666667e-07;0.43;0.45;8;1500000.0;0;Q9
Q9_114_seed_927055503;16926;Aggregate;3;Outer;;0;48106;48106;0;1.0;169973.54;170695.13;168;0.0;0;1179.032;1179.247;185.728;1155.198;0.0;0.0;Q9;16933;Nested Loop;9;Outer;;0;13360;3340;4;1.0;0.42;13007.12;18;0.0;0;0.41;18.453;0.072;0.077;Q9;16932;Hash Join;8;Outer;;0;13360;13360;10000;0.0001;448.43;13490.2;26;0.0;0;0.86;158.794;5.613;5.614;Q9;16939;Seq Scan;9;Outer;;1;25;0;0;1.0;0.0;1.25;108;25.0;0;Q9;16938;Hash;8;Inner;;0;25;25;0;1.0;1.25;1.25;108;0.0;0;13.262;13.265;0.0;0.0;Q9;16940;Index Scan;5;Inner;;26136;1;0;0;6.666666666666667e-07;0.43;0.45;8;1500000.0;0;Q9
Q9_116_seed_943463565;16963;Aggregate;3;Outer;;0;57726;57726;0;1.0;175337.04;176202.93;168;0.0;0;1170.738;1170.917;185.365;1146.706;0.0;0.0;Q9;16970;Nested Loop;9;Outer;;0;16032;4008;4;1.0;0.42;13788.64;18;0.0;0;0.288;19.084;0.077;0.079;Q9;16969;Hash Join;8;Outer;;0;16032;16032;10000;0.0001;448.43;14278.75;26;0.0;0;0.734;161.032;5.216;5.216;Q9;16976;Seq Scan;9;Outer;;1;25;0;0;1.0;0.0;1.25;108;25.0;0;Q9;16975;Hash;8;Inner;;0;25;25;0;1.0;1.25;1.25;108;0.0;0;12.965;12.967;0.0;0.0;Q9;16977;Index Scan;5;Inner;;26136;1;0;0;6.666666666666667e-07;0.43;0.45;8;1500000.0;0;Q9
Q9_119_seed_968075658;17017;Aggregate;3;Outer;;0;60150;64945;0;0.9261682962506737;179229.19;180131.44;168;0.0;0;1154.623;1155.227;178.653;1129.786;0.0;0.0;Q9;17024;Nested Loop;9;Outer;;0;18037;4509;4;1.000055444666223;0.42;14242.42;18;0.0;0;0.104;20.292;0.069;0.073;Q9;17023;Hash Join;8;Outer;;0;18037;18037;10000;0.0001;448.43;14737.79;26;0.0;0;0.331;154.068;4.233;4.233;Q9;17030;Seq Scan;9;Outer;;1;25;0;0;1.0;0.0;1.25;108;25.0;0;Q9;17029;Hash;8;Inner;;0;25;25;0;1.0;1.25;1.25;108;0.0;0;13.098;13.101;0.0;0.0;Q9;17031;Index Scan;5;Inner;;26136;1;0;0;6.666666666666667e-07;0.43;0.45;8;1500000.0;0;Q9
Q9_11_seed_82040310;17035;Aggregate;3;Outer;;0;52919;52919;0;1.0;172738.96;173532.75;168;0.0;0;1179.777;1180.106;178.316;1155.482;0.0;0.0;Q9;17042;Nested Loop;9;Outer;;0;14697;3674;4;1.0000680457267284;0.42;13480.12;18;0.0;0;0.13;19.005;0.07;0.073;Q9;17041;Hash Join;8;Outer;;0;14697;14697;10000;0.0001;448.43;13966.71;26;0.0;0;0.344;154.359;4.749;4.749;Q9;17048;Seq Scan;9;Outer;;1;25;0;0;1.0;0.0;1.25;108;25.0;0;Q9;17047;Hash;8;Inner;;0;25;25;0;1.0;1.25;1.25;108;0.0;0;12.759;12.761;0.0;0.0;Q9;17049;Index Scan;5;Inner;;26136;1;0;0;6.666666666666667e-07;0.43;0.45;8;1500000.0;0;Q9
Q9_121_seed_984483720;17071;Aggregate;3;Outer;;0;60150;72159;0;0.8335758533239097;183110.05;184012.3;168;0.0;0;1168.847;1169.325;185.153;1144.733;0.0;0.0;Q9;17078;Nested Loop;9;Outer;;0;20040;5010;4;1.0;0.42;14687.3;18;0.0;0;0.161;19.867;0.074;0.077;Q9;17077;Hash Join;8;Outer;;0;20040;20040;10000;0.0001;448.43;15187.92;26;0.0;0;0.638;160.624;4.473;4.474;Q9;17084;Seq Scan;9;Outer;;1;25;0;0;1.0;0.0;1.25;108;25.0;0;Q9;17083;Hash;8;Inner;;0;25;25;0;1.0;1.25;1.25;108;0.0;0;13.251;13.254;0.0;0.0;Q9;17085;Index Scan;5;Inner;;26136;1;0;0;6.666666666666667e-07;0.43;0.45;8;1500000.0;0;Q9
Q9_122_seed_992687751;17089;Aggregate;3;Outer;;0;60150;67346;0;0.8931488135895228;180522.4;181424.65;168;0.0;0;1177.892;1178.346;192.929;1153.798;0.0;0.0;Q9;17096;Nested Loop;9;Outer;;0;18703;4676;4;0.9999465355004276;0.42;14392.06;18;0.0;0;0.306;20.24;0.078;0.082;Q9;17095;Hash Join;8;Outer;;0;18703;18703;10000;0.0001;448.43;14889.18;26;0.0;0;0.784;169.52;3.883;3.883;Q9;17102;Seq Scan;9;Outer;;1;25;0;0;1.0;0.0;1.25;108;25.0;0;Q9;17101;Hash;8;Inner;;0;25;25;0;1.0;1.25;1.25;108;0.0;0;13.612;13.615;0.0;0.0;Q9;17103;Index Scan;5;Inner;;26136;1;0;0;6.666666666666667e-07;0.43;0.45;8;1500000.0;0;Q9
Q9_123_seed_1000891782;17107;Aggregate;3;Outer;;0;60150;72159;0;0.8335758533239097;183110.05;184012.3;168;0.0;0;1162.196;1162.713;179.171;1138.081;0.0;0.0;Q9;17114;Nested Loop;9;Outer;;0;20040;5010;4;1.0;0.42;14687.3;18;0.0;0;0.11;20.249;0.071;0.074;Q9;17113;Hash Join;8;Outer;;0;20040;20040;10000;0.0001;448.43;15187.92;26;0.0;0;0.579;154.518;4.364;4.365;Q9;17120;Seq Scan;9;Outer;;1;25;0;0;1.0;0.0;1.25;108;25.0;0;Q9;17119;Hash;8;Inner;;0;25;25;0;1.0;1.25;1.25;108;0.0;0;13.533;13.535;0.0;0.0;Q9;17121;Index Scan;5;Inner;;26136;1;0;0;6.666666666666667e-07;0.43;0.45;8;1500000.0;0;Q9
Q9_125_seed_1017299844;17143;Aggregate;3;Outer;;0;60150;64945;0;0.9261682962506737;179229.19;180131.44;168;0.0;0;1177.951;1178.49;189.765;1153.964;0.0;0.0;Q9;17150;Nested Loop;9;Outer;;0;18037;4509;4;1.000055444666223;0.42;14242.42;18;0.0;0;0.164;19.238;0.077;0.081;Q9;17149;Hash Join;8;Outer;;0;18037;18037;10000;0.0001;448.43;14737.79;26;0.0;0;0.677;164.75;4.959;4.959;Q9;17156;Seq Scan;9;Outer;;1;25;0;0;1.0;0.0;1.25;108;25.0;0;Q9;17155;Hash;8;Inner;;0;25;25;0;1.0;1.25;1.25;108;0.0;0;13.201;13.203;0.0;0.0;Q9;17157;Index Scan;5;Inner;;26136;1;0;0;6.666666666666667e-07;0.43;0.45;8;1500000.0;0;Q9
Q9_126_seed_1025503875;17161;Aggregate;3;Outer;;0;60150;69752;0;0.8623408647780709;181816.39;182718.64;168;0.0;0;1177.954;1178.397;186.695;1153.435;0.0;0.0;Q9;17168;Nested Loop;9;Outer;;0;19372;4843;4;1.0;0.42;14540.06;18;0.0;0;0.328;19.541;0.076;0.078;Q9;17167;Hash Join;8;Outer;;0;19372;19372;10000;0.0001;448.43;15038.94;26;0.0;0;0.791;162.595;5.011;5.012;Q9;17174;Seq Scan;9;Outer;;1;25;0;0;1.0;0.0;1.25;108;25.0;0;Q9;17173;Hash;8;Inner;;0;25;25;0;1.0;1.25;1.25;108;0.0;0;12.686;12.688;0.0;0.0;Q9;17175;Index Scan;5;Inner;;26136;1;0;0;6.666666666666667e-07;0.43;0.45;8;1500000.0;0;Q9
Q9_12_seed_90244341;17234;Aggregate;3;Outer;;0;60150;64945;0;0.9261682962506737;179229.19;180131.44;168;0.0;0;1166.203;1166.627;183.109;1142.714;0.0;0.0;Q9;17241;Nested Loop;9;Outer;;0;18037;4509;4;1.000055444666223;0.42;14242.42;18;0.0;0;0.161;19.498;0.073;0.078;Q9;17240;Hash Join;8;Outer;;0;18037;18037;10000;0.0001;448.43;14737.79;26;0.0;0;0.712;160.418;3.305;3.305;Q9;17247;Seq Scan;9;Outer;;1;25;0;0;1.0;0.0;1.25;108;25.0;0;Q9;17246;Hash;8;Inner;;0;25;25;0;1.0;1.25;1.25;108;0.0;0;13.14;13.142;0.0;0.0;Q9;17248;Index Scan;5;Inner;;26136;1;0;0;6.666666666666667e-07;0.43;0.45;8;1500000.0;0;Q9
Q9_130_seed_1058319999;17252;Aggregate;3;Outer;;0;60150;69752;0;0.8623408647780709;181816.39;182718.64;168;0.0;0;1190.102;1190.595;184.523;1166.429;0.0;0.0;Q9;17259;Nested Loop;9;Outer;;0;19372;4843;4;1.0;0.42;14540.06;18;0.0;0;0.137;21.373;0.073;0.075;Q9;17258;Hash Join;8;Outer;;0;19372;19372;10000;0.0001;448.43;15038.94;26;0.0;0;0.508;158.519;3.658;3.658;Q9;17265;Seq Scan;9;Outer;;1;25;0;0;1.0;0.0;1.25;108;25.0;0;Q9;17264;Hash;8;Inner;;0;25;25;0;1.0;1.25;1.25;108;0.0;0;12.755;12.757;0.0;0.0;Q9;17266;Index Scan;5;Inner;;26136;1;0;0;6.666666666666667e-07;0.43;0.45;8;1500000.0;0;Q9
Q9_132_seed_1074728061;17288;Aggregate;3;Outer;;0;60150;72159;0;0.8335758533239097;183110.05;184012.3;168;0.0;0;1169.379;1169.826;182.594;1145.51;0.0;0.0;Q9;17295;Nested Loop;9;Outer;;0;20040;5010;4;1.0;0.42;14687.3;18;0.0;0;0.143;20.008;0.074;0.076;Q9;17294;Hash Join;8;Outer;;0;20040;20040;10000;0.0001;448.43;15187.92;26;0.0;0;0.556;158.08;3.878;3.878;Q9;17301;Seq Scan;9;Outer;;1;25;0;0;1.0;0.0;1.25;108;25.0;0;Q9;17300;Hash;8;Inner;;0;25;25;0;1.0;1.25;1.25;108;0.0;0;12.946;12.949;0.0;0.0;Q9;17302;Index Scan;5;Inner;;26136;1;0;0;6.666666666666667e-07;0.43;0.45;8;1500000.0;0;Q9
Q9_134_seed_1091136123;17324;Aggregate;3;Outer;;0;60150;62539;0;0.9617998369017732;177933.15;178835.4;168;0.0;0;1173.02;1173.502;180.106;1149.184;0.0;0.0;Q9;17331;Nested Loop;9;Outer;;0;17368;4342;4;1.0;0.42;14092.36;18;0.0;0;0.192;22.079;0.071;0.074;Q9;17330;Hash Join;8;Outer;;0;17368;17368;10000;0.0001;448.43;14585.97;26;0.0;0;0.648;156.72;2.294;2.294;Q9;17337;Seq Scan;9;Outer;;1;25;0;0;1.0;0.0;1.25;108;25.0;0;Q9;17336;Hash;8;Inner;;0;25;25;0;1.0;1.25;1.25;108;0.0;0;14.311;14.313;0.0;0.0;Q9;17338;Index Scan;5;Inner;;26136;1;0;0;6.666666666666667e-07;0.43;0.45;8;1500000.0;0;Q9
Q9_135_seed_1099340154;17342;Aggregate;3;Outer;;0;60150;69752;0;0.8623408647780709;181816.39;182718.64;168;0.0;0;1159.287;1159.874;180.976;1134.821;0.0;0.0;Q9;17349;Nested Loop;9;Outer;;0;19372;4843;4;1.0;0.42;14540.06;18;0.0;0;0.157;21.997;0.071;0.074;Q9;17348;Hash Join;8;Outer;;0;19372;19372;10000;0.0001;448.43;15038.94;26;0.0;0;0.583;156.938;3.341;3.341;Q9;17355;Seq Scan;9;Outer;;1;25;0;0;1.0;0.0;1.25;108;25.0;0;Q9;17354;Hash;8;Inner;;0;25;25;0;1.0;1.25;1.25;108;0.0;0;12.785;12.787;0.0;0.0;Q9;17356;Index Scan;5;Inner;;26136;1;0;0;6.666666666666667e-07;0.43;0.45;8;1500000.0;0;Q9
Q9_136_seed_1107544185;17360;Aggregate;3;Outer;;0;55319;55319;0;1.0;174037.2;174866.99;168;0.0;0;1167.767;1167.95;189.533;1143.888;0.0;0.0;Q9;17367;Nested Loop;9;Outer;;0;15363;3841;4;0.9999349127831294;0.42;13635.25;18;0.0;0;0.297;19.358;0.077;0.081;Q9;17366;Hash Join;8;Outer;;0;15363;15363;10000;0.0001;448.43;14123.6;26;0.0;0;0.768;166.39;3.259;3.259;Q9;17373;Seq Scan;9;Outer;;1;25;0;0;1.0;0.0;1.25;108;25.0;0;Q9;17372;Hash;8;Inner;;0;25;25;0;1.0;1.25;1.25;108;0.0;0;12.944;12.946;0.0;0.0;Q9;17374;Index Scan;5;Inner;;26136;1;0;0;6.666666666666667e-07;0.43;0.45;8;1500000.0;0;Q9
Q9_138_seed_1123952247;17396;Aggregate;3;Outer;;0;60150;72159;0;0.8335758533239097;183110.05;184012.3;168;0.0;0;1166.021;1166.515;173.865;1141.325;0.0;0.0;Q9;17403;Nested Loop;9;Outer;;0;20040;5010;4;1.0;0.42;14687.3;18;0.0;0;0.222;19.662;0.067;0.071;Q9;17402;Hash Join;8;Outer;;0;20040;20040;10000;0.0001;448.43;15187.92;26;0.0;0;0.658;149.78;4.32;4.32;Q9;17409;Seq Scan;9;Outer;;1;25;0;0;1.0;0.0;1.25;108;25.0;0;Q9;17408;Hash;8;Inner;;0;25;25;0;1.0;1.25;1.25;108;0.0;0;13.472;13.474;0.0;0.0;Q9;17410;Index Scan;5;Inner;;26136;1;0;0;6.666666666666667e-07;0.43;0.45;8;1500000.0;0;Q9
Q9_139_seed_1132156278;17414;Aggregate;3;Outer;;0;60132;60132;0;1.0;176635.37;177537.35;168;0.0;0;1198.582;1199.186;191.297;1174.554;0.0;0.0;Q9;17421;Nested Loop;9;Outer;;0;16700;4175;4;1.0;0.42;13941.01;18;0.0;0;0.376;19.653;0.078;0.081;Q9;17420;Hash Join;8;Outer;;0;16700;16700;10000;0.0001;448.43;14432.87;26;0.0;0;0.849;167.154;5.134;5.135;Q9;17427;Seq Scan;9;Outer;;1;25;0;0;1.0;0.0;1.25;108;25.0;0;Q9;17426;Hash;8;Inner;;0;25;25;0;1.0;1.25;1.25;108;0.0;0;13.005;13.008;0.0;0.0;Q9;17428;Index Scan;5;Inner;;26136;1;0;0;6.666666666666667e-07;0.43;0.45;8;1500000.0;0;Q9
Q9_13_seed_98448372;17432;Aggregate;3;Outer;;0;60150;64945;0;0.9261682962506737;179229.19;180131.44;168;0.0;0;1172.025;1172.375;187.059;1147.594;0.0;0.0;Q9;17439;Nested Loop;9;Outer;;0;18037;4509;4;1.000055444666223;0.42;14242.42;18;0.0;0;0.323;20.573;0.077;0.08;Q9;17438;Hash Join;8;Outer;;0;18037;18037;10000;0.0001;448.43;14737.79;26;0.0;0;0.763;165.868;2.868;2.868;Q9;17445;Seq Scan;9;Outer;;1;25;0;0;1.0;0.0;1.25;108;25.0;0;Q9;17444;Hash;8;Inner;;0;25;25;0;1.0;1.25;1.25;108;0.0;0;12.582;12.584;0.0;0.0;Q9;17446;Index Scan;5;Inner;;26136;1;0;0;6.666666666666667e-07;0.43;0.45;8;1500000.0;0;Q9
Q9_140_seed_1140360309;17450;Aggregate;3;Outer;;0;60150;69752;0;0.8623408647780709;181816.39;182718.64;168;0.0;0;1190.673;1191.122;184.807;1165.694;0.0;0.0;Q9;17457;Nested Loop;9;Outer;;0;19372;4843;4;1.0;0.42;14540.06;18;0.0;0;0.218;21.126;0.072;0.075;Q9;17456;Hash Join;8;Outer;;0;19372;19372;10000;0.0001;448.43;15038.94;26;0.0;0;0.634;160.016;4.761;4.761;Q9;17463;Seq Scan;9;Outer;;1;25;0;0;1.0;0.0;1.25;108;25.0;0;Q9;17462;Hash;8;Inner;;0;25;25;0;1.0;1.25;1.25;108;0.0;0;13.87;13.873;0.0;0.0;Q9;17464;Index Scan;5;Inner;;26136;1;0;0;6.666666666666667e-07;0.43;0.45;8;1500000.0;0;Q9
Q9_143_seed_1164972402;17505;Aggregate;3;Outer;;0;60150;67346;0;0.8931488135895228;180522.4;181424.65;168;0.0;0;1152.085;1152.593;181.739;1127.496;0.0;0.0;Q9;17512;Nested Loop;9;Outer;;0;18703;4676;4;0.9999465355004276;0.42;14392.06;18;0.0;0;0.118;19.128;0.073;0.075;Q9;17511;Hash Join;8;Outer;;0;18703;18703;10000;0.0001;448.43;14889.18;26;0.0;0;0.617;157.089;4.734;4.735;Q9;17518;Seq Scan;9;Outer;;1;25;0;0;1.0;0.0;1.25;108;25.0;0;Q9;17517;Hash;8;Inner;;0;25;25;0;1.0;1.25;1.25;108;0.0;0;13.877;13.88;0.0;0.0;Q9;17519;Index Scan;5;Inner;;26136;1;0;0;6.666666666666667e-07;0.43;0.45;8;1500000.0;0;Q9
Q9_144_seed_1173176433;17523;Aggregate;3;Outer;;0;60150;69752;0;0.8623408647780709;181816.39;182718.64;168;0.0;0;1169.931;1170.393;182.853;1146.84;0.0;0.0;Q9;17530;Nested Loop;9;Outer;;0;19372;4843;4;1.0;0.42;14540.06;18;0.0;0;0.328;20.865;0.074;0.075;Q9;17529;Hash Join;8;Outer;;0;19372;19372;10000;0.0001;448.43;15038.94;26;0.0;0;0.841;158.151;4.283;4.283;Q9;17536;Seq Scan;9;Outer;;1;25;0;0;1.0;0.0;1.25;108;25.0;0;Q9;17535;Hash;8;Inner;;0;25;25;0;1.0;1.25;1.25;108;0.0;0;13.606;13.608;0.0;0.0;Q9;17537;Index Scan;5;Inner;;26136;1;0;0;6.666666666666667e-07;0.43;0.45;8;1500000.0;0;Q9
Q9_145_seed_1181380464;17541;Aggregate;3;Outer;;0;60132;60132;0;1.0;176635.37;177537.35;168;0.0;0;1152.245;1152.717;175.044;1128.599;0.0;0.0;Q9;17548;Nested Loop;9;Outer;;0;16700;4175;4;1.0;0.42;13941.01;18;0.0;0;0.119;18.949;0.071;0.074;Q9;17547;Hash Join;8;Outer;;0;16700;16700;10000;0.0001;448.43;14432.87;26;0.0;0;0.557;150.681;3.658;3.659;Q9;17554;Seq Scan;9;Outer;;1;25;0;0;1.0;0.0;1.25;108;25.0;0;Q9;17553;Hash;8;Inner;;0;25;25;0;1.0;1.25;1.25;108;0.0;0;14.169;14.172;0.0;0.0;Q9;17555;Index Scan;5;Inner;;26136;1;0;0;6.666666666666667e-07;0.43;0.45;8;1500000.0;0;Q9
Q9_147_seed_1197788526;17577;Aggregate;3;Outer;;0;43293;43293;0;1.0;167178.34;167827.74;168;0.0;0;1187.067;1187.308;185.657;1162.28;0.0;0.0;Q9;17584;Nested Loop;9;Outer;;0;12023;3006;4;0.9999168330006654;0.42;12504.32;18;0.0;0;0.286;19.539;0.074;0.076;Q9;17583;Hash Join;8;Outer;;0;12023;12023;10000;0.0001;448.43;12983.89;26;0.0;0;0.776;158.207;4.614;4.614;Q9;17590;Seq Scan;9;Outer;;1;25;0;0;1.0;0.0;1.25;108;25.0;0;Q9;17589;Hash;8;Inner;;0;25;25;0;1.0;1.25;1.25;108;0.0;0;12.905;12.908;0.0;0.0;Q9;17591;Index Scan;5;Inner;;26136;1;0;0;6.666666666666667e-07;0.43;0.45;8;1500000.0;0;Q9
Q9_149_seed_1214196588;17614;Aggregate;3;Outer;;0;60132;60132;0;1.0;176635.37;177537.35;168;0.0;0;1160.54;1161.008;181.944;1137.012;0.0;0.0;Q9;17621;Nested Loop;9;Outer;;0;16700;4175;4;1.0;0.42;13941.01;18;0.0;0;0.29;19.81;0.072;0.074;Q9;17620;Hash Join;8;Outer;;0;16700;16700;10000;0.0001;448.43;14432.87;26;0.0;0;0.744;155.603;6.491;6.492;Q9;17627;Seq Scan;9;Outer;;1;25;0;0;1.0;0.0;1.25;108;25.0;0;Q9;17626;Hash;8;Inner;;0;25;25;0;1.0;1.25;1.25;108;0.0;0;12.933;12.935;0.0;0.0;Q9;17628;Index Scan;5;Inner;;26136;1;0;0;6.666666666666667e-07;0.43;0.45;8;1500000.0;0;Q9
Q9_17_seed_131264496;17704;Aggregate;3;Outer;;0;60150;72159;0;0.8335758533239097;183110.05;184012.3;168;0.0;0;1175.605;1176.077;183.78;1150.962;0.0;0.0;Q9;17711;Nested Loop;9;Outer;;0;20040;5010;4;1.0;0.42;14687.3;18;0.0;0;0.357;20.702;0.075;0.077;Q9;17710;Hash Join;8;Outer;;0;20040;20040;10000;0.0001;448.43;15187.92;26;0.0;0;0.79;160.828;4.057;4.058;Q9;17717;Seq Scan;9;Outer;;1;25;0;0;1.0;0.0;1.25;108;25.0;0;Q9;17716;Hash;8;Inner;;0;25;25;0;1.0;1.25;1.25;108;0.0;0;12.915;12.917;0.0;0.0;Q9;17718;Index Scan;5;Inner;;26136;1;0;0;6.666666666666667e-07;0.43;0.45;8;1500000.0;0;Q9
Q9_1_seed_0101000000;17760;Aggregate;3;Outer;;0;60150;67346;0;0.8931488135895228;180522.4;181424.65;168;0.0;0;1207.316;1207.754;182.81;1183.202;0.0;0.0;Q9;17767;Nested Loop;9;Outer;;0;18703;4676;4;0.9999465355004276;0.42;14392.06;18;0.0;0;0.158;20.757;0.071;0.076;Q9;17766;Hash Join;8;Outer;;0;18703;18703;10000;0.0001;448.43;14889.18;26;0.0;0;0.62;157.774;3.477;3.477;Q9;17773;Seq Scan;9;Outer;;1;25;0;0;1.0;0.0;1.25;108;25.0;0;Q9;17772;Hash;8;Inner;;0;25;25;0;1.0;1.25;1.25;108;0.0;0;13.765;13.767;0.0;0.0;Q9;17774;Index Scan;5;Inner;;26136;1;0;0;6.666666666666667e-07;0.43;0.45;8;1500000.0;0;Q9
Q9_20_seed_155876589;17778;Aggregate;3;Outer;;0;60132;60132;0;1.0;176635.37;177537.35;168;0.0;0;1173.191;1173.711;183.651;1149.425;0.0;0.0;Q9;17785;Nested Loop;9;Outer;;0;16700;4175;4;1.0;0.42;13941.01;18;0.0;0;0.355;20.242;0.073;0.076;Q9;17784;Hash Join;8;Outer;;0;16700;16700;10000;0.0001;448.43;14432.87;26;0.0;0;0.775;158.807;5.863;5.863;Q9;17791;Seq Scan;9;Outer;;1;25;0;0;1.0;0.0;1.25;108;25.0;0;Q9;17790;Hash;8;Inner;;0;25;25;0;1.0;1.25;1.25;108;0.0;0;13.053;13.055;0.0;0.0;Q9;17792;Index Scan;5;Inner;;26136;1;0;0;6.666666666666667e-07;0.43;0.45;8;1500000.0;0;Q9
Q9_21_seed_164080620;17796;Aggregate;3;Outer;;0;60150;74565;0;0.8066787366727016;184401.94;185304.19;168;0.0;0;1180.381;1180.894;182.087;1157.558;0.0;0.0;Q9;17803;Nested Loop;9;Outer;;0;20708;5177;4;1.0;0.42;14833.24;18;0.0;0;0.175;19.373;0.075;0.077;Q9;17802;Hash Join;8;Outer;;0;20708;20708;10000;0.0001;448.43;15335.62;26;0.0;0;0.705;157.963;4.067;4.067;Q9;17809;Seq Scan;9;Outer;;1;25;0;0;1.0;0.0;1.25;108;25.0;0;Q9;17808;Hash;8;Inner;;0;25;25;0;1.0;1.25;1.25;108;0.0;0;13.831;13.834;0.0;0.0;Q9;17810;Index Scan;5;Inner;;26136;1;0;0;6.666666666666667e-07;0.43;0.45;8;1500000.0;0;Q9
Q9_23_seed_180488682;17832;Aggregate;3;Outer;;0;48106;48106;0;1.0;169973.54;170695.13;168;0.0;0;1169.092;1169.312;183.441;1145.01;0.0;0.0;Q9;17839;Nested Loop;9;Outer;;0;13360;3340;4;1.0;0.42;13007.12;18;0.0;0;0.133;19.237;0.072;0.076;Q9;17838;Hash Join;8;Outer;;0;13360;13360;10000;0.0001;448.43;13490.2;26;0.0;0;1.588;156.609;3.281;3.281;Q9;17845;Seq Scan;9;Outer;;1;25;0;0;1.0;0.0;1.25;108;25.0;0;Q9;17844;Hash;8;Inner;;0;25;25;0;1.0;1.25;1.25;108;0.0;0;14.069;14.073;0.0;0.0;Q9;17846;Index Scan;5;Inner;;26136;1;0;0;6.666666666666667e-07;0.43;0.45;8;1500000.0;0;Q9
Q9_24_seed_188692713;17850;Aggregate;3;Outer;;0;57726;57726;0;1.0;175337.04;176202.93;168;0.0;0;1152.911;1153.114;178.469;1128.425;0.0;0.0;Q9;17857;Nested Loop;9;Outer;;0;16032;4008;4;1.0;0.42;13788.64;18;0.0;0;0.212;18.975;0.07;0.074;Q9;17856;Hash Join;8;Outer;;0;16032;16032;10000;0.0001;448.43;14278.75;26;0.0;0;0.718;153.354;5.188;5.189;Q9;17863;Seq Scan;9;Outer;;1;25;0;0;1.0;0.0;1.25;108;25.0;0;Q9;17862;Hash;8;Inner;;0;25;25;0;1.0;1.25;1.25;108;0.0;0;13.573;13.576;0.0;0.0;Q9;17864;Index Scan;5;Inner;;26136;1;0;0;6.666666666666667e-07;0.43;0.45;8;1500000.0;0;Q9
Q9_25_seed_196896744;17868;Aggregate;3;Outer;;0;60150;72159;0;0.8335758533239097;183110.05;184012.3;168;0.0;0;1171.093;1171.54;177.331;1147.45;0.0;0.0;Q9;17875;Nested Loop;9;Outer;;0;20040;5010;4;1.0;0.42;14687.3;18;0.0;0;0.105;19.403;0.071;0.074;Q9;17874;Hash Join;8;Outer;;0;20040;20040;10000;0.0001;448.43;15187.92;26;0.0;0;0.607;153.129;5.017;5.017;Q9;17881;Seq Scan;9;Outer;;1;25;0;0;1.0;0.0;1.25;108;25.0;0;Q9;17880;Hash;8;Inner;;0;25;25;0;1.0;1.25;1.25;108;0.0;0;13.456;13.458;0.0;0.0;Q9;17882;Index Scan;5;Inner;;26136;1;0;0;6.666666666666667e-07;0.43;0.45;8;1500000.0;0;Q9
Q9_29_seed_229712868;17940;Aggregate;3;Outer;;0;60150;74565;0;0.8066787366727016;184401.94;185304.19;168;0.0;0;1172.71;1173.193;180.667;1148.625;0.0;0.0;Q9;17947;Nested Loop;9;Outer;;0;20708;5177;4;1.0;0.42;14833.24;18;0.0;0;0.135;19.494;0.072;0.074;Q9;17946;Hash Join;8;Outer;;0;20708;20708;10000;0.0001;448.43;15335.62;26;0.0;0;0.617;155.199;4.768;4.769;Q9;17953;Seq Scan;9;Outer;;1;25;0;0;1.0;0.0;1.25;108;25.0;0;Q9;17952;Hash;8;Inner;;0;25;25;0;1.0;1.25;1.25;108;0.0;0;13.554;13.558;0.0;0.0;Q9;17954;Index Scan;5;Inner;;26136;1;0;0;6.666666666666667e-07;0.43;0.45;8;1500000.0;0;Q9
Q9_2_seed_8204031;17958;Aggregate;3;Outer;;0;60150;67346;0;0.8931488135895228;180522.4;181424.65;168;0.0;0;1165.263;1165.739;187.588;1141.105;0.0;0.0;Q9;17965;Nested Loop;9;Outer;;0;18703;4676;4;0.9999465355004276;0.42;14392.06;18;0.0;0;0.317;19.196;0.077;0.08;Q9;17964;Hash Join;8;Outer;;0;18703;18703;10000;0.0001;448.43;14889.18;26;0.0;0;0.747;162.924;4.11;4.11;Q9;17971;Seq Scan;9;Outer;;1;25;0;0;1.0;0.0;1.25;108;25.0;0;Q9;17970;Hash;8;Inner;;0;25;25;0;1.0;1.25;1.25;108;0.0;0;13.456;13.459;0.0;0.0;Q9;17972;Index Scan;5;Inner;;26136;1;0;0;6.666666666666667e-07;0.43;0.45;8;1500000.0;0;Q9
Q9_31_seed_246120930;17995;Aggregate;3;Outer;;0;60150;67346;0;0.8931488135895228;180522.4;181424.65;168;0.0;0;1162.936;1163.414;174.885;1139.23;0.0;0.0;Q9;18002;Nested Loop;9;Outer;;0;18703;4676;4;0.9999465355004276;0.42;14392.06;18;0.0;0;0.263;22.225;0.066;0.07;Q9;18001;Hash Join;8;Outer;;0;18703;18703;10000;0.0001;448.43;14889.18;26;0.0;0;0.799;148.638;5.736;5.736;Q9;18008;Seq Scan;9;Outer;;1;25;0;0;1.0;0.0;1.25;108;25.0;0;Q9;18007;Hash;8;Inner;;0;25;25;0;1.0;1.25;1.25;108;0.0;0;14.058;14.062;0.0;0.0;Q9;18009;Index Scan;5;Inner;;26136;1;0;0;6.666666666666667e-07;0.43;0.45;8;1500000.0;0;Q9
Q9_34_seed_270733023;18050;Aggregate;3;Outer;;0;60150;62539;0;0.9617998369017732;177933.15;178835.4;168;0.0;0;1185.021;1185.505;173.068;1160.232;0.0;0.0;Q9;18057;Nested Loop;9;Outer;;0;17368;4342;4;1.0;0.42;14092.36;18;0.0;0;0.144;19.809;0.069;0.072;Q9;18056;Hash Join;8;Outer;;0;17368;17368;10000;0.0001;448.43;14585.97;26;0.0;0;0.638;150.26;3.709;3.709;Q9;18063;Seq Scan;9;Outer;;1;25;0;0;1.0;0.0;1.25;108;25.0;0;Q9;18062;Hash;8;Inner;;0;25;25;0;1.0;1.25;1.25;108;0.0;0;12.922;12.926;0.0;0.0;Q9;18064;Index Scan;5;Inner;;26136;1;0;0;6.666666666666667e-07;0.43;0.45;8;1500000.0;0;Q9
Q9_36_seed_287141085;18086;Aggregate;3;Outer;;0;60150;64945;0;0.9261682962506737;179229.19;180131.44;168;0.0;0;1168.888;1169.319;176.001;1144.29;0.0;0.0;Q9;18093;Nested Loop;9;Outer;;0;18037;4509;4;1.000055444666223;0.42;14242.42;18;0.0;0;0.282;19.89;0.07;0.072;Q9;18092;Hash Join;8;Outer;;0;18037;18037;10000;0.0001;448.43;14737.79;26;0.0;0;0.717;152.045;3.961;3.961;Q9;18099;Seq Scan;9;Outer;;1;25;0;0;1.0;0.0;1.25;108;25.0;0;Q9;18098;Hash;8;Inner;;0;25;25;0;1.0;1.25;1.25;108;0.0;0;12.836;12.838;0.0;0.0;Q9;18100;Index Scan;5;Inner;;26136;1;0;0;6.666666666666667e-07;0.43;0.45;8;1500000.0;0;Q9
Q9_38_seed_303549147;18122;Aggregate;3;Outer;;0;60150;64945;0;0.9261682962506737;179229.19;180131.44;168;0.0;0;1194.395;1194.861;183.405;1169.996;0.0;0.0;Q9;18129;Nested Loop;9;Outer;;0;18037;4509;4;1.000055444666223;0.42;14242.42;18;0.0;0;0.102;19.732;0.074;0.077;Q9;18128;Hash Join;8;Outer;;0;18037;18037;10000;0.0001;448.43;14737.79;26;0.0;0;0.323;161.323;3.234;3.234;Q9;18135;Seq Scan;9;Outer;;1;25;0;0;1.0;0.0;1.25;108;25.0;0;Q9;18134;Hash;8;Inner;;0;25;25;0;1.0;1.25;1.25;108;0.0;0;12.976;12.978;0.0;0.0;Q9;18136;Index Scan;5;Inner;;26136;1;0;0;6.666666666666667e-07;0.43;0.45;8;1500000.0;0;Q9
Q9_41_seed_328161240;18195;Aggregate;3;Outer;;0;60132;60132;0;1.0;176635.37;177537.35;168;0.0;0;1151.103;1151.597;178.175;1126.387;0.0;0.0;Q9;18202;Nested Loop;9;Outer;;0;16700;4175;4;1.0;0.42;13941.01;18;0.0;0;0.1;19.526;0.07;0.072;Q9;18201;Hash Join;8;Outer;;0;16700;16700;10000;0.0001;448.43;14432.87;26;0.0;0;0.509;153.395;2.601;2.601;Q9;18208;Seq Scan;9;Outer;;1;25;0;0;1.0;0.0;1.25;108;25.0;0;Q9;18207;Hash;8;Inner;;0;25;25;0;1.0;1.25;1.25;108;0.0;0;13.693;13.696;0.0;0.0;Q9;18209;Index Scan;5;Inner;;26136;1;0;0;6.666666666666667e-07;0.43;0.45;8;1500000.0;0;Q9
Q9_42_seed_336365271;18213;Aggregate;3;Outer;;0;60150;72159;0;0.8335758533239097;183110.05;184012.3;168;0.0;0;1196.111;1196.551;183.583;1172.099;0.0;0.0;Q9;18220;Nested Loop;9;Outer;;0;20040;5010;4;1.0;0.42;14687.3;18;0.0;0;0.158;19.031;0.075;0.078;Q9;18219;Hash Join;8;Outer;;0;20040;20040;10000;0.0001;448.43;15187.92;26;0.0;0;0.643;159.95;3.07;3.07;Q9;18226;Seq Scan;9;Outer;;1;25;0;0;1.0;0.0;1.25;108;25.0;0;Q9;18225;Hash;8;Inner;;0;25;25;0;1.0;1.25;1.25;108;0.0;0;14.595;14.597;0.0;0.0;Q9;18227;Index Scan;5;Inner;;26136;1;0;0;6.666666666666667e-07;0.43;0.45;8;1500000.0;0;Q9
Q9_43_seed_344569302;18231;Aggregate;3;Outer;;0;55319;55319;0;1.0;174037.2;174866.99;168;0.0;0;1165.826;1166.055;181.53;1141.995;0.0;0.0;Q9;18238;Nested Loop;9;Outer;;0;15363;3841;4;0.9999349127831294;0.42;13635.25;18;0.0;0;0.139;20.035;0.073;0.075;Q9;18237;Hash Join;8;Outer;;0;15363;15363;10000;0.0001;448.43;14123.6;26;0.0;0;0.619;156.977;4.508;4.508;Q9;18244;Seq Scan;9;Outer;;1;25;0;0;1.0;0.0;1.25;108;25.0;0;Q9;18243;Hash;8;Inner;;0;25;25;0;1.0;1.25;1.25;108;0.0;0;13.343;13.346;0.0;0.0;Q9;18245;Index Scan;5;Inner;;26136;1;0;0;6.666666666666667e-07;0.43;0.45;8;1500000.0;0;Q9
Q9_44_seed_352773333;18249;Aggregate;3;Outer;;0;60150;64945;0;0.9261682962506737;179229.19;180131.44;168;0.0;0;1163.722;1164.173;176.604;1139.461;0.0;0.0;Q9;18256;Nested Loop;9;Outer;;0;18037;4509;4;1.000055444666223;0.42;14242.42;18;0.0;0;0.181;19.564;0.071;0.073;Q9;18255;Hash Join;8;Outer;;0;18037;18037;10000;0.0001;448.43;14737.79;26;0.0;0;0.652;150.535;4.955;4.955;Q9;18262;Seq Scan;9;Outer;;1;25;0;0;1.0;0.0;1.25;108;25.0;0;Q9;18261;Hash;8;Inner;;0;25;25;0;1.0;1.25;1.25;108;0.0;0;13.564;13.566;0.0;0.0;Q9;18263;Index Scan;5;Inner;;26136;1;0;0;6.666666666666667e-07;0.43;0.45;8;1500000.0;0;Q9
Q9_46_seed_369181395;18285;Aggregate;3;Outer;;0;60150;69752;0;0.8623408647780709;181816.39;182718.64;168;0.0;0;1176.176;1176.621;180.963;1152.195;0.0;0.0;Q9;18292;Nested Loop;9;Outer;;0;19372;4843;4;1.0;0.42;14540.06;18;0.0;0;0.284;19.34;0.072;0.074;Q9;18291;Hash Join;8;Outer;;0;19372;19372;10000;0.0001;448.43;15038.94;26;0.0;0;0.73;156.61;5.629;5.63;Q9;18298;Seq Scan;9;Outer;;1;25;0;0;1.0;0.0;1.25;108;25.0;0;Q9;18297;Hash;8;Inner;;0;25;25;0;1.0;1.25;1.25;108;0.0;0;12.941;12.944;0.0;0.0;Q9;18299;Index Scan;5;Inner;;26136;1;0;0;6.666666666666667e-07;0.43;0.45;8;1500000.0;0;Q9
Q9_47_seed_377385426;18303;Aggregate;3;Outer;;0;48106;48106;0;1.0;169973.54;170695.13;168;0.0;0;1207.311;1207.543;194.14;1183.086;0.0;0.0;Q9;18310;Nested Loop;9;Outer;;0;13360;3340;4;1.0;0.42;13007.12;18;0.0;0;0.096;20.471;0.074;0.078;Q9;18309;Hash Join;8;Outer;;0;13360;13360;10000;0.0001;448.43;13490.2;26;0.0;0;0.307;162.341;4.596;4.596;Q9;18316;Seq Scan;9;Outer;;1;25;0;0;1.0;0.0;1.25;108;25.0;0;Q9;18315;Hash;8;Inner;;0;25;25;0;1.0;1.25;1.25;108;0.0;0;13.677;13.682;0.0;0.0;Q9;18317;Index Scan;5;Inner;;26136;1;0;0;6.666666666666667e-07;0.43;0.45;8;1500000.0;0;Q9
Q9_49_seed_393793488;18339;Aggregate;3;Outer;;0;60150;69752;0;0.8623408647780709;181816.39;182718.64;168;0.0;0;1188.163;1188.597;185.677;1164.065;0.0;0.0;Q9;18346;Nested Loop;9;Outer;;0;19372;4843;4;1.0;0.42;14540.06;18;0.0;0;0.136;20.79;0.072;0.077;Q9;18345;Hash Join;8;Outer;;0;19372;19372;10000;0.0001;448.43;15038.94;26;0.0;0;0.671;161.204;4.492;4.492;Q9;18352;Seq Scan;9;Outer;;1;25;0;0;1.0;0.0;1.25;108;25.0;0;Q9;18351;Hash;8;Inner;;0;25;25;0;1.0;1.25;1.25;108;0.0;0;13.245;13.247;0.0;0.0;Q9;18353;Index Scan;5;Inner;;26136;1;0;0;6.666666666666667e-07;0.43;0.45;8;1500000.0;0;Q9
Q9_4_seed_24612093;18357;Aggregate;3;Outer;;0;60150;72159;0;0.8335758533239097;183110.05;184012.3;168;0.0;0;1164.107;1164.737;172.758;1139.885;0.0;0.0;Q9;18364;Nested Loop;9;Outer;;0;20040;5010;4;1.0;0.42;14687.3;18;0.0;0;0.323;20.664;0.069;0.072;Q9;18363;Hash Join;8;Outer;;0;20040;20040;10000;0.0001;448.43;15187.92;26;0.0;0;0.798;150.247;2.793;2.794;Q9;18370;Seq Scan;9;Outer;;1;25;0;0;1.0;0.0;1.25;108;25.0;0;Q9;18369;Hash;8;Inner;;0;25;25;0;1.0;1.25;1.25;108;0.0;0;13.328;13.332;0.0;0.0;Q9;18371;Index Scan;5;Inner;;26136;1;0;0;6.666666666666667e-07;0.43;0.45;8;1500000.0;0;Q9
Q9_50_seed_401997519;18375;Aggregate;3;Outer;;0;60150;72159;0;0.8335758533239097;183110.05;184012.3;168;0.0;0;1176.759;1177.246;186.923;1152.443;0.0;0.0;Q9;18382;Nested Loop;9;Outer;;0;20040;5010;4;1.0;0.42;14687.3;18;0.0;0;0.17;21.219;0.074;0.078;Q9;18381;Hash Join;8;Outer;;0;20040;20040;10000;0.0001;448.43;15187.92;26;0.0;0;0.413;163.113;3.606;3.606;Q9;18388;Seq Scan;9;Outer;;1;25;0;0;1.0;0.0;1.25;108;25.0;0;Q9;18387;Hash;8;Inner;;0;25;25;0;1.0;1.25;1.25;108;0.0;0;13.768;13.77;0.0;0.0;Q9;18389;Index Scan;5;Inner;;26136;1;0;0;6.666666666666667e-07;0.43;0.45;8;1500000.0;0;Q9
Q9_51_seed_410201550;18393;Aggregate;3;Outer;;0;60150;72159;0;0.8335758533239097;183110.05;184012.3;168;0.0;0;1179.668;1180.146;172.626;1155.684;0.0;0.0;Q9;18400;Nested Loop;9;Outer;;0;20040;5010;4;1.0;0.42;14687.3;18;0.0;0;0.15;19.878;0.067;0.071;Q9;18399;Hash Join;8;Outer;;0;20040;20040;10000;0.0001;448.43;15187.92;26;0.0;0;0.559;147.84;4.12;4.12;Q9;18406;Seq Scan;9;Outer;;1;25;0;0;1.0;0.0;1.25;108;25.0;0;Q9;18405;Hash;8;Inner;;0;25;25;0;1.0;1.25;1.25;108;0.0;0;13.493;13.496;0.0;0.0;Q9;18407;Index Scan;5;Inner;;26136;1;0;0;6.666666666666667e-07;0.43;0.45;8;1500000.0;0;Q9
Q9_52_seed_418405581;18411;Aggregate;3;Outer;;0;60150;74565;0;0.8066787366727016;184401.94;185304.19;168;0.0;0;1180.511;1180.988;172.429;1156.054;0.0;0.0;Q9;18418;Nested Loop;9;Outer;;0;20708;5177;4;1.0;0.42;14833.24;18;0.0;0;0.336;20.491;0.067;0.07;Q9;18417;Hash Join;8;Outer;;0;20708;20708;10000;0.0001;448.43;15335.62;26;0.0;0;0.829;148.544;4.637;4.637;Q9;18424;Seq Scan;9;Outer;;1;25;0;0;1.0;0.0;1.25;108;25.0;0;Q9;18423;Hash;8;Inner;;0;25;25;0;1.0;1.25;1.25;108;0.0;0;13.434;13.437;0.0;0.0;Q9;18425;Index Scan;5;Inner;;26136;1;0;0;6.666666666666667e-07;0.43;0.45;8;1500000.0;0;Q9
Q9_53_seed_426609612;18429;Aggregate;3;Outer;;0;60150;67346;0;0.8931488135895228;180522.4;181424.65;168;0.0;0;1179.214;1179.703;179.977;1156.128;0.0;0.0;Q9;18436;Nested Loop;9;Outer;;0;18703;4676;4;0.9999465355004276;0.42;14392.06;18;0.0;0;0.313;20.298;0.074;0.075;Q9;18435;Hash Join;8;Outer;;0;18703;18703;10000;0.0001;448.43;14889.18;26;0.0;0;0.766;156.088;4.127;4.127;Q9;18442;Seq Scan;9;Outer;;1;25;0;0;1.0;0.0;1.25;108;25.0;0;Q9;18441;Hash;8;Inner;;0;25;25;0;1.0;1.25;1.25;108;0.0;0;13.43;13.432;0.0;0.0;Q9;18443;Index Scan;5;Inner;;26136;1;0;0;6.666666666666667e-07;0.43;0.45;8;1500000.0;0;Q9
Q9_54_seed_434813643;18447;Aggregate;3;Outer;;0;60150;69752;0;0.8623408647780709;181816.39;182718.64;168;0.0;0;1169.561;1170.056;182.192;1145.32;0.0;0.0;Q9;18454;Nested Loop;9;Outer;;0;19372;4843;4;1.0;0.42;14540.06;18;0.0;0;0.198;18.546;0.075;0.077;Q9;18453;Hash Join;8;Outer;;0;19372;19372;10000;0.0001;448.43;15038.94;26;0.0;0;0.655;158.969;3.763;3.763;Q9;18460;Seq Scan;9;Outer;;1;25;0;0;1.0;0.0;1.25;108;25.0;0;Q9;18459;Hash;8;Inner;;0;25;25;0;1.0;1.25;1.25;108;0.0;0;13.374;13.376;0.0;0.0;Q9;18461;Index Scan;5;Inner;;26136;1;0;0;6.666666666666667e-07;0.43;0.45;8;1500000.0;0;Q9
Q9_55_seed_443017674;18465;Aggregate;3;Outer;;0;60150;62539;0;0.9617998369017732;177933.15;178835.4;168;0.0;0;1154.975;1155.466;179.018;1130.177;0.0;0.0;Q9;18472;Nested Loop;9;Outer;;0;17368;4342;4;1.0;0.42;14092.36;18;0.0;0;0.152;19.885;0.071;0.074;Q9;18471;Hash Join;8;Outer;;0;17368;17368;10000;0.0001;448.43;14585.97;26;0.0;0;0.618;154.924;4.745;4.745;Q9;18478;Seq Scan;9;Outer;;1;25;0;0;1.0;0.0;1.25;108;25.0;0;Q9;18477;Hash;8;Inner;;0;25;25;0;1.0;1.25;1.25;108;0.0;0;13.678;13.681;0.0;0.0;Q9;18479;Index Scan;5;Inner;;26136;1;0;0;6.666666666666667e-07;0.43;0.45;8;1500000.0;0;Q9
Q9_56_seed_451221705;18483;Aggregate;3;Outer;;0;52919;52919;0;1.0;172738.96;173532.75;168;0.0;0;1181.539;1181.745;185.534;1157.429;0.0;0.0;Q9;18490;Nested Loop;9;Outer;;0;14697;3674;4;1.0000680457267284;0.42;13480.12;18;0.0;0;0.234;20.43;0.073;0.076;Q9;18489;Hash Join;8;Outer;;0;14697;14697;10000;0.0001;448.43;13966.71;26;0.0;0;0.705;160.019;5.208;5.208;Q9;18496;Seq Scan;9;Outer;;1;25;0;0;1.0;0.0;1.25;108;25.0;0;Q9;18495;Hash;8;Inner;;0;25;25;0;1.0;1.25;1.25;108;0.0;0;13.273;13.275;0.0;0.0;Q9;18497;Index Scan;5;Inner;;26136;1;0;0;6.666666666666667e-07;0.43;0.45;8;1500000.0;0;Q9
Q9_57_seed_459425736;18501;Aggregate;3;Outer;;0;60150;72159;0;0.8335758533239097;183110.05;184012.3;168;0.0;0;1163.804;1164.267;177.004;1139.055;0.0;0.0;Q9;18508;Nested Loop;9;Outer;;0;20040;5010;4;1.0;0.42;14687.3;18;0.0;0;0.193;20.508;0.069;0.072;Q9;18507;Hash Join;8;Outer;;0;20040;20040;10000;0.0001;448.43;15187.92;26;0.0;0;0.66;152.755;4.73;4.73;Q9;18514;Seq Scan;9;Outer;;1;25;0;0;1.0;0.0;1.25;108;25.0;0;Q9;18513;Hash;8;Inner;;0;25;25;0;1.0;1.25;1.25;108;0.0;0;12.971;12.974;0.0;0.0;Q9;18515;Index Scan;5;Inner;;26136;1;0;0;6.666666666666667e-07;0.43;0.45;8;1500000.0;0;Q9
Q9_58_seed_467629767;18519;Aggregate;3;Outer;;0;60132;60132;0;1.0;176635.37;177537.35;168;0.0;0;1180.195;1180.657;188.817;1155.558;0.0;0.0;Q9;18526;Nested Loop;9;Outer;;0;16700;4175;4;1.0;0.42;13941.01;18;0.0;0;0.321;21.086;0.076;0.079;Q9;18525;Hash Join;8;Outer;;0;16700;16700;10000;0.0001;448.43;14432.87;26;0.0;0;0.773;163.879;4.487;4.487;Q9;18532;Seq Scan;9;Outer;;1;25;0;0;1.0;0.0;1.25;108;25.0;0;Q9;18531;Hash;8;Inner;;0;25;25;0;1.0;1.25;1.25;108;0.0;0;13.067;13.069;0.0;0.0;Q9;18533;Index Scan;5;Inner;;26136;1;0;0;6.666666666666667e-07;0.43;0.45;8;1500000.0;0;Q9
Q9_5_seed_32816124;18555;Aggregate;3;Outer;;0;50512;50512;0;1.0;171362.33;172120.01;168;0.0;0;1178.398;1178.582;179.756;1155.124;0.0;0.0;Q9;18562;Nested Loop;9;Outer;;0;14028;3507;4;1.0;0.42;13249.94;18;0.0;0;0.152;19.709;0.072;0.076;Q9;18561;Hash Join;8;Outer;;0;14028;14028;10000;0.0001;448.43;13734.78;26;0.0;0;0.667;156.28;4.408;4.408;Q9;18568;Seq Scan;9;Outer;;1;25;0;0;1.0;0.0;1.25;108;25.0;0;Q9;18567;Hash;8;Inner;;0;25;25;0;1.0;1.25;1.25;108;0.0;0;13.216;13.219;0.0;0.0;Q9;18569;Index Scan;5;Inner;;26136;1;0;0;6.666666666666667e-07;0.43;0.45;8;1500000.0;0;Q9
Q9_60_seed_484037829;18573;Aggregate;3;Outer;;0;60150;62539;0;0.9617998369017732;177933.15;178835.4;168;0.0;0;1169.857;1170.323;185.229;1145.319;0.0;0.0;Q9;18580;Nested Loop;9;Outer;;0;17368;4342;4;1.0;0.42;14092.36;18;0.0;0;0.181;19.45;0.076;0.078;Q9;18579;Hash Join;8;Outer;;0;17368;17368;10000;0.0001;448.43;14585.97;26;0.0;0;0.621;161.02;3.323;3.323;Q9;18586;Seq Scan;9;Outer;;1;25;0;0;1.0;0.0;1.25;108;25.0;0;Q9;18585;Hash;8;Inner;;0;25;25;0;1.0;1.25;1.25;108;0.0;0;12.959;12.962;0.0;0.0;Q9;18587;Index Scan;5;Inner;;26136;1;0;0;6.666666666666667e-07;0.43;0.45;8;1500000.0;0;Q9
Q9_61_seed_492241860;18591;Aggregate;3;Outer;;0;60150;67346;0;0.8931488135895228;180522.4;181424.65;168;0.0;0;1141.218;1141.68;177.511;1117.738;0.0;0.0;Q9;18598;Nested Loop;9;Outer;;0;18703;4676;4;0.9999465355004276;0.42;14392.06;18;0.0;0;0.181;20.12;0.071;0.075;Q9;18597;Hash Join;8;Outer;;0;18703;18703;10000;0.0001;448.43;14889.18;26;0.0;0;0.589;153.373;2.78;2.78;Q9;18604;Seq Scan;9;Outer;;1;25;0;0;1.0;0.0;1.25;108;25.0;0;Q9;18603;Hash;8;Inner;;0;25;25;0;1.0;1.25;1.25;108;0.0;0;15.168;15.17;0.0;0.0;Q9;18605;Index Scan;5;Inner;;26136;1;0;0;6.666666666666667e-07;0.43;0.45;8;1500000.0;0;Q9
Q9_66_seed_533262015;18682;Aggregate;3;Outer;;0;43293;43293;0;1.0;167178.34;167827.74;168;0.0;0;1172.021;1172.241;181.936;1148.474;0.0;0.0;Q9;18689;Nested Loop;9;Outer;;0;12023;3006;4;0.9999168330006654;0.42;12504.32;18;0.0;0;0.333;19.196;0.069;0.072;Q9;18688;Hash Join;8;Outer;;0;12023;12023;10000;0.0001;448.43;12983.89;26;0.0;0;0.873;150.082;6.716;6.716;Q9;18695;Seq Scan;9;Outer;;1;25;0;0;1.0;0.0;1.25;108;25.0;0;Q9;18694;Hash;8;Inner;;0;25;25;0;1.0;1.25;1.25;108;0.0;0;13.701;13.704;0.0;0.0;Q9;18696;Index Scan;5;Inner;;26136;1;0;0;6.666666666666667e-07;0.43;0.45;8;1500000.0;0;Q9
Q9_68_seed_549670077;18718;Aggregate;3;Outer;;0;60132;60132;0;1.0;176635.37;177537.35;168;0.0;0;1171.738;1172.147;178.691;1147.595;0.0;0.0;Q9;18725;Nested Loop;9;Outer;;0;16700;4175;4;1.0;0.42;13941.01;18;0.0;0;0.132;19.14;0.072;0.074;Q9;18724;Hash Join;8;Outer;;0;16700;16700;10000;0.0001;448.43;14432.87;26;0.0;0;0.554;155.822;4.228;4.229;Q9;18731;Seq Scan;9;Outer;;1;25;0;0;1.0;0.0;1.25;108;25.0;0;Q9;18730;Hash;8;Inner;;0;25;25;0;1.0;1.25;1.25;108;0.0;0;12.803;12.805;0.0;0.0;Q9;18732;Index Scan;5;Inner;;26136;1;0;0;6.666666666666667e-07;0.43;0.45;8;1500000.0;0;Q9
Q9_6_seed_41020155;18755;Aggregate;3;Outer;;0;60150;69752;0;0.8623408647780709;181816.39;182718.64;168;0.0;0;1179.313;1179.858;185.389;1154.797;0.0;0.0;Q9;18762;Nested Loop;9;Outer;;0;19372;4843;4;1.0;0.42;14540.06;18;0.0;0;0.186;20.767;0.075;0.077;Q9;18761;Hash Join;8;Outer;;0;19372;19372;10000;0.0001;448.43;15038.94;26;0.0;0;0.615;161.827;3.459;3.459;Q9;18768;Seq Scan;9;Outer;;1;25;0;0;1.0;0.0;1.25;108;25.0;0;Q9;18767;Hash;8;Inner;;0;25;25;0;1.0;1.25;1.25;108;0.0;0;14.542;14.545;0.0;0.0;Q9;18769;Index Scan;5;Inner;;26136;1;0;0;6.666666666666667e-07;0.43;0.45;8;1500000.0;0;Q9
Q9_70_seed_566078139;18773;Aggregate;3;Outer;;0;60150;69752;0;0.8623408647780709;181816.39;182718.64;168;0.0;0;1169.667;1170.116;176.197;1144.742;0.0;0.0;Q9;18780;Nested Loop;9;Outer;;0;19372;4843;4;1.0;0.42;14540.06;18;0.0;0;0.306;20.267;0.07;0.073;Q9;18779;Hash Join;8;Outer;;0;19372;19372;10000;0.0001;448.43;15038.94;26;0.0;0;0.775;152.341;4.391;4.391;Q9;18786;Seq Scan;9;Outer;;1;25;0;0;1.0;0.0;1.25;108;25.0;0;Q9;18785;Hash;8;Inner;;0;25;25;0;1.0;1.25;1.25;108;0.0;0;13.261;13.264;0.0;0.0;Q9;18787;Index Scan;5;Inner;;26136;1;0;0;6.666666666666667e-07;0.43;0.45;8;1500000.0;0;Q9
Q9_73_seed_590690232;18828;Aggregate;3;Outer;;0;60150;72159;0;0.8335758533239097;183110.05;184012.3;168;0.0;0;1156.014;1156.511;174.479;1131.906;0.0;0.0;Q9;18835;Nested Loop;9;Outer;;0;20040;5010;4;1.0;0.42;14687.3;18;0.0;0;0.297;19.693;0.07;0.073;Q9;18834;Hash Join;8;Outer;;0;20040;20040;10000;0.0001;448.43;15187.92;26;0.0;0;0.719;150.324;4.452;4.453;Q9;18841;Seq Scan;9;Outer;;1;25;0;0;1.0;0.0;1.25;108;25.0;0;Q9;18840;Hash;8;Inner;;0;25;25;0;1.0;1.25;1.25;108;0.0;0;13.69;13.693;0.0;0.0;Q9;18842;Index Scan;5;Inner;;26136;1;0;0;6.666666666666667e-07;0.43;0.45;8;1500000.0;0;Q9
Q9_75_seed_607098294;18865;Aggregate;3;Outer;;0;57726;57726;0;1.0;175337.04;176202.93;168;0.0;0;1197.386;1197.584;180.096;1174.052;0.0;0.0;Q9;18872;Nested Loop;9;Outer;;0;16032;4008;4;1.0;0.42;13788.64;18;0.0;0;0.292;19.078;0.074;0.076;Q9;18871;Hash Join;8;Outer;;0;16032;16032;10000;0.0001;448.43;14278.75;26;0.0;0;0.779;157.92;3.658;3.658;Q9;18878;Seq Scan;9;Outer;;1;25;0;0;1.0;0.0;1.25;108;25.0;0;Q9;18877;Hash;8;Inner;;0;25;25;0;1.0;1.25;1.25;108;0.0;0;12.621;12.623;0.0;0.0;Q9;18879;Index Scan;5;Inner;;26136;1;0;0;6.666666666666667e-07;0.43;0.45;8;1500000.0;0;Q9
Q9_76_seed_615302325;18883;Aggregate;3;Outer;;0;52919;52919;0;1.0;172738.96;173532.75;168;0.0;0;1177.304;1177.504;186.722;1154.094;0.0;0.0;Q9;18890;Nested Loop;9;Outer;;0;14697;3674;4;1.0000680457267284;0.42;13480.12;18;0.0;0;0.123;22.29;0.073;0.075;Q9;18889;Hash Join;8;Outer;;0;14697;14697;10000;0.0001;448.43;13966.71;26;0.0;0;0.622;159.23;5.198;5.198;Q9;18896;Seq Scan;9;Outer;;1;25;0;0;1.0;0.0;1.25;108;25.0;0;Q9;18895;Hash;8;Inner;;0;25;25;0;1.0;1.25;1.25;108;0.0;0;13.353;13.356;0.0;0.0;Q9;18897;Index Scan;5;Inner;;26136;1;0;0;6.666666666666667e-07;0.43;0.45;8;1500000.0;0;Q9
Q9_77_seed_623506356;18901;Aggregate;3;Outer;;0;55319;55319;0;1.0;174037.2;174866.99;168;0.0;0;1163.334;1163.548;179.785;1138.542;0.0;0.0;Q9;18908;Nested Loop;9;Outer;;0;15363;3841;4;0.9999349127831294;0.42;13635.25;18;0.0;0;0.338;19.214;0.072;0.074;Q9;18907;Hash Join;8;Outer;;0;15363;15363;10000;0.0001;448.43;14123.6;26;0.0;0;0.823;155.921;3.894;3.895;Q9;18914;Seq Scan;9;Outer;;1;25;0;0;1.0;0.0;1.25;108;25.0;0;Q9;18913;Hash;8;Inner;;0;25;25;0;1.0;1.25;1.25;108;0.0;0;13.122;13.124;0.0;0.0;Q9;18915;Index Scan;5;Inner;;26136;1;0;0;6.666666666666667e-07;0.43;0.45;8;1500000.0;0;Q9
Q9_78_seed_631710387;18919;Aggregate;3;Outer;;0;60150;62539;0;0.9617998369017732;177933.15;178835.4;168;0.0;0;1184.538;1185.048;181.68;1161.096;0.0;0.0;Q9;18926;Nested Loop;9;Outer;;0;17368;4342;4;1.0;0.42;14092.36;18;0.0;0;0.1;21.04;0.073;0.076;Q9;18925;Hash Join;8;Outer;;0;17368;17368;10000;0.0001;448.43;14585.97;26;0.0;0;0.319;159.306;3.184;3.185;Q9;18932;Seq Scan;9;Outer;;1;25;0;0;1.0;0.0;1.25;108;25.0;0;Q9;18931;Hash;8;Inner;;0;25;25;0;1.0;1.25;1.25;108;0.0;0;13.16;13.162;0.0;0.0;Q9;18933;Index Scan;5;Inner;;26136;1;0;0;6.666666666666667e-07;0.43;0.45;8;1500000.0;0;Q9
Q9_79_seed_639914418;18937;Aggregate;3;Outer;;0;48106;48106;0;1.0;169973.54;170695.13;168;0.0;0;1192.45;1192.651;188.321;1168.713;0.0;0.0;Q9;18944;Nested Loop;9;Outer;;0;13360;3340;4;1.0;0.42;13007.12;18;0.0;0;0.179;21.238;0.074;0.076;Q9;18943;Hash Join;8;Outer;;0;13360;13360;10000;0.0001;448.43;13490.2;26;0.0;0;0.383;159.798;4.548;4.548;Q9;18950;Seq Scan;9;Outer;;1;25;0;0;1.0;0.0;1.25;108;25.0;0;Q9;18949;Hash;8;Inner;;0;25;25;0;1.0;1.25;1.25;108;0.0;0;13.517;13.52;0.0;0.0;Q9;18951;Index Scan;5;Inner;;26136;1;0;0;6.666666666666667e-07;0.43;0.45;8;1500000.0;0;Q9
Q9_82_seed_664526511;19010;Aggregate;3;Outer;;0;60150;62539;0;0.9617998369017732;177933.15;178835.4;168;0.0;0;1176.931;1177.429;186.619;1151.908;0.0;0.0;Q9;19017;Nested Loop;9;Outer;;0;17368;4342;4;1.0;0.42;14092.36;18;0.0;0;0.303;19.292;0.075;0.077;Q9;19016;Hash Join;8;Outer;;0;17368;17368;10000;0.0001;448.43;14585.97;26;0.0;0;0.766;161.671;4.343;4.343;Q9;19023;Seq Scan;9;Outer;;1;25;0;0;1.0;0.0;1.25;108;25.0;0;Q9;19022;Hash;8;Inner;;0;25;25;0;1.0;1.25;1.25;108;0.0;0;13.528;13.53;0.0;0.0;Q9;19024;Index Scan;5;Inner;;26136;1;0;0;6.666666666666667e-07;0.43;0.45;8;1500000.0;0;Q9
Q9_85_seed_689138604;19065;Aggregate;3;Outer;;0;60150;69752;0;0.8623408647780709;181816.39;182718.64;168;0.0;0;1229.906;1230.398;180.424;1206.414;0.0;0.0;Q9;19072;Nested Loop;9;Outer;;0;19372;4843;4;1.0;0.42;14540.06;18;0.0;0;0.358;18.828;0.073;0.075;Q9;19071;Hash Join;8;Outer;;0;19372;19372;10000;0.0001;448.43;15038.94;26;0.0;0;0.857;156.345;3.177;3.177;Q9;19078;Seq Scan;9;Outer;;1;25;0;0;1.0;0.0;1.25;108;25.0;0;Q9;19077;Hash;8;Inner;;0;25;25;0;1.0;1.25;1.25;108;0.0;0;15.212;15.214;0.0;0.0;Q9;19079;Index Scan;5;Inner;;26136;1;0;0;6.666666666666667e-07;0.43;0.45;8;1500000.0;0;Q9
Q9_87_seed_705546666;19101;Aggregate;3;Outer;;0;52919;52919;0;1.0;172738.96;173532.75;168;0.0;0;1150.671;1150.878;177.56;1126.704;0.0;0.0;Q9;19108;Nested Loop;9;Outer;;0;14697;3674;4;1.0000680457267284;0.42;13480.12;18;0.0;0;0.275;21.483;0.07;0.074;Q9;19107;Hash Join;8;Outer;;0;14697;14697;10000;0.0001;448.43;13966.71;26;0.0;0;0.783;154.363;4.057;4.057;Q9;19114;Seq Scan;9;Outer;;1;25;0;0;1.0;0.0;1.25;108;25.0;0;Q9;19113;Hash;8;Inner;;0;25;25;0;1.0;1.25;1.25;108;0.0;0;13.566;13.57;0.0;0.0;Q9;19115;Index Scan;5;Inner;;26136;1;0;0;6.666666666666667e-07;0.43;0.45;8;1500000.0;0;Q9
Q9_89_seed_721954728;19138;Aggregate;3;Outer;;0;60150;64945;0;0.9261682962506737;179229.19;180131.44;168;0.0;0;1192.835;1193.307;192.244;1167.687;0.0;0.0;Q9;19145;Nested Loop;9;Outer;;0;18037;4509;4;1.000055444666223;0.42;14242.42;18;0.0;0;0.151;20.644;0.078;0.08;Q9;19144;Hash Join;8;Outer;;0;18037;18037;10000;0.0001;448.43;14737.79;26;0.0;0;0.613;167.212;4.422;4.422;Q9;19151;Seq Scan;9;Outer;;1;25;0;0;1.0;0.0;1.25;108;25.0;0;Q9;19150;Hash;8;Inner;;0;25;25;0;1.0;1.25;1.25;108;0.0;0;13.453;13.454;0.0;0.0;Q9;19152;Index Scan;5;Inner;;26136;1;0;0;6.666666666666667e-07;0.43;0.45;8;1500000.0;0;Q9
Q9_8_seed_57428217;19156;Aggregate;3;Outer;;0;60150;64945;0;0.9261682962506737;179229.19;180131.44;168;0.0;0;1172.937;1173.465;183.164;1148.083;0.0;0.0;Q9;19163;Nested Loop;9;Outer;;0;18037;4509;4;1.000055444666223;0.42;14242.42;18;0.0;0;0.165;19.383;0.073;0.076;Q9;19162;Hash Join;8;Outer;;0;18037;18037;10000;0.0001;448.43;14737.79;26;0.0;0;0.612;158.169;4.645;4.646;Q9;19169;Seq Scan;9;Outer;;1;25;0;0;1.0;0.0;1.25;108;25.0;0;Q9;19168;Hash;8;Inner;;0;25;25;0;1.0;1.25;1.25;108;0.0;0;13.505;13.507;0.0;0.0;Q9;19170;Index Scan;5;Inner;;26136;1;0;0;6.666666666666667e-07;0.43;0.45;8;1500000.0;0;Q9
Q9_90_seed_730158759;19174;Aggregate;3;Outer;;0;60150;67346;0;0.8931488135895228;180522.4;181424.65;168;0.0;0;1208.593;1209.069;186.401;1184.446;0.0;0.0;Q9;19181;Nested Loop;9;Outer;;0;18703;4676;4;0.9999465355004276;0.42;14392.06;18;0.0;0;0.202;19.782;0.075;0.078;Q9;19180;Hash Join;8;Outer;;0;18703;18703;10000;0.0001;448.43;14889.18;26;0.0;0;0.677;162.884;3.886;3.887;Q9;19187;Seq Scan;9;Outer;;1;25;0;0;1.0;0.0;1.25;108;25.0;0;Q9;19186;Hash;8;Inner;;0;25;25;0;1.0;1.25;1.25;108;0.0;0;12.768;12.77;0.0;0.0;Q9;19188;Index Scan;5;Inner;;26136;1;0;0;6.666666666666667e-07;0.43;0.45;8;1500000.0;0;Q9
Q9_91_seed_738362790;19192;Aggregate;3;Outer;;0;40892;40892;0;1.0;165774.06;166387.44;168;0.0;0;1181.135;1181.555;182.637;1156.889;0.0;0.0;Q9;19199;Nested Loop;9;Outer;;0;11357;2839;4;1.0000880591757662;0.42;12243.6;18;0.0;0;0.097;20.42;0.068;0.074;Q9;19198;Hash Join;8;Outer;;0;11357;11357;10000;0.0001;448.43;12721.42;26;0.0;0;0.534;154.641;2.964;2.965;Q9;19205;Seq Scan;9;Outer;;1;25;0;0;1.0;0.0;1.25;108;25.0;0;Q9;19204;Hash;8;Inner;;0;25;25;0;1.0;1.25;1.25;108;0.0;0;15.086;15.09;0.0;0.0;Q9;19206;Index Scan;5;Inner;;26136;1;0;0;6.666666666666667e-07;0.43;0.45;8;1500000.0;0;Q9
Q9_93_seed_754770852;19228;Aggregate;3;Outer;;0;60150;64945;0;0.9261682962506737;179229.19;180131.44;168;0.0;0;1154.834;1155.255;180.228;1129.857;0.0;0.0;Q9;19235;Nested Loop;9;Outer;;0;18037;4509;4;1.000055444666223;0.42;14242.42;18;0.0;0;0.146;20.682;0.072;0.075;Q9;19234;Hash Join;8;Outer;;0;18037;18037;10000;0.0001;448.43;14737.79;26;0.0;0;0.606;154.853;4.302;4.302;Q9;19241;Seq Scan;9;Outer;;1;25;0;0;1.0;0.0;1.25;108;25.0;0;Q9;19240;Hash;8;Inner;;0;25;25;0;1.0;1.25;1.25;108;0.0;0;14.037;14.041;0.0;0.0;Q9;19242;Index Scan;5;Inner;;26136;1;0;0;6.666666666666667e-07;0.43;0.45;8;1500000.0;0;Q9
Q9_95_seed_771178914;19265;Aggregate;3;Outer;;0;48106;48106;0;1.0;169973.54;170695.13;168;0.0;0;1150.119;1150.336;181.53;1126.488;0.0;0.0;Q9;19272;Nested Loop;9;Outer;;0;13360;3340;4;1.0;0.42;13007.12;18;0.0;0;0.12;19.528;0.071;0.075;Q9;19271;Hash Join;8;Outer;;0;13360;13360;10000;0.0001;448.43;13490.2;26;0.0;0;0.586;152.807;3.691;3.692;Q9;19278;Seq Scan;9;Outer;;1;25;0;0;1.0;0.0;1.25;108;25.0;0;Q9;19277;Hash;8;Inner;;0;25;25;0;1.0;1.25;1.25;108;0.0;0;15.372;15.375;0.0;0.0;Q9;19279;Index Scan;5;Inner;;26136;1;0;0;6.666666666666667e-07;0.43;0.45;8;1500000.0;0;Q9
Q9_97_seed_787586976;19301;Aggregate;3;Outer;;0;50512;50512;0;1.0;171362.33;172120.01;168;0.0;0;1174.814;1175.046;184.258;1151.346;0.0;0.0;Q9;19308;Nested Loop;9;Outer;;0;14028;3507;4;1.0;0.42;13249.94;18;0.0;0;0.289;20.428;0.077;0.078;Q9;19307;Hash Join;8;Outer;;0;14028;14028;10000;0.0001;448.43;13734.78;26;0.0;0;0.71;160.054;4.621;4.621;Q9;19314;Seq Scan;9;Outer;;1;25;0;0;1.0;0.0;1.25;108;25.0;0;Q9;19313;Hash;8;Inner;;0;25;25;0;1.0;1.25;1.25;108;0.0;0;13.225;13.228;0.0;0.0;Q9;19315;Index Scan;5;Inner;;26136;1;0;0;6.666666666666667e-07;0.43;0.45;8;1500000.0;0;Q9
Q9_98_seed_795791007;19319;Aggregate;3;Outer;;0;60150;72159;0;0.8335758533239097;183110.05;184012.3;168;0.0;0;1187.217;1187.676;179.345;1162.884;0.0;0.0;Q9;19326;Nested Loop;9;Outer;;0;20040;5010;4;1.0;0.42;14687.3;18;0.0;0;0.253;19.698;0.073;0.075;Q9;19325;Hash Join;8;Outer;;0;20040;20040;10000;0.0001;448.43;15187.92;26;0.0;0;0.693;155.351;3.944;3.944;Q9;19332;Seq Scan;9;Outer;;1;25;0;0;1.0;0.0;1.25;108;25.0;0;Q9;19331;Hash;8;Inner;;0;25;25;0;1.0;1.25;1.25;108;0.0;0;13.849;13.851;0.0;0.0;Q9;19333;Index Scan;5;Inner;;26136;1;0;0;6.666666666666667e-07;0.43;0.45;8;1500000.0;0;Q9
Q9_99_seed_803995038;19337;Aggregate;3;Outer;;0;60132;60132;0;1.0;176635.37;177537.35;168;0.0;0;1233.667;1234.063;184.672;1208.525;0.0;0.0;Q9;19344;Nested Loop;9;Outer;;0;16700;4175;4;1.0;0.42;13941.01;18;0.0;0;0.264;20.31;0.075;0.077;Q9;19343;Hash Join;8;Outer;;0;16700;16700;10000;0.0001;448.43;14432.87;26;0.0;0;0.69;161.652;4.807;4.807;Q9;19350;Seq Scan;9;Outer;;1;25;0;0;1.0;0.0;1.25;108;25.0;0;Q9;19349;Hash;8;Inner;;0;25;25;0;1.0;1.25;1.25;108;0.0;0;12.42;12.421;0.0;0.0;Q9;19351;Index Scan;5;Inner;;26136;1;0;0;6.666666666666667e-07;0.43;0.45;8;1500000.0;0;Q9
Q9_9_seed_65632248;19355;Aggregate;3;Outer;;0;60150;67346;0;0.8931488135895228;180522.4;181424.65;168;0.0;0;1176.724;1177.231;178.138;1152.298;0.0;0.0;Q9;19362;Nested Loop;9;Outer;;0;18703;4676;4;0.9999465355004276;0.42;14392.06;18;0.0;0;0.34;20.098;0.07;0.072;Q9;19361;Hash Join;8;Outer;;0;18703;18703;10000;0.0001;448.43;14889.18;26;0.0;0;0.837;153.413;4.968;4.968;Q9;19368;Seq Scan;9;Outer;;1;25;0;0;1.0;0.0;1.25;108;25.0;0;Q9;19367;Hash;8;Inner;;0;25;25;0;1.0;1.25;1.25;108;0.0;0;13.553;13.556;0.0;0.0;Q9;19369;Index Scan;5;Inner;;26136;1;0;0;6.666666666666667e-07;0.43;0.45;8;1500000.0;0;Q9
