query_file;GatherMerge_node_id;GatherMerge_node_type;GatherMerge_depth;GatherMerge_parent_relationship;GatherMerge_subplan_name;GatherMerge_np;GatherMerge_nt;GatherMerge_nt1;GatherMerge_nt2;GatherMerge_sel;GatherMerge_startup_cost;GatherMerge_total_cost;GatherMerge_plan_width;GatherMerge_reltuples;GatherMerge_parallel_workers;actual_startup_time;actual_total_time;IncrementalSort_Outer_node_id;IncrementalSort_Outer_node_type;IncrementalSort_Outer_depth;IncrementalSort_Outer_parent_relationship;IncrementalSort_Outer_subplan_name;IncrementalSort_Outer_np;IncrementalSort_Outer_nt;IncrementalSort_Outer_nt1;IncrementalSort_Outer_nt2;IncrementalSort_Outer_sel;IncrementalSort_Outer_startup_cost;IncrementalSort_Outer_total_cost;IncrementalSort_Outer_plan_width;IncrementalSort_Outer_reltuples;IncrementalSort_Outer_parallel_workers;NestedLoop_Outer_node_id;NestedLoop_Outer_node_type;NestedLoop_Outer_depth;NestedLoop_Outer_parent_relationship;NestedLoop_Outer_subplan_name;NestedLoop_Outer_np;NestedLoop_Outer_nt;NestedLoop_Outer_nt1;NestedLoop_Outer_nt2;NestedLoop_Outer_sel;NestedLoop_Outer_startup_cost;NestedLoop_Outer_total_cost;NestedLoop_Outer_plan_width;NestedLoop_Outer_reltuples;NestedLoop_Outer_parallel_workers;MergeJoin_Outer_node_id;MergeJoin_Outer_node_type;MergeJoin_Outer_depth;MergeJoin_Outer_parent_relationship;MergeJoin_Outer_subplan_name;MergeJoin_Outer_np;MergeJoin_Outer_nt;MergeJoin_Outer_nt1;MergeJoin_Outer_nt2;MergeJoin_Outer_sel;MergeJoin_Outer_startup_cost;MergeJoin_Outer_total_cost;MergeJoin_Outer_plan_width;MergeJoin_Outer_reltuples;MergeJoin_Outer_parallel_workers;Sort_Outer_node_id;Sort_Outer_node_type;Sort_Outer_depth;Sort_Outer_parent_relationship;Sort_Outer_subplan_name;Sort_Outer_np;Sort_Outer_nt;Sort_Outer_nt1;Sort_Outer_nt2;Sort_Outer_sel;Sort_Outer_startup_cost;Sort_Outer_total_cost;Sort_Outer_plan_width;Sort_Outer_reltuples;Sort_Outer_parallel_workers;Sort_Outer_st1;Sort_Outer_rt1;Sort_Outer_st2;Sort_Outer_rt2;Sort_Inner_node_id;Sort_Inner_node_type;Sort_Inner_depth;Sort_Inner_parent_relationship;Sort_Inner_subplan_name;Sort_Inner_np;Sort_Inner_nt;Sort_Inner_nt1;Sort_Inner_nt2;Sort_Inner_sel;Sort_Inner_startup_cost;Sort_Inner_total_cost;Sort_Inner_plan_width;Sort_Inner_reltuples;Sort_Inner_parallel_workers;Sort_Inner_st1;Sort_Inner_rt1;Sort_Inner_st2;Sort_Inner_rt2;IndexScan_Inner_node_id;IndexScan_Inner_node_type;IndexScan_Inner_depth;IndexScan_Inner_parent_relationship;IndexScan_Inner_subplan_name;IndexScan_Inner_np;IndexScan_Inner_nt;IndexScan_Inner_nt1;IndexScan_Inner_nt2;IndexScan_Inner_sel;IndexScan_Inner_startup_cost;IndexScan_Inner_total_cost;IndexScan_Inner_plan_width;IndexScan_Inner_reltuples;IndexScan_Inner_parallel_workers;IndexScan_Inner_st1;IndexScan_Inner_rt1;IndexScan_Inner_st2;IndexScan_Inner_rt2
Q18_100_seed_812199069;28823;Gather Merge;3;Outer;;0;1631266;526215;0;3.0999990498180403;341523.47;637679.13;44;0.0;3;2903.962;2910.409;28824;Incremental Sort;4;Outer;;0;526215;526215;0;1.0;340523.43;445005.33;44;0.0;0;28825;Nested Loop;5;Outer;;0;526215;131527;5;0.8001627042356322;340522.8;430663.58;44;0.0;0;28826;Merge Join;6;Outer;;0;131527;131527;150000;6.666666666666667e-06;340522.36;343245.24;43;0.0;0;28827;Sort;7;Outer;;0;131527;131527;0;1.0;322526.4;322855.22;24;0.0;0;2710.773;2816.479;0.0;0.0;28833;Sort;7;Inner;;0;150000;150000;0;1.0;17995.95;18370.95;23;0.0;0;0.05;60.026;0.0;0.0;28835;Index Scan;6;Inner;;112600;5;0;0;8.331646174982899e-07;0.43;0.61;9;6001215.0;0;0.0;0.0;0.0;0.0
Q18_101_seed_820403100;28839;Gather Merge;3;Outer;;0;1631266;526215;0;3.0999990498180403;341523.47;637679.13;44;0.0;3;2947.965;2954.097;28840;Incremental Sort;4;Outer;;0;526215;526215;0;1.0;340523.43;445005.33;44;0.0;0;28841;Nested Loop;5;Outer;;0;526215;131527;5;0.8001627042356322;340522.8;430663.58;44;0.0;0;28842;Merge Join;6;Outer;;0;131527;131527;150000;6.666666666666667e-06;340522.36;343245.24;43;0.0;0;28843;Sort;7;Outer;;0;131527;131527;0;1.0;322526.4;322855.22;24;0.0;0;2744.523;2866.892;0.0;0.0;28849;Sort;7;Inner;;0;150000;150000;0;1.0;17995.95;18370.95;23;0.0;0;0.044;54.531;0.0;0.0;28851;Index Scan;6;Inner;;112600;5;0;0;8.331646174982899e-07;0.43;0.61;9;6001215.0;0;0.0;0.0;0.0;0.0
Q18_102_seed_828607131;28855;Gather Merge;3;Outer;;0;1631266;526215;0;3.0999990498180403;341523.47;637679.13;44;0.0;3;2930.433;2940.105;28856;Incremental Sort;4;Outer;;0;526215;526215;0;1.0;340523.43;445005.33;44;0.0;0;28857;Nested Loop;5;Outer;;0;526215;131527;5;0.8001627042356322;340522.8;430663.58;44;0.0;0;28858;Merge Join;6;Outer;;0;131527;131527;150000;6.666666666666667e-06;340522.36;343245.24;43;0.0;0;28859;Sort;7;Outer;;0;131527;131527;0;1.0;322526.4;322855.22;24;0.0;0;2728.894;2852.091;0.0;0.0;28865;Sort;7;Inner;;0;150000;150000;0;1.0;17995.95;18370.95;23;0.0;0;0.081;51.898;0.0;0.0;28867;Index Scan;6;Inner;;112600;5;0;0;8.331646174982899e-07;0.43;0.61;9;6001215.0;0;0.0;0.0;0.0;0.0
Q18_103_seed_836811162;28871;Gather Merge;3;Outer;;0;1631266;526215;0;3.0999990498180403;341523.47;637679.13;44;0.0;3;2936.509;2942.96;28872;Incremental Sort;4;Outer;;0;526215;526215;0;1.0;340523.43;445005.33;44;0.0;0;28873;Nested Loop;5;Outer;;0;526215;131527;5;0.8001627042356322;340522.8;430663.58;44;0.0;0;28874;Merge Join;6;Outer;;0;131527;131527;150000;6.666666666666667e-06;340522.36;343245.24;43;0.0;0;28875;Sort;7;Outer;;0;131527;131527;0;1.0;322526.4;322855.22;24;0.0;0;2731.915;2851.922;0.0;0.0;28881;Sort;7;Inner;;0;150000;150000;0;1.0;17995.95;18370.95;23;0.0;0;0.038;54.229;0.0;0.0;28883;Index Scan;6;Inner;;112600;5;0;0;8.331646174982899e-07;0.43;0.61;9;6001215.0;0;0.0;0.0;0.0;0.0
Q18_105_seed_853219224;28903;Gather Merge;3;Outer;;0;1631266;526215;0;3.0999990498180403;341523.47;637679.13;44;0.0;3;2916.88;2922.62;28904;Incremental Sort;4;Outer;;0;526215;526215;0;1.0;340523.43;445005.33;44;0.0;0;28905;Nested Loop;5;Outer;;0;526215;131527;5;0.8001627042356322;340522.8;430663.58;44;0.0;0;28906;Merge Join;6;Outer;;0;131527;131527;150000;6.666666666666667e-06;340522.36;343245.24;43;0.0;0;28907;Sort;7;Outer;;0;131527;131527;0;1.0;322526.4;322855.22;24;0.0;0;2724.998;2837.274;0.0;0.0;28913;Sort;7;Inner;;0;150000;150000;0;1.0;17995.95;18370.95;23;0.0;0;0.043;52.189;0.0;0.0;28915;Index Scan;6;Inner;;112600;5;0;0;8.331646174982899e-07;0.43;0.61;9;6001215.0;0;0.0;0.0;0.0;0.0
Q18_106_seed_861423255;28919;Gather Merge;3;Outer;;0;1631266;526215;0;3.0999990498180403;341523.47;637679.13;44;0.0;3;2926.993;2931.799;28920;Incremental Sort;4;Outer;;0;526215;526215;0;1.0;340523.43;445005.33;44;0.0;0;28921;Nested Loop;5;Outer;;0;526215;131527;5;0.8001627042356322;340522.8;430663.58;44;0.0;0;28922;Merge Join;6;Outer;;0;131527;131527;150000;6.666666666666667e-06;340522.36;343245.24;43;0.0;0;28923;Sort;7;Outer;;0;131527;131527;0;1.0;322526.4;322855.22;24;0.0;0;2695.605;2839.557;0.0;0.0;28929;Sort;7;Inner;;0;150000;150000;0;1.0;17995.95;18370.95;23;0.0;0;0.052;55.038;0.0;0.0;28931;Index Scan;6;Inner;;112600;5;0;0;8.331646174982899e-07;0.43;0.61;9;6001215.0;0;0.0;0.0;0.0;0.0
Q18_107_seed_869627286;28935;Gather Merge;3;Outer;;0;1631266;526215;0;3.0999990498180403;341523.47;637679.13;44;0.0;3;2938.874;2945.43;28936;Incremental Sort;4;Outer;;0;526215;526215;0;1.0;340523.43;445005.33;44;0.0;0;28937;Nested Loop;5;Outer;;0;526215;131527;5;0.8001627042356322;340522.8;430663.58;44;0.0;0;28938;Merge Join;6;Outer;;0;131527;131527;150000;6.666666666666667e-06;340522.36;343245.24;43;0.0;0;28939;Sort;7;Outer;;0;131527;131527;0;1.0;322526.4;322855.22;24;0.0;0;2735.378;2853.887;0.0;0.0;28945;Sort;7;Inner;;0;150000;150000;0;1.0;17995.95;18370.95;23;0.0;0;0.124;56.392;0.0;0.0;28947;Index Scan;6;Inner;;112600;5;0;0;8.331646174982899e-07;0.43;0.61;9;6001215.0;0;0.0;0.0;0.0;0.0
Q18_108_seed_877831317;28951;Gather Merge;3;Outer;;0;1631266;526215;0;3.0999990498180403;341523.47;637679.13;44;0.0;3;2900.278;2906.155;28952;Incremental Sort;4;Outer;;0;526215;526215;0;1.0;340523.43;445005.33;44;0.0;0;28953;Nested Loop;5;Outer;;0;526215;131527;5;0.8001627042356322;340522.8;430663.58;44;0.0;0;28954;Merge Join;6;Outer;;0;131527;131527;150000;6.666666666666667e-06;340522.36;343245.24;43;0.0;0;28955;Sort;7;Outer;;0;131527;131527;0;1.0;322526.4;322855.22;24;0.0;0;2685.642;2820.574;0.0;0.0;28961;Sort;7;Inner;;0;150000;150000;0;1.0;17995.95;18370.95;23;0.0;0;0.052;53.338;0.0;0.0;28963;Index Scan;6;Inner;;112600;5;0;0;8.331646174982899e-07;0.43;0.61;9;6001215.0;0;0.0;0.0;0.0;0.0
Q18_10_seed_73836279;28983;Gather Merge;3;Outer;;0;1631266;526215;0;3.0999990498180403;341523.47;637679.13;44;0.0;3;2916.856;2923.133;28984;Incremental Sort;4;Outer;;0;526215;526215;0;1.0;340523.43;445005.33;44;0.0;0;28985;Nested Loop;5;Outer;;0;526215;131527;5;0.8001627042356322;340522.8;430663.58;44;0.0;0;28986;Merge Join;6;Outer;;0;131527;131527;150000;6.666666666666667e-06;340522.36;343245.24;43;0.0;0;28987;Sort;7;Outer;;0;131527;131527;0;1.0;322526.4;322855.22;24;0.0;0;2730.745;2836.112;0.0;0.0;28993;Sort;7;Inner;;0;150000;150000;0;1.0;17995.95;18370.95;23;0.0;0;0.097;51.8;0.0;0.0;28995;Index Scan;6;Inner;;112600;5;0;0;8.331646174982899e-07;0.43;0.61;9;6001215.0;0;0.0;0.0;0.0;0.0
Q18_110_seed_894239379;28999;Gather Merge;3;Outer;;0;1631266;526215;0;3.0999990498180403;341523.47;637679.13;44;0.0;3;2926.351;2932.337;29000;Incremental Sort;4;Outer;;0;526215;526215;0;1.0;340523.43;445005.33;44;0.0;0;29001;Nested Loop;5;Outer;;0;526215;131527;5;0.8001627042356322;340522.8;430663.58;44;0.0;0;29002;Merge Join;6;Outer;;0;131527;131527;150000;6.666666666666667e-06;340522.36;343245.24;43;0.0;0;29003;Sort;7;Outer;;0;131527;131527;0;1.0;322526.4;322855.22;24;0.0;0;2714.307;2842.124;0.0;0.0;29009;Sort;7;Inner;;0;150000;150000;0;1.0;17995.95;18370.95;23;0.0;0;0.048;53.674;0.0;0.0;29011;Index Scan;6;Inner;;112600;5;0;0;8.331646174982899e-07;0.43;0.61;9;6001215.0;0;0.0;0.0;0.0;0.0
Q18_112_seed_910647441;29031;Gather Merge;3;Outer;;0;1631266;526215;0;3.0999990498180403;341523.47;637679.13;44;0.0;3;2891.932;2897.905;29032;Incremental Sort;4;Outer;;0;526215;526215;0;1.0;340523.43;445005.33;44;0.0;0;29033;Nested Loop;5;Outer;;0;526215;131527;5;0.8001627042356322;340522.8;430663.58;44;0.0;0;29034;Merge Join;6;Outer;;0;131527;131527;150000;6.666666666666667e-06;340522.36;343245.24;43;0.0;0;29035;Sort;7;Outer;;0;131527;131527;0;1.0;322526.4;322855.22;24;0.0;0;2689.715;2805.68;0.0;0.0;29041;Sort;7;Inner;;0;150000;150000;0;1.0;17995.95;18370.95;23;0.0;0;0.051;56.27;0.0;0.0;29043;Index Scan;6;Inner;;112600;5;0;0;8.331646174982899e-07;0.43;0.61;9;6001215.0;0;0.0;0.0;0.0;0.0
Q18_113_seed_918851472;29047;Gather Merge;3;Outer;;0;1631266;526215;0;3.0999990498180403;341523.47;637679.13;44;0.0;3;2947.839;2953.762;29048;Incremental Sort;4;Outer;;0;526215;526215;0;1.0;340523.43;445005.33;44;0.0;0;29049;Nested Loop;5;Outer;;0;526215;131527;5;0.8001627042356322;340522.8;430663.58;44;0.0;0;29050;Merge Join;6;Outer;;0;131527;131527;150000;6.666666666666667e-06;340522.36;343245.24;43;0.0;0;29051;Sort;7;Outer;;0;131527;131527;0;1.0;322526.4;322855.22;24;0.0;0;2755.233;2867.789;0.0;0.0;29057;Sort;7;Inner;;0;150000;150000;0;1.0;17995.95;18370.95;23;0.0;0;0.055;54.496;0.0;0.0;29059;Index Scan;6;Inner;;112600;5;0;0;8.331646174982899e-07;0.43;0.61;9;6001215.0;0;0.0;0.0;0.0;0.0
Q18_115_seed_935259534;29079;Gather Merge;3;Outer;;0;1631266;526215;0;3.0999990498180403;341523.47;637679.13;44;0.0;3;2972.69;2982.349;29080;Incremental Sort;4;Outer;;0;526215;526215;0;1.0;340523.43;445005.33;44;0.0;0;29081;Nested Loop;5;Outer;;0;526215;131527;5;0.8001627042356322;340522.8;430663.58;44;0.0;0;29082;Merge Join;6;Outer;;0;131527;131527;150000;6.666666666666667e-06;340522.36;343245.24;43;0.0;0;29083;Sort;7;Outer;;0;131527;131527;0;1.0;322526.4;322855.22;24;0.0;0;2809.45;2894.761;0.0;0.0;29089;Sort;7;Inner;;0;150000;150000;0;1.0;17995.95;18370.95;23;0.0;0;0.087;51.491;0.0;0.0;29091;Index Scan;6;Inner;;112600;5;0;0;8.331646174982899e-07;0.43;0.61;9;6001215.0;0;0.0;0.0;0.0;0.0
Q18_116_seed_943463565;29095;Gather Merge;3;Outer;;0;1631266;526215;0;3.0999990498180403;341523.47;637679.13;44;0.0;3;2933.902;2940.306;29096;Incremental Sort;4;Outer;;0;526215;526215;0;1.0;340523.43;445005.33;44;0.0;0;29097;Nested Loop;5;Outer;;0;526215;131527;5;0.8001627042356322;340522.8;430663.58;44;0.0;0;29098;Merge Join;6;Outer;;0;131527;131527;150000;6.666666666666667e-06;340522.36;343245.24;43;0.0;0;29099;Sort;7;Outer;;0;131527;131527;0;1.0;322526.4;322855.22;24;0.0;0;2692.361;2840.698;0.0;0.0;29105;Sort;7;Inner;;0;150000;150000;0;1.0;17995.95;18370.95;23;0.0;0;0.044;58.235;0.0;0.0;29107;Index Scan;6;Inner;;112600;5;0;0;8.331646174982899e-07;0.43;0.61;9;6001215.0;0;0.0;0.0;0.0;0.0
Q18_117_seed_951667596;29111;Gather Merge;3;Outer;;0;1631266;526215;0;3.0999990498180403;341523.47;637679.13;44;0.0;3;2910.984;2916.994;29112;Incremental Sort;4;Outer;;0;526215;526215;0;1.0;340523.43;445005.33;44;0.0;0;29113;Nested Loop;5;Outer;;0;526215;131527;5;0.8001627042356322;340522.8;430663.58;44;0.0;0;29114;Merge Join;6;Outer;;0;131527;131527;150000;6.666666666666667e-06;340522.36;343245.24;43;0.0;0;29115;Sort;7;Outer;;0;131527;131527;0;1.0;322526.4;322855.22;24;0.0;0;2750.759;2835.144;0.0;0.0;29121;Sort;7;Inner;;0;150000;150000;0;1.0;17995.95;18370.95;23;0.0;0;0.034;51.263;0.0;0.0;29123;Index Scan;6;Inner;;112600;5;0;0;8.331646174982899e-07;0.43;0.61;9;6001215.0;0;0.0;0.0;0.0;0.0
Q18_118_seed_959871627;29127;Gather Merge;3;Outer;;0;1631266;526215;0;3.0999990498180403;341523.47;637679.13;44;0.0;3;2919.574;2925.895;29128;Incremental Sort;4;Outer;;0;526215;526215;0;1.0;340523.43;445005.33;44;0.0;0;29129;Nested Loop;5;Outer;;0;526215;131527;5;0.8001627042356322;340522.8;430663.58;44;0.0;0;29130;Merge Join;6;Outer;;0;131527;131527;150000;6.666666666666667e-06;340522.36;343245.24;43;0.0;0;29131;Sort;7;Outer;;0;131527;131527;0;1.0;322526.4;322855.22;24;0.0;0;2756.886;2841.372;0.0;0.0;29137;Sort;7;Inner;;0;150000;150000;0;1.0;17995.95;18370.95;23;0.0;0;0.083;52.943;0.0;0.0;29139;Index Scan;6;Inner;;112600;5;0;0;8.331646174982899e-07;0.43;0.61;9;6001215.0;0;0.0;0.0;0.0;0.0
Q18_11_seed_82040310;29159;Gather Merge;3;Outer;;0;1631266;526215;0;3.0999990498180403;341523.47;637679.13;44;0.0;3;2899.462;2909.196;29160;Incremental Sort;4;Outer;;0;526215;526215;0;1.0;340523.43;445005.33;44;0.0;0;29161;Nested Loop;5;Outer;;0;526215;131527;5;0.8001627042356322;340522.8;430663.58;44;0.0;0;29162;Merge Join;6;Outer;;0;131527;131527;150000;6.666666666666667e-06;340522.36;343245.24;43;0.0;0;29163;Sort;7;Outer;;0;131527;131527;0;1.0;322526.4;322855.22;24;0.0;0;2678.775;2816.168;0.0;0.0;29169;Sort;7;Inner;;0;150000;150000;0;1.0;17995.95;18370.95;23;0.0;0;0.056;53.803;0.0;0.0;29171;Index Scan;6;Inner;;112600;5;0;0;8.331646174982899e-07;0.43;0.61;9;6001215.0;0;0.0;0.0;0.0;0.0
Q18_120_seed_976279689;29175;Gather Merge;3;Outer;;0;1631266;526215;0;3.0999990498180403;341523.47;637679.13;44;0.0;3;2908.173;2919.093;29176;Incremental Sort;4;Outer;;0;526215;526215;0;1.0;340523.43;445005.33;44;0.0;0;29177;Nested Loop;5;Outer;;0;526215;131527;5;0.8001627042356322;340522.8;430663.58;44;0.0;0;29178;Merge Join;6;Outer;;0;131527;131527;150000;6.666666666666667e-06;340522.36;343245.24;43;0.0;0;29179;Sort;7;Outer;;0;131527;131527;0;1.0;322526.4;322855.22;24;0.0;0;2701.771;2829.195;0.0;0.0;29185;Sort;7;Inner;;0;150000;150000;0;1.0;17995.95;18370.95;23;0.0;0;0.047;53.369;0.0;0.0;29187;Index Scan;6;Inner;;112600;5;0;0;8.331646174982899e-07;0.43;0.61;9;6001215.0;0;0.0;0.0;0.0;0.0
Q18_121_seed_984483720;29191;Gather Merge;3;Outer;;0;1631266;526215;0;3.0999990498180403;341523.47;637679.13;44;0.0;3;2887.434;2893.637;29192;Incremental Sort;4;Outer;;0;526215;526215;0;1.0;340523.43;445005.33;44;0.0;0;29193;Nested Loop;5;Outer;;0;526215;131527;5;0.8001627042356322;340522.8;430663.58;44;0.0;0;29194;Merge Join;6;Outer;;0;131527;131527;150000;6.666666666666667e-06;340522.36;343245.24;43;0.0;0;29195;Sort;7;Outer;;0;131527;131527;0;1.0;322526.4;322855.22;24;0.0;0;2651.424;2793.759;0.0;0.0;29201;Sort;7;Inner;;0;150000;150000;0;1.0;17995.95;18370.95;23;0.0;0;0.072;58.839;0.0;0.0;29203;Index Scan;6;Inner;;112600;5;0;0;8.331646174982899e-07;0.43;0.61;9;6001215.0;0;0.0;0.0;0.0;0.0
Q18_125_seed_1017299844;29255;Gather Merge;3;Outer;;0;1631266;526215;0;3.0999990498180403;341523.47;637679.13;44;0.0;3;2933.055;2939.161;29256;Incremental Sort;4;Outer;;0;526215;526215;0;1.0;340523.43;445005.33;44;0.0;0;29257;Nested Loop;5;Outer;;0;526215;131527;5;0.8001627042356322;340522.8;430663.58;44;0.0;0;29258;Merge Join;6;Outer;;0;131527;131527;150000;6.666666666666667e-06;340522.36;343245.24;43;0.0;0;29259;Sort;7;Outer;;0;131527;131527;0;1.0;322526.4;322855.22;24;0.0;0;2722.879;2848.252;0.0;0.0;29265;Sort;7;Inner;;0;150000;150000;0;1.0;17995.95;18370.95;23;0.0;0;0.047;53.647;0.0;0.0;29267;Index Scan;6;Inner;;112600;5;0;0;8.331646174982899e-07;0.43;0.61;9;6001215.0;0;0.0;0.0;0.0;0.0
Q18_127_seed_1033707906;29287;Gather Merge;3;Outer;;0;1631266;526215;0;3.0999990498180403;341523.47;637679.13;44;0.0;3;2944.438;2950.818;29288;Incremental Sort;4;Outer;;0;526215;526215;0;1.0;340523.43;445005.33;44;0.0;0;29289;Nested Loop;5;Outer;;0;526215;131527;5;0.8001627042356322;340522.8;430663.58;44;0.0;0;29290;Merge Join;6;Outer;;0;131527;131527;150000;6.666666666666667e-06;340522.36;343245.24;43;0.0;0;29291;Sort;7;Outer;;0;131527;131527;0;1.0;322526.4;322855.22;24;0.0;0;2712.725;2862.883;0.0;0.0;29297;Sort;7;Inner;;0;150000;150000;0;1.0;17995.95;18370.95;23;0.0;0;0.035;52.731;0.0;0.0;29299;Index Scan;6;Inner;;112600;5;0;0;8.331646174982899e-07;0.43;0.61;9;6001215.0;0;0.0;0.0;0.0;0.0
Q18_128_seed_1041911937;29303;Gather Merge;3;Outer;;0;1631266;526215;0;3.0999990498180403;341523.47;637679.13;44;0.0;3;2914.344;2921.047;29304;Incremental Sort;4;Outer;;0;526215;526215;0;1.0;340523.43;445005.33;44;0.0;0;29305;Nested Loop;5;Outer;;0;526215;131527;5;0.8001627042356322;340522.8;430663.58;44;0.0;0;29306;Merge Join;6;Outer;;0;131527;131527;150000;6.666666666666667e-06;340522.36;343245.24;43;0.0;0;29307;Sort;7;Outer;;0;131527;131527;0;1.0;322526.4;322855.22;24;0.0;0;2690.785;2835.345;0.0;0.0;29313;Sort;7;Inner;;0;150000;150000;0;1.0;17995.95;18370.95;23;0.0;0;0.399;52.739;0.0;0.0;29315;Index Scan;6;Inner;;112600;5;0;0;8.331646174982899e-07;0.43;0.61;9;6001215.0;0;0.0;0.0;0.0;0.0
Q18_129_seed_1050115968;29319;Gather Merge;3;Outer;;0;1631266;526215;0;3.0999990498180403;341523.47;637679.13;44;0.0;3;2917.367;2927.683;29320;Incremental Sort;4;Outer;;0;526215;526215;0;1.0;340523.43;445005.33;44;0.0;0;29321;Nested Loop;5;Outer;;0;526215;131527;5;0.8001627042356322;340522.8;430663.58;44;0.0;0;29322;Merge Join;6;Outer;;0;131527;131527;150000;6.666666666666667e-06;340522.36;343245.24;43;0.0;0;29323;Sort;7;Outer;;0;131527;131527;0;1.0;322526.4;322855.22;24;0.0;0;2739.049;2837.165;0.0;0.0;29329;Sort;7;Inner;;0;150000;150000;0;1.0;17995.95;18370.95;23;0.0;0;0.045;53.024;0.0;0.0;29331;Index Scan;6;Inner;;112600;5;0;0;8.331646174982899e-07;0.43;0.61;9;6001215.0;0;0.0;0.0;0.0;0.0
Q18_12_seed_90244341;29335;Gather Merge;3;Outer;;0;1631266;526215;0;3.0999990498180403;341523.47;637679.13;44;0.0;3;2911.657;2916.612;29336;Incremental Sort;4;Outer;;0;526215;526215;0;1.0;340523.43;445005.33;44;0.0;0;29337;Nested Loop;5;Outer;;0;526215;131527;5;0.8001627042356322;340522.8;430663.58;44;0.0;0;29338;Merge Join;6;Outer;;0;131527;131527;150000;6.666666666666667e-06;340522.36;343245.24;43;0.0;0;29339;Sort;7;Outer;;0;131527;131527;0;1.0;322526.4;322855.22;24;0.0;0;2686.411;2827.664;0.0;0.0;29345;Sort;7;Inner;;0;150000;150000;0;1.0;17995.95;18370.95;23;0.0;0;0.038;52.569;0.0;0.0;29347;Index Scan;6;Inner;;112600;5;0;0;8.331646174982899e-07;0.43;0.61;9;6001215.0;0;0.0;0.0;0.0;0.0
Q18_130_seed_1058319999;29351;Gather Merge;3;Outer;;0;1631266;526215;0;3.0999990498180403;341523.47;637679.13;44;0.0;3;2915.343;2924.457;29352;Incremental Sort;4;Outer;;0;526215;526215;0;1.0;340523.43;445005.33;44;0.0;0;29353;Nested Loop;5;Outer;;0;526215;131527;5;0.8001627042356322;340522.8;430663.58;44;0.0;0;29354;Merge Join;6;Outer;;0;131527;131527;150000;6.666666666666667e-06;340522.36;343245.24;43;0.0;0;29355;Sort;7;Outer;;0;131527;131527;0;1.0;322526.4;322855.22;24;0.0;0;2686.209;2834.972;0.0;0.0;29361;Sort;7;Inner;;0;150000;150000;0;1.0;17995.95;18370.95;23;0.0;0;0.036;52.404;0.0;0.0;29363;Index Scan;6;Inner;;112600;5;0;0;8.331646174982899e-07;0.43;0.61;9;6001215.0;0;0.0;0.0;0.0;0.0
Q18_132_seed_1074728061;29383;Gather Merge;3;Outer;;0;1631266;526215;0;3.0999990498180403;341523.47;637679.13;44;0.0;3;2921.952;2928.488;29384;Incremental Sort;4;Outer;;0;526215;526215;0;1.0;340523.43;445005.33;44;0.0;0;29385;Nested Loop;5;Outer;;0;526215;131527;5;0.8001627042356322;340522.8;430663.58;44;0.0;0;29386;Merge Join;6;Outer;;0;131527;131527;150000;6.666666666666667e-06;340522.36;343245.24;43;0.0;0;29387;Sort;7;Outer;;0;131527;131527;0;1.0;322526.4;322855.22;24;0.0;0;2754.844;2842.374;0.0;0.0;29393;Sort;7;Inner;;0;150000;150000;0;1.0;17995.95;18370.95;23;0.0;0;0.06;53.745;0.0;0.0;29395;Index Scan;6;Inner;;112600;5;0;0;8.331646174982899e-07;0.43;0.61;9;6001215.0;0;0.0;0.0;0.0;0.0
Q18_133_seed_1082932092;29399;Gather Merge;3;Outer;;0;1631266;526215;0;3.0999990498180403;341523.47;637679.13;44;0.0;3;2922.817;2928.743;29400;Incremental Sort;4;Outer;;0;526215;526215;0;1.0;340523.43;445005.33;44;0.0;0;29401;Nested Loop;5;Outer;;0;526215;131527;5;0.8001627042356322;340522.8;430663.58;44;0.0;0;29402;Merge Join;6;Outer;;0;131527;131527;150000;6.666666666666667e-06;340522.36;343245.24;43;0.0;0;29403;Sort;7;Outer;;0;131527;131527;0;1.0;322526.4;322855.22;24;0.0;0;2732.225;2841.974;0.0;0.0;29409;Sort;7;Inner;;0;150000;150000;0;1.0;17995.95;18370.95;23;0.0;0;0.052;54.207;0.0;0.0;29411;Index Scan;6;Inner;;112600;5;0;0;8.331646174982899e-07;0.43;0.61;9;6001215.0;0;0.0;0.0;0.0;0.0
Q18_135_seed_1099340154;29431;Gather Merge;3;Outer;;0;1631266;526215;0;3.0999990498180403;341523.47;637679.13;44;0.0;3;3007.436;3011.885;29432;Incremental Sort;4;Outer;;0;526215;526215;0;1.0;340523.43;445005.33;44;0.0;0;29433;Nested Loop;5;Outer;;0;526215;131527;5;0.8001627042356322;340522.8;430663.58;44;0.0;0;29434;Merge Join;6;Outer;;0;131527;131527;150000;6.666666666666667e-06;340522.36;343245.24;43;0.0;0;29435;Sort;7;Outer;;0;131527;131527;0;1.0;322526.4;322855.22;24;0.0;0;2831.238;2922.14;0.0;0.0;29441;Sort;7;Inner;;0;150000;150000;0;1.0;17995.95;18370.95;23;0.0;0;0.054;57.053;0.0;0.0;29443;Index Scan;6;Inner;;112600;5;0;0;8.331646174982899e-07;0.43;0.61;9;6001215.0;0;0.0;0.0;0.0;0.0
Q18_136_seed_1107544185;29447;Gather Merge;3;Outer;;0;1631266;526215;0;3.0999990498180403;341523.47;637679.13;44;0.0;3;2922.365;2931.764;29448;Incremental Sort;4;Outer;;0;526215;526215;0;1.0;340523.43;445005.33;44;0.0;0;29449;Nested Loop;5;Outer;;0;526215;131527;5;0.8001627042356322;340522.8;430663.58;44;0.0;0;29450;Merge Join;6;Outer;;0;131527;131527;150000;6.666666666666667e-06;340522.36;343245.24;43;0.0;0;29451;Sort;7;Outer;;0;131527;131527;0;1.0;322526.4;322855.22;24;0.0;0;2722.946;2844.695;0.0;0.0;29457;Sort;7;Inner;;0;150000;150000;0;1.0;17995.95;18370.95;23;0.0;0;0.056;51.773;0.0;0.0;29459;Index Scan;6;Inner;;112600;5;0;0;8.331646174982899e-07;0.43;0.61;9;6001215.0;0;0.0;0.0;0.0;0.0
Q18_141_seed_1148564340;29543;Gather Merge;3;Outer;;0;1631266;526215;0;3.0999990498180403;341523.47;637679.13;44;0.0;3;2931.06;2935.388;29544;Incremental Sort;4;Outer;;0;526215;526215;0;1.0;340523.43;445005.33;44;0.0;0;29545;Nested Loop;5;Outer;;0;526215;131527;5;0.8001627042356322;340522.8;430663.58;44;0.0;0;29546;Merge Join;6;Outer;;0;131527;131527;150000;6.666666666666667e-06;340522.36;343245.24;43;0.0;0;29547;Sort;7;Outer;;0;131527;131527;0;1.0;322526.4;322855.22;24;0.0;0;2749.894;2847.461;0.0;0.0;29553;Sort;7;Inner;;0;150000;150000;0;1.0;17995.95;18370.95;23;0.0;0;0.047;55.425;0.0;0.0;29555;Index Scan;6;Inner;;112600;5;0;0;8.331646174982899e-07;0.43;0.61;9;6001215.0;0;0.0;0.0;0.0;0.0
Q18_142_seed_1156768371;29559;Gather Merge;3;Outer;;0;1631266;526215;0;3.0999990498180403;341523.47;637679.13;44;0.0;3;2908.065;2914.293;29560;Incremental Sort;4;Outer;;0;526215;526215;0;1.0;340523.43;445005.33;44;0.0;0;29561;Nested Loop;5;Outer;;0;526215;131527;5;0.8001627042356322;340522.8;430663.58;44;0.0;0;29562;Merge Join;6;Outer;;0;131527;131527;150000;6.666666666666667e-06;340522.36;343245.24;43;0.0;0;29563;Sort;7;Outer;;0;131527;131527;0;1.0;322526.4;322855.22;24;0.0;0;2693.61;2824.264;0.0;0.0;29569;Sort;7;Inner;;0;150000;150000;0;1.0;17995.95;18370.95;23;0.0;0;0.049;54.596;0.0;0.0;29571;Index Scan;6;Inner;;112600;5;0;0;8.331646174982899e-07;0.43;0.61;9;6001215.0;0;0.0;0.0;0.0;0.0
Q18_143_seed_1164972402;29575;Gather Merge;3;Outer;;0;1631266;526215;0;3.0999990498180403;341523.47;637679.13;44;0.0;3;2925.188;2931.639;29576;Incremental Sort;4;Outer;;0;526215;526215;0;1.0;340523.43;445005.33;44;0.0;0;29577;Nested Loop;5;Outer;;0;526215;131527;5;0.8001627042356322;340522.8;430663.58;44;0.0;0;29578;Merge Join;6;Outer;;0;131527;131527;150000;6.666666666666667e-06;340522.36;343245.24;43;0.0;0;29579;Sort;7;Outer;;0;131527;131527;0;1.0;322526.4;322855.22;24;0.0;0;2727.389;2840.325;0.0;0.0;29585;Sort;7;Inner;;0;150000;150000;0;1.0;17995.95;18370.95;23;0.0;0;0.053;55.275;0.0;0.0;29587;Index Scan;6;Inner;;112600;5;0;0;8.331646174982899e-07;0.43;0.61;9;6001215.0;0;0.0;0.0;0.0;0.0
Q18_145_seed_1181380464;29607;Gather Merge;3;Outer;;0;1631266;526215;0;3.0999990498180403;341523.47;637679.13;44;0.0;3;2934.772;2942.261;29608;Incremental Sort;4;Outer;;0;526215;526215;0;1.0;340523.43;445005.33;44;0.0;0;29609;Nested Loop;5;Outer;;0;526215;131527;5;0.8001627042356322;340522.8;430663.58;44;0.0;0;29610;Merge Join;6;Outer;;0;131527;131527;150000;6.666666666666667e-06;340522.36;343245.24;43;0.0;0;29611;Sort;7;Outer;;0;131527;131527;0;1.0;322526.4;322855.22;24;0.0;0;2741.234;2855.933;0.0;0.0;29617;Sort;7;Inner;;0;150000;150000;0;1.0;17995.95;18370.95;23;0.0;0;0.454;53.024;0.0;0.0;29619;Index Scan;6;Inner;;112600;5;0;0;8.331646174982899e-07;0.43;0.61;9;6001215.0;0;0.0;0.0;0.0;0.0
Q18_146_seed_1189584495;29623;Gather Merge;3;Outer;;0;1631266;526215;0;3.0999990498180403;341523.47;637679.13;44;0.0;3;2909.493;2915.1;29624;Incremental Sort;4;Outer;;0;526215;526215;0;1.0;340523.43;445005.33;44;0.0;0;29625;Nested Loop;5;Outer;;0;526215;131527;5;0.8001627042356322;340522.8;430663.58;44;0.0;0;29626;Merge Join;6;Outer;;0;131527;131527;150000;6.666666666666667e-06;340522.36;343245.24;43;0.0;0;29627;Sort;7;Outer;;0;131527;131527;0;1.0;322526.4;322855.22;24;0.0;0;2681.337;2828.154;0.0;0.0;29633;Sort;7;Inner;;0;150000;150000;0;1.0;17995.95;18370.95;23;0.0;0;0.046;54.04;0.0;0.0;29635;Index Scan;6;Inner;;112600;5;0;0;8.331646174982899e-07;0.43;0.61;9;6001215.0;0;0.0;0.0;0.0;0.0
Q18_148_seed_1205992557;29655;Gather Merge;3;Outer;;0;1631266;526215;0;3.0999990498180403;341523.47;637679.13;44;0.0;3;2923.841;2932.893;29656;Incremental Sort;4;Outer;;0;526215;526215;0;1.0;340523.43;445005.33;44;0.0;0;29657;Nested Loop;5;Outer;;0;526215;131527;5;0.8001627042356322;340522.8;430663.58;44;0.0;0;29658;Merge Join;6;Outer;;0;131527;131527;150000;6.666666666666667e-06;340522.36;343245.24;43;0.0;0;29659;Sort;7;Outer;;0;131527;131527;0;1.0;322526.4;322855.22;24;0.0;0;2693.99;2844.31;0.0;0.0;29665;Sort;7;Inner;;0;150000;150000;0;1.0;17995.95;18370.95;23;0.0;0;0.078;53.337;0.0;0.0;29667;Index Scan;6;Inner;;112600;5;0;0;8.331646174982899e-07;0.43;0.61;9;6001215.0;0;0.0;0.0;0.0;0.0
Q18_149_seed_1214196588;29671;Gather Merge;3;Outer;;0;1631266;526215;0;3.0999990498180403;341523.47;637679.13;44;0.0;3;2925.817;2932.152;29672;Incremental Sort;4;Outer;;0;526215;526215;0;1.0;340523.43;445005.33;44;0.0;0;29673;Nested Loop;5;Outer;;0;526215;131527;5;0.8001627042356322;340522.8;430663.58;44;0.0;0;29674;Merge Join;6;Outer;;0;131527;131527;150000;6.666666666666667e-06;340522.36;343245.24;43;0.0;0;29675;Sort;7;Outer;;0;131527;131527;0;1.0;322526.4;322855.22;24;0.0;0;2722.723;2842.609;0.0;0.0;29681;Sort;7;Inner;;0;150000;150000;0;1.0;17995.95;18370.95;23;0.0;0;0.048;54.502;0.0;0.0;29683;Index Scan;6;Inner;;112600;5;0;0;8.331646174982899e-07;0.43;0.61;9;6001215.0;0;0.0;0.0;0.0;0.0
Q18_14_seed_106652403;29687;Gather Merge;3;Outer;;0;1631266;526215;0;3.0999990498180403;341523.47;637679.13;44;0.0;3;2931.892;2938.294;29688;Incremental Sort;4;Outer;;0;526215;526215;0;1.0;340523.43;445005.33;44;0.0;0;29689;Nested Loop;5;Outer;;0;526215;131527;5;0.8001627042356322;340522.8;430663.58;44;0.0;0;29690;Merge Join;6;Outer;;0;131527;131527;150000;6.666666666666667e-06;340522.36;343245.24;43;0.0;0;29691;Sort;7;Outer;;0;131527;131527;0;1.0;322526.4;322855.22;24;0.0;0;2724.158;2851.439;0.0;0.0;29697;Sort;7;Inner;;0;150000;150000;0;1.0;17995.95;18370.95;23;0.0;0;0.036;54.034;0.0;0.0;29699;Index Scan;6;Inner;;112600;5;0;0;8.331646174982899e-07;0.43;0.61;9;6001215.0;0;0.0;0.0;0.0;0.0
Q18_150_seed_1231235959;29703;Gather Merge;3;Outer;;0;1631266;526215;0;3.0999990498180403;341523.47;637679.13;44;0.0;3;2952.711;2959.032;29704;Incremental Sort;4;Outer;;0;526215;526215;0;1.0;340523.43;445005.33;44;0.0;0;29705;Nested Loop;5;Outer;;0;526215;131527;5;0.8001627042356322;340522.8;430663.58;44;0.0;0;29706;Merge Join;6;Outer;;0;131527;131527;150000;6.666666666666667e-06;340522.36;343245.24;43;0.0;0;29707;Sort;7;Outer;;0;131527;131527;0;1.0;322526.4;322855.22;24;0.0;0;2753.903;2873.36;0.0;0.0;29713;Sort;7;Inner;;0;150000;150000;0;1.0;17995.95;18370.95;23;0.0;0;0.05;52.256;0.0;0.0;29715;Index Scan;6;Inner;;112600;5;0;0;8.331646174982899e-07;0.43;0.61;9;6001215.0;0;0.0;0.0;0.0;0.0
Q18_16_seed_123060465;29735;Gather Merge;3;Outer;;0;1631266;526215;0;3.0999990498180403;341523.47;637679.13;44;0.0;3;2924.917;2931.431;29736;Incremental Sort;4;Outer;;0;526215;526215;0;1.0;340523.43;445005.33;44;0.0;0;29737;Nested Loop;5;Outer;;0;526215;131527;5;0.8001627042356322;340522.8;430663.58;44;0.0;0;29738;Merge Join;6;Outer;;0;131527;131527;150000;6.666666666666667e-06;340522.36;343245.24;43;0.0;0;29739;Sort;7;Outer;;0;131527;131527;0;1.0;322526.4;322855.22;24;0.0;0;2721.336;2844.751;0.0;0.0;29745;Sort;7;Inner;;0;150000;150000;0;1.0;17995.95;18370.95;23;0.0;0;0.04;54.554;0.0;0.0;29747;Index Scan;6;Inner;;112600;5;0;0;8.331646174982899e-07;0.43;0.61;9;6001215.0;0;0.0;0.0;0.0;0.0
Q18_17_seed_131264496;29751;Gather Merge;3;Outer;;0;1631266;526215;0;3.0999990498180403;341523.47;637679.13;44;0.0;3;2891.179;2897.504;29752;Incremental Sort;4;Outer;;0;526215;526215;0;1.0;340523.43;445005.33;44;0.0;0;29753;Nested Loop;5;Outer;;0;526215;131527;5;0.8001627042356322;340522.8;430663.58;44;0.0;0;29754;Merge Join;6;Outer;;0;131527;131527;150000;6.666666666666667e-06;340522.36;343245.24;43;0.0;0;29755;Sort;7;Outer;;0;131527;131527;0;1.0;322526.4;322855.22;24;0.0;0;2670.965;2807.744;0.0;0.0;29761;Sort;7;Inner;;0;150000;150000;0;1.0;17995.95;18370.95;23;0.0;0;0.054;53.708;0.0;0.0;29763;Index Scan;6;Inner;;112600;5;0;0;8.331646174982899e-07;0.43;0.61;9;6001215.0;0;0.0;0.0;0.0;0.0
Q18_18_seed_139468527;29767;Gather Merge;3;Outer;;0;1631266;526215;0;3.0999990498180403;341523.47;637679.13;44;0.0;3;2915.241;2922.089;29768;Incremental Sort;4;Outer;;0;526215;526215;0;1.0;340523.43;445005.33;44;0.0;0;29769;Nested Loop;5;Outer;;0;526215;131527;5;0.8001627042356322;340522.8;430663.58;44;0.0;0;29770;Merge Join;6;Outer;;0;131527;131527;150000;6.666666666666667e-06;340522.36;343245.24;43;0.0;0;29771;Sort;7;Outer;;0;131527;131527;0;1.0;322526.4;322855.22;24;0.0;0;2722.615;2829.823;0.0;0.0;29777;Sort;7;Inner;;0;150000;150000;0;1.0;17995.95;18370.95;23;0.0;0;0.054;59.31;0.0;0.0;29779;Index Scan;6;Inner;;112600;5;0;0;8.331646174982899e-07;0.43;0.61;9;6001215.0;0;0.0;0.0;0.0;0.0
Q18_19_seed_147672558;29783;Gather Merge;3;Outer;;0;1631266;526215;0;3.0999990498180403;341523.47;637679.13;44;0.0;3;2918.463;2924.398;29784;Incremental Sort;4;Outer;;0;526215;526215;0;1.0;340523.43;445005.33;44;0.0;0;29785;Nested Loop;5;Outer;;0;526215;131527;5;0.8001627042356322;340522.8;430663.58;44;0.0;0;29786;Merge Join;6;Outer;;0;131527;131527;150000;6.666666666666667e-06;340522.36;343245.24;43;0.0;0;29787;Sort;7;Outer;;0;131527;131527;0;1.0;322526.4;322855.22;24;0.0;0;2723.867;2841.938;0.0;0.0;29793;Sort;7;Inner;;0;150000;150000;0;1.0;17995.95;18370.95;23;0.0;0;0.607;52.5;0.0;0.0;29795;Index Scan;6;Inner;;112600;5;0;0;8.331646174982899e-07;0.43;0.61;9;6001215.0;0;0.0;0.0;0.0;0.0
Q18_1_seed_0101000000;29799;Gather Merge;3;Outer;;0;1631266;526215;0;3.0999990498180403;341523.47;637679.13;44;0.0;3;2935.422;2944.68;29800;Incremental Sort;4;Outer;;0;526215;526215;0;1.0;340523.43;445005.33;44;0.0;0;29801;Nested Loop;5;Outer;;0;526215;131527;5;0.8001627042356322;340522.8;430663.58;44;0.0;0;29802;Merge Join;6;Outer;;0;131527;131527;150000;6.666666666666667e-06;340522.36;343245.24;43;0.0;0;29803;Sort;7;Outer;;0;131527;131527;0;1.0;322526.4;322855.22;24;0.0;0;2717.174;2854.95;0.0;0.0;29809;Sort;7;Inner;;0;150000;150000;0;1.0;17995.95;18370.95;23;0.0;0;0.055;54.043;0.0;0.0;29811;Index Scan;6;Inner;;112600;5;0;0;8.331646174982899e-07;0.43;0.61;9;6001215.0;0;0.0;0.0;0.0;0.0
Q18_20_seed_155876589;29815;Gather Merge;3;Outer;;0;1631266;526215;0;3.0999990498180403;341523.47;637679.13;44;0.0;3;2915.565;2923.135;29816;Incremental Sort;4;Outer;;0;526215;526215;0;1.0;340523.43;445005.33;44;0.0;0;29817;Nested Loop;5;Outer;;0;526215;131527;5;0.8001627042356322;340522.8;430663.58;44;0.0;0;29818;Merge Join;6;Outer;;0;131527;131527;150000;6.666666666666667e-06;340522.36;343245.24;43;0.0;0;29819;Sort;7;Outer;;0;131527;131527;0;1.0;322526.4;322855.22;24;0.0;0;2697.612;2836.04;0.0;0.0;29825;Sort;7;Inner;;0;150000;150000;0;1.0;17995.95;18370.95;23;0.0;0;0.145;52.794;0.0;0.0;29827;Index Scan;6;Inner;;112600;5;0;0;8.331646174982899e-07;0.43;0.61;9;6001215.0;0;0.0;0.0;0.0;0.0
Q18_21_seed_164080620;29831;Gather Merge;3;Outer;;0;1631266;526215;0;3.0999990498180403;341523.47;637679.13;44;0.0;3;2907.49;2916.013;29832;Incremental Sort;4;Outer;;0;526215;526215;0;1.0;340523.43;445005.33;44;0.0;0;29833;Nested Loop;5;Outer;;0;526215;131527;5;0.8001627042356322;340522.8;430663.58;44;0.0;0;29834;Merge Join;6;Outer;;0;131527;131527;150000;6.666666666666667e-06;340522.36;343245.24;43;0.0;0;29835;Sort;7;Outer;;0;131527;131527;0;1.0;322526.4;322855.22;24;0.0;0;2698.483;2829.239;0.0;0.0;29841;Sort;7;Inner;;0;150000;150000;0;1.0;17995.95;18370.95;23;0.0;0;0.05;52.984;0.0;0.0;29843;Index Scan;6;Inner;;112600;5;0;0;8.331646174982899e-07;0.43;0.61;9;6001215.0;0;0.0;0.0;0.0;0.0
Q18_23_seed_180488682;29863;Gather Merge;3;Outer;;0;1631266;526215;0;3.0999990498180403;341523.47;637679.13;44;0.0;3;2923.148;2928.705;29864;Incremental Sort;4;Outer;;0;526215;526215;0;1.0;340523.43;445005.33;44;0.0;0;29865;Nested Loop;5;Outer;;0;526215;131527;5;0.8001627042356322;340522.8;430663.58;44;0.0;0;29866;Merge Join;6;Outer;;0;131527;131527;150000;6.666666666666667e-06;340522.36;343245.24;43;0.0;0;29867;Sort;7;Outer;;0;131527;131527;0;1.0;322526.4;322855.22;24;0.0;0;2719.017;2838.773;0.0;0.0;29873;Sort;7;Inner;;0;150000;150000;0;1.0;17995.95;18370.95;23;0.0;0;0.058;55.342;0.0;0.0;29875;Index Scan;6;Inner;;112600;5;0;0;8.331646174982899e-07;0.43;0.61;9;6001215.0;0;0.0;0.0;0.0;0.0
Q18_24_seed_188692713;29879;Gather Merge;3;Outer;;0;1631266;526215;0;3.0999990498180403;341523.47;637679.13;44;0.0;3;2914.673;2924.295;29880;Incremental Sort;4;Outer;;0;526215;526215;0;1.0;340523.43;445005.33;44;0.0;0;29881;Nested Loop;5;Outer;;0;526215;131527;5;0.8001627042356322;340522.8;430663.58;44;0.0;0;29882;Merge Join;6;Outer;;0;131527;131527;150000;6.666666666666667e-06;340522.36;343245.24;43;0.0;0;29883;Sort;7;Outer;;0;131527;131527;0;1.0;322526.4;322855.22;24;0.0;0;2721.533;2835.332;0.0;0.0;29889;Sort;7;Inner;;0;150000;150000;0;1.0;17995.95;18370.95;23;0.0;0;0.054;53.061;0.0;0.0;29891;Index Scan;6;Inner;;112600;5;0;0;8.331646174982899e-07;0.43;0.61;9;6001215.0;0;0.0;0.0;0.0;0.0
Q18_27_seed_213304806;29927;Gather Merge;3;Outer;;0;1631266;526215;0;3.0999990498180403;341523.47;637679.13;44;0.0;3;2925.458;2931.599;29928;Incremental Sort;4;Outer;;0;526215;526215;0;1.0;340523.43;445005.33;44;0.0;0;29929;Nested Loop;5;Outer;;0;526215;131527;5;0.8001627042356322;340522.8;430663.58;44;0.0;0;29930;Merge Join;6;Outer;;0;131527;131527;150000;6.666666666666667e-06;340522.36;343245.24;43;0.0;0;29931;Sort;7;Outer;;0;131527;131527;0;1.0;322526.4;322855.22;24;0.0;0;2703.53;2838.556;0.0;0.0;29937;Sort;7;Inner;;0;150000;150000;0;1.0;17995.95;18370.95;23;0.0;0;0.048;55.062;0.0;0.0;29939;Index Scan;6;Inner;;112600;5;0;0;8.331646174982899e-07;0.43;0.61;9;6001215.0;0;0.0;0.0;0.0;0.0
Q18_30_seed_237916899;29991;Gather Merge;3;Outer;;0;1631266;526215;0;3.0999990498180403;341523.47;637679.13;44;0.0;3;2920.193;2926.276;29992;Incremental Sort;4;Outer;;0;526215;526215;0;1.0;340523.43;445005.33;44;0.0;0;29993;Nested Loop;5;Outer;;0;526215;131527;5;0.8001627042356322;340522.8;430663.58;44;0.0;0;29994;Merge Join;6;Outer;;0;131527;131527;150000;6.666666666666667e-06;340522.36;343245.24;43;0.0;0;29995;Sort;7;Outer;;0;131527;131527;0;1.0;322526.4;322855.22;24;0.0;0;2750.679;2840.476;0.0;0.0;30001;Sort;7;Inner;;0;150000;150000;0;1.0;17995.95;18370.95;23;0.0;0;0.05;54.674;0.0;0.0;30003;Index Scan;6;Inner;;112600;5;0;0;8.331646174982899e-07;0.43;0.61;9;6001215.0;0;0.0;0.0;0.0;0.0
Q18_32_seed_254324961;30023;Gather Merge;3;Outer;;0;1631266;526215;0;3.0999990498180403;341523.47;637679.13;44;0.0;3;2926.327;2932.866;30024;Incremental Sort;4;Outer;;0;526215;526215;0;1.0;340523.43;445005.33;44;0.0;0;30025;Nested Loop;5;Outer;;0;526215;131527;5;0.8001627042356322;340522.8;430663.58;44;0.0;0;30026;Merge Join;6;Outer;;0;131527;131527;150000;6.666666666666667e-06;340522.36;343245.24;43;0.0;0;30027;Sort;7;Outer;;0;131527;131527;0;1.0;322526.4;322855.22;24;0.0;0;2726.209;2845.493;0.0;0.0;30033;Sort;7;Inner;;0;150000;150000;0;1.0;17995.95;18370.95;23;0.0;0;0.046;54.539;0.0;0.0;30035;Index Scan;6;Inner;;112600;5;0;0;8.331646174982899e-07;0.43;0.61;9;6001215.0;0;0.0;0.0;0.0;0.0
Q18_33_seed_262528992;30039;Gather Merge;3;Outer;;0;1631266;526215;0;3.0999990498180403;341523.47;637679.13;44;0.0;3;2937.093;2943.129;30040;Incremental Sort;4;Outer;;0;526215;526215;0;1.0;340523.43;445005.33;44;0.0;0;30041;Nested Loop;5;Outer;;0;526215;131527;5;0.8001627042356322;340522.8;430663.58;44;0.0;0;30042;Merge Join;6;Outer;;0;131527;131527;150000;6.666666666666667e-06;340522.36;343245.24;43;0.0;0;30043;Sort;7;Outer;;0;131527;131527;0;1.0;322526.4;322855.22;24;0.0;0;2723.432;2854.653;0.0;0.0;30049;Sort;7;Inner;;0;150000;150000;0;1.0;17995.95;18370.95;23;0.0;0;0.058;52.212;0.0;0.0;30051;Index Scan;6;Inner;;112600;5;0;0;8.331646174982899e-07;0.43;0.61;9;6001215.0;0;0.0;0.0;0.0;0.0
Q18_35_seed_278937054;30071;Gather Merge;3;Outer;;0;1631266;526215;0;3.0999990498180403;341523.47;637679.13;44;0.0;3;2899.395;2907.917;30072;Incremental Sort;4;Outer;;0;526215;526215;0;1.0;340523.43;445005.33;44;0.0;0;30073;Nested Loop;5;Outer;;0;526215;131527;5;0.8001627042356322;340522.8;430663.58;44;0.0;0;30074;Merge Join;6;Outer;;0;131527;131527;150000;6.666666666666667e-06;340522.36;343245.24;43;0.0;0;30075;Sort;7;Outer;;0;131527;131527;0;1.0;322526.4;322855.22;24;0.0;0;2678.646;2813.619;0.0;0.0;30081;Sort;7;Inner;;0;150000;150000;0;1.0;17995.95;18370.95;23;0.0;0;0.052;57.97;0.0;0.0;30083;Index Scan;6;Inner;;112600;5;0;0;8.331646174982899e-07;0.43;0.61;9;6001215.0;0;0.0;0.0;0.0;0.0
Q18_37_seed_295345116;30103;Gather Merge;3;Outer;;0;1631266;526215;0;3.0999990498180403;341523.47;637679.13;44;0.0;3;2940.449;2947.996;30104;Incremental Sort;4;Outer;;0;526215;526215;0;1.0;340523.43;445005.33;44;0.0;0;30105;Nested Loop;5;Outer;;0;526215;131527;5;0.8001627042356322;340522.8;430663.58;44;0.0;0;30106;Merge Join;6;Outer;;0;131527;131527;150000;6.666666666666667e-06;340522.36;343245.24;43;0.0;0;30107;Sort;7;Outer;;0;131527;131527;0;1.0;322526.4;322855.22;24;0.0;0;2738.774;2858.132;0.0;0.0;30113;Sort;7;Inner;;0;150000;150000;0;1.0;17995.95;18370.95;23;0.0;0;0.042;53.19;0.0;0.0;30115;Index Scan;6;Inner;;112600;5;0;0;8.331646174982899e-07;0.43;0.61;9;6001215.0;0;0.0;0.0;0.0;0.0
Q18_38_seed_303549147;30119;Gather Merge;3;Outer;;0;1631266;526215;0;3.0999990498180403;341523.47;637679.13;44;0.0;3;2954.207;2960.183;30120;Incremental Sort;4;Outer;;0;526215;526215;0;1.0;340523.43;445005.33;44;0.0;0;30121;Nested Loop;5;Outer;;0;526215;131527;5;0.8001627042356322;340522.8;430663.58;44;0.0;0;30122;Merge Join;6;Outer;;0;131527;131527;150000;6.666666666666667e-06;340522.36;343245.24;43;0.0;0;30123;Sort;7;Outer;;0;131527;131527;0;1.0;322526.4;322855.22;24;0.0;0;2749.252;2868.343;0.0;0.0;30129;Sort;7;Inner;;0;150000;150000;0;1.0;17995.95;18370.95;23;0.0;0;0.058;54.583;0.0;0.0;30131;Index Scan;6;Inner;;112600;5;0;0;8.331646174982899e-07;0.43;0.61;9;6001215.0;0;0.0;0.0;0.0;0.0
Q18_39_seed_311753178;30135;Gather Merge;3;Outer;;0;1631266;526215;0;3.0999990498180403;341523.47;637679.13;44;0.0;3;2948.558;2954.466;30136;Incremental Sort;4;Outer;;0;526215;526215;0;1.0;340523.43;445005.33;44;0.0;0;30137;Nested Loop;5;Outer;;0;526215;131527;5;0.8001627042356322;340522.8;430663.58;44;0.0;0;30138;Merge Join;6;Outer;;0;131527;131527;150000;6.666666666666667e-06;340522.36;343245.24;43;0.0;0;30139;Sort;7;Outer;;0;131527;131527;0;1.0;322526.4;322855.22;24;0.0;0;2732.498;2867.865;0.0;0.0;30145;Sort;7;Inner;;0;150000;150000;0;1.0;17995.95;18370.95;23;0.0;0;0.025;53.596;0.0;0.0;30147;Index Scan;6;Inner;;112600;5;0;0;8.331646174982899e-07;0.43;0.61;9;6001215.0;0;0.0;0.0;0.0;0.0
Q18_3_seed_16408062;30151;Gather Merge;3;Outer;;0;1631266;526215;0;3.0999990498180403;341523.47;637679.13;44;0.0;3;2952.163;2957.937;30152;Incremental Sort;4;Outer;;0;526215;526215;0;1.0;340523.43;445005.33;44;0.0;0;30153;Nested Loop;5;Outer;;0;526215;131527;5;0.8001627042356322;340522.8;430663.58;44;0.0;0;30154;Merge Join;6;Outer;;0;131527;131527;150000;6.666666666666667e-06;340522.36;343245.24;43;0.0;0;30155;Sort;7;Outer;;0;131527;131527;0;1.0;322526.4;322855.22;24;0.0;0;2768.265;2871.027;0.0;0.0;30161;Sort;7;Inner;;0;150000;150000;0;1.0;17995.95;18370.95;23;0.0;0;0.051;55.535;0.0;0.0;30163;Index Scan;6;Inner;;112600;5;0;0;8.331646174982899e-07;0.43;0.61;9;6001215.0;0;0.0;0.0;0.0;0.0
Q18_40_seed_319957209;30167;Gather Merge;3;Outer;;0;1631266;526215;0;3.0999990498180403;341523.47;637679.13;44;0.0;3;2905.046;2911.699;30168;Incremental Sort;4;Outer;;0;526215;526215;0;1.0;340523.43;445005.33;44;0.0;0;30169;Nested Loop;5;Outer;;0;526215;131527;5;0.8001627042356322;340522.8;430663.58;44;0.0;0;30170;Merge Join;6;Outer;;0;131527;131527;150000;6.666666666666667e-06;340522.36;343245.24;43;0.0;0;30171;Sort;7;Outer;;0;131527;131527;0;1.0;322526.4;322855.22;24;0.0;0;2707.253;2826.492;0.0;0.0;30177;Sort;7;Inner;;0;150000;150000;0;1.0;17995.95;18370.95;23;0.0;0;0.061;52.662;0.0;0.0;30179;Index Scan;6;Inner;;112600;5;0;0;8.331646174982899e-07;0.43;0.61;9;6001215.0;0;0.0;0.0;0.0;0.0
Q18_41_seed_328161240;30183;Gather Merge;3;Outer;;0;1631266;526215;0;3.0999990498180403;341523.47;637679.13;44;0.0;3;2923.655;2930.861;30184;Incremental Sort;4;Outer;;0;526215;526215;0;1.0;340523.43;445005.33;44;0.0;0;30185;Nested Loop;5;Outer;;0;526215;131527;5;0.8001627042356322;340522.8;430663.58;44;0.0;0;30186;Merge Join;6;Outer;;0;131527;131527;150000;6.666666666666667e-06;340522.36;343245.24;43;0.0;0;30187;Sort;7;Outer;;0;131527;131527;0;1.0;322526.4;322855.22;24;0.0;0;2693.007;2842.263;0.0;0.0;30193;Sort;7;Inner;;0;150000;150000;0;1.0;17995.95;18370.95;23;0.0;0;0.052;55.08;0.0;0.0;30195;Index Scan;6;Inner;;112600;5;0;0;8.331646174982899e-07;0.43;0.61;9;6001215.0;0;0.0;0.0;0.0;0.0
Q18_43_seed_344569302;30215;Gather Merge;3;Outer;;0;1631266;526215;0;3.0999990498180403;341523.47;637679.13;44;0.0;3;2927.495;2932.666;30216;Incremental Sort;4;Outer;;0;526215;526215;0;1.0;340523.43;445005.33;44;0.0;0;30217;Nested Loop;5;Outer;;0;526215;131527;5;0.8001627042356322;340522.8;430663.58;44;0.0;0;30218;Merge Join;6;Outer;;0;131527;131527;150000;6.666666666666667e-06;340522.36;343245.24;43;0.0;0;30219;Sort;7;Outer;;0;131527;131527;0;1.0;322526.4;322855.22;24;0.0;0;2747.949;2846.004;0.0;0.0;30225;Sort;7;Inner;;0;150000;150000;0;1.0;17995.95;18370.95;23;0.0;0;0.054;54.701;0.0;0.0;30227;Index Scan;6;Inner;;112600;5;0;0;8.331646174982899e-07;0.43;0.61;9;6001215.0;0;0.0;0.0;0.0;0.0
Q18_44_seed_352773333;30231;Gather Merge;3;Outer;;0;1631266;526215;0;3.0999990498180403;341523.47;637679.13;44;0.0;3;2926.952;2930.013;30232;Incremental Sort;4;Outer;;0;526215;526215;0;1.0;340523.43;445005.33;44;0.0;0;30233;Nested Loop;5;Outer;;0;526215;131527;5;0.8001627042356322;340522.8;430663.58;44;0.0;0;30234;Merge Join;6;Outer;;0;131527;131527;150000;6.666666666666667e-06;340522.36;343245.24;43;0.0;0;30235;Sort;7;Outer;;0;131527;131527;0;1.0;322526.4;322855.22;24;0.0;0;2711.307;2827.232;0.0;0.0;30241;Sort;7;Inner;;0;150000;150000;0;1.0;17995.95;18370.95;23;0.0;0;0.052;59.569;0.0;0.0;30243;Index Scan;6;Inner;;112600;5;0;0;8.331646174982899e-07;0.43;0.61;9;6001215.0;0;0.0;0.0;0.0;0.0
Q18_45_seed_360977364;30247;Gather Merge;3;Outer;;0;1631266;526215;0;3.0999990498180403;341523.47;637679.13;44;0.0;3;2929.912;2936.054;30248;Incremental Sort;4;Outer;;0;526215;526215;0;1.0;340523.43;445005.33;44;0.0;0;30249;Nested Loop;5;Outer;;0;526215;131527;5;0.8001627042356322;340522.8;430663.58;44;0.0;0;30250;Merge Join;6;Outer;;0;131527;131527;150000;6.666666666666667e-06;340522.36;343245.24;43;0.0;0;30251;Sort;7;Outer;;0;131527;131527;0;1.0;322526.4;322855.22;24;0.0;0;2736.984;2850.952;0.0;0.0;30257;Sort;7;Inner;;0;150000;150000;0;1.0;17995.95;18370.95;23;0.0;0;0.047;53.466;0.0;0.0;30259;Index Scan;6;Inner;;112600;5;0;0;8.331646174982899e-07;0.43;0.61;9;6001215.0;0;0.0;0.0;0.0;0.0
Q18_47_seed_377385426;30279;Gather Merge;3;Outer;;0;1631266;526215;0;3.0999990498180403;341523.47;637679.13;44;0.0;3;2931.515;2939.567;30280;Incremental Sort;4;Outer;;0;526215;526215;0;1.0;340523.43;445005.33;44;0.0;0;30281;Nested Loop;5;Outer;;0;526215;131527;5;0.8001627042356322;340522.8;430663.58;44;0.0;0;30282;Merge Join;6;Outer;;0;131527;131527;150000;6.666666666666667e-06;340522.36;343245.24;43;0.0;0;30283;Sort;7;Outer;;0;131527;131527;0;1.0;322526.4;322855.22;24;0.0;0;2732.383;2847.88;0.0;0.0;30289;Sort;7;Inner;;0;150000;150000;0;1.0;17995.95;18370.95;23;0.0;0;0.054;54.185;0.0;0.0;30291;Index Scan;6;Inner;;112600;5;0;0;8.331646174982899e-07;0.43;0.61;9;6001215.0;0;0.0;0.0;0.0;0.0
Q18_49_seed_393793488;30311;Gather Merge;3;Outer;;0;1631266;526215;0;3.0999990498180403;341523.47;637679.13;44;0.0;3;2937.936;2943.951;30312;Incremental Sort;4;Outer;;0;526215;526215;0;1.0;340523.43;445005.33;44;0.0;0;30313;Nested Loop;5;Outer;;0;526215;131527;5;0.8001627042356322;340522.8;430663.58;44;0.0;0;30314;Merge Join;6;Outer;;0;131527;131527;150000;6.666666666666667e-06;340522.36;343245.24;43;0.0;0;30315;Sort;7;Outer;;0;131527;131527;0;1.0;322526.4;322855.22;24;0.0;0;2719.485;2852.313;0.0;0.0;30321;Sort;7;Inner;;0;150000;150000;0;1.0;17995.95;18370.95;23;0.0;0;0.053;53.489;0.0;0.0;30323;Index Scan;6;Inner;;112600;5;0;0;8.331646174982899e-07;0.43;0.61;9;6001215.0;0;0.0;0.0;0.0;0.0
Q18_4_seed_24612093;30327;Gather Merge;3;Outer;;0;1631266;526215;0;3.0999990498180403;341523.47;637679.13;44;0.0;3;2919.248;2925.76;30328;Incremental Sort;4;Outer;;0;526215;526215;0;1.0;340523.43;445005.33;44;0.0;0;30329;Nested Loop;5;Outer;;0;526215;131527;5;0.8001627042356322;340522.8;430663.58;44;0.0;0;30330;Merge Join;6;Outer;;0;131527;131527;150000;6.666666666666667e-06;340522.36;343245.24;43;0.0;0;30331;Sort;7;Outer;;0;131527;131527;0;1.0;322526.4;322855.22;24;0.0;0;2688.802;2834.316;0.0;0.0;30337;Sort;7;Inner;;0;150000;150000;0;1.0;17995.95;18370.95;23;0.0;0;0.07;54.5;0.0;0.0;30339;Index Scan;6;Inner;;112600;5;0;0;8.331646174982899e-07;0.43;0.61;9;6001215.0;0;0.0;0.0;0.0;0.0
Q18_50_seed_401997519;30343;Gather Merge;3;Outer;;0;1631266;526215;0;3.0999990498180403;341523.47;637679.13;44;0.0;3;2929.034;2936.46;30344;Incremental Sort;4;Outer;;0;526215;526215;0;1.0;340523.43;445005.33;44;0.0;0;30345;Nested Loop;5;Outer;;0;526215;131527;5;0.8001627042356322;340522.8;430663.58;44;0.0;0;30346;Merge Join;6;Outer;;0;131527;131527;150000;6.666666666666667e-06;340522.36;343245.24;43;0.0;0;30347;Sort;7;Outer;;0;131527;131527;0;1.0;322526.4;322855.22;24;0.0;0;2719.185;2847.44;0.0;0.0;30353;Sort;7;Inner;;0;150000;150000;0;1.0;17995.95;18370.95;23;0.0;0;0.07;55.67;0.0;0.0;30355;Index Scan;6;Inner;;112600;5;0;0;8.331646174982899e-07;0.43;0.61;9;6001215.0;0;0.0;0.0;0.0;0.0
Q18_52_seed_418405581;30375;Gather Merge;3;Outer;;0;1631266;526215;0;3.0999990498180403;341523.47;637679.13;44;0.0;3;2936.521;2943.608;30376;Incremental Sort;4;Outer;;0;526215;526215;0;1.0;340523.43;445005.33;44;0.0;0;30377;Nested Loop;5;Outer;;0;526215;131527;5;0.8001627042356322;340522.8;430663.58;44;0.0;0;30378;Merge Join;6;Outer;;0;131527;131527;150000;6.666666666666667e-06;340522.36;343245.24;43;0.0;0;30379;Sort;7;Outer;;0;131527;131527;0;1.0;322526.4;322855.22;24;0.0;0;2725.973;2854.587;0.0;0.0;30385;Sort;7;Inner;;0;150000;150000;0;1.0;17995.95;18370.95;23;0.0;0;0.042;54.681;0.0;0.0;30387;Index Scan;6;Inner;;112600;5;0;0;8.331646174982899e-07;0.43;0.61;9;6001215.0;0;0.0;0.0;0.0;0.0
Q18_54_seed_434813643;30407;Gather Merge;3;Outer;;0;1631266;526215;0;3.0999990498180403;341523.47;637679.13;44;0.0;3;2924.177;2933.725;30408;Incremental Sort;4;Outer;;0;526215;526215;0;1.0;340523.43;445005.33;44;0.0;0;30409;Nested Loop;5;Outer;;0;526215;131527;5;0.8001627042356322;340522.8;430663.58;44;0.0;0;30410;Merge Join;6;Outer;;0;131527;131527;150000;6.666666666666667e-06;340522.36;343245.24;43;0.0;0;30411;Sort;7;Outer;;0;131527;131527;0;1.0;322526.4;322855.22;24;0.0;0;2705.698;2845.052;0.0;0.0;30417;Sort;7;Inner;;0;150000;150000;0;1.0;17995.95;18370.95;23;0.0;0;0.066;53.571;0.0;0.0;30419;Index Scan;6;Inner;;112600;5;0;0;8.331646174982899e-07;0.43;0.61;9;6001215.0;0;0.0;0.0;0.0;0.0
Q18_55_seed_443017674;30423;Gather Merge;3;Outer;;0;1631266;526215;0;3.0999990498180403;341523.47;637679.13;44;0.0;3;2951.358;2957.201;30424;Incremental Sort;4;Outer;;0;526215;526215;0;1.0;340523.43;445005.33;44;0.0;0;30425;Nested Loop;5;Outer;;0;526215;131527;5;0.8001627042356322;340522.8;430663.58;44;0.0;0;30426;Merge Join;6;Outer;;0;131527;131527;150000;6.666666666666667e-06;340522.36;343245.24;43;0.0;0;30427;Sort;7;Outer;;0;131527;131527;0;1.0;322526.4;322855.22;24;0.0;0;2733.063;2867.029;0.0;0.0;30433;Sort;7;Inner;;0;150000;150000;0;1.0;17995.95;18370.95;23;0.0;0;0.06;53.238;0.0;0.0;30435;Index Scan;6;Inner;;112600;5;0;0;8.331646174982899e-07;0.43;0.61;9;6001215.0;0;0.0;0.0;0.0;0.0
Q18_57_seed_459425736;30455;Gather Merge;3;Outer;;0;1631266;526215;0;3.0999990498180403;341523.47;637679.13;44;0.0;3;2922.939;2931.859;30456;Incremental Sort;4;Outer;;0;526215;526215;0;1.0;340523.43;445005.33;44;0.0;0;30457;Nested Loop;5;Outer;;0;526215;131527;5;0.8001627042356322;340522.8;430663.58;44;0.0;0;30458;Merge Join;6;Outer;;0;131527;131527;150000;6.666666666666667e-06;340522.36;343245.24;43;0.0;0;30459;Sort;7;Outer;;0;131527;131527;0;1.0;322526.4;322855.22;24;0.0;0;2698.423;2843.278;0.0;0.0;30465;Sort;7;Inner;;0;150000;150000;0;1.0;17995.95;18370.95;23;0.0;0;0.037;52.701;0.0;0.0;30467;Index Scan;6;Inner;;112600;5;0;0;8.331646174982899e-07;0.43;0.61;9;6001215.0;0;0.0;0.0;0.0;0.0
Q18_58_seed_467629767;30471;Gather Merge;3;Outer;;0;1631266;526215;0;3.0999990498180403;341523.47;637679.13;44;0.0;3;2949.307;2958.32;30472;Incremental Sort;4;Outer;;0;526215;526215;0;1.0;340523.43;445005.33;44;0.0;0;30473;Nested Loop;5;Outer;;0;526215;131527;5;0.8001627042356322;340522.8;430663.58;44;0.0;0;30474;Merge Join;6;Outer;;0;131527;131527;150000;6.666666666666667e-06;340522.36;343245.24;43;0.0;0;30475;Sort;7;Outer;;0;131527;131527;0;1.0;322526.4;322855.22;24;0.0;0;2754.833;2870.015;0.0;0.0;30481;Sort;7;Inner;;0;150000;150000;0;1.0;17995.95;18370.95;23;0.0;0;0.071;53.381;0.0;0.0;30483;Index Scan;6;Inner;;112600;5;0;0;8.331646174982899e-07;0.43;0.61;9;6001215.0;0;0.0;0.0;0.0;0.0
Q18_59_seed_475833798;30487;Gather Merge;3;Outer;;0;1631266;526215;0;3.0999990498180403;341523.47;637679.13;44;0.0;3;2920.075;2925.423;30488;Incremental Sort;4;Outer;;0;526215;526215;0;1.0;340523.43;445005.33;44;0.0;0;30489;Nested Loop;5;Outer;;0;526215;131527;5;0.8001627042356322;340522.8;430663.58;44;0.0;0;30490;Merge Join;6;Outer;;0;131527;131527;150000;6.666666666666667e-06;340522.36;343245.24;43;0.0;0;30491;Sort;7;Outer;;0;131527;131527;0;1.0;322526.4;322855.22;24;0.0;0;2752.505;2840.006;0.0;0.0;30497;Sort;7;Inner;;0;150000;150000;0;1.0;17995.95;18370.95;23;0.0;0;0.089;52.71;0.0;0.0;30499;Index Scan;6;Inner;;112600;5;0;0;8.331646174982899e-07;0.43;0.61;9;6001215.0;0;0.0;0.0;0.0;0.0
Q18_5_seed_32816124;30503;Gather Merge;3;Outer;;0;1631266;526215;0;3.0999990498180403;341523.47;637679.13;44;0.0;3;2951.255;2958.584;30504;Incremental Sort;4;Outer;;0;526215;526215;0;1.0;340523.43;445005.33;44;0.0;0;30505;Nested Loop;5;Outer;;0;526215;131527;5;0.8001627042356322;340522.8;430663.58;44;0.0;0;30506;Merge Join;6;Outer;;0;131527;131527;150000;6.666666666666667e-06;340522.36;343245.24;43;0.0;0;30507;Sort;7;Outer;;0;131527;131527;0;1.0;322526.4;322855.22;24;0.0;0;2749.844;2868.87;0.0;0.0;30513;Sort;7;Inner;;0;150000;150000;0;1.0;17995.95;18370.95;23;0.0;0;0.036;53.718;0.0;0.0;30515;Index Scan;6;Inner;;112600;5;0;0;8.331646174982899e-07;0.43;0.61;9;6001215.0;0;0.0;0.0;0.0;0.0
Q18_60_seed_484037829;30519;Gather Merge;3;Outer;;0;1631266;526215;0;3.0999990498180403;341523.47;637679.13;44;0.0;3;2884.464;2892.003;30520;Incremental Sort;4;Outer;;0;526215;526215;0;1.0;340523.43;445005.33;44;0.0;0;30521;Nested Loop;5;Outer;;0;526215;131527;5;0.8001627042356322;340522.8;430663.58;44;0.0;0;30522;Merge Join;6;Outer;;0;131527;131527;150000;6.666666666666667e-06;340522.36;343245.24;43;0.0;0;30523;Sort;7;Outer;;0;131527;131527;0;1.0;322526.4;322855.22;24;0.0;0;2654.012;2800.534;0.0;0.0;30529;Sort;7;Inner;;0;150000;150000;0;1.0;17995.95;18370.95;23;0.0;0;0.047;54.058;0.0;0.0;30531;Index Scan;6;Inner;;112600;5;0;0;8.331646174982899e-07;0.43;0.61;9;6001215.0;0;0.0;0.0;0.0;0.0
Q18_61_seed_492241860;30535;Gather Merge;3;Outer;;0;1631266;526215;0;3.0999990498180403;341523.47;637679.13;44;0.0;3;2892.984;2899.103;30536;Incremental Sort;4;Outer;;0;526215;526215;0;1.0;340523.43;445005.33;44;0.0;0;30537;Nested Loop;5;Outer;;0;526215;131527;5;0.8001627042356322;340522.8;430663.58;44;0.0;0;30538;Merge Join;6;Outer;;0;131527;131527;150000;6.666666666666667e-06;340522.36;343245.24;43;0.0;0;30539;Sort;7;Outer;;0;131527;131527;0;1.0;322526.4;322855.22;24;0.0;0;2688.979;2809.869;0.0;0.0;30545;Sort;7;Inner;;0;150000;150000;0;1.0;17995.95;18370.95;23;0.0;0;0.083;52.902;0.0;0.0;30547;Index Scan;6;Inner;;112600;5;0;0;8.331646174982899e-07;0.43;0.61;9;6001215.0;0;0.0;0.0;0.0;0.0
Q18_63_seed_508649922;30567;Gather Merge;3;Outer;;0;1631266;526215;0;3.0999990498180403;341523.47;637679.13;44;0.0;3;2923.958;2932.851;30568;Incremental Sort;4;Outer;;0;526215;526215;0;1.0;340523.43;445005.33;44;0.0;0;30569;Nested Loop;5;Outer;;0;526215;131527;5;0.8001627042356322;340522.8;430663.58;44;0.0;0;30570;Merge Join;6;Outer;;0;131527;131527;150000;6.666666666666667e-06;340522.36;343245.24;43;0.0;0;30571;Sort;7;Outer;;0;131527;131527;0;1.0;322526.4;322855.22;24;0.0;0;2716.345;2840.501;0.0;0.0;30577;Sort;7;Inner;;0;150000;150000;0;1.0;17995.95;18370.95;23;0.0;0;0.047;53.513;0.0;0.0;30579;Index Scan;6;Inner;;112600;5;0;0;8.331646174982899e-07;0.43;0.61;9;6001215.0;0;0.0;0.0;0.0;0.0
Q18_66_seed_533262015;30615;Gather Merge;3;Outer;;0;1631266;526215;0;3.0999990498180403;341523.47;637679.13;44;0.0;3;2926.951;2936.213;30616;Incremental Sort;4;Outer;;0;526215;526215;0;1.0;340523.43;445005.33;44;0.0;0;30617;Nested Loop;5;Outer;;0;526215;131527;5;0.8001627042356322;340522.8;430663.58;44;0.0;0;30618;Merge Join;6;Outer;;0;131527;131527;150000;6.666666666666667e-06;340522.36;343245.24;43;0.0;0;30619;Sort;7;Outer;;0;131527;131527;0;1.0;322526.4;322855.22;24;0.0;0;2753.81;2845.339;0.0;0.0;30625;Sort;7;Inner;;0;150000;150000;0;1.0;17995.95;18370.95;23;0.0;0;0.059;54.08;0.0;0.0;30627;Index Scan;6;Inner;;112600;5;0;0;8.331646174982899e-07;0.43;0.61;9;6001215.0;0;0.0;0.0;0.0;0.0
Q18_67_seed_541466046;30631;Gather Merge;3;Outer;;0;1631266;526215;0;3.0999990498180403;341523.47;637679.13;44;0.0;3;2933.603;2942.74;30632;Incremental Sort;4;Outer;;0;526215;526215;0;1.0;340523.43;445005.33;44;0.0;0;30633;Nested Loop;5;Outer;;0;526215;131527;5;0.8001627042356322;340522.8;430663.58;44;0.0;0;30634;Merge Join;6;Outer;;0;131527;131527;150000;6.666666666666667e-06;340522.36;343245.24;43;0.0;0;30635;Sort;7;Outer;;0;131527;131527;0;1.0;322526.4;322855.22;24;0.0;0;2707.245;2854.833;0.0;0.0;30641;Sort;7;Inner;;0;150000;150000;0;1.0;17995.95;18370.95;23;0.0;0;0.049;52.65;0.0;0.0;30643;Index Scan;6;Inner;;112600;5;0;0;8.331646174982899e-07;0.43;0.61;9;6001215.0;0;0.0;0.0;0.0;0.0
Q18_68_seed_549670077;30647;Gather Merge;3;Outer;;0;1631266;526215;0;3.0999990498180403;341523.47;637679.13;44;0.0;3;2908.035;2917.487;30648;Incremental Sort;4;Outer;;0;526215;526215;0;1.0;340523.43;445005.33;44;0.0;0;30649;Nested Loop;5;Outer;;0;526215;131527;5;0.8001627042356322;340522.8;430663.58;44;0.0;0;30650;Merge Join;6;Outer;;0;131527;131527;150000;6.666666666666667e-06;340522.36;343245.24;43;0.0;0;30651;Sort;7;Outer;;0;131527;131527;0;1.0;322526.4;322855.22;24;0.0;0;2723.553;2829.46;0.0;0.0;30657;Sort;7;Inner;;0;150000;150000;0;1.0;17995.95;18370.95;23;0.0;0;0.04;52.743;0.0;0.0;30659;Index Scan;6;Inner;;112600;5;0;0;8.331646174982899e-07;0.43;0.61;9;6001215.0;0;0.0;0.0;0.0;0.0
Q18_69_seed_557874108;30663;Gather Merge;3;Outer;;0;1631266;526215;0;3.0999990498180403;341523.47;637679.13;44;0.0;3;2900.807;2906.876;30664;Incremental Sort;4;Outer;;0;526215;526215;0;1.0;340523.43;445005.33;44;0.0;0;30665;Nested Loop;5;Outer;;0;526215;131527;5;0.8001627042356322;340522.8;430663.58;44;0.0;0;30666;Merge Join;6;Outer;;0;131527;131527;150000;6.666666666666667e-06;340522.36;343245.24;43;0.0;0;30667;Sort;7;Outer;;0;131527;131527;0;1.0;322526.4;322855.22;24;0.0;0;2701.239;2821.136;0.0;0.0;30673;Sort;7;Inner;;0;150000;150000;0;1.0;17995.95;18370.95;23;0.0;0;0.125;52.301;0.0;0.0;30675;Index Scan;6;Inner;;112600;5;0;0;8.331646174982899e-07;0.43;0.61;9;6001215.0;0;0.0;0.0;0.0;0.0
Q18_71_seed_574282170;30711;Gather Merge;3;Outer;;0;1631266;526215;0;3.0999990498180403;341523.47;637679.13;44;0.0;3;2936.277;2942.565;30712;Incremental Sort;4;Outer;;0;526215;526215;0;1.0;340523.43;445005.33;44;0.0;0;30713;Nested Loop;5;Outer;;0;526215;131527;5;0.8001627042356322;340522.8;430663.58;44;0.0;0;30714;Merge Join;6;Outer;;0;131527;131527;150000;6.666666666666667e-06;340522.36;343245.24;43;0.0;0;30715;Sort;7;Outer;;0;131527;131527;0;1.0;322526.4;322855.22;24;0.0;0;2719.985;2851.706;0.0;0.0;30721;Sort;7;Inner;;0;150000;150000;0;1.0;17995.95;18370.95;23;0.0;0;0.035;54.679;0.0;0.0;30723;Index Scan;6;Inner;;112600;5;0;0;8.331646174982899e-07;0.43;0.61;9;6001215.0;0;0.0;0.0;0.0;0.0
Q18_72_seed_582486201;30727;Gather Merge;3;Outer;;0;1631266;526215;0;3.0999990498180403;341523.47;637679.13;44;0.0;3;2969.17;2977.917;30728;Incremental Sort;4;Outer;;0;526215;526215;0;1.0;340523.43;445005.33;44;0.0;0;30729;Nested Loop;5;Outer;;0;526215;131527;5;0.8001627042356322;340522.8;430663.58;44;0.0;0;30730;Merge Join;6;Outer;;0;131527;131527;150000;6.666666666666667e-06;340522.36;343245.24;43;0.0;0;30731;Sort;7;Outer;;0;131527;131527;0;1.0;322526.4;322855.22;24;0.0;0;2757.709;2889.103;0.0;0.0;30737;Sort;7;Inner;;0;150000;150000;0;1.0;17995.95;18370.95;23;0.0;0;0.05;53.164;0.0;0.0;30739;Index Scan;6;Inner;;112600;5;0;0;8.331646174982899e-07;0.43;0.61;9;6001215.0;0;0.0;0.0;0.0;0.0
Q18_73_seed_590690232;30743;Gather Merge;3;Outer;;0;1631266;526215;0;3.0999990498180403;341523.47;637679.13;44;0.0;3;2921.046;2929.642;30744;Incremental Sort;4;Outer;;0;526215;526215;0;1.0;340523.43;445005.33;44;0.0;0;30745;Nested Loop;5;Outer;;0;526215;131527;5;0.8001627042356322;340522.8;430663.58;44;0.0;0;30746;Merge Join;6;Outer;;0;131527;131527;150000;6.666666666666667e-06;340522.36;343245.24;43;0.0;0;30747;Sort;7;Outer;;0;131527;131527;0;1.0;322526.4;322855.22;24;0.0;0;2714.719;2841.458;0.0;0.0;30753;Sort;7;Inner;;0;150000;150000;0;1.0;17995.95;18370.95;23;0.0;0;0.034;52.984;0.0;0.0;30755;Index Scan;6;Inner;;112600;5;0;0;8.331646174982899e-07;0.43;0.61;9;6001215.0;0;0.0;0.0;0.0;0.0
Q18_74_seed_598894263;30759;Gather Merge;3;Outer;;0;1631266;526215;0;3.0999990498180403;341523.47;637679.13;44;0.0;3;2950.871;2960.645;30760;Incremental Sort;4;Outer;;0;526215;526215;0;1.0;340523.43;445005.33;44;0.0;0;30761;Nested Loop;5;Outer;;0;526215;131527;5;0.8001627042356322;340522.8;430663.58;44;0.0;0;30762;Merge Join;6;Outer;;0;131527;131527;150000;6.666666666666667e-06;340522.36;343245.24;43;0.0;0;30763;Sort;7;Outer;;0;131527;131527;0;1.0;322526.4;322855.22;24;0.0;0;2750.304;2871.373;0.0;0.0;30769;Sort;7;Inner;;0;150000;150000;0;1.0;17995.95;18370.95;23;0.0;0;0.048;53.218;0.0;0.0;30771;Index Scan;6;Inner;;112600;5;0;0;8.331646174982899e-07;0.43;0.61;9;6001215.0;0;0.0;0.0;0.0;0.0
Q18_75_seed_607098294;30775;Gather Merge;3;Outer;;0;1631266;526215;0;3.0999990498180403;341523.47;637679.13;44;0.0;3;2934.387;2944.702;30776;Incremental Sort;4;Outer;;0;526215;526215;0;1.0;340523.43;445005.33;44;0.0;0;30777;Nested Loop;5;Outer;;0;526215;131527;5;0.8001627042356322;340522.8;430663.58;44;0.0;0;30778;Merge Join;6;Outer;;0;131527;131527;150000;6.666666666666667e-06;340522.36;343245.24;43;0.0;0;30779;Sort;7;Outer;;0;131527;131527;0;1.0;322526.4;322855.22;24;0.0;0;2743.394;2855.782;0.0;0.0;30785;Sort;7;Inner;;0;150000;150000;0;1.0;17995.95;18370.95;23;0.0;0;0.051;52.635;0.0;0.0;30787;Index Scan;6;Inner;;112600;5;0;0;8.331646174982899e-07;0.43;0.61;9;6001215.0;0;0.0;0.0;0.0;0.0
Q18_76_seed_615302325;30791;Gather Merge;3;Outer;;0;1631266;526215;0;3.0999990498180403;341523.47;637679.13;44;0.0;3;2940.165;2946.44;30792;Incremental Sort;4;Outer;;0;526215;526215;0;1.0;340523.43;445005.33;44;0.0;0;30793;Nested Loop;5;Outer;;0;526215;131527;5;0.8001627042356322;340522.8;430663.58;44;0.0;0;30794;Merge Join;6;Outer;;0;131527;131527;150000;6.666666666666667e-06;340522.36;343245.24;43;0.0;0;30795;Sort;7;Outer;;0;131527;131527;0;1.0;322526.4;322855.22;24;0.0;0;2720.851;2857.629;0.0;0.0;30801;Sort;7;Inner;;0;150000;150000;0;1.0;17995.95;18370.95;23;0.0;0;0.052;54.467;0.0;0.0;30803;Index Scan;6;Inner;;112600;5;0;0;8.331646174982899e-07;0.43;0.61;9;6001215.0;0;0.0;0.0;0.0;0.0
Q18_78_seed_631710387;30823;Gather Merge;3;Outer;;0;1631266;526215;0;3.0999990498180403;341523.47;637679.13;44;0.0;3;2931.266;2936.147;30824;Incremental Sort;4;Outer;;0;526215;526215;0;1.0;340523.43;445005.33;44;0.0;0;30825;Nested Loop;5;Outer;;0;526215;131527;5;0.8001627042356322;340522.8;430663.58;44;0.0;0;30826;Merge Join;6;Outer;;0;131527;131527;150000;6.666666666666667e-06;340522.36;343245.24;43;0.0;0;30827;Sort;7;Outer;;0;131527;131527;0;1.0;322526.4;322855.22;24;0.0;0;2733.369;2845.079;0.0;0.0;30833;Sort;7;Inner;;0;150000;150000;0;1.0;17995.95;18370.95;23;0.0;0;0.049;54.069;0.0;0.0;30835;Index Scan;6;Inner;;112600;5;0;0;8.331646174982899e-07;0.43;0.61;9;6001215.0;0;0.0;0.0;0.0;0.0
Q18_80_seed_648118449;30871;Gather Merge;3;Outer;;0;1631266;526215;0;3.0999990498180403;341523.47;637679.13;44;0.0;3;2957.086;2962.727;30872;Incremental Sort;4;Outer;;0;526215;526215;0;1.0;340523.43;445005.33;44;0.0;0;30873;Nested Loop;5;Outer;;0;526215;131527;5;0.8001627042356322;340522.8;430663.58;44;0.0;0;30874;Merge Join;6;Outer;;0;131527;131527;150000;6.666666666666667e-06;340522.36;343245.24;43;0.0;0;30875;Sort;7;Outer;;0;131527;131527;0;1.0;322526.4;322855.22;24;0.0;0;2757.887;2875.086;0.0;0.0;30881;Sort;7;Inner;;0;150000;150000;0;1.0;17995.95;18370.95;23;0.0;0;0.101;57.475;0.0;0.0;30883;Index Scan;6;Inner;;112600;5;0;0;8.331646174982899e-07;0.43;0.61;9;6001215.0;0;0.0;0.0;0.0;0.0
Q18_82_seed_664526511;30903;Gather Merge;3;Outer;;0;1631266;526215;0;3.0999990498180403;341523.47;637679.13;44;0.0;3;2948.504;2954.547;30904;Incremental Sort;4;Outer;;0;526215;526215;0;1.0;340523.43;445005.33;44;0.0;0;30905;Nested Loop;5;Outer;;0;526215;131527;5;0.8001627042356322;340522.8;430663.58;44;0.0;0;30906;Merge Join;6;Outer;;0;131527;131527;150000;6.666666666666667e-06;340522.36;343245.24;43;0.0;0;30907;Sort;7;Outer;;0;131527;131527;0;1.0;322526.4;322855.22;24;0.0;0;2757.599;2870.161;0.0;0.0;30913;Sort;7;Inner;;0;150000;150000;0;1.0;17995.95;18370.95;23;0.0;0;0.06;53.011;0.0;0.0;30915;Index Scan;6;Inner;;112600;5;0;0;8.331646174982899e-07;0.43;0.61;9;6001215.0;0;0.0;0.0;0.0;0.0
Q18_85_seed_689138604;30951;Gather Merge;3;Outer;;0;1631266;526215;0;3.0999990498180403;341523.47;637679.13;44;0.0;3;2948.763;2957.769;30952;Incremental Sort;4;Outer;;0;526215;526215;0;1.0;340523.43;445005.33;44;0.0;0;30953;Nested Loop;5;Outer;;0;526215;131527;5;0.8001627042356322;340522.8;430663.58;44;0.0;0;30954;Merge Join;6;Outer;;0;131527;131527;150000;6.666666666666667e-06;340522.36;343245.24;43;0.0;0;30955;Sort;7;Outer;;0;131527;131527;0;1.0;322526.4;322855.22;24;0.0;0;2761.011;2870.825;0.0;0.0;30961;Sort;7;Inner;;0;150000;150000;0;1.0;17995.95;18370.95;23;0.0;0;0.027;51.514;0.0;0.0;30963;Index Scan;6;Inner;;112600;5;0;0;8.331646174982899e-07;0.43;0.61;9;6001215.0;0;0.0;0.0;0.0;0.0
Q18_86_seed_697342635;30967;Gather Merge;3;Outer;;0;1631266;526215;0;3.0999990498180403;341523.47;637679.13;44;0.0;3;2921.283;2927.603;30968;Incremental Sort;4;Outer;;0;526215;526215;0;1.0;340523.43;445005.33;44;0.0;0;30969;Nested Loop;5;Outer;;0;526215;131527;5;0.8001627042356322;340522.8;430663.58;44;0.0;0;30970;Merge Join;6;Outer;;0;131527;131527;150000;6.666666666666667e-06;340522.36;343245.24;43;0.0;0;30971;Sort;7;Outer;;0;131527;131527;0;1.0;322526.4;322855.22;24;0.0;0;2723.658;2841.213;0.0;0.0;30977;Sort;7;Inner;;0;150000;150000;0;1.0;17995.95;18370.95;23;0.0;0;0.048;54.11;0.0;0.0;30979;Index Scan;6;Inner;;112600;5;0;0;8.331646174982899e-07;0.43;0.61;9;6001215.0;0;0.0;0.0;0.0;0.0
Q18_87_seed_705546666;30983;Gather Merge;3;Outer;;0;1631266;526215;0;3.0999990498180403;341523.47;637679.13;44;0.0;3;2933.886;2943.313;30984;Incremental Sort;4;Outer;;0;526215;526215;0;1.0;340523.43;445005.33;44;0.0;0;30985;Nested Loop;5;Outer;;0;526215;131527;5;0.8001627042356322;340522.8;430663.58;44;0.0;0;30986;Merge Join;6;Outer;;0;131527;131527;150000;6.666666666666667e-06;340522.36;343245.24;43;0.0;0;30987;Sort;7;Outer;;0;131527;131527;0;1.0;322526.4;322855.22;24;0.0;0;2722.713;2848.263;0.0;0.0;30993;Sort;7;Inner;;0;150000;150000;0;1.0;17995.95;18370.95;23;0.0;0;0.051;57.635;0.0;0.0;30995;Index Scan;6;Inner;;112600;5;0;0;8.331646174982899e-07;0.43;0.61;9;6001215.0;0;0.0;0.0;0.0;0.0
Q18_88_seed_713750697;30999;Gather Merge;3;Outer;;0;1631266;526215;0;3.0999990498180403;341523.47;637679.13;44;0.0;3;2905.487;2911.832;31000;Incremental Sort;4;Outer;;0;526215;526215;0;1.0;340523.43;445005.33;44;0.0;0;31001;Nested Loop;5;Outer;;0;526215;131527;5;0.8001627042356322;340522.8;430663.58;44;0.0;0;31002;Merge Join;6;Outer;;0;131527;131527;150000;6.666666666666667e-06;340522.36;343245.24;43;0.0;0;31003;Sort;7;Outer;;0;131527;131527;0;1.0;322526.4;322855.22;24;0.0;0;2711.132;2826.098;0.0;0.0;31009;Sort;7;Inner;;0;150000;150000;0;1.0;17995.95;18370.95;23;0.0;0;0.052;53.135;0.0;0.0;31011;Index Scan;6;Inner;;112600;5;0;0;8.331646174982899e-07;0.43;0.61;9;6001215.0;0;0.0;0.0;0.0;0.0
Q18_89_seed_721954728;31015;Gather Merge;3;Outer;;0;1631266;526215;0;3.0999990498180403;341523.47;637679.13;44;0.0;3;2959.175;2965.038;31016;Incremental Sort;4;Outer;;0;526215;526215;0;1.0;340523.43;445005.33;44;0.0;0;31017;Nested Loop;5;Outer;;0;526215;131527;5;0.8001627042356322;340522.8;430663.58;44;0.0;0;31018;Merge Join;6;Outer;;0;131527;131527;150000;6.666666666666667e-06;340522.36;343245.24;43;0.0;0;31019;Sort;7;Outer;;0;131527;131527;0;1.0;322526.4;322855.22;24;0.0;0;2763.409;2873.588;0.0;0.0;31025;Sort;7;Inner;;0;150000;150000;0;1.0;17995.95;18370.95;23;0.0;0;0.045;61.061;0.0;0.0;31027;Index Scan;6;Inner;;112600;5;0;0;8.331646174982899e-07;0.43;0.61;9;6001215.0;0;0.0;0.0;0.0;0.0
Q18_90_seed_730158759;31047;Gather Merge;3;Outer;;0;1631266;526215;0;3.0999990498180403;341523.47;637679.13;44;0.0;3;2921.222;2926.351;31048;Incremental Sort;4;Outer;;0;526215;526215;0;1.0;340523.43;445005.33;44;0.0;0;31049;Nested Loop;5;Outer;;0;526215;131527;5;0.8001627042356322;340522.8;430663.58;44;0.0;0;31050;Merge Join;6;Outer;;0;131527;131527;150000;6.666666666666667e-06;340522.36;343245.24;43;0.0;0;31051;Sort;7;Outer;;0;131527;131527;0;1.0;322526.4;322855.22;24;0.0;0;2695.365;2839.363;0.0;0.0;31057;Sort;7;Inner;;0;150000;150000;0;1.0;17995.95;18370.95;23;0.0;0;0.049;53.214;0.0;0.0;31059;Index Scan;6;Inner;;112600;5;0;0;8.331646174982899e-07;0.43;0.61;9;6001215.0;0;0.0;0.0;0.0;0.0
Q18_91_seed_738362790;31063;Gather Merge;3;Outer;;0;1631266;526215;0;3.0999990498180403;341523.47;637679.13;44;0.0;3;2941.884;2948.372;31064;Incremental Sort;4;Outer;;0;526215;526215;0;1.0;340523.43;445005.33;44;0.0;0;31065;Nested Loop;5;Outer;;0;526215;131527;5;0.8001627042356322;340522.8;430663.58;44;0.0;0;31066;Merge Join;6;Outer;;0;131527;131527;150000;6.666666666666667e-06;340522.36;343245.24;43;0.0;0;31067;Sort;7;Outer;;0;131527;131527;0;1.0;322526.4;322855.22;24;0.0;0;2725.604;2856.105;0.0;0.0;31073;Sort;7;Inner;;0;150000;150000;0;1.0;17995.95;18370.95;23;0.0;0;0.054;55.122;0.0;0.0;31075;Index Scan;6;Inner;;112600;5;0;0;8.331646174982899e-07;0.43;0.61;9;6001215.0;0;0.0;0.0;0.0;0.0
Q18_92_seed_746566821;31079;Gather Merge;3;Outer;;0;1631266;526215;0;3.0999990498180403;341523.47;637679.13;44;0.0;3;2930.596;2937.749;31080;Incremental Sort;4;Outer;;0;526215;526215;0;1.0;340523.43;445005.33;44;0.0;0;31081;Nested Loop;5;Outer;;0;526215;131527;5;0.8001627042356322;340522.8;430663.58;44;0.0;0;31082;Merge Join;6;Outer;;0;131527;131527;150000;6.666666666666667e-06;340522.36;343245.24;43;0.0;0;31083;Sort;7;Outer;;0;131527;131527;0;1.0;322526.4;322855.22;24;0.0;0;2706.495;2849.345;0.0;0.0;31089;Sort;7;Inner;;0;150000;150000;0;1.0;17995.95;18370.95;23;0.0;0;0.07;53.33;0.0;0.0;31091;Index Scan;6;Inner;;112600;5;0;0;8.331646174982899e-07;0.43;0.61;9;6001215.0;0;0.0;0.0;0.0;0.0
Q18_94_seed_762974883;31111;Gather Merge;3;Outer;;0;1631266;526215;0;3.0999990498180403;341523.47;637679.13;44;0.0;3;2969.725;2978.893;31112;Incremental Sort;4;Outer;;0;526215;526215;0;1.0;340523.43;445005.33;44;0.0;0;31113;Nested Loop;5;Outer;;0;526215;131527;5;0.8001627042356322;340522.8;430663.58;44;0.0;0;31114;Merge Join;6;Outer;;0;131527;131527;150000;6.666666666666667e-06;340522.36;343245.24;43;0.0;0;31115;Sort;7;Outer;;0;131527;131527;0;1.0;322526.4;322855.22;24;0.0;0;2751.134;2890.955;0.0;0.0;31121;Sort;7;Inner;;0;150000;150000;0;1.0;17995.95;18370.95;23;0.0;0;0.052;53.131;0.0;0.0;31123;Index Scan;6;Inner;;112600;5;0;0;8.331646174982899e-07;0.43;0.61;9;6001215.0;0;0.0;0.0;0.0;0.0
Q18_9_seed_65632248;31207;Gather Merge;3;Outer;;0;1631266;526215;0;3.0999990498180403;341523.47;637679.13;44;0.0;3;2927.346;2934.017;31208;Incremental Sort;4;Outer;;0;526215;526215;0;1.0;340523.43;445005.33;44;0.0;0;31209;Nested Loop;5;Outer;;0;526215;131527;5;0.8001627042356322;340522.8;430663.58;44;0.0;0;31210;Merge Join;6;Outer;;0;131527;131527;150000;6.666666666666667e-06;340522.36;343245.24;43;0.0;0;31211;Sort;7;Outer;;0;131527;131527;0;1.0;322526.4;322855.22;24;0.0;0;2721.13;2843.974;0.0;0.0;31217;Sort;7;Inner;;0;150000;150000;0;1.0;17995.95;18370.95;23;0.0;0;0.05;54.506;0.0;0.0;31219;Index Scan;6;Inner;;112600;5;0;0;8.331646174982899e-07;0.43;0.61;9;6001215.0;0;0.0;0.0;0.0;0.0
