query_file;Aggregate_node_id;Aggregate_node_type;Aggregate_depth;Aggregate_parent_relationship;Aggregate_subplan_name;Aggregate_np;Aggregate_nt;Aggregate_nt1;Aggregate_nt2;Aggregate_sel;Aggregate_startup_cost;Aggregate_total_cost;Aggregate_plan_width;Aggregate_reltuples;Aggregate_parallel_workers;actual_startup_time;actual_total_time;Aggregate_st1;Aggregate_rt1;Aggregate_st2;Aggregate_rt2;Aggregate_template;GatherMerge_Outer_node_id;GatherMerge_Outer_node_type;GatherMerge_Outer_depth;GatherMerge_Outer_parent_relationship;GatherMerge_Outer_subplan_name;GatherMerge_Outer_np;GatherMerge_Outer_nt;GatherMerge_Outer_nt1;GatherMerge_Outer_nt2;GatherMerge_Outer_sel;GatherMerge_Outer_startup_cost;GatherMerge_Outer_total_cost;GatherMerge_Outer_plan_width;GatherMerge_Outer_reltuples;GatherMerge_Outer_parallel_workers;GatherMerge_Outer_st1;GatherMerge_Outer_rt1;GatherMerge_Outer_st2;GatherMerge_Outer_rt2;GatherMerge_Outer_template;Sort_Outer_node_id;Sort_Outer_node_type;Sort_Outer_depth;Sort_Outer_parent_relationship;Sort_Outer_subplan_name;Sort_Outer_np;Sort_Outer_nt;Sort_Outer_nt1;Sort_Outer_nt2;Sort_Outer_sel;Sort_Outer_startup_cost;Sort_Outer_total_cost;Sort_Outer_plan_width;Sort_Outer_reltuples;Sort_Outer_parallel_workers;Sort_Outer_st1;Sort_Outer_rt1;Sort_Outer_st2;Sort_Outer_rt2;Sort_Outer_template;Aggregate_Outer_node_id;Aggregate_Outer_node_type;Aggregate_Outer_depth;Aggregate_Outer_parent_relationship;Aggregate_Outer_subplan_name;Aggregate_Outer_np;Aggregate_Outer_nt;Aggregate_Outer_nt1;Aggregate_Outer_nt2;Aggregate_Outer_sel;Aggregate_Outer_startup_cost;Aggregate_Outer_total_cost;Aggregate_Outer_plan_width;Aggregate_Outer_reltuples;Aggregate_Outer_parallel_workers;Aggregate_Outer_st1;Aggregate_Outer_rt1;Aggregate_Outer_st2;Aggregate_Outer_rt2;Aggregate_Outer_template;SeqScan_Outer_node_id;SeqScan_Outer_node_type;SeqScan_Outer_depth;SeqScan_Outer_parent_relationship;SeqScan_Outer_subplan_name;SeqScan_Outer_np;SeqScan_Outer_nt;SeqScan_Outer_nt1;SeqScan_Outer_nt2;SeqScan_Outer_sel;SeqScan_Outer_startup_cost;SeqScan_Outer_total_cost;SeqScan_Outer_plan_width;SeqScan_Outer_reltuples;SeqScan_Outer_parallel_workers;SeqScan_Outer_template
Q1_100_seed_812199069;1;Aggregate;0;;;0;6;30;0;0.2;170311.11;170315.88;236;0.0;0;927.284;935.757;927.245;935.683;0.0;0.0;Q1;2;Gather Merge;1;Outer;;0;30;6;0;5.0;170311.11;170314.74;236;0.0;5;913.597;913.597;0.0;0.0;Q1;3;Sort;2;Outer;;0;6;6;0;1.0;169311.04;169311.05;236;0.0;0;913.559;913.564;0.0;0.0;Q1;4;Aggregate;3;Outer;;0;6;1191651;0;5.035031229781203e-06;169310.82;169310.96;236;0.0;0;8.824;513.974;0.0;0.0;Q1;5;Seq Scan;4;Outer;;112600;1191651;0;0;0.1985682899212909;0.0;127603.04;25;6001215.0;0;Q1
Q1_101_seed_820403100;6;Aggregate;0;;;0;6;30;0;0.2;170256.69;170261.46;236;0.0;0;934.246;941.666;934.198;941.603;0.0;0.0;Q1;7;Gather Merge;1;Outer;;0;30;6;0;5.0;170256.69;170260.32;236;0.0;5;922.645;922.645;0.0;0.0;Q1;8;Sort;2;Outer;;0;6;6;0;1.0;169256.61;169256.63;236;0.0;0;922.605;922.609;0.0;0.0;Q1;9;Aggregate;3;Outer;;0;6;1190096;0;5.041610088597895e-06;169256.4;169256.53;236;0.0;0;8.424;512.368;0.0;0.0;Q1;10;Seq Scan;4;Outer;;112600;1190096;0;0;0.1983091757252489;0.0;127603.04;25;6001215.0;0;Q1
Q1_102_seed_828607131;11;Aggregate;0;;;0;6;30;0;0.2;170187.95;170192.72;236;0.0;0;940.005;944.863;939.981;944.822;0.0;0.0;Q1;12;Gather Merge;1;Outer;;0;30;6;0;5.0;170187.95;170191.58;236;0.0;5;925.983;925.984;0.0;0.0;Q1;13;Sort;2;Outer;;0;6;6;0;1.0;169187.87;169187.89;236;0.0;0;925.95;925.954;0.0;0.0;Q1;14;Aggregate;3;Outer;;0;6;1188132;0;5.0499439456222035e-06;169187.66;169187.79;236;0.0;0;8.679;517.353;0.0;0.0;Q1;15;Seq Scan;4;Outer;;112600;1188132;0;0;0.1979819086634956;0.0;127603.04;25;6001215.0;0;Q1
Q1_103_seed_836811162;16;Aggregate;0;;;0;6;30;0;0.2;170130.69;170135.46;236;0.0;0;992.151;998.241;992.106;998.174;0.0;0.0;Q1;17;Gather Merge;1;Outer;;0;30;6;0;5.0;170130.69;170134.32;236;0.0;5;979.028;979.03;0.0;0.0;Q1;18;Sort;2;Outer;;0;6;6;0;1.0;169130.61;169130.63;236;0.0;0;978.993;978.999;0.0;0.0;Q1;19;Aggregate;3;Outer;;0;6;1186496;0;5.056907060790766e-06;169130.4;169130.53;236;0.0;0;8.409;573.005;0.0;0.0;Q1;20;Seq Scan;4;Outer;;112600;1186496;0;0;0.1977092972006502;0.0;127603.04;25;6001215.0;0;Q1
Q1_104_seed_845015193;21;Aggregate;0;;;0;6;30;0;0.2;170050.47;170055.24;236;0.0;0;939.597;943.505;939.559;943.446;0.0;0.0;Q1;22;Gather Merge;1;Outer;;0;30;6;0;5.0;170050.47;170054.1;236;0.0;5;924.764;924.765;0.0;0.0;Q1;23;Sort;2;Outer;;0;6;6;0;1.0;169050.39;169050.41;236;0.0;0;924.723;924.727;0.0;0.0;Q1;24;Aggregate;3;Outer;;0;6;1184204;0;5.066694589783517e-06;169050.18;169050.31;236;0.0;0;8.602;506.484;0.0;0.0;Q1;25;Seq Scan;4;Outer;;112600;1184204;0;0;0.197327374539989;0.0;127603.04;25;6001215.0;0;Q1
Q1_105_seed_853219224;26;Aggregate;0;;;0;6;30;0;0.2;169970.28;169975.05;236;0.0;0;938.391;947.761;938.364;947.703;0.0;0.0;Q1;27;Gather Merge;1;Outer;;0;30;6;0;5.0;169970.28;169973.91;236;0.0;5;924.529;924.529;0.0;0.0;Q1;28;Sort;2;Outer;;0;6;6;0;1.0;168970.21;168970.22;236;0.0;0;924.489;924.493;0.0;0.0;Q1;29;Aggregate;3;Outer;;0;6;1181913;0;5.076515784156702e-06;168969.99;168970.13;236;0.0;0;8.672;519.226;0.0;0.0;Q1;30;Seq Scan;4;Outer;;112600;1181913;0;0;0.1969456185122512;0.0;127603.04;25;6001215.0;0;Q1
Q1_106_seed_861423255;31;Aggregate;0;;;0;6;30;0;0.2;169903.47;169908.24;236;0.0;0;932.101;937.73;932.06;937.673;0.0;0.0;Q1;32;Gather Merge;1;Outer;;0;30;6;0;5.0;169903.47;169907.1;236;0.0;5;917.179;917.18;0.0;0.0;Q1;33;Sort;2;Outer;;0;6;6;0;1.0;168903.39;168903.41;236;0.0;0;917.143;917.147;0.0;0.0;Q1;34;Aggregate;3;Outer;;0;6;1180004;0;5.0847285263439785e-06;168903.18;168903.31;236;0.0;0;8.483;511.109;0.0;0.0;Q1;35;Seq Scan;4;Outer;;112600;1180004;0;0;0.1966275162612904;0.0;127603.04;25;6001215.0;0;Q1
Q1_107_seed_869627286;36;Aggregate;0;;;0;6;30;0;0.2;169809.91;169814.68;236;0.0;0;943.78;949.561;943.739;949.504;0.0;0.0;Q1;37;Gather Merge;1;Outer;;0;30;6;0;5.0;169809.91;169813.54;236;0.0;5;929.774;929.775;0.0;0.0;Q1;38;Sort;2;Outer;;0;6;6;0;1.0;168809.84;168809.85;236;0.0;0;929.733;929.737;0.0;0.0;Q1;39;Aggregate;3;Outer;;0;6;1177331;0;5.096272840857839e-06;168809.62;168809.76;236;0.0;0;8.541;522.195;0.0;0.0;Q1;40;Seq Scan;4;Outer;;112600;1177331;0;0;0.1961821064567758;0.0;127603.04;25;6001215.0;0;Q1
Q1_108_seed_877831317;41;Aggregate;0;;;0;6;30;0;0.2;169729.69;169734.46;236;0.0;0;975.467;981.549;975.395;981.472;0.0;0.0;Q1;42;Gather Merge;1;Outer;;0;30;6;0;5.0;169729.69;169733.32;236;0.0;5;962.539;962.539;0.0;0.0;Q1;43;Sort;2;Outer;;0;6;6;0;1.0;168729.62;168729.63;236;0.0;0;962.501;962.505;0.0;0.0;Q1;44;Aggregate;3;Outer;;0;6;1175039;0;5.106213495892477e-06;168729.4;168729.54;236;0.0;0;8.437;585.287;0.0;0.0;Q1;45;Seq Scan;4;Outer;;112600;1175039;0;0;0.1958001837961146;0.0;127603.04;25;6001215.0;0;Q1
Q1_10_seed_73836279;51;Aggregate;0;;;0;6;30;0;0.2;169697.63;169702.4;236;0.0;0;936.346;942.414;936.325;942.363;0.0;0.0;Q1;52;Gather Merge;1;Outer;;0;30;6;0;5.0;169697.63;169701.26;236;0.0;5;923.003;923.006;0.0;0.0;Q1;53;Sort;2;Outer;;0;6;6;0;1.0;168697.56;168697.57;236;0.0;0;922.971;922.977;0.0;0.0;Q1;54;Aggregate;3;Outer;;0;6;1174123;0;5.110197142888777e-06;168697.34;168697.48;236;0.0;0;8.41;511.115;0.0;0.0;Q1;55;Seq Scan;4;Outer;;112600;1174123;0;0;0.1956475480381889;0.0;127603.04;25;6001215.0;0;Q1
Q1_110_seed_894239379;56;Aggregate;0;;;0;6;30;0;0.2;169537.23;169542.0;236;0.0;0;904.36;909.793;904.338;909.755;0.0;0.0;Q1;57;Gather Merge;1;Outer;;0;30;6;0;5.0;169537.23;169540.86;236;0.0;5;890.106;890.107;0.0;0.0;Q1;58;Sort;2;Outer;;0;6;6;0;1.0;168537.15;168537.17;236;0.0;0;890.072;890.077;0.0;0.0;Q1;59;Aggregate;3;Outer;;0;6;1169540;0;5.130222138618602e-06;168536.94;168537.07;236;0.0;0;9.956;516.485;0.0;0.0;Q1;60;Seq Scan;4;Outer;;112600;1169540;0;0;0.19488386934979;0.0;127603.04;25;6001215.0;0;Q1
Q1_112_seed_910647441;66;Aggregate;0;;;0;6;30;0;0.2;170245.24;170250.01;236;0.0;0;933.21;938.681;933.184;938.637;0.0;0.0;Q1;67;Gather Merge;1;Outer;;0;30;6;0;5.0;170245.24;170248.87;236;0.0;5;919.692;919.692;0.0;0.0;Q1;68;Sort;2;Outer;;0;6;6;0;1.0;169245.17;169245.18;236;0.0;0;919.66;919.664;0.0;0.0;Q1;69;Aggregate;3;Outer;;0;6;1189769;0;5.042995741190097e-06;169244.95;169245.09;236;0.0;0;8.507;520.354;0.0;0.0;Q1;70;Seq Scan;4;Outer;;112600;1189769;0;0;0.1982546867592645;0.0;127603.04;25;6001215.0;0;Q1
Q1_113_seed_918851472;71;Aggregate;0;;;0;6;30;0;0.2;170187.95;170192.72;236;0.0;0;942.539;949.112;942.51;949.066;0.0;0.0;Q1;72;Gather Merge;1;Outer;;0;30;6;0;5.0;170187.95;170191.58;236;0.0;5;928.037;928.038;0.0;0.0;Q1;73;Sort;2;Outer;;0;6;6;0;1.0;169187.87;169187.89;236;0.0;0;927.999;928.004;0.0;0.0;Q1;74;Aggregate;3;Outer;;0;6;1188132;0;5.0499439456222035e-06;169187.66;169187.79;236;0.0;0;8.398;512.84;0.0;0.0;Q1;75;Seq Scan;4;Outer;;112600;1188132;0;0;0.1979819086634956;0.0;127603.04;25;6001215.0;0;Q1
Q1_114_seed_927055503;76;Aggregate;0;;;0;6;30;0;0.2;170117.32;170122.09;236;0.0;0;948.323;955.815;948.277;955.757;0.0;0.0;Q1;77;Gather Merge;1;Outer;;0;30;6;0;5.0;170117.32;170120.95;236;0.0;5;933.523;933.524;0.0;0.0;Q1;78;Sort;2;Outer;;0;6;6;0;1.0;169117.24;169117.26;236;0.0;0;933.477;933.482;0.0;0.0;Q1;79;Aggregate;3;Outer;;0;6;1186114;0;5.058535688812374e-06;169117.03;169117.16;236;0.0;0;8.67;502.821;0.0;0.0;Q1;80;Seq Scan;4;Outer;;112600;1186114;0;0;0.1976456434238733;0.0;127603.04;25;6001215.0;0;Q1
Q1_115_seed_935259534;81;Aggregate;0;;;0;6;30;0;0.2;170050.47;170055.24;236;0.0;0;943.885;950.137;943.849;950.082;0.0;0.0;Q1;82;Gather Merge;1;Outer;;0;30;6;0;5.0;170050.47;170054.1;236;0.0;5;929.953;929.954;0.0;0.0;Q1;83;Sort;2;Outer;;0;6;6;0;1.0;169050.39;169050.41;236;0.0;0;929.916;929.92;0.0;0.0;Q1;84;Aggregate;3;Outer;;0;6;1184204;0;5.066694589783517e-06;169050.18;169050.31;236;0.0;0;8.585;512.249;0.0;0.0;Q1;85;Seq Scan;4;Outer;;112600;1184204;0;0;0.197327374539989;0.0;127603.04;25;6001215.0;0;Q1
Q1_116_seed_943463565;86;Aggregate;0;;;0;6;30;0;0.2;169970.28;169975.05;236;0.0;0;993.897;999.998;993.868;999.937;0.0;0.0;Q1;87;Gather Merge;1;Outer;;0;30;6;0;5.0;169970.28;169973.91;236;0.0;5;981.962;981.962;0.0;0.0;Q1;88;Sort;2;Outer;;0;6;6;0;1.0;168970.21;168970.22;236;0.0;0;981.929;981.933;0.0;0.0;Q1;89;Aggregate;3;Outer;;0;6;1181913;0;5.076515784156702e-06;168969.99;168970.13;236;0.0;0;8.039;567.456;0.0;0.0;Q1;90;Seq Scan;4;Outer;;112600;1181913;0;0;0.1969456185122512;0.0;127603.04;25;6001215.0;0;Q1
Q1_119_seed_968075658;101;Aggregate;0;;;0;6;30;0;0.2;169713.66;169718.43;236;0.0;0;932.327;938.276;932.285;938.213;0.0;0.0;Q1;102;Gather Merge;1;Outer;;0;30;6;0;5.0;169713.66;169717.29;236;0.0;5;918.135;918.136;0.0;0.0;Q1;103;Sort;2;Outer;;0;6;6;0;1.0;168713.59;168713.6;236;0.0;0;918.097;918.102;0.0;0.0;Q1;104;Aggregate;3;Outer;;0;6;1174581;0;5.1082045427263e-06;168713.37;168713.51;236;0.0;0;8.747;505.602;0.0;0.0;Q1;105;Seq Scan;4;Outer;;112600;1174581;0;0;0.1957238659171517;0.0;127603.04;25;6001215.0;0;Q1
Q1_11_seed_82040310;106;Aggregate;0;;;0;6;30;0;0.2;169617.45;169622.22;236;0.0;0;982.276;989.132;982.248;989.088;0.0;0.0;Q1;107;Gather Merge;1;Outer;;0;30;6;0;5.0;169617.45;169621.08;236;0.0;5;966.871;966.871;0.0;0.0;Q1;108;Sort;2;Outer;;0;6;6;0;1.0;168617.37;168617.39;236;0.0;0;966.837;966.841;0.0;0.0;Q1;109;Aggregate;3;Outer;;0;6;1171832;0;5.120187876760491e-06;168617.16;168617.29;236;0.0;0;8.752;591.595;0.0;0.0;Q1;110;Seq Scan;4;Outer;;112600;1171832;0;0;0.1952657920104512;0.0;127603.04;25;6001215.0;0;Q1
Q1_120_seed_976279689;111;Aggregate;0;;;0;6;30;0;0.2;169633.48;169638.25;236;0.0;0;1142.062;1147.719;1142.004;1147.649;0.0;0.0;Q1;112;Gather Merge;1;Outer;;0;30;6;0;5.0;169633.48;169637.11;236;0.0;5;1126.994;1126.995;0.0;0.0;Q1;113;Sort;2;Outer;;0;6;6;0;1.0;168633.4;168633.42;236;0.0;0;1126.961;1126.965;0.0;0.0;Q1;114;Aggregate;3;Outer;;0;6;1172290;0;5.118187479207363e-06;168633.19;168633.32;236;0.0;0;8.589;729.993;0.0;0.0;Q1;115;Seq Scan;4;Outer;;112600;1172290;0;0;0.195342109889414;0.0;127603.04;25;6001215.0;0;Q1
Q1_121_seed_984483720;116;Aggregate;0;;;0;6;30;0;0.2;169537.23;169542.0;236;0.0;0;1044.876;1050.733;1044.802;1050.654;0.0;0.0;Q1;117;Gather Merge;1;Outer;;0;30;6;0;5.0;169537.23;169540.86;236;0.0;5;1030.592;1030.595;0.0;0.0;Q1;118;Sort;2;Outer;;0;6;6;0;1.0;168537.15;168537.17;236;0.0;0;1029.889;1029.893;0.0;0.0;Q1;119;Aggregate;3;Outer;;0;6;1169540;0;5.130222138618602e-06;168536.94;168537.07;236;0.0;0;9.289;641.923;0.0;0.0;Q1;120;Seq Scan;4;Outer;;112600;1169540;0;0;0.19488386934979;0.0;127603.04;25;6001215.0;0;Q1
Q1_122_seed_992687751;121;Aggregate;0;;;0;6;30;0;0.2;170301.07;170305.84;236;0.0;0;923.231;929.19;923.177;929.096;0.0;0.0;Q1;122;Gather Merge;1;Outer;;0;30;6;0;5.0;170301.07;170304.7;236;0.0;5;908.5;908.5;0.0;0.0;Q1;123;Sort;2;Outer;;0;6;6;0;1.0;169300.99;169301.01;236;0.0;0;908.456;908.461;0.0;0.0;Q1;124;Aggregate;3;Outer;;0;6;1191364;0;5.036244170547372e-06;169300.78;169300.91;236;0.0;0;8.533;507.992;0.0;0.0;Q1;125;Seq Scan;4;Outer;;112600;1191364;0;0;0.1985204662722465;0.0;127603.04;25;6001215.0;0;Q1
Q1_123_seed_1000891782;126;Aggregate;0;;;0;6;30;0;0.2;170245.24;170250.01;236;0.0;0;966.579;969.415;966.551;969.372;0.0;0.0;Q1;127;Gather Merge;1;Outer;;0;30;6;0;5.0;170245.24;170248.87;236;0.0;5;948.761;948.762;0.0;0.0;Q1;128;Sort;2;Outer;;0;6;6;0;1.0;169245.17;169245.18;236;0.0;0;948.729;948.733;0.0;0.0;Q1;129;Aggregate;3;Outer;;0;6;1189769;0;5.042995741190097e-06;169244.95;169245.09;236;0.0;0;8.23;535.128;0.0;0.0;Q1;130;Seq Scan;4;Outer;;112600;1189769;0;0;0.1982546867592645;0.0;127603.04;25;6001215.0;0;Q1
Q1_125_seed_1017299844;136;Aggregate;0;;;0;6;30;0;0.2;170117.32;170122.09;236;0.0;0;925.588;932.024;925.525;931.942;0.0;0.0;Q1;137;Gather Merge;1;Outer;;0;30;6;0;5.0;170117.32;170120.95;236;0.0;5;911.101;911.102;0.0;0.0;Q1;138;Sort;2;Outer;;0;6;6;0;1.0;169117.24;169117.26;236;0.0;0;911.067;911.071;0.0;0.0;Q1;139;Aggregate;3;Outer;;0;6;1186114;0;5.058535688812374e-06;169117.03;169117.16;236;0.0;0;9.06;533.562;0.0;0.0;Q1;140;Seq Scan;4;Outer;;112600;1186114;0;0;0.1976456434238733;0.0;127603.04;25;6001215.0;0;Q1
Q1_126_seed_1025503875;141;Aggregate;0;;;0;6;30;0;0.2;170037.1;170041.87;236;0.0;0;990.061;996.021;990.017;995.949;0.0;0.0;Q1;142;Gather Merge;1;Outer;;0;30;6;0;5.0;170037.1;170040.73;236;0.0;5;976.22;976.221;0.0;0.0;Q1;143;Sort;2;Outer;;0;6;6;0;1.0;169037.02;169037.04;236;0.0;0;976.184;976.189;0.0;0.0;Q1;144;Aggregate;3;Outer;;0;6;1183822;0;5.068329529270448e-06;169036.81;169036.94;236;0.0;0;8.633;585.052;0.0;0.0;Q1;145;Seq Scan;4;Outer;;112600;1183822;0;0;0.1972637207632121;0.0;127603.04;25;6001215.0;0;Q1
Q1_12_seed_90244341;161;Aggregate;0;;;0;6;30;0;0.2;170351.19;170355.96;236;0.0;0;939.989;946.172;939.94;946.094;0.0;0.0;Q1;162;Gather Merge;1;Outer;;0;30;6;0;5.0;170351.19;170354.82;236;0.0;5;926.595;926.596;0.0;0.0;Q1;163;Sort;2;Outer;;0;6;6;0;1.0;169351.11;169351.13;236;0.0;0;926.557;926.561;0.0;0.0;Q1;164;Aggregate;3;Outer;;0;6;1192796;0;5.030197955056858e-06;169350.9;169351.03;236;0.0;0;8.675;500.461;0.0;0.0;Q1;165;Seq Scan;4;Outer;;112600;1192796;0;0;0.198759084618698;0.0;127603.04;25;6001215.0;0;Q1
Q1_130_seed_1058319999;166;Aggregate;0;;;0;6;30;0;0.2;169713.66;169718.43;236;0.0;0;922.408;928.175;922.376;928.12;0.0;0.0;Q1;167;Gather Merge;1;Outer;;0;30;6;0;5.0;169713.66;169717.29;236;0.0;5;909.566;909.567;0.0;0.0;Q1;168;Sort;2;Outer;;0;6;6;0;1.0;168713.59;168713.6;236;0.0;0;909.528;909.533;0.0;0.0;Q1;169;Aggregate;3;Outer;;0;6;1174581;0;5.1082045427263e-06;168713.37;168713.51;236;0.0;0;8.418;509.571;0.0;0.0;Q1;170;Seq Scan;4;Outer;;112600;1174581;0;0;0.1957238659171517;0.0;127603.04;25;6001215.0;0;Q1
Q1_131_seed_1066524030;171;Aggregate;0;;;0;6;30;0;0.2;169617.45;169622.22;236;0.0;0;911.673;919.125;911.649;919.081;0.0;0.0;Q1;172;Gather Merge;1;Outer;;0;30;6;0;5.0;169617.45;169621.08;236;0.0;5;897.443;897.444;0.0;0.0;Q1;173;Sort;2;Outer;;0;6;6;0;1.0;168617.37;168617.39;236;0.0;0;897.403;897.408;0.0;0.0;Q1;174;Aggregate;3;Outer;;0;6;1171832;0;5.120187876760491e-06;168617.16;168617.29;236;0.0;0;8.2;506.505;0.0;0.0;Q1;175;Seq Scan;4;Outer;;112600;1171832;0;0;0.1952657920104512;0.0;127603.04;25;6001215.0;0;Q1
Q1_132_seed_1074728061;176;Aggregate;0;;;0;6;30;0;0.2;169537.23;169542.0;236;0.0;0;928.317;934.208;928.293;934.152;0.0;0.0;Q1;177;Gather Merge;1;Outer;;0;30;6;0;5.0;169537.23;169540.86;236;0.0;5;914.898;914.899;0.0;0.0;Q1;178;Sort;2;Outer;;0;6;6;0;1.0;168537.15;168537.17;236;0.0;0;914.864;914.868;0.0;0.0;Q1;179;Aggregate;3;Outer;;0;6;1169540;0;5.130222138618602e-06;168536.94;168537.07;236;0.0;0;8.654;514.564;0.0;0.0;Q1;180;Seq Scan;4;Outer;;112600;1169540;0;0;0.19488386934979;0.0;127603.04;25;6001215.0;0;Q1
Q1_134_seed_1091136123;186;Aggregate;0;;;0;6;30;0;0.2;170233.76;170238.53;236;0.0;0;960.46;964.018;960.434;963.97;0.0;0.0;Q1;187;Gather Merge;1;Outer;;0;30;6;0;5.0;170233.76;170237.39;236;0.0;5;944.816;944.817;0.0;0.0;Q1;188;Sort;2;Outer;;0;6;6;0;1.0;169233.69;169233.7;236;0.0;0;944.782;944.786;0.0;0.0;Q1;189;Aggregate;3;Outer;;0;6;1189441;0;5.044386396635058e-06;169233.47;169233.61;236;0.0;0;8.439;531.123;0.0;0.0;Q1;190;Seq Scan;4;Outer;;112600;1189441;0;0;0.1982000311603567;0.0;127603.04;25;6001215.0;0;Q1
Q1_135_seed_1099340154;191;Aggregate;0;;;0;6;30;0;0.2;170176.5;170181.27;236;0.0;0;887.004;892.93;886.965;892.872;0.0;0.0;Q1;192;Gather Merge;1;Outer;;0;30;6;0;5.0;170176.5;170180.13;236;0.0;5;871.906;871.907;0.0;0.0;Q1;193;Sort;2;Outer;;0;6;6;0;1.0;169176.43;169176.44;236;0.0;0;871.872;871.875;0.0;0.0;Q1;194;Aggregate;3;Outer;;0;6;1187805;0;5.051334183641254e-06;169176.21;169176.35;236;0.0;0;8.636;470.291;0.0;0.0;Q1;195;Seq Scan;4;Outer;;112600;1187805;0;0;0.1979274196975112;0.0;127603.04;25;6001215.0;0;Q1
Q1_136_seed_1107544185;196;Aggregate;0;;;0;6;30;0;0.2;170103.95;170108.72;236;0.0;0;1014.417;1019.312;1014.394;1019.272;0.0;0.0;Q1;197;Gather Merge;1;Outer;;0;30;6;0;5.0;170103.95;170107.58;236;0.0;5;998.981;998.982;0.0;0.0;Q1;198;Sort;2;Outer;;0;6;6;0;1.0;169103.87;169103.89;236;0.0;0;998.946;998.951;0.0;0.0;Q1;199;Aggregate;3;Outer;;0;6;1185732;0;5.060165366204167e-06;169103.66;169103.79;236;0.0;0;9.031;592.173;0.0;0.0;Q1;200;Seq Scan;4;Outer;;112600;1185732;0;0;0.1975819896470964;0.0;127603.04;25;6001215.0;0;Q1
Q1_137_seed_1115748216;201;Aggregate;0;;;0;6;30;0;0.2;170037.1;170041.87;236;0.0;0;942.188;947.37;942.157;947.319;0.0;0.0;Q1;202;Gather Merge;1;Outer;;0;30;6;0;5.0;170037.1;170040.73;236;0.0;5;929.876;929.876;0.0;0.0;Q1;203;Sort;2;Outer;;0;6;6;0;1.0;169037.02;169037.04;236;0.0;0;929.841;929.845;0.0;0.0;Q1;204;Aggregate;3;Outer;;0;6;1183822;0;5.068329529270448e-06;169036.81;169036.94;236;0.0;0;8.608;515.857;0.0;0.0;Q1;205;Seq Scan;4;Outer;;112600;1183822;0;0;0.1972637207632121;0.0;127603.04;25;6001215.0;0;Q1
Q1_138_seed_1123952247;206;Aggregate;0;;;0;6;30;0;0.2;169956.91;169961.68;236;0.0;0;942.897;949.774;942.855;949.698;0.0;0.0;Q1;207;Gather Merge;1;Outer;;0;30;6;0;5.0;169956.91;169960.54;236;0.0;5;927.968;927.971;0.0;0.0;Q1;208;Sort;2;Outer;;0;6;6;0;1.0;168956.84;168956.85;236;0.0;0;927.938;927.943;0.0;0.0;Q1;209;Aggregate;3;Outer;;0;6;1181531;0;5.078157069090866e-06;168956.62;168956.76;236;0.0;0;8.453;522.276;0.0;0.0;Q1;210;Seq Scan;4;Outer;;112600;1181531;0;0;0.1968819647354744;0.0;127603.04;25;6001215.0;0;Q1
Q1_139_seed_1132156278;211;Aggregate;0;;;0;6;30;0;0.2;169874.07;169878.84;236;0.0;0;1020.207;1024.359;1020.181;1024.315;0.0;0.0;Q1;212;Gather Merge;1;Outer;;0;30;6;0;5.0;169874.07;169877.7;236;0.0;5;1004.178;1004.179;0.0;0.0;Q1;213;Sort;2;Outer;;0;6;6;0;1.0;168873.99;168874.01;236;0.0;0;1004.146;1004.15;0.0;0.0;Q1;214;Aggregate;3;Outer;;0;6;1179164;0;5.088350729839106e-06;168873.78;168873.91;236;0.0;0;8.525;556.329;0.0;0.0;Q1;215;Seq Scan;4;Outer;;112600;1179164;0;0;0.1964875446055507;0.0;127603.04;25;6001215.0;0;Q1
Q1_13_seed_98448372;216;Aggregate;0;;;0;6;30;0;0.2;170291.06;170295.83;236;0.0;0;929.268;934.409;929.234;934.363;0.0;0.0;Q1;217;Gather Merge;1;Outer;;0;30;6;0;5.0;170291.06;170294.69;236;0.0;5;915.26;915.261;0.0;0.0;Q1;218;Sort;2;Outer;;0;6;6;0;1.0;169290.98;169291.0;236;0.0;0;915.223;915.228;0.0;0.0;Q1;219;Aggregate;3;Outer;;0;6;1191078;0;5.037453466523603e-06;169290.77;169290.9;236;0.0;0;8.156;504.77;0.0;0.0;Q1;220;Seq Scan;4;Outer;;112600;1191078;0;0;0.1984728092561256;0.0;127603.04;25;6001215.0;0;Q1
Q1_140_seed_1140360309;221;Aggregate;0;;;0;6;30;0;0.2;169793.85;169798.62;236;0.0;0;894.843;901.012;894.804;900.951;0.0;0.0;Q1;222;Gather Merge;1;Outer;;0;30;6;0;5.0;169793.85;169797.48;236;0.0;5;882.924;882.925;0.0;0.0;Q1;223;Sort;2;Outer;;0;6;6;0;1.0;168793.77;168793.79;236;0.0;0;882.893;882.896;0.0;0.0;Q1;224;Aggregate;3;Outer;;0;6;1176872;0;5.098260473526433e-06;168793.56;168793.69;236;0.0;0;8.654;476.916;0.0;0.0;Q1;225;Seq Scan;4;Outer;;112600;1176872;0;0;0.1961056219448894;0.0;127603.04;25;6001215.0;0;Q1
Q1_142_seed_1156768371;231;Aggregate;0;;;0;6;30;0;0.2;169617.45;169622.22;236;0.0;0;993.616;999.327;993.565;999.248;0.0;0.0;Q1;232;Gather Merge;1;Outer;;0;30;6;0;5.0;169617.45;169621.08;236;0.0;5;979.946;979.948;0.0;0.0;Q1;233;Sort;2;Outer;;0;6;6;0;1.0;168617.37;168617.39;236;0.0;0;979.908;979.914;0.0;0.0;Q1;234;Aggregate;3;Outer;;0;6;1171832;0;5.120187876760491e-06;168617.16;168617.29;236;0.0;0;8.103;571.166;0.0;0.0;Q1;235;Seq Scan;4;Outer;;112600;1171832;0;0;0.1952657920104512;0.0;127603.04;25;6001215.0;0;Q1
Q1_143_seed_1164972402;236;Aggregate;0;;;0;6;30;0;0.2;170351.19;170355.96;236;0.0;0;932.645;938.549;932.609;938.486;0.0;0.0;Q1;237;Gather Merge;1;Outer;;0;30;6;0;5.0;170351.19;170354.82;236;0.0;5;920.509;920.511;0.0;0.0;Q1;238;Sort;2;Outer;;0;6;6;0;1.0;169351.11;169351.13;236;0.0;0;920.481;920.485;0.0;0.0;Q1;239;Aggregate;3;Outer;;0;6;1192796;0;5.030197955056858e-06;169350.9;169351.03;236;0.0;0;8.446;500.355;0.0;0.0;Q1;240;Seq Scan;4;Outer;;112600;1192796;0;0;0.198759084618698;0.0;127603.04;25;6001215.0;0;Q1
Q1_144_seed_1173176433;241;Aggregate;0;;;0;6;30;0;0.2;170291.06;170295.83;236;0.0;0;923.485;929.656;923.431;929.586;0.0;0.0;Q1;242;Gather Merge;1;Outer;;0;30;6;0;5.0;170291.06;170294.69;236;0.0;5;910.587;910.587;0.0;0.0;Q1;243;Sort;2;Outer;;0;6;6;0;1.0;169290.98;169291.0;236;0.0;0;910.552;910.556;0.0;0.0;Q1;244;Aggregate;3;Outer;;0;6;1191078;0;5.037453466523603e-06;169290.77;169290.9;236;0.0;0;8.406;491.706;0.0;0.0;Q1;245;Seq Scan;4;Outer;;112600;1191078;0;0;0.1984728092561256;0.0;127603.04;25;6001215.0;0;Q1
Q1_145_seed_1181380464;246;Aggregate;0;;;0;6;30;0;0.2;170233.76;170238.53;236;0.0;0;945.247;951.093;945.196;951.014;0.0;0.0;Q1;247;Gather Merge;1;Outer;;0;30;6;0;5.0;170233.76;170237.39;236;0.0;5;932.167;932.168;0.0;0.0;Q1;248;Sort;2;Outer;;0;6;6;0;1.0;169233.69;169233.7;236;0.0;0;932.133;932.137;0.0;0.0;Q1;249;Aggregate;3;Outer;;0;6;1189441;0;5.044386396635058e-06;169233.47;169233.61;236;0.0;0;8.185;504.787;0.0;0.0;Q1;250;Seq Scan;4;Outer;;112600;1189441;0;0;0.1982000311603567;0.0;127603.04;25;6001215.0;0;Q1
Q1_146_seed_1189584495;251;Aggregate;0;;;0;6;30;0;0.2;170165.02;170169.79;236;0.0;0;925.313;931.056;925.26;930.985;0.0;0.0;Q1;252;Gather Merge;1;Outer;;0;30;6;0;5.0;170165.02;170168.65;236;0.0;5;911.232;911.234;0.0;0.0;Q1;253;Sort;2;Outer;;0;6;6;0;1.0;169164.95;169164.96;236;0.0;0;911.194;911.2;0.0;0.0;Q1;254;Aggregate;3;Outer;;0;6;1187477;0;5.052729442338672e-06;169164.73;169164.87;236;0.0;0;8.732;505.091;0.0;0.0;Q1;255;Seq Scan;4;Outer;;112600;1187477;0;0;0.1978727640986033;0.0;127603.04;25;6001215.0;0;Q1
Q1_147_seed_1197788526;256;Aggregate;0;;;0;6;30;0;0.2;170103.95;170108.72;236;0.0;0;948.585;954.452;948.54;954.382;0.0;0.0;Q1;257;Gather Merge;1;Outer;;0;30;6;0;5.0;170103.95;170107.58;236;0.0;5;934.026;934.027;0.0;0.0;Q1;258;Sort;2;Outer;;0;6;6;0;1.0;169103.87;169103.89;236;0.0;0;933.995;934.0;0.0;0.0;Q1;259;Aggregate;3;Outer;;0;6;1185732;0;5.060165366204167e-06;169103.66;169103.79;236;0.0;0;8.328;496.773;0.0;0.0;Q1;260;Seq Scan;4;Outer;;112600;1185732;0;0;0.1975819896470964;0.0;127603.04;25;6001215.0;0;Q1
Q1_148_seed_1205992557;261;Aggregate;0;;;0;6;30;0;0.2;170023.76;170028.53;236;0.0;0;991.716;996.585;991.686;996.541;0.0;0.0;Q1;262;Gather Merge;1;Outer;;0;30;6;0;5.0;170023.76;170027.39;236;0.0;5;977.414;977.415;0.0;0.0;Q1;263;Sort;2;Outer;;0;6;6;0;1.0;169023.69;169023.7;236;0.0;0;977.383;977.386;0.0;0.0;Q1;264;Aggregate;3;Outer;;0;6;1183441;0;5.069961240146319e-06;169023.47;169023.61;236;0.0;0;8.358;568.263;0.0;0.0;Q1;265;Seq Scan;4;Outer;;112600;1183441;0;0;0.1972002336193587;0.0;127603.04;25;6001215.0;0;Q1
Q1_149_seed_1214196588;266;Aggregate;0;;;0;6;30;0;0.2;169956.91;169961.68;236;0.0;0;918.974;928.149;918.937;928.099;0.0;0.0;Q1;267;Gather Merge;1;Outer;;0;30;6;0;5.0;169956.91;169960.54;236;0.0;5;904.757;904.758;0.0;0.0;Q1;268;Sort;2;Outer;;0;6;6;0;1.0;168956.84;168956.85;236;0.0;0;904.718;904.722;0.0;0.0;Q1;269;Aggregate;3;Outer;;0;6;1181531;0;5.078157069090866e-06;168956.62;168956.76;236;0.0;0;8.443;504.44;0.0;0.0;Q1;270;Seq Scan;4;Outer;;112600;1181531;0;0;0.1968819647354744;0.0;127603.04;25;6001215.0;0;Q1
Q1_14_seed_106652403;271;Aggregate;0;;;0;6;30;0;0.2;170233.76;170238.53;236;0.0;0;983.49;988.904;983.467;988.867;0.0;0.0;Q1;272;Gather Merge;1;Outer;;0;30;6;0;5.0;170233.76;170237.39;236;0.0;5;970.699;970.7;0.0;0.0;Q1;273;Sort;2;Outer;;0;6;6;0;1.0;169233.69;169233.7;236;0.0;0;970.667;970.671;0.0;0.0;Q1;274;Aggregate;3;Outer;;0;6;1189441;0;5.044386396635058e-06;169233.47;169233.61;236;0.0;0;8.182;548.978;0.0;0.0;Q1;275;Seq Scan;4;Outer;;112600;1189441;0;0;0.1982000311603567;0.0;127603.04;25;6001215.0;0;Q1
Q1_16_seed_123060465;286;Aggregate;0;;;0;6;30;0;0.2;170103.95;170108.72;236;0.0;0;929.007;935.221;928.97;935.165;0.0;0.0;Q1;287;Gather Merge;1;Outer;;0;30;6;0;5.0;170103.95;170107.58;236;0.0;5;914.954;914.954;0.0;0.0;Q1;288;Sort;2;Outer;;0;6;6;0;1.0;169103.87;169103.89;236;0.0;0;914.92;914.923;0.0;0.0;Q1;289;Aggregate;3;Outer;;0;6;1185732;0;5.060165366204167e-06;169103.66;169103.79;236;0.0;0;8.88;499.143;0.0;0.0;Q1;290;Seq Scan;4;Outer;;112600;1185732;0;0;0.1975819896470964;0.0;127603.04;25;6001215.0;0;Q1
Q1_17_seed_131264496;291;Aggregate;0;;;0;6;30;0;0.2;170023.76;170028.53;236;0.0;0;935.082;941.472;935.041;941.414;0.0;0.0;Q1;292;Gather Merge;1;Outer;;0;30;6;0;5.0;170023.76;170027.39;236;0.0;5;921.53;921.53;0.0;0.0;Q1;293;Sort;2;Outer;;0;6;6;0;1.0;169023.69;169023.7;236;0.0;0;921.491;921.498;0.0;0.0;Q1;294;Aggregate;3;Outer;;0;6;1183441;0;5.069961240146319e-06;169023.47;169023.61;236;0.0;0;8.659;518.992;0.0;0.0;Q1;295;Seq Scan;4;Outer;;112600;1183441;0;0;0.1972002336193587;0.0;127603.04;25;6001215.0;0;Q1
Q1_18_seed_139468527;296;Aggregate;0;;;0;6;30;0;0.2;169956.91;169961.68;236;0.0;0;983.212;988.838;983.178;988.789;0.0;0.0;Q1;297;Gather Merge;1;Outer;;0;30;6;0;5.0;169956.91;169960.54;236;0.0;5;968.619;968.62;0.0;0.0;Q1;298;Sort;2;Outer;;0;6;6;0;1.0;168956.84;168956.85;236;0.0;0;968.581;968.585;0.0;0.0;Q1;299;Aggregate;3;Outer;;0;6;1181531;0;5.078157069090866e-06;168956.62;168956.76;236;0.0;0;8.539;563.472;0.0;0.0;Q1;300;Seq Scan;4;Outer;;112600;1181531;0;0;0.1968819647354744;0.0;127603.04;25;6001215.0;0;Q1
Q1_19_seed_147672558;301;Aggregate;0;;;0;6;30;0;0.2;169874.07;169878.84;236;0.0;0;966.426;972.361;966.398;972.32;0.0;0.0;Q1;302;Gather Merge;1;Outer;;0;30;6;0;5.0;169874.07;169877.7;236;0.0;5;952.657;952.658;0.0;0.0;Q1;303;Sort;2;Outer;;0;6;6;0;1.0;168873.99;168874.01;236;0.0;0;952.615;952.619;0.0;0.0;Q1;304;Aggregate;3;Outer;;0;6;1179164;0;5.088350729839106e-06;168873.78;168873.91;236;0.0;0;8.457;549.904;0.0;0.0;Q1;305;Seq Scan;4;Outer;;112600;1179164;0;0;0.1964875446055507;0.0;127603.04;25;6001215.0;0;Q1
Q1_1_seed_0101000000;306;Aggregate;0;;;0;6;30;0;0.2;169916.84;169921.61;236;0.0;0;973.832;980.232;973.807;980.181;0.0;0.0;Q1;307;Gather Merge;1;Outer;;0;30;6;0;5.0;169916.84;169920.47;236;0.0;5;960.706;960.708;0.0;0.0;Q1;308;Sort;2;Outer;;0;6;6;0;1.0;168916.76;168916.78;236;0.0;0;960.669;960.675;0.0;0.0;Q1;309;Aggregate;3;Outer;;0;6;1180386;0;5.0830829914960025e-06;168916.55;168916.68;236;0.0;0;8.458;574.873;0.0;0.0;Q1;310;Seq Scan;4;Outer;;112600;1180386;0;0;0.1966911700380673;0.0;127603.04;25;6001215.0;0;Q1
Q1_20_seed_155876589;311;Aggregate;0;;;0;6;30;0;0.2;169777.82;169782.59;236;0.0;0;1031.443;1037.413;1031.414;1037.366;0.0;0.0;Q1;312;Gather Merge;1;Outer;;0;30;6;0;5.0;169777.82;169781.45;236;0.0;5;1016.676;1016.678;0.0;0.0;Q1;313;Sort;2;Outer;;0;6;6;0;1.0;168777.74;168777.76;236;0.0;0;1016.643;1016.648;0.0;0.0;Q1;314;Aggregate;3;Outer;;0;6;1176414;0;5.100245321799979e-06;168777.53;168777.66;236;0.0;0;8.499;616.157;0.0;0.0;Q1;315;Seq Scan;4;Outer;;112600;1176414;0;0;0.1960293040659266;0.0;127603.04;25;6001215.0;0;Q1
Q1_21_seed_164080620;316;Aggregate;0;;;0;6;30;0;0.2;169697.63;169702.4;236;0.0;0;936.975;942.593;936.943;942.547;0.0;0.0;Q1;317;Gather Merge;1;Outer;;0;30;6;0;5.0;169697.63;169701.26;236;0.0;5;922.373;922.374;0.0;0.0;Q1;318;Sort;2;Outer;;0;6;6;0;1.0;168697.56;168697.57;236;0.0;0;922.344;922.348;0.0;0.0;Q1;319;Aggregate;3;Outer;;0;6;1174123;0;5.110197142888777e-06;168697.34;168697.48;236;0.0;0;8.793;520.615;0.0;0.0;Q1;320;Seq Scan;4;Outer;;112600;1174123;0;0;0.1956475480381889;0.0;127603.04;25;6001215.0;0;Q1
Q1_23_seed_180488682;326;Aggregate;0;;;0;6;30;0;0.2;170351.19;170355.96;236;0.0;0;997.122;1003.377;997.083;1003.313;0.0;0.0;Q1;327;Gather Merge;1;Outer;;0;30;6;0;5.0;170351.19;170354.82;236;0.0;5;983.933;983.934;0.0;0.0;Q1;328;Sort;2;Outer;;0;6;6;0;1.0;169351.11;169351.13;236;0.0;0;983.897;983.901;0.0;0.0;Q1;329;Aggregate;3;Outer;;0;6;1192796;0;5.030197955056858e-06;169350.9;169351.03;236;0.0;0;8.41;598.009;0.0;0.0;Q1;330;Seq Scan;4;Outer;;112600;1192796;0;0;0.198759084618698;0.0;127603.04;25;6001215.0;0;Q1
Q1_24_seed_188692713;331;Aggregate;0;;;0;6;30;0;0.2;170291.06;170295.83;236;0.0;0;939.496;944.98;939.455;944.924;0.0;0.0;Q1;332;Gather Merge;1;Outer;;0;30;6;0;5.0;170291.06;170294.69;236;0.0;5;925.882;925.883;0.0;0.0;Q1;333;Sort;2;Outer;;0;6;6;0;1.0;169290.98;169291.0;236;0.0;0;925.852;925.857;0.0;0.0;Q1;334;Aggregate;3;Outer;;0;6;1191078;0;5.037453466523603e-06;169290.77;169290.9;236;0.0;0;8.45;515.932;0.0;0.0;Q1;335;Seq Scan;4;Outer;;112600;1191078;0;0;0.1984728092561256;0.0;127603.04;25;6001215.0;0;Q1
Q1_25_seed_196896744;336;Aggregate;0;;;0;6;30;0;0.2;170222.32;170227.09;236;0.0;0;988.858;994.783;988.815;994.725;0.0;0.0;Q1;337;Gather Merge;1;Outer;;0;30;6;0;5.0;170222.32;170225.95;236;0.0;5;975.126;975.127;0.0;0.0;Q1;338;Sort;2;Outer;;0;6;6;0;1.0;169222.24;169222.26;236;0.0;0;975.095;975.099;0.0;0.0;Q1;339;Aggregate;3;Outer;;0;6;1189114;0;5.045773575956552e-06;169222.03;169222.16;236;0.0;0;8.631;561.988;0.0;0.0;Q1;340;Seq Scan;4;Outer;;112600;1189114;0;0;0.1981455421943723;0.0;127603.04;25;6001215.0;0;Q1
Q1_28_seed_221508837;351;Aggregate;0;;;0;6;30;0;0.2;170023.76;170028.53;236;0.0;0;960.508;966.424;960.47;966.362;0.0;0.0;Q1;352;Gather Merge;1;Outer;;0;30;6;0;5.0;170023.76;170027.39;236;0.0;5;947.33;947.331;0.0;0.0;Q1;353;Sort;2;Outer;;0;6;6;0;1.0;169023.69;169023.7;236;0.0;0;947.296;947.3;0.0;0.0;Q1;354;Aggregate;3;Outer;;0;6;1183441;0;5.069961240146319e-06;169023.47;169023.61;236;0.0;0;8.391;535.646;0.0;0.0;Q1;355;Seq Scan;4;Outer;;112600;1183441;0;0;0.1972002336193587;0.0;127603.04;25;6001215.0;0;Q1
Q1_29_seed_229712868;356;Aggregate;0;;;0;6;30;0;0.2;169943.54;169948.31;236;0.0;0;921.783;928.19;921.749;928.135;0.0;0.0;Q1;357;Gather Merge;1;Outer;;0;30;6;0;5.0;169943.54;169947.17;236;0.0;5;908.391;908.391;0.0;0.0;Q1;358;Sort;2;Outer;;0;6;6;0;1.0;168943.47;168943.48;236;0.0;0;908.364;908.368;0.0;0.0;Q1;359;Aggregate;3;Outer;;0;6;1181149;0;5.07979941565374e-06;168943.25;168943.39;236;0.0;0;8.57;531.83;0.0;0.0;Q1;360;Seq Scan;4;Outer;;112600;1181149;0;0;0.1968183109586975;0.0;127603.04;25;6001215.0;0;Q1
Q1_2_seed_8204031;361;Aggregate;0;;;0;6;30;0;0.2;170301.07;170305.84;236;0.0;0;993.915;1000.106;993.872;1000.04;0.0;0.0;Q1;362;Gather Merge;1;Outer;;0;30;6;0;5.0;170301.07;170304.7;236;0.0;5;979.891;979.892;0.0;0.0;Q1;363;Sort;2;Outer;;0;6;6;0;1.0;169300.99;169301.01;236;0.0;0;979.856;979.861;0.0;0.0;Q1;364;Aggregate;3;Outer;;0;6;1191364;0;5.036244170547372e-06;169300.78;169300.91;236;0.0;0;8.598;575.766;0.0;0.0;Q1;365;Seq Scan;4;Outer;;112600;1191364;0;0;0.1985204662722465;0.0;127603.04;25;6001215.0;0;Q1
Q1_31_seed_246120930;371;Aggregate;0;;;0;6;30;0;0.2;169777.82;169782.59;236;0.0;0;958.954;965.1;958.915;965.038;0.0;0.0;Q1;372;Gather Merge;1;Outer;;0;30;6;0;5.0;169777.82;169781.45;236;0.0;5;945.506;945.51;0.0;0.0;Q1;373;Sort;2;Outer;;0;6;6;0;1.0;168777.74;168777.76;236;0.0;0;945.472;945.479;0.0;0.0;Q1;374;Aggregate;3;Outer;;0;6;1176414;0;5.100245321799979e-06;168777.53;168777.66;236;0.0;0;8.634;523.453;0.0;0.0;Q1;375;Seq Scan;4;Outer;;112600;1176414;0;0;0.1960293040659266;0.0;127603.04;25;6001215.0;0;Q1
Q1_32_seed_254324961;376;Aggregate;0;;;0;6;30;0;0.2;169681.6;169686.37;236;0.0;0;933.361;939.23;933.333;939.17;0.0;0.0;Q1;377;Gather Merge;1;Outer;;0;30;6;0;5.0;169681.6;169685.23;236;0.0;5;920.249;920.251;0.0;0.0;Q1;378;Sort;2;Outer;;0;6;6;0;1.0;168681.53;168681.54;236;0.0;0;920.218;920.224;0.0;0.0;Q1;379;Aggregate;3;Outer;;0;6;1173665;0;5.112191298198379e-06;168681.31;168681.45;236;0.0;0;8.411;514.739;0.0;0.0;Q1;380;Seq Scan;4;Outer;;112600;1173665;0;0;0.1955712301592261;0.0;127603.04;25;6001215.0;0;Q1
Q1_34_seed_270733023;386;Aggregate;0;;;0;6;30;0;0.2;170341.18;170345.95;236;0.0;0;919.022;924.64;918.998;924.585;0.0;0.0;Q1;387;Gather Merge;1;Outer;;0;30;6;0;5.0;170341.18;170344.81;236;0.0;5;904.412;904.413;0.0;0.0;Q1;388;Sort;2;Outer;;0;6;6;0;1.0;169341.1;169341.12;236;0.0;0;904.373;904.377;0.0;0.0;Q1;389;Aggregate;3;Outer;;0;6;1192510;0;5.031404348810492e-06;169340.89;169341.02;236;0.0;0;8.279;479.507;0.0;0.0;Q1;390;Seq Scan;4;Outer;;112600;1192510;0;0;0.1987114276025771;0.0;127603.04;25;6001215.0;0;Q1
Q1_36_seed_287141085;396;Aggregate;0;;;0;6;30;0;0.2;170222.32;170227.09;236;0.0;0;997.625;1003.725;997.595;1003.672;0.0;0.0;Q1;397;Gather Merge;1;Outer;;0;30;6;0;5.0;170222.32;170225.95;236;0.0;5;983.425;983.425;0.0;0.0;Q1;398;Sort;2;Outer;;0;6;6;0;1.0;169222.24;169222.26;236;0.0;0;983.39;983.394;0.0;0.0;Q1;399;Aggregate;3;Outer;;0;6;1189114;0;5.045773575956552e-06;169222.03;169222.16;236;0.0;0;8.666;575.478;0.0;0.0;Q1;400;Seq Scan;4;Outer;;112600;1189114;0;0;0.1981455421943723;0.0;127603.04;25;6001215.0;0;Q1
Q1_37_seed_295345116;401;Aggregate;0;;;0;6;30;0;0.2;170153.58;170158.35;236;0.0;0;935.01;940.893;934.981;940.838;0.0;0.0;Q1;402;Gather Merge;1;Outer;;0;30;6;0;5.0;170153.58;170157.21;236;0.0;5;920.293;920.295;0.0;0.0;Q1;403;Sort;2;Outer;;0;6;6;0;1.0;169153.5;169153.52;236;0.0;0;920.267;920.271;0.0;0.0;Q1;404;Aggregate;3;Outer;;0;6;1187150;0;5.054121214673798e-06;169153.29;169153.42;236;0.0;0;10.236;504.786;0.0;0.0;Q1;405;Seq Scan;4;Outer;;112600;1187150;0;0;0.197818275132619;0.0;127603.04;25;6001215.0;0;Q1
Q1_38_seed_303549147;406;Aggregate;0;;;0;6;30;0;0.2;170090.58;170095.35;236;0.0;0;940.206;946.541;940.173;946.489;0.0;0.0;Q1;407;Gather Merge;1;Outer;;0;30;6;0;5.0;170090.58;170094.21;236;0.0;5;927.081;927.082;0.0;0.0;Q1;408;Sort;2;Outer;;0;6;6;0;1.0;169090.5;169090.52;236;0.0;0;927.048;927.052;0.0;0.0;Q1;409;Aggregate;3;Outer;;0;6;1185350;0;5.061796093980681e-06;169090.29;169090.42;236;0.0;0;8.491;509.982;0.0;0.0;Q1;410;Seq Scan;4;Outer;;112600;1185350;0;0;0.1975183358703195;0.0;127603.04;25;6001215.0;0;Q1
Q1_3_seed_16408062;416;Aggregate;0;;;0;6;30;0;0.2;170233.76;170238.53;236;0.0;0;980.808;986.746;980.753;986.666;0.0;0.0;Q1;417;Gather Merge;1;Outer;;0;30;6;0;5.0;170233.76;170237.39;236;0.0;5;967.048;967.049;0.0;0.0;Q1;418;Sort;2;Outer;;0;6;6;0;1.0;169233.69;169233.7;236;0.0;0;967.016;967.02;0.0;0.0;Q1;419;Aggregate;3;Outer;;0;6;1189441;0;5.044386396635058e-06;169233.47;169233.61;236;0.0;0;8.637;539.128;0.0;0.0;Q1;420;Seq Scan;4;Outer;;112600;1189441;0;0;0.1982000311603567;0.0;127603.04;25;6001215.0;0;Q1
Q1_40_seed_319957209;421;Aggregate;0;;;0;6;30;0;0.2;169943.54;169948.31;236;0.0;0;937.835;942.709;937.807;942.656;0.0;0.0;Q1;422;Gather Merge;1;Outer;;0;30;6;0;5.0;169943.54;169947.17;236;0.0;5;923.292;923.292;0.0;0.0;Q1;423;Sort;2;Outer;;0;6;6;0;1.0;168943.47;168943.48;236;0.0;0;923.258;923.261;0.0;0.0;Q1;424;Aggregate;3;Outer;;0;6;1181149;0;5.07979941565374e-06;168943.25;168943.39;236;0.0;0;8.487;510.413;0.0;0.0;Q1;425;Seq Scan;4;Outer;;112600;1181149;0;0;0.1968183109586975;0.0;127603.04;25;6001215.0;0;Q1
Q1_41_seed_328161240;426;Aggregate;0;;;0;6;30;0;0.2;169858.0;169862.77;236;0.0;0;984.8;990.639;984.747;990.571;0.0;0.0;Q1;427;Gather Merge;1;Outer;;0;30;6;0;5.0;169858.0;169861.63;236;0.0;5;972.226;972.227;0.0;0.0;Q1;428;Sort;2;Outer;;0;6;6;0;1.0;168857.93;168857.94;236;0.0;0;972.193;972.198;0.0;0.0;Q1;429;Aggregate;3;Outer;;0;6;1178705;0;5.09033218659461e-06;168857.71;168857.85;236;0.0;0;8.181;593.717;0.0;0.0;Q1;430;Seq Scan;4;Outer;;112600;1178705;0;0;0.1964110600936643;0.0;127603.04;25;6001215.0;0;Q1
Q1_42_seed_336365271;431;Aggregate;0;;;0;6;30;0;0.2;169761.79;169766.56;236;0.0;0;930.924;937.03;930.899;936.986;0.0;0.0;Q1;432;Gather Merge;1;Outer;;0;30;6;0;5.0;169761.79;169765.42;236;0.0;5;918.911;918.911;0.0;0.0;Q1;433;Sort;2;Outer;;0;6;6;0;1.0;168761.71;168761.73;236;0.0;0;918.872;918.876;0.0;0.0;Q1;434;Aggregate;3;Outer;;0;6;1175956;0;5.102231716152645e-06;168761.5;168761.63;236;0.0;0;8.25;511.579;0.0;0.0;Q1;435;Seq Scan;4;Outer;;112600;1175956;0;0;0.1959529861869638;0.0;127603.04;25;6001215.0;0;Q1
Q1_43_seed_344569302;436;Aggregate;0;;;0;6;30;0;0.2;169681.6;169686.37;236;0.0;0;996.583;1001.951;996.551;1001.89;0.0;0.0;Q1;437;Gather Merge;1;Outer;;0;30;6;0;5.0;169681.6;169685.23;236;0.0;5;981.849;981.85;0.0;0.0;Q1;438;Sort;2;Outer;;0;6;6;0;1.0;168681.53;168681.54;236;0.0;0;981.808;981.812;0.0;0.0;Q1;439;Aggregate;3;Outer;;0;6;1173665;0;5.112191298198379e-06;168681.31;168681.45;236;0.0;0;8.942;575.91;0.0;0.0;Q1;440;Seq Scan;4;Outer;;112600;1173665;0;0;0.1955712301592261;0.0;127603.04;25;6001215.0;0;Q1
Q1_44_seed_352773333;441;Aggregate;0;;;0;6;30;0;0.2;169585.35;169590.12;236;0.0;0;924.997;930.471;924.963;930.415;0.0;0.0;Q1;442;Gather Merge;1;Outer;;0;30;6;0;5.0;169585.35;169588.98;236;0.0;5;910.722;910.723;0.0;0.0;Q1;443;Sort;2;Outer;;0;6;6;0;1.0;168585.28;168585.29;236;0.0;0;910.684;910.689;0.0;0.0;Q1;444;Aggregate;3;Outer;;0;6;1170915;0;5.124197742790895e-06;168585.06;168585.2;236;0.0;0;8.374;499.234;0.0;0.0;Q1;445;Seq Scan;4;Outer;;112600;1170915;0;0;0.195112989619602;0.0;127603.04;25;6001215.0;0;Q1
Q1_45_seed_360977364;446;Aggregate;0;;;0;6;30;0;0.2;170341.18;170345.95;236;0.0;0;917.581;922.802;917.549;922.751;0.0;0.0;Q1;447;Gather Merge;1;Outer;;0;30;6;0;5.0;170341.18;170344.81;236;0.0;5;903.621;903.622;0.0;0.0;Q1;448;Sort;2;Outer;;0;6;6;0;1.0;169341.1;169341.12;236;0.0;0;903.588;903.592;0.0;0.0;Q1;449;Aggregate;3;Outer;;0;6;1192510;0;5.031404348810492e-06;169340.89;169341.02;236;0.0;0;9.253;493.08;0.0;0.0;Q1;450;Seq Scan;4;Outer;;112600;1192510;0;0;0.1987114276025771;0.0;127603.04;25;6001215.0;0;Q1
Q1_46_seed_369181395;451;Aggregate;0;;;0;6;30;0;0.2;170279.61;170284.38;236;0.0;0;933.435;939.552;933.398;939.496;0.0;0.0;Q1;452;Gather Merge;1;Outer;;0;30;6;0;5.0;170279.61;170283.24;236;0.0;5;919.063;919.064;0.0;0.0;Q1;453;Sort;2;Outer;;0;6;6;0;1.0;169279.54;169279.55;236;0.0;0;919.027;919.032;0.0;0.0;Q1;454;Aggregate;3;Outer;;0;6;1190751;0;5.0388368349050305e-06;169279.32;169279.46;236;0.0;0;8.664;530.23;0.0;0.0;Q1;455;Seq Scan;4;Outer;;112600;1190751;0;0;0.1984183202901412;0.0;127603.04;25;6001215.0;0;Q1
Q1_47_seed_377385426;456;Aggregate;0;;;0;6;30;0;0.2;170210.87;170215.64;236;0.0;0;944.532;950.354;944.501;950.288;0.0;0.0;Q1;457;Gather Merge;1;Outer;;0;30;6;0;5.0;170210.87;170214.5;236;0.0;5;931.107;931.108;0.0;0.0;Q1;458;Sort;2;Outer;;0;6;6;0;1.0;169210.8;169210.81;236;0.0;0;931.069;931.074;0.0;0.0;Q1;459;Aggregate;3;Outer;;0;6;1188787;0;5.047161518421719e-06;169210.58;169210.72;236;0.0;0;8.834;543.142;0.0;0.0;Q1;460;Seq Scan;4;Outer;;112600;1188787;0;0;0.1980910532283879;0.0;127603.04;25;6001215.0;0;Q1
Q1_48_seed_385589457;461;Aggregate;0;;;0;6;30;0;0.2;170153.58;170158.35;236;0.0;0;995.661;1001.616;995.628;1001.561;0.0;0.0;Q1;462;Gather Merge;1;Outer;;0;30;6;0;5.0;170153.58;170157.21;236;0.0;5;982.305;982.306;0.0;0.0;Q1;463;Sort;2;Outer;;0;6;6;0;1.0;169153.5;169153.52;236;0.0;0;982.268;982.274;0.0;0.0;Q1;464;Aggregate;3;Outer;;0;6;1187150;0;5.054121214673798e-06;169153.29;169153.42;236;0.0;0;8.566;564.149;0.0;0.0;Q1;465;Seq Scan;4;Outer;;112600;1187150;0;0;0.197818275132619;0.0;127603.04;25;6001215.0;0;Q1
Q1_49_seed_393793488;466;Aggregate;0;;;0;6;30;0;0.2;170077.21;170081.98;236;0.0;0;1018.139;1024.519;1018.106;1024.463;0.0;0.0;Q1;467;Gather Merge;1;Outer;;0;30;6;0;5.0;170077.21;170080.84;236;0.0;5;1003.935;1003.935;0.0;0.0;Q1;468;Sort;2;Outer;;0;6;6;0;1.0;169077.13;169077.15;236;0.0;0;1003.891;1003.894;0.0;0.0;Q1;469;Aggregate;3;Outer;;0;6;1184968;0;5.063427873157756e-06;169076.92;169077.05;236;0.0;0;9.028;598.24;0.0;0.0;Q1;470;Seq Scan;4;Outer;;112600;1184968;0;0;0.1974546820935427;0.0;127603.04;25;6001215.0;0;Q1
Q1_4_seed_24612093;471;Aggregate;0;;;0;6;30;0;0.2;170176.5;170181.27;236;0.0;0;1072.573;1079.461;1072.53;1079.398;0.0;0.0;Q1;472;Gather Merge;1;Outer;;0;30;6;0;5.0;170176.5;170180.13;236;0.0;5;1060.023;1060.023;0.0;0.0;Q1;473;Sort;2;Outer;;0;6;6;0;1.0;169176.43;169176.44;236;0.0;0;1059.994;1059.998;0.0;0.0;Q1;474;Aggregate;3;Outer;;0;6;1187805;0;5.051334183641254e-06;169176.21;169176.35;236;0.0;0;10.078;648.683;0.0;0.0;Q1;475;Seq Scan;4;Outer;;112600;1187805;0;0;0.1979274196975112;0.0;127603.04;25;6001215.0;0;Q1
Q1_50_seed_401997519;476;Aggregate;0;;;0;6;30;0;0.2;170010.39;170015.16;236;0.0;0;927.859;933.641;927.823;933.59;0.0;0.0;Q1;477;Gather Merge;1;Outer;;0;30;6;0;5.0;170010.39;170014.02;236;0.0;5;914.015;914.016;0.0;0.0;Q1;478;Sort;2;Outer;;0;6;6;0;1.0;169010.32;169010.33;236;0.0;0;913.981;913.987;0.0;0.0;Q1;479;Aggregate;3;Outer;;0;6;1183059;0;5.071598288842737e-06;169010.1;169010.24;236;0.0;0;8.927;506.97;0.0;0.0;Q1;480;Seq Scan;4;Outer;;112600;1183059;0;0;0.1971365798425818;0.0;127603.04;25;6001215.0;0;Q1
Q1_51_seed_410201550;481;Aggregate;0;;;0;6;30;0;0.2;169930.17;169934.94;236;0.0;0;971.024;976.422;970.998;976.377;0.0;0.0;Q1;482;Gather Merge;1;Outer;;0;30;6;0;5.0;169930.17;169933.8;236;0.0;5;957.158;957.159;0.0;0.0;Q1;483;Sort;2;Outer;;0;6;6;0;1.0;168930.1;168930.11;236;0.0;0;957.107;957.117;0.0;0.0;Q1;484;Aggregate;3;Outer;;0;6;1180767;0;5.081442824875695e-06;168929.88;168930.02;236;0.0;0;8.801;556.08;0.0;0.0;Q1;485;Seq Scan;4;Outer;;112600;1180767;0;0;0.1967546571819206;0.0;127603.04;25;6001215.0;0;Q1
Q1_52_seed_418405581;486;Aggregate;0;;;0;6;30;0;0.2;169858.0;169862.77;236;0.0;0;948.176;953.733;948.159;953.702;0.0;0.0;Q1;487;Gather Merge;1;Outer;;0;30;6;0;5.0;169858.0;169861.63;236;0.0;5;936.097;936.098;0.0;0.0;Q1;488;Sort;2;Outer;;0;6;6;0;1.0;168857.93;168857.94;236;0.0;0;936.074;936.076;0.0;0.0;Q1;489;Aggregate;3;Outer;;0;6;1178705;0;5.09033218659461e-06;168857.71;168857.85;236;0.0;0;7.976;526.033;0.0;0.0;Q1;490;Seq Scan;4;Outer;;112600;1178705;0;0;0.1964110600936643;0.0;127603.04;25;6001215.0;0;Q1
Q1_53_seed_426609612;491;Aggregate;0;;;0;6;30;0;0.2;169761.79;169766.56;236;0.0;0;922.175;927.234;922.157;927.197;0.0;0.0;Q1;492;Gather Merge;1;Outer;;0;30;6;0;5.0;169761.79;169765.42;236;0.0;5;909.592;909.592;0.0;0.0;Q1;493;Sort;2;Outer;;0;6;6;0;1.0;168761.71;168761.73;236;0.0;0;909.569;909.572;0.0;0.0;Q1;494;Aggregate;3;Outer;;0;6;1175956;0;5.102231716152645e-06;168761.5;168761.63;236;0.0;0;7.818;515.406;0.0;0.0;Q1;495;Seq Scan;4;Outer;;112600;1175956;0;0;0.1959529861869638;0.0;127603.04;25;6001215.0;0;Q1
Q1_54_seed_434813643;496;Aggregate;0;;;0;6;30;0;0.2;169665.54;169670.31;236;0.0;0;922.196;928.162;922.166;928.119;0.0;0.0;Q1;497;Gather Merge;1;Outer;;0;30;6;0;5.0;169665.54;169669.17;236;0.0;5;910.233;910.233;0.0;0.0;Q1;498;Sort;2;Outer;;0;6;6;0;1.0;168665.46;168665.48;236;0.0;0;910.211;910.214;0.0;0.0;Q1;499;Aggregate;3;Outer;;0;6;1173206;0;5.1141913696315906e-06;168665.25;168665.38;236;0.0;0;7.726;503.893;0.0;0.0;Q1;500;Seq Scan;4;Outer;;112600;1173206;0;0;0.1954947456473397;0.0;127603.04;25;6001215.0;0;Q1
Q1_55_seed_443017674;501;Aggregate;0;;;0;6;30;0;0.2;169585.35;169590.12;236;0.0;0;927.784;932.712;927.761;932.675;0.0;0.0;Q1;502;Gather Merge;1;Outer;;0;30;6;0;5.0;169585.35;169588.98;236;0.0;5;916.385;916.386;0.0;0.0;Q1;503;Sort;2;Outer;;0;6;6;0;1.0;168585.28;168585.29;236;0.0;0;916.351;916.354;0.0;0.0;Q1;504;Aggregate;3;Outer;;0;6;1170915;0;5.124197742790895e-06;168585.06;168585.2;236;0.0;0;8.021;509.214;0.0;0.0;Q1;505;Seq Scan;4;Outer;;112600;1170915;0;0;0.195112989619602;0.0;127603.04;25;6001215.0;0;Q1
Q1_56_seed_451221705;506;Aggregate;0;;;0;6;30;0;0.2;170331.17;170335.94;236;0.0;0;925.166;929.716;925.1;929.639;0.0;0.0;Q1;507;Gather Merge;1;Outer;;0;30;6;0;5.0;170331.17;170334.8;236;0.0;5;913.413;913.414;0.0;0.0;Q1;508;Sort;2;Outer;;0;6;6;0;1.0;169331.09;169331.11;236;0.0;0;913.389;913.393;0.0;0.0;Q1;509;Aggregate;3;Outer;;0;6;1192224;0;5.032611321362428e-06;169330.88;169331.01;236;0.0;0;7.894;492.413;0.0;0.0;Q1;510;Seq Scan;4;Outer;;112600;1192224;0;0;0.1986637705864562;0.0;127603.04;25;6001215.0;0;Q1
Q1_57_seed_459425736;511;Aggregate;0;;;0;6;30;0;0.2;170279.61;170284.38;236;0.0;0;926.103;931.979;926.085;931.944;0.0;0.0;Q1;512;Gather Merge;1;Outer;;0;30;6;0;5.0;170279.61;170283.24;236;0.0;5;914.9;914.9;0.0;0.0;Q1;513;Sort;2;Outer;;0;6;6;0;1.0;169279.54;169279.55;236;0.0;0;914.879;914.881;0.0;0.0;Q1;514;Aggregate;3;Outer;;0;6;1190751;0;5.0388368349050305e-06;169279.32;169279.46;236;0.0;0;7.94;507.072;0.0;0.0;Q1;515;Seq Scan;4;Outer;;112600;1190751;0;0;0.1984183202901412;0.0;127603.04;25;6001215.0;0;Q1
Q1_58_seed_467629767;516;Aggregate;0;;;0;6;30;0;0.2;170210.87;170215.64;236;0.0;0;993.246;996.478;993.223;996.443;0.0;0.0;Q1;517;Gather Merge;1;Outer;;0;30;6;0;5.0;170210.87;170214.5;236;0.0;5;980.582;980.582;0.0;0.0;Q1;518;Sort;2;Outer;;0;6;6;0;1.0;169210.8;169210.81;236;0.0;0;980.558;980.561;0.0;0.0;Q1;519;Aggregate;3;Outer;;0;6;1188787;0;5.047161518421719e-06;169210.58;169210.72;236;0.0;0;7.907;562.09;0.0;0.0;Q1;520;Seq Scan;4;Outer;;112600;1188787;0;0;0.1980910532283879;0.0;127603.04;25;6001215.0;0;Q1
Q1_5_seed_32816124;526;Aggregate;0;;;0;6;30;0;0.2;170103.95;170108.72;236;0.0;0;911.911;917.542;911.87;917.489;0.0;0.0;Q1;527;Gather Merge;1;Outer;;0;30;6;0;5.0;170103.95;170107.58;236;0.0;5;900.429;900.429;0.0;0.0;Q1;528;Sort;2;Outer;;0;6;6;0;1.0;169103.87;169103.89;236;0.0;0;900.407;900.41;0.0;0.0;Q1;529;Aggregate;3;Outer;;0;6;1185732;0;5.060165366204167e-06;169103.66;169103.79;236;0.0;0;9.181;500.946;0.0;0.0;Q1;530;Seq Scan;4;Outer;;112600;1185732;0;0;0.1975819896470964;0.0;127603.04;25;6001215.0;0;Q1
Q1_60_seed_484037829;531;Aggregate;0;;;0;6;30;0;0.2;170077.21;170081.98;236;0.0;0;992.409;999.475;992.391;999.438;0.0;0.0;Q1;532;Gather Merge;1;Outer;;0;30;6;0;5.0;170077.21;170080.84;236;0.0;5;981.159;981.161;0.0;0.0;Q1;533;Sort;2;Outer;;0;6;6;0;1.0;169077.13;169077.15;236;0.0;0;981.131;981.134;0.0;0.0;Q1;534;Aggregate;3;Outer;;0;6;1184968;0;5.063427873157756e-06;169076.92;169077.05;236;0.0;0;8.25;582.518;0.0;0.0;Q1;535;Seq Scan;4;Outer;;112600;1184968;0;0;0.1974546820935427;0.0;127603.04;25;6001215.0;0;Q1
Q1_61_seed_492241860;536;Aggregate;0;;;0;6;30;0;0.2;169997.02;170001.79;236;0.0;0;930.544;936.278;930.527;936.24;0.0;0.0;Q1;537;Gather Merge;1;Outer;;0;30;6;0;5.0;169997.02;170000.65;236;0.0;5;919.5;919.5;0.0;0.0;Q1;538;Sort;2;Outer;;0;6;6;0;1.0;168996.95;168996.96;236;0.0;0;919.475;919.478;0.0;0.0;Q1;539;Aggregate;3;Outer;;0;6;1182677;0;5.073236395059683e-06;168996.73;168996.87;236;0.0;0;8.179;502.09;0.0;0.0;Q1;540;Seq Scan;4;Outer;;112600;1182677;0;0;0.197072926065805;0.0;127603.04;25;6001215.0;0;Q1
Q1_63_seed_508649922;546;Aggregate;0;;;0;6;30;0;0.2;169841.97;169846.74;236;0.0;0;984.254;989.69;984.233;989.655;0.0;0.0;Q1;547;Gather Merge;1;Outer;;0;30;6;0;5.0;169841.97;169845.6;236;0.0;5;973.32;973.321;0.0;0.0;Q1;548;Sort;2;Outer;;0;6;6;0;1.0;168841.9;168841.91;236;0.0;0;973.288;973.291;0.0;0.0;Q1;549;Aggregate;3;Outer;;0;6;1178247;0;5.092310865209078e-06;168841.68;168841.82;236;0.0;0;8.141;594.042;0.0;0.0;Q1;550;Seq Scan;4;Outer;;112600;1178247;0;0;0.1963347422147015;0.0;127603.04;25;6001215.0;0;Q1
Q1_65_seed_525057984;556;Aggregate;0;;;0;6;30;0;0.2;169665.54;169670.31;236;0.0;0;926.696;929.341;926.674;929.305;0.0;0.0;Q1;557;Gather Merge;1;Outer;;0;30;6;0;5.0;169665.54;169669.17;236;0.0;5;912.418;912.419;0.0;0.0;Q1;558;Sort;2;Outer;;0;6;6;0;1.0;168665.46;168665.48;236;0.0;0;912.391;912.394;0.0;0.0;Q1;559;Aggregate;3;Outer;;0;6;1173206;0;5.1141913696315906e-06;168665.25;168665.38;236;0.0;0;7.788;508.674;0.0;0.0;Q1;560;Seq Scan;4;Outer;;112600;1173206;0;0;0.1954947456473397;0.0;127603.04;25;6001215.0;0;Q1
Q1_66_seed_533262015;561;Aggregate;0;;;0;6;30;0;0.2;169569.32;169574.09;236;0.0;0;992.253;998.184;992.226;998.143;0.0;0.0;Q1;562;Gather Merge;1;Outer;;0;30;6;0;5.0;169569.32;169572.95;236;0.0;5;978.945;978.946;0.0;0.0;Q1;563;Sort;2;Outer;;0;6;6;0;1.0;168569.25;168569.26;236;0.0;0;978.921;978.924;0.0;0.0;Q1;564;Aggregate;3;Outer;;0;6;1170457;0;5.126202842137729e-06;168569.03;168569.17;236;0.0;0;8.178;573.356;0.0;0.0;Q1;565;Seq Scan;4;Outer;;112600;1170457;0;0;0.1950366717406391;0.0;127603.04;25;6001215.0;0;Q1
Q1_67_seed_541466046;566;Aggregate;0;;;0;6;30;0;0.2;170331.17;170335.94;236;0.0;0;955.649;961.078;955.632;961.041;0.0;0.0;Q1;567;Gather Merge;1;Outer;;0;30;6;0;5.0;170331.17;170334.8;236;0.0;5;942.643;942.644;0.0;0.0;Q1;568;Sort;2;Outer;;0;6;6;0;1.0;169331.09;169331.11;236;0.0;0;942.623;942.625;0.0;0.0;Q1;569;Aggregate;3;Outer;;0;6;1192224;0;5.032611321362428e-06;169330.88;169331.01;236;0.0;0;8.119;528.201;0.0;0.0;Q1;570;Seq Scan;4;Outer;;112600;1192224;0;0;0.1986637705864562;0.0;127603.04;25;6001215.0;0;Q1
Q1_68_seed_549670077;571;Aggregate;0;;;0;6;30;0;0.2;170268.13;170272.9;236;0.0;0;942.65;948.072;942.629;948.023;0.0;0.0;Q1;572;Gather Merge;1;Outer;;0;30;6;0;5.0;170268.13;170271.76;236;0.0;5;932.43;932.431;0.0;0.0;Q1;573;Sort;2;Outer;;0;6;6;0;1.0;169268.06;169268.07;236;0.0;0;932.408;932.41;0.0;0.0;Q1;574;Aggregate;3;Outer;;0;6;1190423;0;5.040225197261814e-06;169267.84;169267.98;236;0.0;0;7.608;511.967;0.0;0.0;Q1;575;Seq Scan;4;Outer;;112600;1190423;0;0;0.1983636646912333;0.0;127603.04;25;6001215.0;0;Q1
Q1_69_seed_557874108;576;Aggregate;0;;;0;6;30;0;0.2;170210.87;170215.64;236;0.0;0;944.07;953.385;944.052;953.345;0.0;0.0;Q1;577;Gather Merge;1;Outer;;0;30;6;0;5.0;170210.87;170214.5;236;0.0;5;930.585;930.586;0.0;0.0;Q1;578;Sort;2;Outer;;0;6;6;0;1.0;169210.8;169210.81;236;0.0;0;930.563;930.566;0.0;0.0;Q1;579;Aggregate;3;Outer;;0;6;1188787;0;5.047161518421719e-06;169210.58;169210.72;236;0.0;0;8.972;512.824;0.0;0.0;Q1;580;Seq Scan;4;Outer;;112600;1188787;0;0;0.1980910532283879;0.0;127603.04;25;6001215.0;0;Q1
Q1_6_seed_41020155;581;Aggregate;0;;;0;6;30;0;0.2;170037.1;170041.87;236;0.0;0;929.418;931.626;929.393;931.588;0.0;0.0;Q1;582;Gather Merge;1;Outer;;0;30;6;0;5.0;170037.1;170040.73;236;0.0;5;915.04;915.04;0.0;0.0;Q1;583;Sort;2;Outer;;0;6;6;0;1.0;169037.02;169037.04;236;0.0;0;915.016;915.019;0.0;0.0;Q1;584;Aggregate;3;Outer;;0;6;1183822;0;5.068329529270448e-06;169036.81;169036.94;236;0.0;0;8.183;519.272;0.0;0.0;Q1;585;Seq Scan;4;Outer;;112600;1183822;0;0;0.1972637207632121;0.0;127603.04;25;6001215.0;0;Q1
Q1_70_seed_566078139;586;Aggregate;0;;;0;6;30;0;0.2;170142.13;170146.9;236;0.0;0;932.237;939.332;932.219;939.293;0.0;0.0;Q1;587;Gather Merge;1;Outer;;0;30;6;0;5.0;170142.13;170145.76;236;0.0;5;919.996;919.997;0.0;0.0;Q1;588;Sort;2;Outer;;0;6;6;0;1.0;169142.06;169142.07;236;0.0;0;919.973;919.975;0.0;0.0;Q1;589;Aggregate;3;Outer;;0;6;1186823;0;5.055513753946461e-06;169141.84;169141.98;236;0.0;0;7.909;509.476;0.0;0.0;Q1;590;Seq Scan;4;Outer;;112600;1186823;0;0;0.1977637861666346;0.0;127603.04;25;6001215.0;0;Q1
Q1_72_seed_582486201;596;Aggregate;0;;;0;6;30;0;0.2;169997.02;170001.79;236;0.0;0;924.507;930.164;924.491;930.136;0.0;0.0;Q1;597;Gather Merge;1;Outer;;0;30;6;0;5.0;169997.02;170000.65;236;0.0;5;914.086;914.086;0.0;0.0;Q1;598;Sort;2;Outer;;0;6;6;0;1.0;168996.95;168996.96;236;0.0;0;914.063;914.066;0.0;0.0;Q1;599;Aggregate;3;Outer;;0;6;1182677;0;5.073236395059683e-06;168996.73;168996.87;236;0.0;0;7.869;510.936;0.0;0.0;Q1;600;Seq Scan;4;Outer;;112600;1182677;0;0;0.197072926065805;0.0;127603.04;25;6001215.0;0;Q1
Q1_73_seed_590690232;601;Aggregate;0;;;0;6;30;0;0.2;169916.84;169921.61;236;0.0;0;955.563;961.017;955.54;960.965;0.0;0.0;Q1;602;Gather Merge;1;Outer;;0;30;6;0;5.0;169916.84;169920.47;236;0.0;5;944.463;944.463;0.0;0.0;Q1;603;Sort;2;Outer;;0;6;6;0;1.0;168916.76;168916.78;236;0.0;0;944.438;944.441;0.0;0.0;Q1;604;Aggregate;3;Outer;;0;6;1180386;0;5.0830829914960025e-06;168916.55;168916.68;236;0.0;0;7.666;521.682;0.0;0.0;Q1;605;Seq Scan;4;Outer;;112600;1180386;0;0;0.1966911700380673;0.0;127603.04;25;6001215.0;0;Q1
Q1_74_seed_598894263;606;Aggregate;0;;;0;6;30;0;0.2;169841.97;169846.74;236;0.0;0;1009.588;1015.25;1009.57;1015.218;0.0;0.0;Q1;607;Gather Merge;1;Outer;;0;30;6;0;5.0;169841.97;169845.6;236;0.0;5;998.463;998.463;0.0;0.0;Q1;608;Sort;2;Outer;;0;6;6;0;1.0;168841.9;168841.91;236;0.0;0;998.428;998.431;0.0;0.0;Q1;609;Aggregate;3;Outer;;0;6;1178247;0;5.092310865209078e-06;168841.68;168841.82;236;0.0;0;8.423;615.035;0.0;0.0;Q1;610;Seq Scan;4;Outer;;112600;1178247;0;0;0.1963347422147015;0.0;127603.04;25;6001215.0;0;Q1
Q1_75_seed_607098294;611;Aggregate;0;;;0;6;30;0;0.2;169745.76;169750.53;236;0.0;0;935.235;941.772;935.212;941.732;0.0;0.0;Q1;612;Gather Merge;1;Outer;;0;30;6;0;5.0;169745.76;169749.39;236;0.0;5;923.282;923.282;0.0;0.0;Q1;613;Sort;2;Outer;;0;6;6;0;1.0;168745.68;168745.7;236;0.0;0;923.258;923.26;0.0;0.0;Q1;614;Aggregate;3;Outer;;0;6;1175498;0;5.104219658391592e-06;168745.47;168745.6;236;0.0;0;8.398;513.442;0.0;0.0;Q1;615;Seq Scan;4;Outer;;112600;1175498;0;0;0.1958766683080009;0.0;127603.04;25;6001215.0;0;Q1
Q1_76_seed_615302325;616;Aggregate;0;;;0;6;30;0;0.2;169649.51;169654.28;236;0.0;0;923.446;930.745;923.419;930.699;0.0;0.0;Q1;617;Gather Merge;1;Outer;;0;30;6;0;5.0;169649.51;169653.14;236;0.0;5;911.779;911.78;0.0;0.0;Q1;618;Sort;2;Outer;;0;6;6;0;1.0;168649.43;168649.45;236;0.0;0;911.757;911.76;0.0;0.0;Q1;619;Aggregate;3;Outer;;0;6;1172748;0;5.116188644107685e-06;168649.22;168649.35;236;0.0;0;7.742;507.956;0.0;0.0;Q1;620;Seq Scan;4;Outer;;112600;1172748;0;0;0.1954184277683769;0.0;127603.04;25;6001215.0;0;Q1
Q1_77_seed_623506356;621;Aggregate;0;;;0;6;30;0;0.2;169569.32;169574.09;236;0.0;0;981.466;986.113;981.442;986.065;0.0;0.0;Q1;622;Gather Merge;1;Outer;;0;30;6;0;5.0;169569.32;169572.95;236;0.0;5;970.684;970.684;0.0;0.0;Q1;623;Sort;2;Outer;;0;6;6;0;1.0;168569.25;168569.26;236;0.0;0;970.66;970.662;0.0;0.0;Q1;624;Aggregate;3;Outer;;0;6;1170457;0;5.126202842137729e-06;168569.03;168569.17;236;0.0;0;7.831;587.829;0.0;0.0;Q1;625;Seq Scan;4;Outer;;112600;1170457;0;0;0.1950366717406391;0.0;127603.04;25;6001215.0;0;Q1
Q1_78_seed_631710387;626;Aggregate;0;;;0;6;30;0;0.2;170321.12;170325.89;236;0.0;0;923.248;928.877;923.227;928.835;0.0;0.0;Q1;627;Gather Merge;1;Outer;;0;30;6;0;5.0;170321.12;170324.75;236;0.0;5;912.617;912.618;0.0;0.0;Q1;628;Sort;2;Outer;;0;6;6;0;1.0;169321.05;169321.06;236;0.0;0;912.588;912.591;0.0;0.0;Q1;629;Aggregate;3;Outer;;0;6;1191937;0;5.0338230963549245e-06;169320.83;169320.97;236;0.0;0;7.875;497.122;0.0;0.0;Q1;630;Seq Scan;4;Outer;;112600;1191937;0;0;0.1986159469374118;0.0;127603.04;25;6001215.0;0;Q1
Q1_79_seed_639914418;631;Aggregate;0;;;0;6;30;0;0.2;170268.13;170272.9;236;0.0;0;926.1;931.754;926.077;931.709;0.0;0.0;Q1;632;Gather Merge;1;Outer;;0;30;6;0;5.0;170268.13;170271.76;236;0.0;5;915.151;915.151;0.0;0.0;Q1;633;Sort;2;Outer;;0;6;6;0;1.0;169268.06;169268.07;236;0.0;0;915.124;915.128;0.0;0.0;Q1;634;Aggregate;3;Outer;;0;6;1190423;0;5.040225197261814e-06;169267.84;169267.98;236;0.0;0;8.095;492.412;0.0;0.0;Q1;635;Seq Scan;4;Outer;;112600;1190423;0;0;0.1983636646912333;0.0;127603.04;25;6001215.0;0;Q1
Q1_81_seed_656322480;646;Aggregate;0;;;0;6;30;0;0.2;170142.13;170146.9;236;0.0;0;979.607;985.346;979.57;985.287;0.0;0.0;Q1;647;Gather Merge;1;Outer;;0;30;6;0;5.0;170142.13;170145.76;236;0.0;5;969.154;969.155;0.0;0.0;Q1;648;Sort;2;Outer;;0;6;6;0;1.0;169142.06;169142.07;236;0.0;0;969.128;969.132;0.0;0.0;Q1;649;Aggregate;3;Outer;;0;6;1186823;0;5.055513753946461e-06;169141.84;169141.98;236;0.0;0;7.812;573.2;0.0;0.0;Q1;650;Seq Scan;4;Outer;;112600;1186823;0;0;0.1977637861666346;0.0;127603.04;25;6001215.0;0;Q1
Q1_82_seed_664526511;651;Aggregate;0;;;0;6;30;0;0.2;170063.84;170068.61;236;0.0;0;969.45;975.26;969.432;975.205;0.0;0.0;Q1;652;Gather Merge;1;Outer;;0;30;6;0;5.0;170063.84;170067.47;236;0.0;5;958.415;958.415;0.0;0.0;Q1;653;Sort;2;Outer;;0;6;6;0;1.0;169063.76;169063.78;236;0.0;0;958.385;958.388;0.0;0.0;Q1;654;Aggregate;3;Outer;;0;6;1184586;0;5.065060704752546e-06;169063.55;169063.68;236;0.0;0;7.833;573.757;0.0;0.0;Q1;655;Seq Scan;4;Outer;;112600;1184586;0;0;0.1973910283167658;0.0;127603.04;25;6001215.0;0;Q1
Q1_85_seed_689138604;666;Aggregate;0;;;0;6;30;0;0.2;169825.94;169830.71;236;0.0;0;948.897;954.99;948.873;954.938;0.0;0.0;Q1;667;Gather Merge;1;Outer;;0;30;6;0;5.0;169825.94;169829.57;236;0.0;5;937.967;937.967;0.0;0.0;Q1;668;Sort;2;Outer;;0;6;6;0;1.0;168825.87;168825.88;236;0.0;0;937.942;937.945;0.0;0.0;Q1;669;Aggregate;3;Outer;;0;6;1177789;0;5.094291082698175e-06;168825.65;168825.79;236;0.0;0;8.085;527.187;0.0;0.0;Q1;670;Seq Scan;4;Outer;;112600;1177789;0;0;0.1962584243357386;0.0;127603.04;25;6001215.0;0;Q1
Q1_86_seed_697342635;671;Aggregate;0;;;0;6;30;0;0.2;169745.76;169750.53;236;0.0;0;924.081;929.497;924.059;929.456;0.0;0.0;Q1;672;Gather Merge;1;Outer;;0;30;6;0;5.0;169745.76;169749.39;236;0.0;5;913.23;913.23;0.0;0.0;Q1;673;Sort;2;Outer;;0;6;6;0;1.0;168745.68;168745.7;236;0.0;0;913.205;913.208;0.0;0.0;Q1;674;Aggregate;3;Outer;;0;6;1175498;0;5.104219658391592e-06;168745.47;168745.6;236;0.0;0;7.891;515.649;0.0;0.0;Q1;675;Seq Scan;4;Outer;;112600;1175498;0;0;0.1958766683080009;0.0;127603.04;25;6001215.0;0;Q1
Q1_87_seed_705546666;676;Aggregate;0;;;0;6;30;0;0.2;169649.51;169654.28;236;0.0;0;938.839;944.673;938.82;944.629;0.0;0.0;Q1;677;Gather Merge;1;Outer;;0;30;6;0;5.0;169649.51;169653.14;236;0.0;5;927.965;927.965;0.0;0.0;Q1;678;Sort;2;Outer;;0;6;6;0;1.0;168649.43;168649.45;236;0.0;0;927.941;927.944;0.0;0.0;Q1;679;Aggregate;3;Outer;;0;6;1172748;0;5.116188644107685e-06;168649.22;168649.35;236;0.0;0;8.335;512.451;0.0;0.0;Q1;680;Seq Scan;4;Outer;;112600;1172748;0;0;0.1954184277683769;0.0;127603.04;25;6001215.0;0;Q1
Q1_88_seed_713750697;681;Aggregate;0;;;0;6;30;0;0.2;169553.29;169558.06;236;0.0;0;991.11;996.909;991.091;996.877;0.0;0.0;Q1;682;Gather Merge;1;Outer;;0;30;6;0;5.0;169553.29;169556.92;236;0.0;5;979.94;979.94;0.0;0.0;Q1;683;Sort;2;Outer;;0;6;6;0;1.0;168553.22;168553.23;236;0.0;0;979.914;979.917;0.0;0.0;Q1;684;Aggregate;3;Outer;;0;6;1169999;0;5.1282095112901805e-06;168553.0;168553.14;236;0.0;0;7.955;571.599;0.0;0.0;Q1;685;Seq Scan;4;Outer;;112600;1169999;0;0;0.1949603538616763;0.0;127603.04;25;6001215.0;0;Q1
Q1_89_seed_721954728;686;Aggregate;0;;;0;6;30;0;0.2;170321.12;170325.89;236;0.0;0;934.217;939.563;934.195;939.52;0.0;0.0;Q1;687;Gather Merge;1;Outer;;0;30;6;0;5.0;170321.12;170324.75;236;0.0;5;923.152;923.152;0.0;0.0;Q1;688;Sort;2;Outer;;0;6;6;0;1.0;169321.05;169321.06;236;0.0;0;923.128;923.13;0.0;0.0;Q1;689;Aggregate;3;Outer;;0;6;1191937;0;5.0338230963549245e-06;169320.83;169320.97;236;0.0;0;7.971;513.065;0.0;0.0;Q1;690;Seq Scan;4;Outer;;112600;1191937;0;0;0.1986159469374118;0.0;127603.04;25;6001215.0;0;Q1
Q1_8_seed_57428217;691;Aggregate;0;;;0;6;30;0;0.2;169874.07;169878.84;236;0.0;0;942.51;948.255;942.488;948.218;0.0;0.0;Q1;692;Gather Merge;1;Outer;;0;30;6;0;5.0;169874.07;169877.7;236;0.0;5;931.556;931.557;0.0;0.0;Q1;693;Sort;2;Outer;;0;6;6;0;1.0;168873.99;168874.01;236;0.0;0;931.528;931.531;0.0;0.0;Q1;694;Aggregate;3;Outer;;0;6;1179164;0;5.088350729839106e-06;168873.78;168873.91;236;0.0;0;8.104;513.277;0.0;0.0;Q1;695;Seq Scan;4;Outer;;112600;1179164;0;0;0.1964875446055507;0.0;127603.04;25;6001215.0;0;Q1
Q1_90_seed_730158759;696;Aggregate;0;;;0;6;30;0;0.2;170256.69;170261.46;236;0.0;0;920.938;930.309;920.905;930.258;0.0;0.0;Q1;697;Gather Merge;1;Outer;;0;30;6;0;5.0;170256.69;170260.32;236;0.0;5;908.265;908.266;0.0;0.0;Q1;698;Sort;2;Outer;;0;6;6;0;1.0;169256.61;169256.63;236;0.0;0;908.242;908.244;0.0;0.0;Q1;699;Aggregate;3;Outer;;0;6;1190096;0;5.041610088597895e-06;169256.4;169256.53;236;0.0;0;7.799;496.494;0.0;0.0;Q1;700;Seq Scan;4;Outer;;112600;1190096;0;0;0.1983091757252489;0.0;127603.04;25;6001215.0;0;Q1
Q1_91_seed_738362790;701;Aggregate;0;;;0;6;30;0;0.2;170199.39;170204.16;236;0.0;0;944.707;948.945;944.687;948.912;0.0;0.0;Q1;702;Gather Merge;1;Outer;;0;30;6;0;5.0;170199.39;170203.02;236;0.0;5;930.838;930.839;0.0;0.0;Q1;703;Sort;2;Outer;;0;6;6;0;1.0;169199.32;169199.33;236;0.0;0;930.813;930.816;0.0;0.0;Q1;704;Aggregate;3;Outer;;0;6;1188459;0;5.0485544726406214e-06;169199.1;169199.24;236;0.0;0;7.824;510.552;0.0;0.0;Q1;705;Seq Scan;4;Outer;;112600;1188459;0;0;0.19803639762948;0.0;127603.04;25;6001215.0;0;Q1
Q1_93_seed_754770852;711;Aggregate;0;;;0;6;30;0;0.2;170050.47;170055.24;236;0.0;0;935.974;941.77;935.955;941.72;0.0;0.0;Q1;712;Gather Merge;1;Outer;;0;30;6;0;5.0;170050.47;170054.1;236;0.0;5;925.599;925.6;0.0;0.0;Q1;713;Sort;2;Outer;;0;6;6;0;1.0;169050.39;169050.41;236;0.0;0;925.572;925.575;0.0;0.0;Q1;714;Aggregate;3;Outer;;0;6;1184204;0;5.066694589783517e-06;169050.18;169050.31;236;0.0;0;7.816;512.671;0.0;0.0;Q1;715;Seq Scan;4;Outer;;112600;1184204;0;0;0.197327374539989;0.0;127603.04;25;6001215.0;0;Q1
Q1_95_seed_771178914;721;Aggregate;0;;;0;6;30;0;0.2;169903.47;169908.24;236;0.0;0;921.053;926.847;921.013;926.792;0.0;0.0;Q1;722;Gather Merge;1;Outer;;0;30;6;0;5.0;169903.47;169907.1;236;0.0;5;908.516;908.517;0.0;0.0;Q1;723;Sort;2;Outer;;0;6;6;0;1.0;168903.39;168903.41;236;0.0;0;908.49;908.493;0.0;0.0;Q1;724;Aggregate;3;Outer;;0;6;1180004;0;5.0847285263439785e-06;168903.18;168903.31;236;0.0;0;7.894;500.985;0.0;0.0;Q1;725;Seq Scan;4;Outer;;112600;1180004;0;0;0.1966275162612904;0.0;127603.04;25;6001215.0;0;Q1
Q1_97_seed_787586976;731;Aggregate;0;;;0;6;30;0;0.2;169729.69;169734.46;236;0.0;0;940.863;946.094;940.841;946.053;0.0;0.0;Q1;732;Gather Merge;1;Outer;;0;30;6;0;5.0;169729.69;169733.32;236;0.0;5;928.298;928.299;0.0;0.0;Q1;733;Sort;2;Outer;;0;6;6;0;1.0;168729.62;168729.63;236;0.0;0;928.275;928.279;0.0;0.0;Q1;734;Aggregate;3;Outer;;0;6;1175039;0;5.106213495892477e-06;168729.4;168729.54;236;0.0;0;7.732;515.669;0.0;0.0;Q1;735;Seq Scan;4;Outer;;112600;1175039;0;0;0.1958001837961146;0.0;127603.04;25;6001215.0;0;Q1
Q1_98_seed_795791007;736;Aggregate;0;;;0;6;30;0;0.2;169649.51;169654.28;236;0.0;0;938.35;947.618;938.332;947.58;0.0;0.0;Q1;737;Gather Merge;1;Outer;;0;30;6;0;5.0;169649.51;169653.14;236;0.0;5;928.099;928.1;0.0;0.0;Q1;738;Sort;2;Outer;;0;6;6;0;1.0;168649.43;168649.45;236;0.0;0;928.076;928.079;0.0;0.0;Q1;739;Aggregate;3;Outer;;0;6;1172748;0;5.116188644107685e-06;168649.22;168649.35;236;0.0;0;7.899;516.913;0.0;0.0;Q1;740;Seq Scan;4;Outer;;112600;1172748;0;0;0.1954184277683769;0.0;127603.04;25;6001215.0;0;Q1
Q1_99_seed_803995038;741;Aggregate;0;;;0;6;30;0;0.2;169553.29;169558.06;236;0.0;0;1000.046;1005.629;1000.029;1005.596;0.0;0.0;Q1;742;Gather Merge;1;Outer;;0;30;6;0;5.0;169553.29;169556.92;236;0.0;5;988.991;988.991;0.0;0.0;Q1;743;Sort;2;Outer;;0;6;6;0;1.0;168553.22;168553.23;236;0.0;0;988.962;988.965;0.0;0.0;Q1;744;Aggregate;3;Outer;;0;6;1169999;0;5.1282095112901805e-06;168553.0;168553.14;236;0.0;0;8.007;573.517;0.0;0.0;Q1;745;Seq Scan;4;Outer;;112600;1169999;0;0;0.1949603538616763;0.0;127603.04;25;6001215.0;0;Q1
Q1_9_seed_65632248;746;Aggregate;0;;;0;6;30;0;0.2;169793.85;169798.62;236;0.0;0;1000.225;1006.123;1000.207;1006.086;0.0;0.0;Q1;747;Gather Merge;1;Outer;;0;30;6;0;5.0;169793.85;169797.48;236;0.0;5;988.953;988.953;0.0;0.0;Q1;748;Sort;2;Outer;;0;6;6;0;1.0;168793.77;168793.79;236;0.0;0;988.928;988.931;0.0;0.0;Q1;749;Aggregate;3;Outer;;0;6;1176872;0;5.098260473526433e-06;168793.56;168793.69;236;0.0;0;8.127;579.637;0.0;0.0;Q1;750;Seq Scan;4;Outer;;112600;1176872;0;0;0.1961056219448894;0.0;127603.04;25;6001215.0;0;Q1
