query_file;GatherMerge_node_id;GatherMerge_node_type;GatherMerge_depth;GatherMerge_parent_relationship;GatherMerge_subplan_name;GatherMerge_np;GatherMerge_nt;GatherMerge_nt1;GatherMerge_nt2;GatherMerge_sel;GatherMerge_startup_cost;GatherMerge_total_cost;GatherMerge_plan_width;GatherMerge_reltuples;GatherMerge_parallel_workers;actual_startup_time;actual_total_time;GatherMerge_st1;GatherMerge_rt1;GatherMerge_st2;GatherMerge_rt2;GatherMerge_template;Sort_Outer_node_id;Sort_Outer_node_type;Sort_Outer_depth;Sort_Outer_parent_relationship;Sort_Outer_subplan_name;Sort_Outer_np;Sort_Outer_nt;Sort_Outer_nt1;Sort_Outer_nt2;Sort_Outer_sel;Sort_Outer_startup_cost;Sort_Outer_total_cost;Sort_Outer_plan_width;Sort_Outer_reltuples;Sort_Outer_parallel_workers;Sort_Outer_st1;Sort_Outer_rt1;Sort_Outer_st2;Sort_Outer_rt2;Sort_Outer_template;HashJoin_Outer_node_id;HashJoin_Outer_node_type;HashJoin_Outer_depth;HashJoin_Outer_parent_relationship;HashJoin_Outer_subplan_name;HashJoin_Outer_np;HashJoin_Outer_nt;HashJoin_Outer_nt1;HashJoin_Outer_nt2;HashJoin_Outer_sel;HashJoin_Outer_startup_cost;HashJoin_Outer_total_cost;HashJoin_Outer_plan_width;HashJoin_Outer_reltuples;HashJoin_Outer_parallel_workers;HashJoin_Outer_st1;HashJoin_Outer_rt1;HashJoin_Outer_st2;HashJoin_Outer_rt2;HashJoin_Outer_template;NestedLoop_Outer_node_id;NestedLoop_Outer_node_type;NestedLoop_Outer_depth;NestedLoop_Outer_parent_relationship;NestedLoop_Outer_subplan_name;NestedLoop_Outer_np;NestedLoop_Outer_nt;NestedLoop_Outer_nt1;NestedLoop_Outer_nt2;NestedLoop_Outer_sel;NestedLoop_Outer_startup_cost;NestedLoop_Outer_total_cost;NestedLoop_Outer_plan_width;NestedLoop_Outer_reltuples;NestedLoop_Outer_parallel_workers;NestedLoop_Outer_st1;NestedLoop_Outer_rt1;NestedLoop_Outer_st2;NestedLoop_Outer_rt2;NestedLoop_Outer_template;SeqScan_Outer_node_id;SeqScan_Outer_node_type;SeqScan_Outer_depth;SeqScan_Outer_parent_relationship;SeqScan_Outer_subplan_name;SeqScan_Outer_np;SeqScan_Outer_nt;SeqScan_Outer_nt1;SeqScan_Outer_nt2;SeqScan_Outer_sel;SeqScan_Outer_startup_cost;SeqScan_Outer_total_cost;SeqScan_Outer_plan_width;SeqScan_Outer_reltuples;SeqScan_Outer_parallel_workers;SeqScan_Outer_template;Hash_Inner_node_id;Hash_Inner_node_type;Hash_Inner_depth;Hash_Inner_parent_relationship;Hash_Inner_subplan_name;Hash_Inner_np;Hash_Inner_nt;Hash_Inner_nt1;Hash_Inner_nt2;Hash_Inner_sel;Hash_Inner_startup_cost;Hash_Inner_total_cost;Hash_Inner_plan_width;Hash_Inner_reltuples;Hash_Inner_parallel_workers;Hash_Inner_st1;Hash_Inner_rt1;Hash_Inner_st2;Hash_Inner_rt2;Hash_Inner_template;IndexScan_Inner_node_id;IndexScan_Inner_node_type;IndexScan_Inner_depth;IndexScan_Inner_parent_relationship;IndexScan_Inner_subplan_name;IndexScan_Inner_np;IndexScan_Inner_nt;IndexScan_Inner_nt1;IndexScan_Inner_nt2;IndexScan_Inner_sel;IndexScan_Inner_startup_cost;IndexScan_Inner_total_cost;IndexScan_Inner_plan_width;IndexScan_Inner_reltuples;IndexScan_Inner_parallel_workers;IndexScan_Inner_template
Q7_100_seed_812199069;10502;Gather Merge;1;Outer;;0;6078;1961;0;3.0994390617032126;64308.27;65027.34;252;0.0;3;1199.808;1202.896;1196.97;1197.003;0.0;0.0;Q7;10503;Sort;2;Outer;;0;1961;1961;0;1.0;63308.23;63313.13;252;0.0;0;47.025;1196.342;0.0;0.0;Q7;10515;Hash Join;5;Outer;;0;800;10000;2;0.04;1.4;355.1;108;0.0;0;0.073;2.969;0.013;0.014;Q7;10505;Nested Loop;4;Outer;;0;47115;38710;1;1.2171273572720227;4481.21;62578.93;124;0.0;0;38.665;214.496;0.031;0.032;Q7;10516;Seq Scan;6;Outer;;223;10000;0;0;1.0;0.0;323.0;8;10000.0;0;Q7;10517;Hash;6;Inner;;0;2;2;0;1.0;1.38;1.38;108;0.0;0;0.009;0.011;0.0;0.0;Q7;10513;Index Scan;5;Inner;;112600;1;0;0;1.66632923499658e-07;0.43;0.64;24;6001215.0;0;Q7
Q7_101_seed_820403100;10520;Gather Merge;1;Outer;;0;6078;1961;0;3.0994390617032126;64308.27;65027.34;252;0.0;3;1204.046;1207.467;1201.012;1201.044;0.0;0.0;Q7;10521;Sort;2;Outer;;0;1961;1961;0;1.0;63308.23;63313.13;252;0.0;0;42.96;1200.394;0.0;0.0;Q7;10533;Hash Join;5;Outer;;0;800;10000;2;0.04;1.4;355.1;108;0.0;0;0.075;4.978;0.014;0.015;Q7;10523;Nested Loop;4;Outer;;0;47115;38710;1;1.2171273572720227;4481.21;62578.93;124;0.0;0;35.125;211.721;0.032;0.032;Q7;10534;Seq Scan;6;Outer;;223;10000;0;0;1.0;0.0;323.0;8;10000.0;0;Q7;10535;Hash;6;Inner;;0;2;2;0;1.0;1.38;1.38;108;0.0;0;0.01;0.012;0.0;0.0;Q7;10531;Index Scan;5;Inner;;112600;1;0;0;1.66632923499658e-07;0.43;0.64;24;6001215.0;0;Q7
Q7_102_seed_828607131;10538;Gather Merge;1;Outer;;0;6078;1961;0;3.0994390617032126;64308.27;65027.34;252;0.0;3;1169.017;1172.323;1166.795;1166.824;0.0;0.0;Q7;10539;Sort;2;Outer;;0;1961;1961;0;1.0;63308.23;63313.13;252;0.0;0;41.672;1166.23;0.0;0.0;Q7;10551;Hash Join;5;Outer;;0;800;10000;2;0.04;1.4;355.1;108;0.0;0;0.077;2.978;0.015;0.016;Q7;10541;Nested Loop;4;Outer;;0;47115;38710;1;1.2171273572720227;4481.21;62578.93;124;0.0;0;35.063;210.635;0.031;0.031;Q7;10552;Seq Scan;6;Outer;;223;10000;0;0;1.0;0.0;323.0;8;10000.0;0;Q7;10553;Hash;6;Inner;;0;2;2;0;1.0;1.38;1.38;108;0.0;0;0.012;0.013;0.0;0.0;Q7;10549;Index Scan;5;Inner;;112600;1;0;0;1.66632923499658e-07;0.43;0.64;24;6001215.0;0;Q7
Q7_103_seed_836811162;10556;Gather Merge;1;Outer;;0;6078;1961;0;3.0994390617032126;64308.27;65027.34;252;0.0;3;1188.325;1192.434;1185.868;1185.895;0.0;0.0;Q7;10557;Sort;2;Outer;;0;1961;1961;0;1.0;63308.23;63313.13;252;0.0;0;43.027;1185.248;0.0;0.0;Q7;10569;Hash Join;5;Outer;;0;800;10000;2;0.04;1.4;355.1;108;0.0;0;0.085;5.256;0.013;0.014;Q7;10559;Nested Loop;4;Outer;;0;47115;38710;1;1.2171273572720227;4481.21;62578.93;124;0.0;0;36.25;213.628;0.032;0.032;Q7;10570;Seq Scan;6;Outer;;223;10000;0;0;1.0;0.0;323.0;8;10000.0;0;Q7;10571;Hash;6;Inner;;0;2;2;0;1.0;1.38;1.38;108;0.0;0;0.009;0.01;0.0;0.0;Q7;10567;Index Scan;5;Inner;;112600;1;0;0;1.66632923499658e-07;0.43;0.64;24;6001215.0;0;Q7
Q7_104_seed_845015193;10574;Gather Merge;1;Outer;;0;6078;1961;0;3.0994390617032126;64308.27;65027.34;252;0.0;3;1184.375;1187.383;1181.898;1181.927;0.0;0.0;Q7;10575;Sort;2;Outer;;0;1961;1961;0;1.0;63308.23;63313.13;252;0.0;0;41.352;1181.295;0.0;0.0;Q7;10587;Hash Join;5;Outer;;0;800;10000;2;0.04;1.4;355.1;108;0.0;0;0.158;3.335;0.019;0.019;Q7;10577;Nested Loop;4;Outer;;0;47115;38710;1;1.2171273572720227;4481.21;62578.93;124;0.0;0;34.282;209.881;0.031;0.032;Q7;10588;Seq Scan;6;Outer;;223;10000;0;0;1.0;0.0;323.0;8;10000.0;0;Q7;10589;Hash;6;Inner;;0;2;2;0;1.0;1.38;1.38;108;0.0;0;0.012;0.013;0.0;0.0;Q7;10585;Index Scan;5;Inner;;112600;1;0;0;1.66632923499658e-07;0.43;0.64;24;6001215.0;0;Q7
Q7_105_seed_853219224;10592;Gather Merge;1;Outer;;0;6078;1961;0;3.0994390617032126;64308.27;65027.34;252;0.0;3;1209.886;1212.938;1207.003;1207.033;0.0;0.0;Q7;10593;Sort;2;Outer;;0;1961;1961;0;1.0;63308.23;63313.13;252;0.0;0;43.003;1206.412;0.0;0.0;Q7;10605;Hash Join;5;Outer;;0;800;10000;2;0.04;1.4;355.1;108;0.0;0;0.08;2.36;0.01;0.011;Q7;10595;Nested Loop;4;Outer;;0;47115;38710;1;1.2171273572720227;4481.21;62578.93;124;0.0;0;38.147;217.07;0.032;0.032;Q7;10606;Seq Scan;6;Outer;;223;10000;0;0;1.0;0.0;323.0;8;10000.0;0;Q7;10607;Hash;6;Inner;;0;2;2;0;1.0;1.38;1.38;108;0.0;0;0.007;0.008;0.0;0.0;Q7;10603;Index Scan;5;Inner;;112600;1;0;0;1.66632923499658e-07;0.43;0.64;24;6001215.0;0;Q7
Q7_106_seed_861423255;10610;Gather Merge;1;Outer;;0;6078;1961;0;3.0994390617032126;64308.27;65027.34;252;0.0;3;1203.13;1206.606;1200.43;1200.459;0.0;0.0;Q7;10611;Sort;2;Outer;;0;1961;1961;0;1.0;63308.23;63313.13;252;0.0;0;42.983;1199.826;0.0;0.0;Q7;10623;Hash Join;5;Outer;;0;800;10000;2;0.04;1.4;355.1;108;0.0;0;0.081;2.372;0.013;0.013;Q7;10613;Nested Loop;4;Outer;;0;47115;38710;1;1.2171273572720227;4481.21;62578.93;124;0.0;0;35.389;211.073;0.032;0.033;Q7;10624;Seq Scan;6;Outer;;223;10000;0;0;1.0;0.0;323.0;8;10000.0;0;Q7;10625;Hash;6;Inner;;0;2;2;0;1.0;1.38;1.38;108;0.0;0;0.008;0.01;0.0;0.0;Q7;10621;Index Scan;5;Inner;;112600;1;0;0;1.66632923499658e-07;0.43;0.64;24;6001215.0;0;Q7
Q7_107_seed_869627286;10628;Gather Merge;1;Outer;;0;6078;1961;0;3.0994390617032126;64308.27;65027.34;252;0.0;3;1188.729;1192.36;1186.481;1186.51;0.0;0.0;Q7;10629;Sort;2;Outer;;0;1961;1961;0;1.0;63308.23;63313.13;252;0.0;0;44.324;1185.896;0.0;0.0;Q7;10641;Hash Join;5;Outer;;0;800;10000;2;0.04;1.4;355.1;108;0.0;0;0.084;2.849;0.015;0.016;Q7;10631;Nested Loop;4;Outer;;0;47115;38710;1;1.2171273572720227;4481.21;62578.93;124;0.0;0;38.243;213.264;0.031;0.032;Q7;10642;Seq Scan;6;Outer;;223;10000;0;0;1.0;0.0;323.0;8;10000.0;0;Q7;10643;Hash;6;Inner;;0;2;2;0;1.0;1.38;1.38;108;0.0;0;0.011;0.012;0.0;0.0;Q7;10639;Index Scan;5;Inner;;112600;1;0;0;1.66632923499658e-07;0.43;0.64;24;6001215.0;0;Q7
Q7_108_seed_877831317;10646;Gather Merge;1;Outer;;0;6078;1961;0;3.0994390617032126;64308.27;65027.34;252;0.0;3;1235.104;1238.553;1232.992;1233.033;0.0;0.0;Q7;10647;Sort;2;Outer;;0;1961;1961;0;1.0;63308.23;63313.13;252;0.0;0;41.623;1232.424;0.0;0.0;Q7;10659;Hash Join;5;Outer;;0;800;10000;2;0.04;1.4;355.1;108;0.0;0;0.081;2.672;0.013;0.013;Q7;10649;Nested Loop;4;Outer;;0;47115;38710;1;1.2171273572720227;4481.21;62578.93;124;0.0;0;36.966;216.044;0.033;0.034;Q7;10660;Seq Scan;6;Outer;;223;10000;0;0;1.0;0.0;323.0;8;10000.0;0;Q7;10661;Hash;6;Inner;;0;2;2;0;1.0;1.38;1.38;108;0.0;0;0.009;0.01;0.0;0.0;Q7;10657;Index Scan;5;Inner;;112600;1;0;0;1.66632923499658e-07;0.43;0.64;24;6001215.0;0;Q7
Q7_10_seed_73836279;10682;Gather Merge;1;Outer;;0;6078;1961;0;3.0994390617032126;64308.27;65027.34;252;0.0;3;1187.908;1193.461;1185.721;1185.749;0.0;0.0;Q7;10683;Sort;2;Outer;;0;1961;1961;0;1.0;63308.23;63313.13;252;0.0;0;43.244;1185.162;0.0;0.0;Q7;10695;Hash Join;5;Outer;;0;800;10000;2;0.04;1.4;355.1;108;0.0;0;0.083;3.442;0.013;0.013;Q7;10685;Nested Loop;4;Outer;;0;47115;38710;1;1.2171273572720227;4481.21;62578.93;124;0.0;0;37.726;215.605;0.032;0.032;Q7;10696;Seq Scan;6;Outer;;223;10000;0;0;1.0;0.0;323.0;8;10000.0;0;Q7;10697;Hash;6;Inner;;0;2;2;0;1.0;1.38;1.38;108;0.0;0;0.01;0.011;0.0;0.0;Q7;10693;Index Scan;5;Inner;;112600;1;0;0;1.66632923499658e-07;0.43;0.64;24;6001215.0;0;Q7
Q7_110_seed_894239379;10700;Gather Merge;1;Outer;;0;6078;1961;0;3.0994390617032126;64308.27;65027.34;252;0.0;3;1214.628;1217.756;1212.197;1212.227;0.0;0.0;Q7;10701;Sort;2;Outer;;0;1961;1961;0;1.0;63308.23;63313.13;252;0.0;0;44.331;1211.592;0.0;0.0;Q7;10713;Hash Join;5;Outer;;0;800;10000;2;0.04;1.4;355.1;108;0.0;0;0.081;2.774;0.013;0.014;Q7;10703;Nested Loop;4;Outer;;0;47115;38710;1;1.2171273572720227;4481.21;62578.93;124;0.0;0;37.816;217.469;0.032;0.033;Q7;10714;Seq Scan;6;Outer;;223;10000;0;0;1.0;0.0;323.0;8;10000.0;0;Q7;10715;Hash;6;Inner;;0;2;2;0;1.0;1.38;1.38;108;0.0;0;0.009;0.01;0.0;0.0;Q7;10711;Index Scan;5;Inner;;112600;1;0;0;1.66632923499658e-07;0.43;0.64;24;6001215.0;0;Q7
Q7_112_seed_910647441;10736;Gather Merge;1;Outer;;0;6078;1961;0;3.0994390617032126;64308.27;65027.34;252;0.0;3;1170.73;1175.375;1168.389;1168.419;0.0;0.0;Q7;10737;Sort;2;Outer;;0;1961;1961;0;1.0;63308.23;63313.13;252;0.0;0;41.749;1167.833;0.0;0.0;Q7;10749;Hash Join;5;Outer;;0;800;10000;2;0.04;1.4;355.1;108;0.0;0;0.08;2.712;0.012;0.013;Q7;10739;Nested Loop;4;Outer;;0;47115;38710;1;1.2171273572720227;4481.21;62578.93;124;0.0;0;38.212;212.58;0.031;0.031;Q7;10750;Seq Scan;6;Outer;;223;10000;0;0;1.0;0.0;323.0;8;10000.0;0;Q7;10751;Hash;6;Inner;;0;2;2;0;1.0;1.38;1.38;108;0.0;0;0.009;0.01;0.0;0.0;Q7;10747;Index Scan;5;Inner;;112600;1;0;0;1.66632923499658e-07;0.43;0.64;24;6001215.0;0;Q7
Q7_113_seed_918851472;10754;Gather Merge;1;Outer;;0;6078;1961;0;3.0994390617032126;64308.27;65027.34;252;0.0;3;1198.161;1202.504;1195.56;1195.589;0.0;0.0;Q7;10755;Sort;2;Outer;;0;1961;1961;0;1.0;63308.23;63313.13;252;0.0;0;43.33;1194.947;0.0;0.0;Q7;10767;Hash Join;5;Outer;;0;800;10000;2;0.04;1.4;355.1;108;0.0;0;0.084;3.451;0.015;0.016;Q7;10757;Nested Loop;4;Outer;;0;47115;38710;1;1.2171273572720227;4481.21;62578.93;124;0.0;0;36.161;215.163;0.031;0.032;Q7;10768;Seq Scan;6;Outer;;223;10000;0;0;1.0;0.0;323.0;8;10000.0;0;Q7;10769;Hash;6;Inner;;0;2;2;0;1.0;1.38;1.38;108;0.0;0;0.011;0.012;0.0;0.0;Q7;10765;Index Scan;5;Inner;;112600;1;0;0;1.66632923499658e-07;0.43;0.64;24;6001215.0;0;Q7
Q7_114_seed_927055503;10772;Gather Merge;1;Outer;;0;6078;1961;0;3.0994390617032126;64308.27;65027.34;252;0.0;3;1204.732;1208.273;1202.148;1202.177;0.0;0.0;Q7;10773;Sort;2;Outer;;0;1961;1961;0;1.0;63308.23;63313.13;252;0.0;0;43.425;1201.575;0.0;0.0;Q7;10785;Hash Join;5;Outer;;0;800;10000;2;0.04;1.4;355.1;108;0.0;0;0.174;4.403;0.021;0.021;Q7;10775;Nested Loop;4;Outer;;0;47115;38710;1;1.2171273572720227;4481.21;62578.93;124;0.0;0;36.831;213.208;0.032;0.033;Q7;10786;Seq Scan;6;Outer;;223;10000;0;0;1.0;0.0;323.0;8;10000.0;0;Q7;10787;Hash;6;Inner;;0;2;2;0;1.0;1.38;1.38;108;0.0;0;0.016;0.018;0.0;0.0;Q7;10783;Index Scan;5;Inner;;112600;1;0;0;1.66632923499658e-07;0.43;0.64;24;6001215.0;0;Q7
Q7_115_seed_935259534;10790;Gather Merge;1;Outer;;0;6078;1961;0;3.0994390617032126;64308.27;65027.34;252;0.0;3;1193.837;1197.032;1191.183;1191.213;0.0;0.0;Q7;10791;Sort;2;Outer;;0;1961;1961;0;1.0;63308.23;63313.13;252;0.0;0;43.243;1190.583;0.0;0.0;Q7;10803;Hash Join;5;Outer;;0;800;10000;2;0.04;1.4;355.1;108;0.0;0;0.082;4.418;0.015;0.015;Q7;10793;Nested Loop;4;Outer;;0;47115;38710;1;1.2171273572720227;4481.21;62578.93;124;0.0;0;35.758;213.55;0.031;0.032;Q7;10804;Seq Scan;6;Outer;;223;10000;0;0;1.0;0.0;323.0;8;10000.0;0;Q7;10805;Hash;6;Inner;;0;2;2;0;1.0;1.38;1.38;108;0.0;0;0.011;0.011;0.0;0.0;Q7;10801;Index Scan;5;Inner;;112600;1;0;0;1.66632923499658e-07;0.43;0.64;24;6001215.0;0;Q7
Q7_116_seed_943463565;10808;Gather Merge;1;Outer;;0;6078;1961;0;3.0994390617032126;64308.27;65027.34;252;0.0;3;1195.147;1198.292;1192.556;1192.585;0.0;0.0;Q7;10809;Sort;2;Outer;;0;1961;1961;0;1.0;63308.23;63313.13;252;0.0;0;45.757;1191.958;0.0;0.0;Q7;10821;Hash Join;5;Outer;;0;800;10000;2;0.04;1.4;355.1;108;0.0;0;0.149;2.774;0.016;0.016;Q7;10811;Nested Loop;4;Outer;;0;47115;38710;1;1.2171273572720227;4481.21;62578.93;124;0.0;0;38.611;215.562;0.031;0.032;Q7;10822;Seq Scan;6;Outer;;223;10000;0;0;1.0;0.0;323.0;8;10000.0;0;Q7;10823;Hash;6;Inner;;0;2;2;0;1.0;1.38;1.38;108;0.0;0;0.012;0.013;0.0;0.0;Q7;10819;Index Scan;5;Inner;;112600;1;0;0;1.66632923499658e-07;0.43;0.64;24;6001215.0;0;Q7
Q7_119_seed_968075658;10862;Gather Merge;1;Outer;;0;6078;1961;0;3.0994390617032126;64308.27;65027.34;252;0.0;3;1200.184;1204.475;1198.086;1198.116;0.0;0.0;Q7;10863;Sort;2;Outer;;0;1961;1961;0;1.0;63308.23;63313.13;252;0.0;0;41.307;1197.406;0.0;0.0;Q7;10875;Hash Join;5;Outer;;0;800;10000;2;0.04;1.4;355.1;108;0.0;0;0.08;6.299;0.013;0.013;Q7;10865;Nested Loop;4;Outer;;0;47115;38710;1;1.2171273572720227;4481.21;62578.93;124;0.0;0;32.178;212.582;0.032;0.033;Q7;10876;Seq Scan;6;Outer;;223;10000;0;0;1.0;0.0;323.0;8;10000.0;0;Q7;10877;Hash;6;Inner;;0;2;2;0;1.0;1.38;1.38;108;0.0;0;0.008;0.01;0.0;0.0;Q7;10873;Index Scan;5;Inner;;112600;1;0;0;1.66632923499658e-07;0.43;0.64;24;6001215.0;0;Q7
Q7_11_seed_82040310;10880;Gather Merge;1;Outer;;0;6078;1961;0;3.0994390617032126;64308.27;65027.34;252;0.0;3;1213.336;1216.492;1210.7;1210.73;0.0;0.0;Q7;10881;Sort;2;Outer;;0;1961;1961;0;1.0;63308.23;63313.13;252;0.0;0;41.334;1210.085;0.0;0.0;Q7;10893;Hash Join;5;Outer;;0;800;10000;2;0.04;1.4;355.1;108;0.0;0;0.079;3.456;0.011;0.012;Q7;10883;Nested Loop;4;Outer;;0;47115;38710;1;1.2171273572720227;4481.21;62578.93;124;0.0;0;35.327;212.535;0.033;0.034;Q7;10894;Seq Scan;6;Outer;;223;10000;0;0;1.0;0.0;323.0;8;10000.0;0;Q7;10895;Hash;6;Inner;;0;2;2;0;1.0;1.38;1.38;108;0.0;0;0.008;0.009;0.0;0.0;Q7;10891;Index Scan;5;Inner;;112600;1;0;0;1.66632923499658e-07;0.43;0.64;24;6001215.0;0;Q7
Q7_120_seed_976279689;10898;Gather Merge;1;Outer;;0;6078;1961;0;3.0994390617032126;64308.27;65027.34;252;0.0;3;1180.123;1183.621;1177.456;1177.487;0.0;0.0;Q7;10899;Sort;2;Outer;;0;1961;1961;0;1.0;63308.23;63313.13;252;0.0;0;43.494;1176.846;0.0;0.0;Q7;10911;Hash Join;5;Outer;;0;800;10000;2;0.04;1.4;355.1;108;0.0;0;0.078;2.215;0.013;0.013;Q7;10901;Nested Loop;4;Outer;;0;47115;38710;1;1.2171273572720227;4481.21;62578.93;124;0.0;0;38.881;214.631;0.031;0.032;Q7;10912;Seq Scan;6;Outer;;223;10000;0;0;1.0;0.0;323.0;8;10000.0;0;Q7;10913;Hash;6;Inner;;0;2;2;0;1.0;1.38;1.38;108;0.0;0;0.009;0.01;0.0;0.0;Q7;10909;Index Scan;5;Inner;;112600;1;0;0;1.66632923499658e-07;0.43;0.64;24;6001215.0;0;Q7
Q7_121_seed_984483720;10916;Gather Merge;1;Outer;;0;6078;1961;0;3.0994390617032126;64308.27;65027.34;252;0.0;3;1194.182;1197.376;1191.487;1191.515;0.0;0.0;Q7;10917;Sort;2;Outer;;0;1961;1961;0;1.0;63308.23;63313.13;252;0.0;0;41.873;1190.919;0.0;0.0;Q7;10929;Hash Join;5;Outer;;0;800;10000;2;0.04;1.4;355.1;108;0.0;0;0.079;2.681;0.08;0.08;Q7;10919;Nested Loop;4;Outer;;0;47115;38710;1;1.2171273572720227;4481.21;62578.93;124;0.0;0;37.092;212.971;0.032;0.033;Q7;10930;Seq Scan;6;Outer;;223;10000;0;0;1.0;0.0;323.0;8;10000.0;0;Q7;10931;Hash;6;Inner;;0;2;2;0;1.0;1.38;1.38;108;0.0;0;0.076;0.077;0.0;0.0;Q7;10927;Index Scan;5;Inner;;112600;1;0;0;1.66632923499658e-07;0.43;0.64;24;6001215.0;0;Q7
Q7_122_seed_992687751;10934;Gather Merge;1;Outer;;0;6078;1961;0;3.0994390617032126;64308.27;65027.34;252;0.0;3;1188.618;1192.112;1185.851;1185.881;0.0;0.0;Q7;10935;Sort;2;Outer;;0;1961;1961;0;1.0;63308.23;63313.13;252;0.0;0;45.429;1185.216;0.0;0.0;Q7;10947;Hash Join;5;Outer;;0;800;10000;2;0.04;1.4;355.1;108;0.0;0;0.08;2.055;0.013;0.013;Q7;10937;Nested Loop;4;Outer;;0;47115;38710;1;1.2171273572720227;4481.21;62578.93;124;0.0;0;37.042;214.118;0.031;0.032;Q7;10948;Seq Scan;6;Outer;;223;10000;0;0;1.0;0.0;323.0;8;10000.0;0;Q7;10949;Hash;6;Inner;;0;2;2;0;1.0;1.38;1.38;108;0.0;0;0.008;0.01;0.0;0.0;Q7;10945;Index Scan;5;Inner;;112600;1;0;0;1.66632923499658e-07;0.43;0.64;24;6001215.0;0;Q7
Q7_123_seed_1000891782;10952;Gather Merge;1;Outer;;0;6078;1961;0;3.0994390617032126;64308.27;65027.34;252;0.0;3;1241.29;1244.662;1238.131;1238.16;0.0;0.0;Q7;10953;Sort;2;Outer;;0;1961;1961;0;1.0;63308.23;63313.13;252;0.0;0;42.472;1236.99;0.0;0.0;Q7;10965;Hash Join;5;Outer;;0;800;10000;2;0.04;1.4;355.1;108;0.0;0;0.087;1.823;0.012;0.012;Q7;10955;Nested Loop;4;Outer;;0;47115;38710;1;1.2171273572720227;4481.21;62578.93;124;0.0;0;37.616;222.078;0.033;0.033;Q7;10966;Seq Scan;6;Outer;;223;10000;0;0;1.0;0.0;323.0;8;10000.0;0;Q7;10967;Hash;6;Inner;;0;2;2;0;1.0;1.38;1.38;108;0.0;0;0.008;0.01;0.0;0.0;Q7;10963;Index Scan;5;Inner;;112600;1;0;0;1.66632923499658e-07;0.43;0.64;24;6001215.0;0;Q7
Q7_125_seed_1017299844;10988;Gather Merge;1;Outer;;0;6078;1961;0;3.0994390617032126;64308.27;65027.34;252;0.0;3;1166.377;1169.351;1163.74;1163.769;0.0;0.0;Q7;10989;Sort;2;Outer;;0;1961;1961;0;1.0;63308.23;63313.13;252;0.0;0;43.115;1163.166;0.0;0.0;Q7;11001;Hash Join;5;Outer;;0;800;10000;2;0.04;1.4;355.1;108;0.0;0;0.082;4.574;0.024;0.024;Q7;10991;Nested Loop;4;Outer;;0;47115;38710;1;1.2171273572720227;4481.21;62578.93;124;0.0;0;36.073;209.847;0.031;0.032;Q7;11002;Seq Scan;6;Outer;;223;10000;0;0;1.0;0.0;323.0;8;10000.0;0;Q7;11003;Hash;6;Inner;;0;2;2;0;1.0;1.38;1.38;108;0.0;0;0.02;0.021;0.0;0.0;Q7;10999;Index Scan;5;Inner;;112600;1;0;0;1.66632923499658e-07;0.43;0.64;24;6001215.0;0;Q7
Q7_126_seed_1025503875;11006;Gather Merge;1;Outer;;0;6078;1961;0;3.0994390617032126;64308.27;65027.34;252;0.0;3;1209.856;1213.28;1206.826;1206.86;0.0;0.0;Q7;11007;Sort;2;Outer;;0;1961;1961;0;1.0;63308.23;63313.13;252;0.0;0;45.115;1206.197;0.0;0.0;Q7;11019;Hash Join;5;Outer;;0;800;10000;2;0.04;1.4;355.1;108;0.0;0;0.081;2.514;0.014;0.014;Q7;11009;Nested Loop;4;Outer;;0;47115;38710;1;1.2171273572720227;4481.21;62578.93;124;0.0;0;39.193;218.571;0.032;0.033;Q7;11020;Seq Scan;6;Outer;;223;10000;0;0;1.0;0.0;323.0;8;10000.0;0;Q7;11021;Hash;6;Inner;;0;2;2;0;1.0;1.38;1.38;108;0.0;0;0.01;0.011;0.0;0.0;Q7;11017;Index Scan;5;Inner;;112600;1;0;0;1.66632923499658e-07;0.43;0.64;24;6001215.0;0;Q7
Q7_12_seed_90244341;11078;Gather Merge;1;Outer;;0;6078;1961;0;3.0994390617032126;64308.27;65027.34;252;0.0;3;1183.481;1186.548;1181.792;1181.82;0.0;0.0;Q7;11079;Sort;2;Outer;;0;1961;1961;0;1.0;63308.23;63313.13;252;0.0;0;43.626;1181.205;0.0;0.0;Q7;11091;Hash Join;5;Outer;;0;800;10000;2;0.04;1.4;355.1;108;0.0;0;0.086;3.746;0.015;0.015;Q7;11081;Nested Loop;4;Outer;;0;47115;38710;1;1.2171273572720227;4481.21;62578.93;124;0.0;0;35.718;213.684;0.032;0.032;Q7;11092;Seq Scan;6;Outer;;223;10000;0;0;1.0;0.0;323.0;8;10000.0;0;Q7;11093;Hash;6;Inner;;0;2;2;0;1.0;1.38;1.38;108;0.0;0;0.01;0.012;0.0;0.0;Q7;11089;Index Scan;5;Inner;;112600;1;0;0;1.66632923499658e-07;0.43;0.64;24;6001215.0;0;Q7
Q7_130_seed_1058319999;11096;Gather Merge;1;Outer;;0;6078;1961;0;3.0994390617032126;64308.27;65027.34;252;0.0;3;1184.461;1187.584;1181.767;1181.796;0.0;0.0;Q7;11097;Sort;2;Outer;;0;1961;1961;0;1.0;63308.23;63313.13;252;0.0;0;46.598;1181.163;0.0;0.0;Q7;11109;Hash Join;5;Outer;;0;800;10000;2;0.04;1.4;355.1;108;0.0;0;0.104;2.665;0.014;0.014;Q7;11099;Nested Loop;4;Outer;;0;47115;38710;1;1.2171273572720227;4481.21;62578.93;124;0.0;0;38.719;216.39;0.031;0.032;Q7;11110;Seq Scan;6;Outer;;223;10000;0;0;1.0;0.0;323.0;8;10000.0;0;Q7;11111;Hash;6;Inner;;0;2;2;0;1.0;1.38;1.38;108;0.0;0;0.011;0.012;0.0;0.0;Q7;11107;Index Scan;5;Inner;;112600;1;0;0;1.66632923499658e-07;0.43;0.64;24;6001215.0;0;Q7
Q7_131_seed_1066524030;11114;Gather Merge;1;Outer;;0;6078;1961;0;3.0994390617032126;64308.27;65027.34;252;0.0;3;1173.746;1177.59;1171.092;1171.12;0.0;0.0;Q7;11115;Sort;2;Outer;;0;1961;1961;0;1.0;63308.23;63313.13;252;0.0;0;43.725;1170.5;0.0;0.0;Q7;11127;Hash Join;5;Outer;;0;800;10000;2;0.04;1.4;355.1;108;0.0;0;0.084;2.474;0.016;0.016;Q7;11117;Nested Loop;4;Outer;;0;47115;38710;1;1.2171273572720227;4481.21;62578.93;124;0.0;0;37.302;216.025;0.031;0.031;Q7;11128;Seq Scan;6;Outer;;223;10000;0;0;1.0;0.0;323.0;8;10000.0;0;Q7;11129;Hash;6;Inner;;0;2;2;0;1.0;1.38;1.38;108;0.0;0;0.012;0.013;0.0;0.0;Q7;11125;Index Scan;5;Inner;;112600;1;0;0;1.66632923499658e-07;0.43;0.64;24;6001215.0;0;Q7
Q7_132_seed_1074728061;11132;Gather Merge;1;Outer;;0;6078;1961;0;3.0994390617032126;64308.27;65027.34;252;0.0;3;1199.348;1202.586;1197.021;1197.05;0.0;0.0;Q7;11133;Sort;2;Outer;;0;1961;1961;0;1.0;63308.23;63313.13;252;0.0;0;42.018;1196.427;0.0;0.0;Q7;11145;Hash Join;5;Outer;;0;800;10000;2;0.04;1.4;355.1;108;0.0;0;0.082;4.46;0.014;0.014;Q7;11135;Nested Loop;4;Outer;;0;47115;38710;1;1.2171273572720227;4481.21;62578.93;124;0.0;0;35.887;213.45;0.032;0.032;Q7;11146;Seq Scan;6;Outer;;223;10000;0;0;1.0;0.0;323.0;8;10000.0;0;Q7;11147;Hash;6;Inner;;0;2;2;0;1.0;1.38;1.38;108;0.0;0;0.008;0.01;0.0;0.0;Q7;11143;Index Scan;5;Inner;;112600;1;0;0;1.66632923499658e-07;0.43;0.64;24;6001215.0;0;Q7
Q7_134_seed_1091136123;11168;Gather Merge;1;Outer;;0;6078;1961;0;3.0994390617032126;64308.27;65027.34;252;0.0;3;1183.105;1186.14;1180.787;1180.813;0.0;0.0;Q7;11169;Sort;2;Outer;;0;1961;1961;0;1.0;63308.23;63313.13;252;0.0;0;42.445;1180.219;0.0;0.0;Q7;11181;Hash Join;5;Outer;;0;800;10000;2;0.04;1.4;355.1;108;0.0;0;0.08;3.49;0.014;0.014;Q7;11171;Nested Loop;4;Outer;;0;47115;38710;1;1.2171273572720227;4481.21;62578.93;124;0.0;0;36.449;209.155;0.032;0.032;Q7;11182;Seq Scan;6;Outer;;223;10000;0;0;1.0;0.0;323.0;8;10000.0;0;Q7;11183;Hash;6;Inner;;0;2;2;0;1.0;1.38;1.38;108;0.0;0;0.009;0.011;0.0;0.0;Q7;11179;Index Scan;5;Inner;;112600;1;0;0;1.66632923499658e-07;0.43;0.64;24;6001215.0;0;Q7
Q7_135_seed_1099340154;11186;Gather Merge;1;Outer;;0;6078;1961;0;3.0994390617032126;64308.27;65027.34;252;0.0;3;1173.55;1177.116;1170.861;1170.889;0.0;0.0;Q7;11187;Sort;2;Outer;;0;1961;1961;0;1.0;63308.23;63313.13;252;0.0;0;44.51;1170.299;0.0;0.0;Q7;11199;Hash Join;5;Outer;;0;800;10000;2;0.04;1.4;355.1;108;0.0;0;0.093;3.268;0.021;0.021;Q7;11189;Nested Loop;4;Outer;;0;47115;38710;1;1.2171273572720227;4481.21;62578.93;124;0.0;0;37.631;214.332;0.03;0.031;Q7;11200;Seq Scan;6;Outer;;223;10000;0;0;1.0;0.0;323.0;8;10000.0;0;Q7;11201;Hash;6;Inner;;0;2;2;0;1.0;1.38;1.38;108;0.0;0;0.016;0.017;0.0;0.0;Q7;11197;Index Scan;5;Inner;;112600;1;0;0;1.66632923499658e-07;0.43;0.64;24;6001215.0;0;Q7
Q7_136_seed_1107544185;11204;Gather Merge;1;Outer;;0;6078;1961;0;3.0994390617032126;64308.27;65027.34;252;0.0;3;1183.307;1187.4;1179.766;1179.793;0.0;0.0;Q7;11205;Sort;2;Outer;;0;1961;1961;0;1.0;63308.23;63313.13;252;0.0;0;41.63;1179.198;0.0;0.0;Q7;11217;Hash Join;5;Outer;;0;800;10000;2;0.04;1.4;355.1;108;0.0;0;0.075;1.803;0.012;0.013;Q7;11207;Nested Loop;4;Outer;;0;47115;38710;1;1.2171273572720227;4481.21;62578.93;124;0.0;0;36.931;213.205;0.032;0.032;Q7;11218;Seq Scan;6;Outer;;223;10000;0;0;1.0;0.0;323.0;8;10000.0;0;Q7;11219;Hash;6;Inner;;0;2;2;0;1.0;1.38;1.38;108;0.0;0;0.009;0.01;0.0;0.0;Q7;11215;Index Scan;5;Inner;;112600;1;0;0;1.66632923499658e-07;0.43;0.64;24;6001215.0;0;Q7
Q7_137_seed_1115748216;11222;Gather Merge;1;Outer;;0;6078;1961;0;3.0994390617032126;64308.27;65027.34;252;0.0;3;1165.518;1168.65;1163.099;1163.129;0.0;0.0;Q7;11223;Sort;2;Outer;;0;1961;1961;0;1.0;63308.23;63313.13;252;0.0;0;37.693;1162.523;0.0;0.0;Q7;11235;Hash Join;5;Outer;;0;800;10000;2;0.04;1.4;355.1;108;0.0;0;0.095;2.42;0.018;0.018;Q7;11225;Nested Loop;4;Outer;;0;47115;38710;1;1.2171273572720227;4481.21;62578.93;124;0.0;0;31.669;213.542;0.03;0.031;Q7;11236;Seq Scan;6;Outer;;223;10000;0;0;1.0;0.0;323.0;8;10000.0;0;Q7;11237;Hash;6;Inner;;0;2;2;0;1.0;1.38;1.38;108;0.0;0;0.013;0.014;0.0;0.0;Q7;11233;Index Scan;5;Inner;;112600;1;0;0;1.66632923499658e-07;0.43;0.64;24;6001215.0;0;Q7
Q7_138_seed_1123952247;11240;Gather Merge;1;Outer;;0;6078;1961;0;3.0994390617032126;64308.27;65027.34;252;0.0;3;1220.173;1225.213;1217.474;1217.507;0.0;0.0;Q7;11241;Sort;2;Outer;;0;1961;1961;0;1.0;63308.23;63313.13;252;0.0;0;44.029;1216.846;0.0;0.0;Q7;11253;Hash Join;5;Outer;;0;800;10000;2;0.04;1.4;355.1;108;0.0;0;0.079;2.853;0.013;0.013;Q7;11243;Nested Loop;4;Outer;;0;47115;38710;1;1.2171273572720227;4481.21;62578.93;124;0.0;0;36.072;213.453;0.033;0.033;Q7;11254;Seq Scan;6;Outer;;223;10000;0;0;1.0;0.0;323.0;8;10000.0;0;Q7;11255;Hash;6;Inner;;0;2;2;0;1.0;1.38;1.38;108;0.0;0;0.01;0.01;0.0;0.0;Q7;11251;Index Scan;5;Inner;;112600;1;0;0;1.66632923499658e-07;0.43;0.64;24;6001215.0;0;Q7
Q7_139_seed_1132156278;11258;Gather Merge;1;Outer;;0;6078;1961;0;3.0994390617032126;64308.27;65027.34;252;0.0;3;1210.627;1215.151;1207.996;1208.023;0.0;0.0;Q7;11259;Sort;2;Outer;;0;1961;1961;0;1.0;63308.23;63313.13;252;0.0;0;43.272;1207.416;0.0;0.0;Q7;11271;Hash Join;5;Outer;;0;800;10000;2;0.04;1.4;355.1;108;0.0;0;0.087;3.133;0.015;0.015;Q7;11261;Nested Loop;4;Outer;;0;47115;38710;1;1.2171273572720227;4481.21;62578.93;124;0.0;0;36.767;213.524;0.032;0.033;Q7;11272;Seq Scan;6;Outer;;223;10000;0;0;1.0;0.0;323.0;8;10000.0;0;Q7;11273;Hash;6;Inner;;0;2;2;0;1.0;1.38;1.38;108;0.0;0;0.011;0.012;0.0;0.0;Q7;11269;Index Scan;5;Inner;;112600;1;0;0;1.66632923499658e-07;0.43;0.64;24;6001215.0;0;Q7
Q7_13_seed_98448372;11276;Gather Merge;1;Outer;;0;6078;1961;0;3.0994390617032126;64308.27;65027.34;252;0.0;3;1190.627;1193.709;1188.047;1188.077;0.0;0.0;Q7;11277;Sort;2;Outer;;0;1961;1961;0;1.0;63308.23;63313.13;252;0.0;0;42.476;1187.457;0.0;0.0;Q7;11289;Hash Join;5;Outer;;0;800;10000;2;0.04;1.4;355.1;108;0.0;0;0.081;1.847;0.013;0.013;Q7;11279;Nested Loop;4;Outer;;0;47115;38710;1;1.2171273572720227;4481.21;62578.93;124;0.0;0;38.475;217.023;0.031;0.032;Q7;11290;Seq Scan;6;Outer;;223;10000;0;0;1.0;0.0;323.0;8;10000.0;0;Q7;11291;Hash;6;Inner;;0;2;2;0;1.0;1.38;1.38;108;0.0;0;0.008;0.009;0.0;0.0;Q7;11287;Index Scan;5;Inner;;112600;1;0;0;1.66632923499658e-07;0.43;0.64;24;6001215.0;0;Q7
Q7_140_seed_1140360309;11294;Gather Merge;1;Outer;;0;6078;1961;0;3.0994390617032126;64308.27;65027.34;252;0.0;3;1212.968;1216.008;1210.713;1210.742;0.0;0.0;Q7;11295;Sort;2;Outer;;0;1961;1961;0;1.0;63308.23;63313.13;252;0.0;0;45.857;1210.096;0.0;0.0;Q7;11307;Hash Join;5;Outer;;0;800;10000;2;0.04;1.4;355.1;108;0.0;0;0.083;3.197;0.015;0.015;Q7;11297;Nested Loop;4;Outer;;0;47115;38710;1;1.2171273572720227;4481.21;62578.93;124;0.0;0;38.604;213.543;0.032;0.032;Q7;11308;Seq Scan;6;Outer;;223;10000;0;0;1.0;0.0;323.0;8;10000.0;0;Q7;11309;Hash;6;Inner;;0;2;2;0;1.0;1.38;1.38;108;0.0;0;0.01;0.011;0.0;0.0;Q7;11305;Index Scan;5;Inner;;112600;1;0;0;1.66632923499658e-07;0.43;0.64;24;6001215.0;0;Q7
Q7_142_seed_1156768371;11330;Gather Merge;1;Outer;;0;6078;1961;0;3.0994390617032126;64308.27;65027.34;252;0.0;3;1204.426;1209.409;1201.816;1201.846;0.0;0.0;Q7;11331;Sort;2;Outer;;0;1961;1961;0;1.0;63308.23;63313.13;252;0.0;0;41.812;1201.187;0.0;0.0;Q7;11343;Hash Join;5;Outer;;0;800;10000;2;0.04;1.4;355.1;108;0.0;0;0.084;3.673;0.016;0.016;Q7;11333;Nested Loop;4;Outer;;0;47115;38710;1;1.2171273572720227;4481.21;62578.93;124;0.0;0;35.685;215.353;0.032;0.033;Q7;11344;Seq Scan;6;Outer;;223;10000;0;0;1.0;0.0;323.0;8;10000.0;0;Q7;11345;Hash;6;Inner;;0;2;2;0;1.0;1.38;1.38;108;0.0;0;0.01;0.011;0.0;0.0;Q7;11341;Index Scan;5;Inner;;112600;1;0;0;1.66632923499658e-07;0.43;0.64;24;6001215.0;0;Q7
Q7_143_seed_1164972402;11348;Gather Merge;1;Outer;;0;6078;1961;0;3.0994390617032126;64308.27;65027.34;252;0.0;3;1199.933;1203.068;1197.453;1197.483;0.0;0.0;Q7;11349;Sort;2;Outer;;0;1961;1961;0;1.0;63308.23;63313.13;252;0.0;0;44.651;1196.872;0.0;0.0;Q7;11361;Hash Join;5;Outer;;0;800;10000;2;0.04;1.4;355.1;108;0.0;0;0.082;3.358;0.012;0.013;Q7;11351;Nested Loop;4;Outer;;0;47115;38710;1;1.2171273572720227;4481.21;62578.93;124;0.0;0;38.953;212.262;0.032;0.033;Q7;11362;Seq Scan;6;Outer;;223;10000;0;0;1.0;0.0;323.0;8;10000.0;0;Q7;11363;Hash;6;Inner;;0;2;2;0;1.0;1.38;1.38;108;0.0;0;0.009;0.01;0.0;0.0;Q7;11359;Index Scan;5;Inner;;112600;1;0;0;1.66632923499658e-07;0.43;0.64;24;6001215.0;0;Q7
Q7_144_seed_1173176433;11366;Gather Merge;1;Outer;;0;6078;1961;0;3.0994390617032126;64308.27;65027.34;252;0.0;3;1190.433;1194.196;1188.723;1188.753;0.0;0.0;Q7;11367;Sort;2;Outer;;0;1961;1961;0;1.0;63308.23;63313.13;252;0.0;0;40.077;1188.088;0.0;0.0;Q7;11379;Hash Join;5;Outer;;0;800;10000;2;0.04;1.4;355.1;108;0.0;0;0.091;2.844;0.016;0.017;Q7;11369;Nested Loop;4;Outer;;0;47115;38710;1;1.2171273572720227;4481.21;62578.93;124;0.0;0;35.071;207.768;0.032;0.032;Q7;11380;Seq Scan;6;Outer;;223;10000;0;0;1.0;0.0;323.0;8;10000.0;0;Q7;11381;Hash;6;Inner;;0;2;2;0;1.0;1.38;1.38;108;0.0;0;0.012;0.014;0.0;0.0;Q7;11377;Index Scan;5;Inner;;112600;1;0;0;1.66632923499658e-07;0.43;0.64;24;6001215.0;0;Q7
Q7_145_seed_1181380464;11384;Gather Merge;1;Outer;;0;6078;1961;0;3.0994390617032126;64308.27;65027.34;252;0.0;3;1184.607;1187.781;1182.825;1182.853;0.0;0.0;Q7;11385;Sort;2;Outer;;0;1961;1961;0;1.0;63308.23;63313.13;252;0.0;0;42.537;1182.236;0.0;0.0;Q7;11397;Hash Join;5;Outer;;0;800;10000;2;0.04;1.4;355.1;108;0.0;0;0.082;2.769;0.016;0.016;Q7;11387;Nested Loop;4;Outer;;0;47115;38710;1;1.2171273572720227;4481.21;62578.93;124;0.0;0;37.009;214.119;0.031;0.032;Q7;11398;Seq Scan;6;Outer;;223;10000;0;0;1.0;0.0;323.0;8;10000.0;0;Q7;11399;Hash;6;Inner;;0;2;2;0;1.0;1.38;1.38;108;0.0;0;0.009;0.011;0.0;0.0;Q7;11395;Index Scan;5;Inner;;112600;1;0;0;1.66632923499658e-07;0.43;0.64;24;6001215.0;0;Q7
Q7_146_seed_1189584495;11402;Gather Merge;1;Outer;;0;6078;1961;0;3.0994390617032126;64308.27;65027.34;252;0.0;3;1178.612;1181.828;1176.857;1176.888;0.0;0.0;Q7;11403;Sort;2;Outer;;0;1961;1961;0;1.0;63308.23;63313.13;252;0.0;0;41.299;1176.213;0.0;0.0;Q7;11415;Hash Join;5;Outer;;0;800;10000;2;0.04;1.4;355.1;108;0.0;0;0.089;2.849;0.016;0.016;Q7;11405;Nested Loop;4;Outer;;0;47115;38710;1;1.2171273572720227;4481.21;62578.93;124;0.0;0;36.236;212.55;0.03;0.031;Q7;11416;Seq Scan;6;Outer;;223;10000;0;0;1.0;0.0;323.0;8;10000.0;0;Q7;11417;Hash;6;Inner;;0;2;2;0;1.0;1.38;1.38;108;0.0;0;0.011;0.012;0.0;0.0;Q7;11413;Index Scan;5;Inner;;112600;1;0;0;1.66632923499658e-07;0.43;0.64;24;6001215.0;0;Q7
Q7_147_seed_1197788526;11420;Gather Merge;1;Outer;;0;6078;1961;0;3.0994390617032126;64308.27;65027.34;252;0.0;3;1181.474;1185.74;1179.608;1179.635;0.0;0.0;Q7;11421;Sort;2;Outer;;0;1961;1961;0;1.0;63308.23;63313.13;252;0.0;0;43.875;1178.998;0.0;0.0;Q7;11433;Hash Join;5;Outer;;0;800;10000;2;0.04;1.4;355.1;108;0.0;0;0.073;4.2;0.017;0.017;Q7;11423;Nested Loop;4;Outer;;0;47115;38710;1;1.2171273572720227;4481.21;62578.93;124;0.0;0;36.661;214.127;0.031;0.032;Q7;11434;Seq Scan;6;Outer;;223;10000;0;0;1.0;0.0;323.0;8;10000.0;0;Q7;11435;Hash;6;Inner;;0;2;2;0;1.0;1.38;1.38;108;0.0;0;0.012;0.013;0.0;0.0;Q7;11431;Index Scan;5;Inner;;112600;1;0;0;1.66632923499658e-07;0.43;0.64;24;6001215.0;0;Q7
Q7_148_seed_1205992557;11438;Gather Merge;1;Outer;;0;6078;1961;0;3.0994390617032126;64308.27;65027.34;252;0.0;3;1217.094;1220.281;1212.15;1212.185;0.0;0.0;Q7;11439;Sort;2;Outer;;0;1961;1961;0;1.0;63308.23;63313.13;252;0.0;0;41.5;1211.54;0.0;0.0;Q7;11451;Hash Join;5;Outer;;0;800;10000;2;0.04;1.4;355.1;108;0.0;0;0.086;1.371;0.015;0.015;Q7;11441;Nested Loop;4;Outer;;0;47115;38710;1;1.2171273572720227;4481.21;62578.93;124;0.0;0;36.082;214.08;0.032;0.033;Q7;11452;Seq Scan;6;Outer;;223;10000;0;0;1.0;0.0;323.0;8;10000.0;0;Q7;11453;Hash;6;Inner;;0;2;2;0;1.0;1.38;1.38;108;0.0;0;0.011;0.012;0.0;0.0;Q7;11449;Index Scan;5;Inner;;112600;1;0;0;1.66632923499658e-07;0.43;0.64;24;6001215.0;0;Q7
Q7_149_seed_1214196588;11456;Gather Merge;1;Outer;;0;6078;1961;0;3.0994390617032126;64308.27;65027.34;252;0.0;3;1207.647;1210.818;1205.727;1205.756;0.0;0.0;Q7;11457;Sort;2;Outer;;0;1961;1961;0;1.0;63308.23;63313.13;252;0.0;0;42.304;1205.144;0.0;0.0;Q7;11469;Hash Join;5;Outer;;0;800;10000;2;0.04;1.4;355.1;108;0.0;0;0.12;3.501;0.014;0.014;Q7;11459;Nested Loop;4;Outer;;0;47115;38710;1;1.2171273572720227;4481.21;62578.93;124;0.0;0;36.844;215.099;0.032;0.033;Q7;11470;Seq Scan;6;Outer;;223;10000;0;0;1.0;0.0;323.0;8;10000.0;0;Q7;11471;Hash;6;Inner;;0;2;2;0;1.0;1.38;1.38;108;0.0;0;0.01;0.011;0.0;0.0;Q7;11467;Index Scan;5;Inner;;112600;1;0;0;1.66632923499658e-07;0.43;0.64;24;6001215.0;0;Q7
Q7_14_seed_106652403;11474;Gather Merge;1;Outer;;0;6078;1961;0;3.0994390617032126;64308.27;65027.34;252;0.0;3;1189.343;1192.509;1185.873;1185.903;0.0;0.0;Q7;11475;Sort;2;Outer;;0;1961;1961;0;1.0;63308.23;63313.13;252;0.0;0;44.215;1185.248;0.0;0.0;Q7;11487;Hash Join;5;Outer;;0;800;10000;2;0.04;1.4;355.1;108;0.0;0;0.074;2.01;0.012;0.012;Q7;11477;Nested Loop;4;Outer;;0;47115;38710;1;1.2171273572720227;4481.21;62578.93;124;0.0;0;37.526;214.366;0.031;0.032;Q7;11488;Seq Scan;6;Outer;;223;10000;0;0;1.0;0.0;323.0;8;10000.0;0;Q7;11489;Hash;6;Inner;;0;2;2;0;1.0;1.38;1.38;108;0.0;0;0.008;0.009;0.0;0.0;Q7;11485;Index Scan;5;Inner;;112600;1;0;0;1.66632923499658e-07;0.43;0.64;24;6001215.0;0;Q7
Q7_16_seed_123060465;11528;Gather Merge;1;Outer;;0;6078;1961;0;3.0994390617032126;64308.27;65027.34;252;0.0;3;1171.495;1177.773;1169.022;1169.049;0.0;0.0;Q7;11529;Sort;2;Outer;;0;1961;1961;0;1.0;63308.23;63313.13;252;0.0;0;40.67;1168.449;0.0;0.0;Q7;11541;Hash Join;5;Outer;;0;800;10000;2;0.04;1.4;355.1;108;0.0;0;0.083;2.701;0.017;0.017;Q7;11531;Nested Loop;4;Outer;;0;47115;38710;1;1.2171273572720227;4481.21;62578.93;124;0.0;0;35.782;208.366;0.031;0.032;Q7;11542;Seq Scan;6;Outer;;223;10000;0;0;1.0;0.0;323.0;8;10000.0;0;Q7;11543;Hash;6;Inner;;0;2;2;0;1.0;1.38;1.38;108;0.0;0;0.01;0.011;0.0;0.0;Q7;11539;Index Scan;5;Inner;;112600;1;0;0;1.66632923499658e-07;0.43;0.64;24;6001215.0;0;Q7
Q7_17_seed_131264496;11546;Gather Merge;1;Outer;;0;6078;1961;0;3.0994390617032126;64308.27;65027.34;252;0.0;3;1188.156;1191.293;1186.133;1186.163;0.0;0.0;Q7;11547;Sort;2;Outer;;0;1961;1961;0;1.0;63308.23;63313.13;252;0.0;0;43.541;1185.493;0.0;0.0;Q7;11559;Hash Join;5;Outer;;0;800;10000;2;0.04;1.4;355.1;108;0.0;0;0.083;2.955;0.014;0.014;Q7;11549;Nested Loop;4;Outer;;0;47115;38710;1;1.2171273572720227;4481.21;62578.93;124;0.0;0;38.632;216.154;0.031;0.032;Q7;11560;Seq Scan;6;Outer;;223;10000;0;0;1.0;0.0;323.0;8;10000.0;0;Q7;11561;Hash;6;Inner;;0;2;2;0;1.0;1.38;1.38;108;0.0;0;0.01;0.011;0.0;0.0;Q7;11557;Index Scan;5;Inner;;112600;1;0;0;1.66632923499658e-07;0.43;0.64;24;6001215.0;0;Q7
Q7_18_seed_139468527;11564;Gather Merge;1;Outer;;0;6078;1961;0;3.0994390617032126;64308.27;65027.34;252;0.0;3;1234.603;1237.858;1232.272;1232.302;0.0;0.0;Q7;11565;Sort;2;Outer;;0;1961;1961;0;1.0;63308.23;63313.13;252;0.0;0;49.828;1231.612;0.0;0.0;Q7;11577;Hash Join;5;Outer;;0;800;10000;2;0.04;1.4;355.1;108;0.0;0;0.083;3.327;0.017;0.017;Q7;11567;Nested Loop;4;Outer;;0;47115;38710;1;1.2171273572720227;4481.21;62578.93;124;0.0;0;42.407;220.483;0.032;0.033;Q7;11578;Seq Scan;6;Outer;;223;10000;0;0;1.0;0.0;323.0;8;10000.0;0;Q7;11579;Hash;6;Inner;;0;2;2;0;1.0;1.38;1.38;108;0.0;0;0.011;0.013;0.0;0.0;Q7;11575;Index Scan;5;Inner;;112600;1;0;0;1.66632923499658e-07;0.43;0.64;24;6001215.0;0;Q7
Q7_19_seed_147672558;11582;Gather Merge;1;Outer;;0;6078;1961;0;3.0994390617032126;64308.27;65027.34;252;0.0;3;1170.756;1173.987;1168.106;1168.136;0.0;0.0;Q7;11583;Sort;2;Outer;;0;1961;1961;0;1.0;63308.23;63313.13;252;0.0;0;45.538;1167.493;0.0;0.0;Q7;11595;Hash Join;5;Outer;;0;800;10000;2;0.04;1.4;355.1;108;0.0;0;0.081;2.995;0.015;0.015;Q7;11585;Nested Loop;4;Outer;;0;47115;38710;1;1.2171273572720227;4481.21;62578.93;124;0.0;0;37.707;211.048;0.03;0.031;Q7;11596;Seq Scan;6;Outer;;223;10000;0;0;1.0;0.0;323.0;8;10000.0;0;Q7;11597;Hash;6;Inner;;0;2;2;0;1.0;1.38;1.38;108;0.0;0;0.01;0.011;0.0;0.0;Q7;11593;Index Scan;5;Inner;;112600;1;0;0;1.66632923499658e-07;0.43;0.64;24;6001215.0;0;Q7
Q7_1_seed_0101000000;11600;Gather Merge;1;Outer;;0;6078;1961;0;3.0994390617032126;64308.27;65027.34;252;0.0;3;1162.934;1166.079;1160.329;1160.36;0.0;0.0;Q7;11601;Sort;2;Outer;;0;1961;1961;0;1.0;63308.23;63313.13;252;0.0;0;44.466;1159.767;0.0;0.0;Q7;11613;Hash Join;5;Outer;;0;800;10000;2;0.04;1.4;355.1;108;0.0;0;0.163;2.746;0.015;0.015;Q7;11603;Nested Loop;4;Outer;;0;47115;38710;1;1.2171273572720227;4481.21;62578.93;124;0.0;0;36.431;212.139;0.031;0.031;Q7;11614;Seq Scan;6;Outer;;223;10000;0;0;1.0;0.0;323.0;8;10000.0;0;Q7;11615;Hash;6;Inner;;0;2;2;0;1.0;1.38;1.38;108;0.0;0;0.01;0.011;0.0;0.0;Q7;11611;Index Scan;5;Inner;;112600;1;0;0;1.66632923499658e-07;0.43;0.64;24;6001215.0;0;Q7
Q7_20_seed_155876589;11618;Gather Merge;1;Outer;;0;6078;1961;0;3.0994390617032126;64308.27;65027.34;252;0.0;3;1211.475;1215.241;1208.583;1208.612;0.0;0.0;Q7;11619;Sort;2;Outer;;0;1961;1961;0;1.0;63308.23;63313.13;252;0.0;0;42.364;1207.955;0.0;0.0;Q7;11631;Hash Join;5;Outer;;0;800;10000;2;0.04;1.4;355.1;108;0.0;0;0.082;2.902;0.013;0.013;Q7;11621;Nested Loop;4;Outer;;0;47115;38710;1;1.2171273572720227;4481.21;62578.93;124;0.0;0;34.604;213.706;0.032;0.033;Q7;11632;Seq Scan;6;Outer;;223;10000;0;0;1.0;0.0;323.0;8;10000.0;0;Q7;11633;Hash;6;Inner;;0;2;2;0;1.0;1.38;1.38;108;0.0;0;0.009;0.01;0.0;0.0;Q7;11629;Index Scan;5;Inner;;112600;1;0;0;1.66632923499658e-07;0.43;0.64;24;6001215.0;0;Q7
Q7_21_seed_164080620;11636;Gather Merge;1;Outer;;0;6078;1961;0;3.0994390617032126;64308.27;65027.34;252;0.0;3;1205.847;1207.129;1203.637;1203.664;0.0;0.0;Q7;11637;Sort;2;Outer;;0;1961;1961;0;1.0;63308.23;63313.13;252;0.0;0;40.795;1203.085;0.0;0.0;Q7;11649;Hash Join;5;Outer;;0;800;10000;2;0.04;1.4;355.1;108;0.0;0;0.081;2.462;0.016;0.016;Q7;11639;Nested Loop;4;Outer;;0;47115;38710;1;1.2171273572720227;4481.21;62578.93;124;0.0;0;34.725;210.192;0.032;0.033;Q7;11650;Seq Scan;6;Outer;;223;10000;0;0;1.0;0.0;323.0;8;10000.0;0;Q7;11651;Hash;6;Inner;;0;2;2;0;1.0;1.38;1.38;108;0.0;0;0.012;0.013;0.0;0.0;Q7;11647;Index Scan;5;Inner;;112600;1;0;0;1.66632923499658e-07;0.43;0.64;24;6001215.0;0;Q7
Q7_23_seed_180488682;11672;Gather Merge;1;Outer;;0;6078;1961;0;3.0994390617032126;64308.27;65027.34;252;0.0;3;1167.375;1171.095;1165.29;1165.32;0.0;0.0;Q7;11673;Sort;2;Outer;;0;1961;1961;0;1.0;63308.23;63313.13;252;0.0;0;43.639;1164.69;0.0;0.0;Q7;11685;Hash Join;5;Outer;;0;800;10000;2;0.04;1.4;355.1;108;0.0;0;0.083;3.635;0.015;0.016;Q7;11675;Nested Loop;4;Outer;;0;47115;38710;1;1.2171273572720227;4481.21;62578.93;124;0.0;0;35.614;211.283;0.031;0.032;Q7;11686;Seq Scan;6;Outer;;223;10000;0;0;1.0;0.0;323.0;8;10000.0;0;Q7;11687;Hash;6;Inner;;0;2;2;0;1.0;1.38;1.38;108;0.0;0;0.01;0.012;0.0;0.0;Q7;11683;Index Scan;5;Inner;;112600;1;0;0;1.66632923499658e-07;0.43;0.64;24;6001215.0;0;Q7
Q7_24_seed_188692713;11690;Gather Merge;1;Outer;;0;6078;1961;0;3.0994390617032126;64308.27;65027.34;252;0.0;3;1189.131;1192.179;1186.454;1186.484;0.0;0.0;Q7;11691;Sort;2;Outer;;0;1961;1961;0;1.0;63308.23;63313.13;252;0.0;0;41.384;1185.814;0.0;0.0;Q7;11703;Hash Join;5;Outer;;0;800;10000;2;0.04;1.4;355.1;108;0.0;0;0.098;3.139;0.018;0.018;Q7;11693;Nested Loop;4;Outer;;0;47115;38710;1;1.2171273572720227;4481.21;62578.93;124;0.0;0;36.237;213.621;0.031;0.032;Q7;11704;Seq Scan;6;Outer;;223;10000;0;0;1.0;0.0;323.0;8;10000.0;0;Q7;11705;Hash;6;Inner;;0;2;2;0;1.0;1.38;1.38;108;0.0;0;0.013;0.015;0.0;0.0;Q7;11701;Index Scan;5;Inner;;112600;1;0;0;1.66632923499658e-07;0.43;0.64;24;6001215.0;0;Q7
Q7_25_seed_196896744;11708;Gather Merge;1;Outer;;0;6078;1961;0;3.0994390617032126;64308.27;65027.34;252;0.0;3;1208.045;1211.246;1204.448;1204.477;0.0;0.0;Q7;11709;Sort;2;Outer;;0;1961;1961;0;1.0;63308.23;63313.13;252;0.0;0;41.039;1203.816;0.0;0.0;Q7;11721;Hash Join;5;Outer;;0;800;10000;2;0.04;1.4;355.1;108;0.0;0;0.11;2.935;0.031;0.031;Q7;11711;Nested Loop;4;Outer;;0;47115;38710;1;1.2171273572720227;4481.21;62578.93;124;0.0;0;32.952;207.121;0.032;0.032;Q7;11722;Seq Scan;6;Outer;;223;10000;0;0;1.0;0.0;323.0;8;10000.0;0;Q7;11723;Hash;6;Inner;;0;2;2;0;1.0;1.38;1.38;108;0.0;0;0.023;0.025;0.0;0.0;Q7;11719;Index Scan;5;Inner;;112600;1;0;0;1.66632923499658e-07;0.43;0.64;24;6001215.0;0;Q7
Q7_28_seed_221508837;11762;Gather Merge;1;Outer;;0;6078;1961;0;3.0994390617032126;64308.27;65027.34;252;0.0;3;1201.666;1205.333;1199.377;1199.407;0.0;0.0;Q7;11763;Sort;2;Outer;;0;1961;1961;0;1.0;63308.23;63313.13;252;0.0;0;43.288;1198.715;0.0;0.0;Q7;11775;Hash Join;5;Outer;;0;800;10000;2;0.04;1.4;355.1;108;0.0;0;0.072;3.086;0.013;0.013;Q7;11765;Nested Loop;4;Outer;;0;47115;38710;1;1.2171273572720227;4481.21;62578.93;124;0.0;0;38.021;214.616;0.032;0.032;Q7;11776;Seq Scan;6;Outer;;223;10000;0;0;1.0;0.0;323.0;8;10000.0;0;Q7;11777;Hash;6;Inner;;0;2;2;0;1.0;1.38;1.38;108;0.0;0;0.009;0.01;0.0;0.0;Q7;11773;Index Scan;5;Inner;;112600;1;0;0;1.66632923499658e-07;0.43;0.64;24;6001215.0;0;Q7
Q7_29_seed_229712868;11780;Gather Merge;1;Outer;;0;6078;1961;0;3.0994390617032126;64308.27;65027.34;252;0.0;3;1179.101;1182.176;1176.991;1177.02;0.0;0.0;Q7;11781;Sort;2;Outer;;0;1961;1961;0;1.0;63308.23;63313.13;252;0.0;0;40.786;1176.419;0.0;0.0;Q7;11793;Hash Join;5;Outer;;0;800;10000;2;0.04;1.4;355.1;108;0.0;0;0.083;2.825;0.014;0.014;Q7;11783;Nested Loop;4;Outer;;0;47115;38710;1;1.2171273572720227;4481.21;62578.93;124;0.0;0;36.733;212.898;0.031;0.032;Q7;11794;Seq Scan;6;Outer;;223;10000;0;0;1.0;0.0;323.0;8;10000.0;0;Q7;11795;Hash;6;Inner;;0;2;2;0;1.0;1.38;1.38;108;0.0;0;0.01;0.011;0.0;0.0;Q7;11791;Index Scan;5;Inner;;112600;1;0;0;1.66632923499658e-07;0.43;0.64;24;6001215.0;0;Q7
Q7_2_seed_8204031;11798;Gather Merge;1;Outer;;0;6078;1961;0;3.0994390617032126;64308.27;65027.34;252;0.0;3;1194.128;1197.171;1191.019;1191.048;0.0;0.0;Q7;11799;Sort;2;Outer;;0;1961;1961;0;1.0;63308.23;63313.13;252;0.0;0;45.218;1190.412;0.0;0.0;Q7;11811;Hash Join;5;Outer;;0;800;10000;2;0.04;1.4;355.1;108;0.0;0;0.12;4.97;0.015;0.015;Q7;11801;Nested Loop;4;Outer;;0;47115;38710;1;1.2171273572720227;4481.21;62578.93;124;0.0;0;37.434;214.432;0.031;0.032;Q7;11812;Seq Scan;6;Outer;;223;10000;0;0;1.0;0.0;323.0;8;10000.0;0;Q7;11813;Hash;6;Inner;;0;2;2;0;1.0;1.38;1.38;108;0.0;0;0.01;0.011;0.0;0.0;Q7;11809;Index Scan;5;Inner;;112600;1;0;0;1.66632923499658e-07;0.43;0.64;24;6001215.0;0;Q7
Q7_31_seed_246120930;11834;Gather Merge;1;Outer;;0;6078;1961;0;3.0994390617032126;64308.27;65027.34;252;0.0;3;1217.285;1220.516;1215.349;1215.379;0.0;0.0;Q7;11835;Sort;2;Outer;;0;1961;1961;0;1.0;63308.23;63313.13;252;0.0;0;45.157;1214.75;0.0;0.0;Q7;11847;Hash Join;5;Outer;;0;800;10000;2;0.04;1.4;355.1;108;0.0;0;0.086;2.998;0.017;0.017;Q7;11837;Nested Loop;4;Outer;;0;47115;38710;1;1.2171273572720227;4481.21;62578.93;124;0.0;0;40.3;217.419;0.032;0.033;Q7;11848;Seq Scan;6;Outer;;223;10000;0;0;1.0;0.0;323.0;8;10000.0;0;Q7;11849;Hash;6;Inner;;0;2;2;0;1.0;1.38;1.38;108;0.0;0;0.01;0.012;0.0;0.0;Q7;11845;Index Scan;5;Inner;;112600;1;0;0;1.66632923499658e-07;0.43;0.64;24;6001215.0;0;Q7
Q7_32_seed_254324961;11852;Gather Merge;1;Outer;;0;6078;1961;0;3.0994390617032126;64308.27;65027.34;252;0.0;3;1171.891;1177.824;1169.655;1169.683;0.0;0.0;Q7;11853;Sort;2;Outer;;0;1961;1961;0;1.0;63308.23;63313.13;252;0.0;0;40.952;1169.064;0.0;0.0;Q7;11865;Hash Join;5;Outer;;0;800;10000;2;0.04;1.4;355.1;108;0.0;0;0.084;2.377;0.014;0.014;Q7;11855;Nested Loop;4;Outer;;0;47115;38710;1;1.2171273572720227;4481.21;62578.93;124;0.0;0;34.441;208.728;0.03;0.031;Q7;11866;Seq Scan;6;Outer;;223;10000;0;0;1.0;0.0;323.0;8;10000.0;0;Q7;11867;Hash;6;Inner;;0;2;2;0;1.0;1.38;1.38;108;0.0;0;0.01;0.011;0.0;0.0;Q7;11863;Index Scan;5;Inner;;112600;1;0;0;1.66632923499658e-07;0.43;0.64;24;6001215.0;0;Q7
Q7_34_seed_270733023;11888;Gather Merge;1;Outer;;0;6078;1961;0;3.0994390617032126;64308.27;65027.34;252;0.0;3;1171.018;1174.153;1168.474;1168.506;0.0;0.0;Q7;11889;Sort;2;Outer;;0;1961;1961;0;1.0;63308.23;63313.13;252;0.0;0;43.811;1167.868;0.0;0.0;Q7;11901;Hash Join;5;Outer;;0;800;10000;2;0.04;1.4;355.1;108;0.0;0;0.085;2.433;0.016;0.016;Q7;11891;Nested Loop;4;Outer;;0;47115;38710;1;1.2171273572720227;4481.21;62578.93;124;0.0;0;37.906;216.123;0.031;0.032;Q7;11902;Seq Scan;6;Outer;;223;10000;0;0;1.0;0.0;323.0;8;10000.0;0;Q7;11903;Hash;6;Inner;;0;2;2;0;1.0;1.38;1.38;108;0.0;0;0.011;0.013;0.0;0.0;Q7;11899;Index Scan;5;Inner;;112600;1;0;0;1.66632923499658e-07;0.43;0.64;24;6001215.0;0;Q7
Q7_36_seed_287141085;11924;Gather Merge;1;Outer;;0;6078;1961;0;3.0994390617032126;64308.27;65027.34;252;0.0;3;1203.107;1206.8;1200.38;1200.41;0.0;0.0;Q7;11925;Sort;2;Outer;;0;1961;1961;0;1.0;63308.23;63313.13;252;0.0;0;41.978;1199.76;0.0;0.0;Q7;11937;Hash Join;5;Outer;;0;800;10000;2;0.04;1.4;355.1;108;0.0;0;0.085;2.967;0.013;0.013;Q7;11927;Nested Loop;4;Outer;;0;47115;38710;1;1.2171273572720227;4481.21;62578.93;124;0.0;0;34.561;211.745;0.031;0.032;Q7;11938;Seq Scan;6;Outer;;223;10000;0;0;1.0;0.0;323.0;8;10000.0;0;Q7;11939;Hash;6;Inner;;0;2;2;0;1.0;1.38;1.38;108;0.0;0;0.008;0.01;0.0;0.0;Q7;11935;Index Scan;5;Inner;;112600;1;0;0;1.66632923499658e-07;0.43;0.64;24;6001215.0;0;Q7
Q7_37_seed_295345116;11942;Gather Merge;1;Outer;;0;6078;1961;0;3.0994390617032126;64308.27;65027.34;252;0.0;3;1191.346;1194.799;1189.054;1189.082;0.0;0.0;Q7;11943;Sort;2;Outer;;0;1961;1961;0;1.0;63308.23;63313.13;252;0.0;0;45.824;1188.498;0.0;0.0;Q7;11955;Hash Join;5;Outer;;0;800;10000;2;0.04;1.4;355.1;108;0.0;0;0.083;3.526;0.016;0.016;Q7;11945;Nested Loop;4;Outer;;0;47115;38710;1;1.2171273572720227;4481.21;62578.93;124;0.0;0;38.011;215.455;0.031;0.032;Q7;11956;Seq Scan;6;Outer;;223;10000;0;0;1.0;0.0;323.0;8;10000.0;0;Q7;11957;Hash;6;Inner;;0;2;2;0;1.0;1.38;1.38;108;0.0;0;0.012;0.013;0.0;0.0;Q7;11953;Index Scan;5;Inner;;112600;1;0;0;1.66632923499658e-07;0.43;0.64;24;6001215.0;0;Q7
Q7_38_seed_303549147;11960;Gather Merge;1;Outer;;0;6078;1961;0;3.0994390617032126;64308.27;65027.34;252;0.0;3;1209.071;1212.266;1205.965;1205.993;0.0;0.0;Q7;11961;Sort;2;Outer;;0;1961;1961;0;1.0;63308.23;63313.13;252;0.0;0;39.082;1205.378;0.0;0.0;Q7;11973;Hash Join;5;Outer;;0;800;10000;2;0.04;1.4;355.1;108;0.0;0;0.082;1.571;0.013;0.014;Q7;11963;Nested Loop;4;Outer;;0;47115;38710;1;1.2171273572720227;4481.21;62578.93;124;0.0;0;35.032;211.814;0.032;0.032;Q7;11974;Seq Scan;6;Outer;;223;10000;0;0;1.0;0.0;323.0;8;10000.0;0;Q7;11975;Hash;6;Inner;;0;2;2;0;1.0;1.38;1.38;108;0.0;0;0.009;0.01;0.0;0.0;Q7;11971;Index Scan;5;Inner;;112600;1;0;0;1.66632923499658e-07;0.43;0.64;24;6001215.0;0;Q7
Q7_3_seed_16408062;11996;Gather Merge;1;Outer;;0;6078;1961;0;3.0994390617032126;64308.27;65027.34;252;0.0;3;1193.627;1196.791;1190.473;1190.502;0.0;0.0;Q7;11997;Sort;2;Outer;;0;1961;1961;0;1.0;63308.23;63313.13;252;0.0;0;42.921;1189.869;0.0;0.0;Q7;12009;Hash Join;5;Outer;;0;800;10000;2;0.04;1.4;355.1;108;0.0;0;0.085;1.865;0.013;0.014;Q7;11999;Nested Loop;4;Outer;;0;47115;38710;1;1.2171273572720227;4481.21;62578.93;124;0.0;0;36.11;214.218;0.031;0.032;Q7;12010;Seq Scan;6;Outer;;223;10000;0;0;1.0;0.0;323.0;8;10000.0;0;Q7;12011;Hash;6;Inner;;0;2;2;0;1.0;1.38;1.38;108;0.0;0;0.01;0.011;0.0;0.0;Q7;12007;Index Scan;5;Inner;;112600;1;0;0;1.66632923499658e-07;0.43;0.64;24;6001215.0;0;Q7
Q7_40_seed_319957209;12014;Gather Merge;1;Outer;;0;6078;1961;0;3.0994390617032126;64308.27;65027.34;252;0.0;3;1217.467;1221.08;1214.897;1214.926;0.0;0.0;Q7;12015;Sort;2;Outer;;0;1961;1961;0;1.0;63308.23;63313.13;252;0.0;0;42.044;1214.304;0.0;0.0;Q7;12027;Hash Join;5;Outer;;0;800;10000;2;0.04;1.4;355.1;108;0.0;0;0.083;3.28;0.015;0.015;Q7;12017;Nested Loop;4;Outer;;0;47115;38710;1;1.2171273572720227;4481.21;62578.93;124;0.0;0;35.785;216.637;0.032;0.032;Q7;12028;Seq Scan;6;Outer;;223;10000;0;0;1.0;0.0;323.0;8;10000.0;0;Q7;12029;Hash;6;Inner;;0;2;2;0;1.0;1.38;1.38;108;0.0;0;0.01;0.012;0.0;0.0;Q7;12025;Index Scan;5;Inner;;112600;1;0;0;1.66632923499658e-07;0.43;0.64;24;6001215.0;0;Q7
Q7_41_seed_328161240;12032;Gather Merge;1;Outer;;0;6078;1961;0;3.0994390617032126;64308.27;65027.34;252;0.0;3;1198.04;1201.096;1195.347;1195.379;0.0;0.0;Q7;12033;Sort;2;Outer;;0;1961;1961;0;1.0;63308.23;63313.13;252;0.0;0;43.284;1194.215;0.0;0.0;Q7;12045;Hash Join;5;Outer;;0;800;10000;2;0.04;1.4;355.1;108;0.0;0;0.087;2.141;0.015;0.015;Q7;12035;Nested Loop;4;Outer;;0;47115;38710;1;1.2171273572720227;4481.21;62578.93;124;0.0;0;38.133;216.089;0.031;0.032;Q7;12046;Seq Scan;6;Outer;;223;10000;0;0;1.0;0.0;323.0;8;10000.0;0;Q7;12047;Hash;6;Inner;;0;2;2;0;1.0;1.38;1.38;108;0.0;0;0.01;0.011;0.0;0.0;Q7;12043;Index Scan;5;Inner;;112600;1;0;0;1.66632923499658e-07;0.43;0.64;24;6001215.0;0;Q7
Q7_42_seed_336365271;12050;Gather Merge;1;Outer;;0;6078;1961;0;3.0994390617032126;64308.27;65027.34;252;0.0;3;1186.454;1191.338;1184.364;1184.394;0.0;0.0;Q7;12051;Sort;2;Outer;;0;1961;1961;0;1.0;63308.23;63313.13;252;0.0;0;43.966;1183.799;0.0;0.0;Q7;12063;Hash Join;5;Outer;;0;800;10000;2;0.04;1.4;355.1;108;0.0;0;0.088;3.328;0.017;0.017;Q7;12053;Nested Loop;4;Outer;;0;47115;38710;1;1.2171273572720227;4481.21;62578.93;124;0.0;0;38.512;215.186;0.032;0.032;Q7;12064;Seq Scan;6;Outer;;223;10000;0;0;1.0;0.0;323.0;8;10000.0;0;Q7;12065;Hash;6;Inner;;0;2;2;0;1.0;1.38;1.38;108;0.0;0;0.013;0.014;0.0;0.0;Q7;12061;Index Scan;5;Inner;;112600;1;0;0;1.66632923499658e-07;0.43;0.64;24;6001215.0;0;Q7
Q7_43_seed_344569302;12068;Gather Merge;1;Outer;;0;6078;1961;0;3.0994390617032126;64308.27;65027.34;252;0.0;3;1178.489;1181.521;1175.608;1175.637;0.0;0.0;Q7;12069;Sort;2;Outer;;0;1961;1961;0;1.0;63308.23;63313.13;252;0.0;0;42.194;1175.015;0.0;0.0;Q7;12081;Hash Join;5;Outer;;0;800;10000;2;0.04;1.4;355.1;108;0.0;0;0.082;6.924;0.014;0.014;Q7;12071;Nested Loop;4;Outer;;0;47115;38710;1;1.2171273572720227;4481.21;62578.93;124;0.0;0;33.16;212.508;0.031;0.031;Q7;12082;Seq Scan;6;Outer;;223;10000;0;0;1.0;0.0;323.0;8;10000.0;0;Q7;12083;Hash;6;Inner;;0;2;2;0;1.0;1.38;1.38;108;0.0;0;0.009;0.01;0.0;0.0;Q7;12079;Index Scan;5;Inner;;112600;1;0;0;1.66632923499658e-07;0.43;0.64;24;6001215.0;0;Q7
Q7_44_seed_352773333;12086;Gather Merge;1;Outer;;0;6078;1961;0;3.0994390617032126;64308.27;65027.34;252;0.0;3;1238.833;1241.975;1235.725;1235.755;0.0;0.0;Q7;12087;Sort;2;Outer;;0;1961;1961;0;1.0;63308.23;63313.13;252;0.0;0;40.186;1235.078;0.0;0.0;Q7;12099;Hash Join;5;Outer;;0;800;10000;2;0.04;1.4;355.1;108;0.0;0;0.153;2.925;0.012;0.013;Q7;12089;Nested Loop;4;Outer;;0;47115;38710;1;1.2171273572720227;4481.21;62578.93;124;0.0;0;35.267;216.778;0.034;0.034;Q7;12100;Seq Scan;6;Outer;;223;10000;0;0;1.0;0.0;323.0;8;10000.0;0;Q7;12101;Hash;6;Inner;;0;2;2;0;1.0;1.38;1.38;108;0.0;0;0.008;0.01;0.0;0.0;Q7;12097;Index Scan;5;Inner;;112600;1;0;0;1.66632923499658e-07;0.43;0.64;24;6001215.0;0;Q7
Q7_45_seed_360977364;12104;Gather Merge;1;Outer;;0;6078;1961;0;3.0994390617032126;64308.27;65027.34;252;0.0;3;1218.656;1222.487;1216.368;1216.397;0.0;0.0;Q7;12105;Sort;2;Outer;;0;1961;1961;0;1.0;63308.23;63313.13;252;0.0;0;45.812;1215.762;0.0;0.0;Q7;12117;Hash Join;5;Outer;;0;800;10000;2;0.04;1.4;355.1;108;0.0;0;0.085;4.65;0.015;0.015;Q7;12107;Nested Loop;4;Outer;;0;47115;38710;1;1.2171273572720227;4481.21;62578.93;124;0.0;0;39.205;216.148;0.032;0.033;Q7;12118;Seq Scan;6;Outer;;223;10000;0;0;1.0;0.0;323.0;8;10000.0;0;Q7;12119;Hash;6;Inner;;0;2;2;0;1.0;1.38;1.38;108;0.0;0;0.01;0.012;0.0;0.0;Q7;12115;Index Scan;5;Inner;;112600;1;0;0;1.66632923499658e-07;0.43;0.64;24;6001215.0;0;Q7
Q7_46_seed_369181395;12122;Gather Merge;1;Outer;;0;6078;1961;0;3.0994390617032126;64308.27;65027.34;252;0.0;3;1184.485;1189.94;1181.685;1181.719;0.0;0.0;Q7;12123;Sort;2;Outer;;0;1961;1961;0;1.0;63308.23;63313.13;252;0.0;0;42.819;1181.014;0.0;0.0;Q7;12135;Hash Join;5;Outer;;0;800;10000;2;0.04;1.4;355.1;108;0.0;0;0.084;2.342;0.013;0.014;Q7;12125;Nested Loop;4;Outer;;0;47115;38710;1;1.2171273572720227;4481.21;62578.93;124;0.0;0;37.565;218.435;0.031;0.032;Q7;12136;Seq Scan;6;Outer;;223;10000;0;0;1.0;0.0;323.0;8;10000.0;0;Q7;12137;Hash;6;Inner;;0;2;2;0;1.0;1.38;1.38;108;0.0;0;0.009;0.011;0.0;0.0;Q7;12133;Index Scan;5;Inner;;112600;1;0;0;1.66632923499658e-07;0.43;0.64;24;6001215.0;0;Q7
Q7_47_seed_377385426;12140;Gather Merge;1;Outer;;0;6078;1961;0;3.0994390617032126;64308.27;65027.34;252;0.0;3;1198.141;1201.355;1196.117;1196.146;0.0;0.0;Q7;12141;Sort;2;Outer;;0;1961;1961;0;1.0;63308.23;63313.13;252;0.0;0;40.597;1195.52;0.0;0.0;Q7;12153;Hash Join;5;Outer;;0;800;10000;2;0.04;1.4;355.1;108;0.0;0;0.083;3.052;0.015;0.015;Q7;12143;Nested Loop;4;Outer;;0;47115;38710;1;1.2171273572720227;4481.21;62578.93;124;0.0;0;36.055;209.826;0.032;0.032;Q7;12154;Seq Scan;6;Outer;;223;10000;0;0;1.0;0.0;323.0;8;10000.0;0;Q7;12155;Hash;6;Inner;;0;2;2;0;1.0;1.38;1.38;108;0.0;0;0.011;0.012;0.0;0.0;Q7;12151;Index Scan;5;Inner;;112600;1;0;0;1.66632923499658e-07;0.43;0.64;24;6001215.0;0;Q7
Q7_48_seed_385589457;12158;Gather Merge;1;Outer;;0;6078;1961;0;3.0994390617032126;64308.27;65027.34;252;0.0;3;1213.144;1216.589;1210.081;1210.108;0.0;0.0;Q7;12159;Sort;2;Outer;;0;1961;1961;0;1.0;63308.23;63313.13;252;0.0;0;44.478;1209.44;0.0;0.0;Q7;12171;Hash Join;5;Outer;;0;800;10000;2;0.04;1.4;355.1;108;0.0;0;0.082;3.424;0.014;0.014;Q7;12161;Nested Loop;4;Outer;;0;47115;38710;1;1.2171273572720227;4481.21;62578.93;124;0.0;0;37.243;215.396;0.032;0.032;Q7;12172;Seq Scan;6;Outer;;223;10000;0;0;1.0;0.0;323.0;8;10000.0;0;Q7;12173;Hash;6;Inner;;0;2;2;0;1.0;1.38;1.38;108;0.0;0;0.009;0.01;0.0;0.0;Q7;12169;Index Scan;5;Inner;;112600;1;0;0;1.66632923499658e-07;0.43;0.64;24;6001215.0;0;Q7
Q7_49_seed_393793488;12176;Gather Merge;1;Outer;;0;6078;1961;0;3.0994390617032126;64308.27;65027.34;252;0.0;3;1186.42;1189.548;1183.274;1183.304;0.0;0.0;Q7;12177;Sort;2;Outer;;0;1961;1961;0;1.0;63308.23;63313.13;252;0.0;0;43.991;1182.631;0.0;0.0;Q7;12189;Hash Join;5;Outer;;0;800;10000;2;0.04;1.4;355.1;108;0.0;0;0.08;6.09;0.013;0.013;Q7;12179;Nested Loop;4;Outer;;0;47115;38710;1;1.2171273572720227;4481.21;62578.93;124;0.0;0;35.637;210.917;0.031;0.032;Q7;12190;Seq Scan;6;Outer;;223;10000;0;0;1.0;0.0;323.0;8;10000.0;0;Q7;12191;Hash;6;Inner;;0;2;2;0;1.0;1.38;1.38;108;0.0;0;0.008;0.01;0.0;0.0;Q7;12187;Index Scan;5;Inner;;112600;1;0;0;1.66632923499658e-07;0.43;0.64;24;6001215.0;0;Q7
Q7_4_seed_24612093;12194;Gather Merge;1;Outer;;0;6078;1961;0;3.0994390617032126;64308.27;65027.34;252;0.0;3;1205.895;1209.217;1203.61;1203.638;0.0;0.0;Q7;12195;Sort;2;Outer;;0;1961;1961;0;1.0;63308.23;63313.13;252;0.0;0;43.662;1203.001;0.0;0.0;Q7;12207;Hash Join;5;Outer;;0;800;10000;2;0.04;1.4;355.1;108;0.0;0;0.07;2.992;0.014;0.014;Q7;12197;Nested Loop;4;Outer;;0;47115;38710;1;1.2171273572720227;4481.21;62578.93;124;0.0;0;37.18;213.68;0.032;0.032;Q7;12208;Seq Scan;6;Outer;;223;10000;0;0;1.0;0.0;323.0;8;10000.0;0;Q7;12209;Hash;6;Inner;;0;2;2;0;1.0;1.38;1.38;108;0.0;0;0.009;0.01;0.0;0.0;Q7;12205;Index Scan;5;Inner;;112600;1;0;0;1.66632923499658e-07;0.43;0.64;24;6001215.0;0;Q7
Q7_50_seed_401997519;12212;Gather Merge;1;Outer;;0;6078;1961;0;3.0994390617032126;64308.27;65027.34;252;0.0;3;1218.277;1221.457;1216.02;1216.05;0.0;0.0;Q7;12213;Sort;2;Outer;;0;1961;1961;0;1.0;63308.23;63313.13;252;0.0;0;36.42;1215.403;0.0;0.0;Q7;12225;Hash Join;5;Outer;;0;800;10000;2;0.04;1.4;355.1;108;0.0;0;0.085;2.5;0.016;0.016;Q7;12215;Nested Loop;4;Outer;;0;47115;38710;1;1.2171273572720227;4481.21;62578.93;124;0.0;0;32.118;205.329;0.033;0.033;Q7;12226;Seq Scan;6;Outer;;223;10000;0;0;1.0;0.0;323.0;8;10000.0;0;Q7;12227;Hash;6;Inner;;0;2;2;0;1.0;1.38;1.38;108;0.0;0;0.012;0.013;0.0;0.0;Q7;12223;Index Scan;5;Inner;;112600;1;0;0;1.66632923499658e-07;0.43;0.64;24;6001215.0;0;Q7
Q7_51_seed_410201550;12230;Gather Merge;1;Outer;;0;6078;1961;0;3.0994390617032126;64308.27;65027.34;252;0.0;3;1197.309;1201.073;1194.75;1194.778;0.0;0.0;Q7;12231;Sort;2;Outer;;0;1961;1961;0;1.0;63308.23;63313.13;252;0.0;0;43.56;1194.11;0.0;0.0;Q7;12243;Hash Join;5;Outer;;0;800;10000;2;0.04;1.4;355.1;108;0.0;0;0.151;4.256;0.015;0.015;Q7;12233;Nested Loop;4;Outer;;0;47115;38710;1;1.2171273572720227;4481.21;62578.93;124;0.0;0;36.507;216.197;0.032;0.032;Q7;12244;Seq Scan;6;Outer;;223;10000;0;0;1.0;0.0;323.0;8;10000.0;0;Q7;12245;Hash;6;Inner;;0;2;2;0;1.0;1.38;1.38;108;0.0;0;0.01;0.012;0.0;0.0;Q7;12241;Index Scan;5;Inner;;112600;1;0;0;1.66632923499658e-07;0.43;0.64;24;6001215.0;0;Q7
Q7_52_seed_418405581;12248;Gather Merge;1;Outer;;0;6078;1961;0;3.0994390617032126;64308.27;65027.34;252;0.0;3;1203.534;1206.74;1200.757;1200.787;0.0;0.0;Q7;12249;Sort;2;Outer;;0;1961;1961;0;1.0;63308.23;63313.13;252;0.0;0;42.053;1200.163;0.0;0.0;Q7;12261;Hash Join;5;Outer;;0;800;10000;2;0.04;1.4;355.1;108;0.0;0;0.085;1.965;0.017;0.017;Q7;12251;Nested Loop;4;Outer;;0;47115;38710;1;1.2171273572720227;4481.21;62578.93;124;0.0;0;38.893;213.954;0.032;0.033;Q7;12262;Seq Scan;6;Outer;;223;10000;0;0;1.0;0.0;323.0;8;10000.0;0;Q7;12263;Hash;6;Inner;;0;2;2;0;1.0;1.38;1.38;108;0.0;0;0.012;0.014;0.0;0.0;Q7;12259;Index Scan;5;Inner;;112600;1;0;0;1.66632923499658e-07;0.43;0.64;24;6001215.0;0;Q7
Q7_53_seed_426609612;12266;Gather Merge;1;Outer;;0;6078;1961;0;3.0994390617032126;64308.27;65027.34;252;0.0;3;1193.927;1197.123;1191.745;1191.776;0.0;0.0;Q7;12267;Sort;2;Outer;;0;1961;1961;0;1.0;63308.23;63313.13;252;0.0;0;43.451;1191.153;0.0;0.0;Q7;12279;Hash Join;5;Outer;;0;800;10000;2;0.04;1.4;355.1;108;0.0;0;0.084;3.059;0.017;0.017;Q7;12269;Nested Loop;4;Outer;;0;47115;38710;1;1.2171273572720227;4481.21;62578.93;124;0.0;0;38.475;214.482;0.032;0.032;Q7;12280;Seq Scan;6;Outer;;223;10000;0;0;1.0;0.0;323.0;8;10000.0;0;Q7;12281;Hash;6;Inner;;0;2;2;0;1.0;1.38;1.38;108;0.0;0;0.012;0.013;0.0;0.0;Q7;12277;Index Scan;5;Inner;;112600;1;0;0;1.66632923499658e-07;0.43;0.64;24;6001215.0;0;Q7
Q7_54_seed_434813643;12284;Gather Merge;1;Outer;;0;6078;1961;0;3.0994390617032126;64308.27;65027.34;252;0.0;3;1213.885;1217.182;1211.494;1211.524;0.0;0.0;Q7;12285;Sort;2;Outer;;0;1961;1961;0;1.0;63308.23;63313.13;252;0.0;0;41.602;1210.855;0.0;0.0;Q7;12297;Hash Join;5;Outer;;0;800;10000;2;0.04;1.4;355.1;108;0.0;0;0.081;2.38;0.013;0.013;Q7;12287;Nested Loop;4;Outer;;0;47115;38710;1;1.2171273572720227;4481.21;62578.93;124;0.0;0;37.13;219.212;0.031;0.032;Q7;12298;Seq Scan;6;Outer;;223;10000;0;0;1.0;0.0;323.0;8;10000.0;0;Q7;12299;Hash;6;Inner;;0;2;2;0;1.0;1.38;1.38;108;0.0;0;0.009;0.01;0.0;0.0;Q7;12295;Index Scan;5;Inner;;112600;1;0;0;1.66632923499658e-07;0.43;0.64;24;6001215.0;0;Q7
Q7_55_seed_443017674;12302;Gather Merge;1;Outer;;0;6078;1961;0;3.0994390617032126;64308.27;65027.34;252;0.0;3;1235.038;1238.286;1232.074;1232.105;0.0;0.0;Q7;12303;Sort;2;Outer;;0;1961;1961;0;1.0;63308.23;63313.13;252;0.0;0;44.306;1231.464;0.0;0.0;Q7;12315;Hash Join;5;Outer;;0;800;10000;2;0.04;1.4;355.1;108;0.0;0;0.151;2.781;0.014;0.015;Q7;12305;Nested Loop;4;Outer;;0;47115;38710;1;1.2171273572720227;4481.21;62578.93;124;0.0;0;37.861;217.389;0.033;0.034;Q7;12316;Seq Scan;6;Outer;;223;10000;0;0;1.0;0.0;323.0;8;10000.0;0;Q7;12317;Hash;6;Inner;;0;2;2;0;1.0;1.38;1.38;108;0.0;0;0.011;0.011;0.0;0.0;Q7;12313;Index Scan;5;Inner;;112600;1;0;0;1.66632923499658e-07;0.43;0.64;24;6001215.0;0;Q7
Q7_56_seed_451221705;12320;Gather Merge;1;Outer;;0;6078;1961;0;3.0994390617032126;64308.27;65027.34;252;0.0;3;1198.16;1201.144;1195.388;1195.419;0.0;0.0;Q7;12321;Sort;2;Outer;;0;1961;1961;0;1.0;63308.23;63313.13;252;0.0;0;41.173;1194.794;0.0;0.0;Q7;12333;Hash Join;5;Outer;;0;800;10000;2;0.04;1.4;355.1;108;0.0;0;0.079;2.129;0.02;0.02;Q7;12323;Nested Loop;4;Outer;;0;47115;38710;1;1.2171273572720227;4481.21;62578.93;124;0.0;0;35.886;213.429;0.032;0.033;Q7;12334;Seq Scan;6;Outer;;223;10000;0;0;1.0;0.0;323.0;8;10000.0;0;Q7;12335;Hash;6;Inner;;0;2;2;0;1.0;1.38;1.38;108;0.0;0;0.013;0.016;0.0;0.0;Q7;12331;Index Scan;5;Inner;;112600;1;0;0;1.66632923499658e-07;0.43;0.64;24;6001215.0;0;Q7
Q7_57_seed_459425736;12338;Gather Merge;1;Outer;;0;6078;1961;0;3.0994390617032126;64308.27;65027.34;252;0.0;3;1211.099;1214.233;1209.226;1209.254;0.0;0.0;Q7;12339;Sort;2;Outer;;0;1961;1961;0;1.0;63308.23;63313.13;252;0.0;0;42.707;1208.636;0.0;0.0;Q7;12351;Hash Join;5;Outer;;0;800;10000;2;0.04;1.4;355.1;108;0.0;0;0.085;3.257;0.015;0.015;Q7;12341;Nested Loop;4;Outer;;0;47115;38710;1;1.2171273572720227;4481.21;62578.93;124;0.0;0;37.3;222.58;0.032;0.033;Q7;12352;Seq Scan;6;Outer;;223;10000;0;0;1.0;0.0;323.0;8;10000.0;0;Q7;12353;Hash;6;Inner;;0;2;2;0;1.0;1.38;1.38;108;0.0;0;0.01;0.012;0.0;0.0;Q7;12349;Index Scan;5;Inner;;112600;1;0;0;1.66632923499658e-07;0.43;0.64;24;6001215.0;0;Q7
Q7_58_seed_467629767;12356;Gather Merge;1;Outer;;0;6078;1961;0;3.0994390617032126;64308.27;65027.34;252;0.0;3;1192.915;1196.055;1191.277;1191.307;0.0;0.0;Q7;12357;Sort;2;Outer;;0;1961;1961;0;1.0;63308.23;63313.13;252;0.0;0;43.6;1190.601;0.0;0.0;Q7;12369;Hash Join;5;Outer;;0;800;10000;2;0.04;1.4;355.1;108;0.0;0;0.082;3.377;0.015;0.015;Q7;12359;Nested Loop;4;Outer;;0;47115;38710;1;1.2171273572720227;4481.21;62578.93;124;0.0;0;35.188;213.067;0.031;0.032;Q7;12370;Seq Scan;6;Outer;;223;10000;0;0;1.0;0.0;323.0;8;10000.0;0;Q7;12371;Hash;6;Inner;;0;2;2;0;1.0;1.38;1.38;108;0.0;0;0.011;0.012;0.0;0.0;Q7;12367;Index Scan;5;Inner;;112600;1;0;0;1.66632923499658e-07;0.43;0.64;24;6001215.0;0;Q7
Q7_5_seed_32816124;12392;Gather Merge;1;Outer;;0;6078;1961;0;3.0994390617032126;64308.27;65027.34;252;0.0;3;1216.949;1220.042;1214.527;1214.555;0.0;0.0;Q7;12393;Sort;2;Outer;;0;1961;1961;0;1.0;63308.23;63313.13;252;0.0;0;41.698;1213.89;0.0;0.0;Q7;12405;Hash Join;5;Outer;;0;800;10000;2;0.04;1.4;355.1;108;0.0;0;0.083;2.393;0.014;0.014;Q7;12395;Nested Loop;4;Outer;;0;47115;38710;1;1.2171273572720227;4481.21;62578.93;124;0.0;0;36.67;215.683;0.032;0.033;Q7;12406;Seq Scan;6;Outer;;223;10000;0;0;1.0;0.0;323.0;8;10000.0;0;Q7;12407;Hash;6;Inner;;0;2;2;0;1.0;1.38;1.38;108;0.0;0;0.009;0.011;0.0;0.0;Q7;12403;Index Scan;5;Inner;;112600;1;0;0;1.66632923499658e-07;0.43;0.64;24;6001215.0;0;Q7
Q7_60_seed_484037829;12410;Gather Merge;1;Outer;;0;6078;1961;0;3.0994390617032126;64308.27;65027.34;252;0.0;3;1175.193;1178.274;1172.692;1172.72;0.0;0.0;Q7;12411;Sort;2;Outer;;0;1961;1961;0;1.0;63308.23;63313.13;252;0.0;0;44.903;1172.104;0.0;0.0;Q7;12423;Hash Join;5;Outer;;0;800;10000;2;0.04;1.4;355.1;108;0.0;0;0.082;2.988;0.015;0.015;Q7;12413;Nested Loop;4;Outer;;0;47115;38710;1;1.2171273572720227;4481.21;62578.93;124;0.0;0;39.058;216.926;0.031;0.031;Q7;12424;Seq Scan;6;Outer;;223;10000;0;0;1.0;0.0;323.0;8;10000.0;0;Q7;12425;Hash;6;Inner;;0;2;2;0;1.0;1.38;1.38;108;0.0;0;0.01;0.012;0.0;0.0;Q7;12421;Index Scan;5;Inner;;112600;1;0;0;1.66632923499658e-07;0.43;0.64;24;6001215.0;0;Q7
Q7_61_seed_492241860;12428;Gather Merge;1;Outer;;0;6078;1961;0;3.0994390617032126;64308.27;65027.34;252;0.0;3;1191.862;1195.505;1189.174;1189.204;0.0;0.0;Q7;12429;Sort;2;Outer;;0;1961;1961;0;1.0;63308.23;63313.13;252;0.0;0;42.698;1188.581;0.0;0.0;Q7;12441;Hash Join;5;Outer;;0;800;10000;2;0.04;1.4;355.1;108;0.0;0;0.082;2.498;0.013;0.014;Q7;12431;Nested Loop;4;Outer;;0;47115;38710;1;1.2171273572720227;4481.21;62578.93;124;0.0;0;36.621;211.316;0.031;0.032;Q7;12442;Seq Scan;6;Outer;;223;10000;0;0;1.0;0.0;323.0;8;10000.0;0;Q7;12443;Hash;6;Inner;;0;2;2;0;1.0;1.38;1.38;108;0.0;0;0.01;0.011;0.0;0.0;Q7;12439;Index Scan;5;Inner;;112600;1;0;0;1.66632923499658e-07;0.43;0.64;24;6001215.0;0;Q7
Q7_63_seed_508649922;12464;Gather Merge;1;Outer;;0;6078;1961;0;3.0994390617032126;64308.27;65027.34;252;0.0;3;1196.725;1202.249;1193.578;1193.607;0.0;0.0;Q7;12465;Sort;2;Outer;;0;1961;1961;0;1.0;63308.23;63313.13;252;0.0;0;43.122;1193.006;0.0;0.0;Q7;12477;Hash Join;5;Outer;;0;800;10000;2;0.04;1.4;355.1;108;0.0;0;0.082;3.591;0.016;0.016;Q7;12467;Nested Loop;4;Outer;;0;47115;38710;1;1.2171273572720227;4481.21;62578.93;124;0.0;0;37.261;224.636;0.031;0.032;Q7;12478;Seq Scan;6;Outer;;223;10000;0;0;1.0;0.0;323.0;8;10000.0;0;Q7;12479;Hash;6;Inner;;0;2;2;0;1.0;1.38;1.38;108;0.0;0;0.012;0.013;0.0;0.0;Q7;12475;Index Scan;5;Inner;;112600;1;0;0;1.66632923499658e-07;0.43;0.64;24;6001215.0;0;Q7
Q7_65_seed_525057984;12500;Gather Merge;1;Outer;;0;6078;1961;0;3.0994390617032126;64308.27;65027.34;252;0.0;3;1200.218;1203.735;1197.983;1198.013;0.0;0.0;Q7;12501;Sort;2;Outer;;0;1961;1961;0;1.0;63308.23;63313.13;252;0.0;0;43.764;1197.392;0.0;0.0;Q7;12513;Hash Join;5;Outer;;0;800;10000;2;0.04;1.4;355.1;108;0.0;0;0.092;3.238;0.016;0.016;Q7;12503;Nested Loop;4;Outer;;0;47115;38710;1;1.2171273572720227;4481.21;62578.93;124;0.0;0;37.345;217.195;0.031;0.032;Q7;12514;Seq Scan;6;Outer;;223;10000;0;0;1.0;0.0;323.0;8;10000.0;0;Q7;12515;Hash;6;Inner;;0;2;2;0;1.0;1.38;1.38;108;0.0;0;0.012;0.013;0.0;0.0;Q7;12511;Index Scan;5;Inner;;112600;1;0;0;1.66632923499658e-07;0.43;0.64;24;6001215.0;0;Q7
Q7_66_seed_533262015;12518;Gather Merge;1;Outer;;0;6078;1961;0;3.0994390617032126;64308.27;65027.34;252;0.0;3;1206.544;1209.901;1203.749;1203.777;0.0;0.0;Q7;12519;Sort;2;Outer;;0;1961;1961;0;1.0;63308.23;63313.13;252;0.0;0;41.078;1203.106;0.0;0.0;Q7;12531;Hash Join;5;Outer;;0;800;10000;2;0.04;1.4;355.1;108;0.0;0;0.08;2.213;0.012;0.013;Q7;12521;Nested Loop;4;Outer;;0;47115;38710;1;1.2171273572720227;4481.21;62578.93;124;0.0;0;37.498;214.099;0.032;0.033;Q7;12532;Seq Scan;6;Outer;;223;10000;0;0;1.0;0.0;323.0;8;10000.0;0;Q7;12533;Hash;6;Inner;;0;2;2;0;1.0;1.38;1.38;108;0.0;0;0.008;0.009;0.0;0.0;Q7;12529;Index Scan;5;Inner;;112600;1;0;0;1.66632923499658e-07;0.43;0.64;24;6001215.0;0;Q7
Q7_67_seed_541466046;12536;Gather Merge;1;Outer;;0;6078;1961;0;3.0994390617032126;64308.27;65027.34;252;0.0;3;1188.004;1193.458;1184.997;1185.028;0.0;0.0;Q7;12537;Sort;2;Outer;;0;1961;1961;0;1.0;63308.23;63313.13;252;0.0;0;38.707;1184.376;0.0;0.0;Q7;12549;Hash Join;5;Outer;;0;800;10000;2;0.04;1.4;355.1;108;0.0;0;0.095;2.548;0.013;0.013;Q7;12539;Nested Loop;4;Outer;;0;47115;38710;1;1.2171273572720227;4481.21;62578.93;124;0.0;0;33.92;210.517;0.032;0.032;Q7;12550;Seq Scan;6;Outer;;223;10000;0;0;1.0;0.0;323.0;8;10000.0;0;Q7;12551;Hash;6;Inner;;0;2;2;0;1.0;1.38;1.38;108;0.0;0;0.008;0.01;0.0;0.0;Q7;12547;Index Scan;5;Inner;;112600;1;0;0;1.66632923499658e-07;0.43;0.64;24;6001215.0;0;Q7
Q7_68_seed_549670077;12554;Gather Merge;1;Outer;;0;6078;1961;0;3.0994390617032126;64308.27;65027.34;252;0.0;3;1187.469;1190.459;1184.608;1184.638;0.0;0.0;Q7;12555;Sort;2;Outer;;0;1961;1961;0;1.0;63308.23;63313.13;252;0.0;0;43.697;1184.013;0.0;0.0;Q7;12567;Hash Join;5;Outer;;0;800;10000;2;0.04;1.4;355.1;108;0.0;0;0.156;2.658;0.019;0.019;Q7;12557;Nested Loop;4;Outer;;0;47115;38710;1;1.2171273572720227;4481.21;62578.93;124;0.0;0;37.563;213.48;0.032;0.032;Q7;12568;Seq Scan;6;Outer;;223;10000;0;0;1.0;0.0;323.0;8;10000.0;0;Q7;12569;Hash;6;Inner;;0;2;2;0;1.0;1.38;1.38;108;0.0;0;0.014;0.015;0.0;0.0;Q7;12565;Index Scan;5;Inner;;112600;1;0;0;1.66632923499658e-07;0.43;0.64;24;6001215.0;0;Q7
Q7_69_seed_557874108;12572;Gather Merge;1;Outer;;0;6078;1961;0;3.0994390617032126;64308.27;65027.34;252;0.0;3;1181.409;1185.199;1179.226;1179.259;0.0;0.0;Q7;12573;Sort;2;Outer;;0;1961;1961;0;1.0;63308.23;63313.13;252;0.0;0;38.413;1178.581;0.0;0.0;Q7;12585;Hash Join;5;Outer;;0;800;10000;2;0.04;1.4;355.1;108;0.0;0;0.084;3.587;0.015;0.016;Q7;12575;Nested Loop;4;Outer;;0;47115;38710;1;1.2171273572720227;4481.21;62578.93;124;0.0;0;33.168;206.576;0.031;0.032;Q7;12586;Seq Scan;6;Outer;;223;10000;0;0;1.0;0.0;323.0;8;10000.0;0;Q7;12587;Hash;6;Inner;;0;2;2;0;1.0;1.38;1.38;108;0.0;0;0.01;0.011;0.0;0.0;Q7;12583;Index Scan;5;Inner;;112600;1;0;0;1.66632923499658e-07;0.43;0.64;24;6001215.0;0;Q7
Q7_6_seed_41020155;12590;Gather Merge;1;Outer;;0;6078;1961;0;3.0994390617032126;64308.27;65027.34;252;0.0;3;1190.488;1194.454;1188.36;1188.39;0.0;0.0;Q7;12591;Sort;2;Outer;;0;1961;1961;0;1.0;63308.23;63313.13;252;0.0;0;42.166;1187.765;0.0;0.0;Q7;12603;Hash Join;5;Outer;;0;800;10000;2;0.04;1.4;355.1;108;0.0;0;0.085;2.834;0.015;0.015;Q7;12593;Nested Loop;4;Outer;;0;47115;38710;1;1.2171273572720227;4481.21;62578.93;124;0.0;0;37.333;216.694;0.031;0.032;Q7;12604;Seq Scan;6;Outer;;223;10000;0;0;1.0;0.0;323.0;8;10000.0;0;Q7;12605;Hash;6;Inner;;0;2;2;0;1.0;1.38;1.38;108;0.0;0;0.012;0.012;0.0;0.0;Q7;12601;Index Scan;5;Inner;;112600;1;0;0;1.66632923499658e-07;0.43;0.64;24;6001215.0;0;Q7
Q7_70_seed_566078139;12608;Gather Merge;1;Outer;;0;6078;1961;0;3.0994390617032126;64308.27;65027.34;252;0.0;3;1202.956;1206.219;1201.286;1201.314;0.0;0.0;Q7;12609;Sort;2;Outer;;0;1961;1961;0;1.0;63308.23;63313.13;252;0.0;0;45.216;1200.713;0.0;0.0;Q7;12621;Hash Join;5;Outer;;0;800;10000;2;0.04;1.4;355.1;108;0.0;0;0.086;3.345;0.016;0.016;Q7;12611;Nested Loop;4;Outer;;0;47115;38710;1;1.2171273572720227;4481.21;62578.93;124;0.0;0;37.802;213.915;0.031;0.032;Q7;12622;Seq Scan;6;Outer;;223;10000;0;0;1.0;0.0;323.0;8;10000.0;0;Q7;12623;Hash;6;Inner;;0;2;2;0;1.0;1.38;1.38;108;0.0;0;0.011;0.012;0.0;0.0;Q7;12619;Index Scan;5;Inner;;112600;1;0;0;1.66632923499658e-07;0.43;0.64;24;6001215.0;0;Q7
Q7_72_seed_582486201;12644;Gather Merge;1;Outer;;0;6078;1961;0;3.0994390617032126;64308.27;65027.34;252;0.0;3;1196.058;1199.24;1193.608;1193.639;0.0;0.0;Q7;12645;Sort;2;Outer;;0;1961;1961;0;1.0;63308.23;63313.13;252;0.0;0;44.423;1192.983;0.0;0.0;Q7;12657;Hash Join;5;Outer;;0;800;10000;2;0.04;1.4;355.1;108;0.0;0;0.085;3.097;0.016;0.016;Q7;12647;Nested Loop;4;Outer;;0;47115;38710;1;1.2171273572720227;4481.21;62578.93;124;0.0;0;39.192;214.932;0.031;0.032;Q7;12658;Seq Scan;6;Outer;;223;10000;0;0;1.0;0.0;323.0;8;10000.0;0;Q7;12659;Hash;6;Inner;;0;2;2;0;1.0;1.38;1.38;108;0.0;0;0.012;0.012;0.0;0.0;Q7;12655;Index Scan;5;Inner;;112600;1;0;0;1.66632923499658e-07;0.43;0.64;24;6001215.0;0;Q7
Q7_73_seed_590690232;12662;Gather Merge;1;Outer;;0;6078;1961;0;3.0994390617032126;64308.27;65027.34;252;0.0;3;1206.878;1210.441;1203.577;1203.605;0.0;0.0;Q7;12663;Sort;2;Outer;;0;1961;1961;0;1.0;63308.23;63313.13;252;0.0;0;40.524;1202.98;0.0;0.0;Q7;12675;Hash Join;5;Outer;;0;800;10000;2;0.04;1.4;355.1;108;0.0;0;0.094;2.325;0.016;0.016;Q7;12665;Nested Loop;4;Outer;;0;47115;38710;1;1.2171273572720227;4481.21;62578.93;124;0.0;0;35.032;211.416;0.032;0.033;Q7;12676;Seq Scan;6;Outer;;223;10000;0;0;1.0;0.0;323.0;8;10000.0;0;Q7;12677;Hash;6;Inner;;0;2;2;0;1.0;1.38;1.38;108;0.0;0;0.01;0.012;0.0;0.0;Q7;12673;Index Scan;5;Inner;;112600;1;0;0;1.66632923499658e-07;0.43;0.64;24;6001215.0;0;Q7
Q7_74_seed_598894263;12680;Gather Merge;1;Outer;;0;6078;1961;0;3.0994390617032126;64308.27;65027.34;252;0.0;3;1167.527;1171.486;1164.728;1164.757;0.0;0.0;Q7;12681;Sort;2;Outer;;0;1961;1961;0;1.0;63308.23;63313.13;252;0.0;0;45.674;1164.167;0.0;0.0;Q7;12693;Hash Join;5;Outer;;0;800;10000;2;0.04;1.4;355.1;108;0.0;0;0.159;2.866;0.015;0.015;Q7;12683;Nested Loop;4;Outer;;0;47115;38710;1;1.2171273572720227;4481.21;62578.93;124;0.0;0;39.752;213.936;0.031;0.031;Q7;12694;Seq Scan;6;Outer;;223;10000;0;0;1.0;0.0;323.0;8;10000.0;0;Q7;12695;Hash;6;Inner;;0;2;2;0;1.0;1.38;1.38;108;0.0;0;0.011;0.012;0.0;0.0;Q7;12691;Index Scan;5;Inner;;112600;1;0;0;1.66632923499658e-07;0.43;0.64;24;6001215.0;0;Q7
Q7_75_seed_607098294;12698;Gather Merge;1;Outer;;0;6078;1961;0;3.0994390617032126;64308.27;65027.34;252;0.0;3;1191.744;1194.806;1189.178;1189.208;0.0;0.0;Q7;12699;Sort;2;Outer;;0;1961;1961;0;1.0;63308.23;63313.13;252;0.0;0;45.399;1188.577;0.0;0.0;Q7;12711;Hash Join;5;Outer;;0;800;10000;2;0.04;1.4;355.1;108;0.0;0;0.08;2.587;0.013;0.013;Q7;12701;Nested Loop;4;Outer;;0;47115;38710;1;1.2171273572720227;4481.21;62578.93;124;0.0;0;37.76;211.246;0.032;0.032;Q7;12712;Seq Scan;6;Outer;;223;10000;0;0;1.0;0.0;323.0;8;10000.0;0;Q7;12713;Hash;6;Inner;;0;2;2;0;1.0;1.38;1.38;108;0.0;0;0.009;0.01;0.0;0.0;Q7;12709;Index Scan;5;Inner;;112600;1;0;0;1.66632923499658e-07;0.43;0.64;24;6001215.0;0;Q7
Q7_76_seed_615302325;12716;Gather Merge;1;Outer;;0;6078;1961;0;3.0994390617032126;64308.27;65027.34;252;0.0;3;1249.708;1253.154;1247.423;1247.453;0.0;0.0;Q7;12717;Sort;2;Outer;;0;1961;1961;0;1.0;63308.23;63313.13;252;0.0;0;41.666;1246.805;0.0;0.0;Q7;12729;Hash Join;5;Outer;;0;800;10000;2;0.04;1.4;355.1;108;0.0;0;0.082;2.934;0.014;0.015;Q7;12719;Nested Loop;4;Outer;;0;47115;38710;1;1.2171273572720227;4481.21;62578.93;124;0.0;0;35.532;217.801;0.033;0.033;Q7;12730;Seq Scan;6;Outer;;223;10000;0;0;1.0;0.0;323.0;8;10000.0;0;Q7;12731;Hash;6;Inner;;0;2;2;0;1.0;1.38;1.38;108;0.0;0;0.01;0.011;0.0;0.0;Q7;12727;Index Scan;5;Inner;;112600;1;0;0;1.66632923499658e-07;0.43;0.64;24;6001215.0;0;Q7
Q7_77_seed_623506356;12734;Gather Merge;1;Outer;;0;6078;1961;0;3.0994390617032126;64308.27;65027.34;252;0.0;3;1173.977;1177.925;1171.913;1171.946;0.0;0.0;Q7;12735;Sort;2;Outer;;0;1961;1961;0;1.0;63308.23;63313.13;252;0.0;0;33.657;1171.287;0.0;0.0;Q7;12747;Hash Join;5;Outer;;0;800;10000;2;0.04;1.4;355.1;108;0.0;0;0.088;2.258;0.016;0.017;Q7;12737;Nested Loop;4;Outer;;0;47115;38710;1;1.2171273572720227;4481.21;62578.93;124;0.0;0;29.324;203.783;0.031;0.032;Q7;12748;Seq Scan;6;Outer;;223;10000;0;0;1.0;0.0;323.0;8;10000.0;0;Q7;12749;Hash;6;Inner;;0;2;2;0;1.0;1.38;1.38;108;0.0;0;0.012;0.012;0.0;0.0;Q7;12745;Index Scan;5;Inner;;112600;1;0;0;1.66632923499658e-07;0.43;0.64;24;6001215.0;0;Q7
Q7_78_seed_631710387;12752;Gather Merge;1;Outer;;0;6078;1961;0;3.0994390617032126;64308.27;65027.34;252;0.0;3;1217.047;1220.622;1214.597;1214.627;0.0;0.0;Q7;12753;Sort;2;Outer;;0;1961;1961;0;1.0;63308.23;63313.13;252;0.0;0;46.978;1214.03;0.0;0.0;Q7;12765;Hash Join;5;Outer;;0;800;10000;2;0.04;1.4;355.1;108;0.0;0;0.085;3.73;0.016;0.016;Q7;12755;Nested Loop;4;Outer;;0;47115;38710;1;1.2171273572720227;4481.21;62578.93;124;0.0;0;39.2;217.143;0.032;0.033;Q7;12766;Seq Scan;6;Outer;;223;10000;0;0;1.0;0.0;323.0;8;10000.0;0;Q7;12767;Hash;6;Inner;;0;2;2;0;1.0;1.38;1.38;108;0.0;0;0.01;0.012;0.0;0.0;Q7;12763;Index Scan;5;Inner;;112600;1;0;0;1.66632923499658e-07;0.43;0.64;24;6001215.0;0;Q7
Q7_79_seed_639914418;12770;Gather Merge;1;Outer;;0;6078;1961;0;3.0994390617032126;64308.27;65027.34;252;0.0;3;1206.013;1209.759;1203.932;1203.96;0.0;0.0;Q7;12771;Sort;2;Outer;;0;1961;1961;0;1.0;63308.23;63313.13;252;0.0;0;43.684;1203.368;0.0;0.0;Q7;12783;Hash Join;5;Outer;;0;800;10000;2;0.04;1.4;355.1;108;0.0;0;0.083;3.501;0.015;0.015;Q7;12773;Nested Loop;4;Outer;;0;47115;38710;1;1.2171273572720227;4481.21;62578.93;124;0.0;0;36.423;213.412;0.032;0.033;Q7;12784;Seq Scan;6;Outer;;223;10000;0;0;1.0;0.0;323.0;8;10000.0;0;Q7;12785;Hash;6;Inner;;0;2;2;0;1.0;1.38;1.38;108;0.0;0;0.01;0.012;0.0;0.0;Q7;12781;Index Scan;5;Inner;;112600;1;0;0;1.66632923499658e-07;0.43;0.64;24;6001215.0;0;Q7
Q7_81_seed_656322480;12824;Gather Merge;1;Outer;;0;6078;1961;0;3.0994390617032126;64308.27;65027.34;252;0.0;3;1211.768;1215.483;1209.195;1209.223;0.0;0.0;Q7;12825;Sort;2;Outer;;0;1961;1961;0;1.0;63308.23;63313.13;252;0.0;0;42.832;1208.627;0.0;0.0;Q7;12837;Hash Join;5;Outer;;0;800;10000;2;0.04;1.4;355.1;108;0.0;0;0.083;2.937;0.015;0.015;Q7;12827;Nested Loop;4;Outer;;0;47115;38710;1;1.2171273572720227;4481.21;62578.93;124;0.0;0;37.427;213.496;0.032;0.032;Q7;12838;Seq Scan;6;Outer;;223;10000;0;0;1.0;0.0;323.0;8;10000.0;0;Q7;12839;Hash;6;Inner;;0;2;2;0;1.0;1.38;1.38;108;0.0;0;0.01;0.011;0.0;0.0;Q7;12835;Index Scan;5;Inner;;112600;1;0;0;1.66632923499658e-07;0.43;0.64;24;6001215.0;0;Q7
Q7_82_seed_664526511;12842;Gather Merge;1;Outer;;0;6078;1961;0;3.0994390617032126;64308.27;65027.34;252;0.0;3;1179.166;1182.252;1176.735;1176.765;0.0;0.0;Q7;12843;Sort;2;Outer;;0;1961;1961;0;1.0;63308.23;63313.13;252;0.0;0;38.24;1176.173;0.0;0.0;Q7;12855;Hash Join;5;Outer;;0;800;10000;2;0.04;1.4;355.1;108;0.0;0;0.084;2.491;0.015;0.015;Q7;12845;Nested Loop;4;Outer;;0;47115;38710;1;1.2171273572720227;4481.21;62578.93;124;0.0;0;32.835;210.542;0.031;0.032;Q7;12856;Seq Scan;6;Outer;;223;10000;0;0;1.0;0.0;323.0;8;10000.0;0;Q7;12857;Hash;6;Inner;;0;2;2;0;1.0;1.38;1.38;108;0.0;0;0.011;0.012;0.0;0.0;Q7;12853;Index Scan;5;Inner;;112600;1;0;0;1.66632923499658e-07;0.43;0.64;24;6001215.0;0;Q7
Q7_85_seed_689138604;12896;Gather Merge;1;Outer;;0;6078;1961;0;3.0994390617032126;64308.27;65027.34;252;0.0;3;1208.205;1211.188;1205.9;1205.93;0.0;0.0;Q7;12897;Sort;2;Outer;;0;1961;1961;0;1.0;63308.23;63313.13;252;0.0;0;42.086;1205.281;0.0;0.0;Q7;12909;Hash Join;5;Outer;;0;800;10000;2;0.04;1.4;355.1;108;0.0;0;0.083;2.93;0.013;0.014;Q7;12899;Nested Loop;4;Outer;;0;47115;38710;1;1.2171273572720227;4481.21;62578.93;124;0.0;0;36.517;212.725;0.033;0.033;Q7;12910;Seq Scan;6;Outer;;223;10000;0;0;1.0;0.0;323.0;8;10000.0;0;Q7;12911;Hash;6;Inner;;0;2;2;0;1.0;1.38;1.38;108;0.0;0;0.01;0.011;0.0;0.0;Q7;12907;Index Scan;5;Inner;;112600;1;0;0;1.66632923499658e-07;0.43;0.64;24;6001215.0;0;Q7
Q7_86_seed_697342635;12914;Gather Merge;1;Outer;;0;6078;1961;0;3.0994390617032126;64308.27;65027.34;252;0.0;3;1201.733;1205.991;1199.192;1199.22;0.0;0.0;Q7;12915;Sort;2;Outer;;0;1961;1961;0;1.0;63308.23;63313.13;252;0.0;0;42.513;1198.622;0.0;0.0;Q7;12927;Hash Join;5;Outer;;0;800;10000;2;0.04;1.4;355.1;108;0.0;0;0.077;2.58;0.017;0.017;Q7;12917;Nested Loop;4;Outer;;0;47115;38710;1;1.2171273572720227;4481.21;62578.93;124;0.0;0;37.765;212.637;0.032;0.033;Q7;12928;Seq Scan;6;Outer;;223;10000;0;0;1.0;0.0;323.0;8;10000.0;0;Q7;12929;Hash;6;Inner;;0;2;2;0;1.0;1.38;1.38;108;0.0;0;0.013;0.014;0.0;0.0;Q7;12925;Index Scan;5;Inner;;112600;1;0;0;1.66632923499658e-07;0.43;0.64;24;6001215.0;0;Q7
Q7_87_seed_705546666;12932;Gather Merge;1;Outer;;0;6078;1961;0;3.0994390617032126;64308.27;65027.34;252;0.0;3;1179.257;1182.409;1177.05;1177.08;0.0;0.0;Q7;12933;Sort;2;Outer;;0;1961;1961;0;1.0;63308.23;63313.13;252;0.0;0;36.698;1176.441;0.0;0.0;Q7;12945;Hash Join;5;Outer;;0;800;10000;2;0.04;1.4;355.1;108;0.0;0;0.086;2.709;0.013;0.013;Q7;12935;Nested Loop;4;Outer;;0;47115;38710;1;1.2171273572720227;4481.21;62578.93;124;0.0;0;31.928;205.691;0.031;0.031;Q7;12946;Seq Scan;6;Outer;;223;10000;0;0;1.0;0.0;323.0;8;10000.0;0;Q7;12947;Hash;6;Inner;;0;2;2;0;1.0;1.38;1.38;108;0.0;0;0.01;0.011;0.0;0.0;Q7;12943;Index Scan;5;Inner;;112600;1;0;0;1.66632923499658e-07;0.43;0.64;24;6001215.0;0;Q7
Q7_88_seed_713750697;12950;Gather Merge;1;Outer;;0;6078;1961;0;3.0994390617032126;64308.27;65027.34;252;0.0;3;1195.08;1198.178;1193.176;1193.207;0.0;0.0;Q7;12951;Sort;2;Outer;;0;1961;1961;0;1.0;63308.23;63313.13;252;0.0;0;41.588;1192.567;0.0;0.0;Q7;12963;Hash Join;5;Outer;;0;800;10000;2;0.04;1.4;355.1;108;0.0;0;0.085;3.494;0.019;0.019;Q7;12953;Nested Loop;4;Outer;;0;47115;38710;1;1.2171273572720227;4481.21;62578.93;124;0.0;0;36.806;212.263;0.032;0.033;Q7;12964;Seq Scan;6;Outer;;223;10000;0;0;1.0;0.0;323.0;8;10000.0;0;Q7;12965;Hash;6;Inner;;0;2;2;0;1.0;1.38;1.38;108;0.0;0;0.012;0.014;0.0;0.0;Q7;12961;Index Scan;5;Inner;;112600;1;0;0;1.66632923499658e-07;0.43;0.64;24;6001215.0;0;Q7
Q7_89_seed_721954728;12968;Gather Merge;1;Outer;;0;6078;1961;0;3.0994390617032126;64308.27;65027.34;252;0.0;3;1235.849;1238.966;1232.882;1232.913;0.0;0.0;Q7;12969;Sort;2;Outer;;0;1961;1961;0;1.0;63308.23;63313.13;252;0.0;0;43.99;1232.177;0.0;0.0;Q7;12981;Hash Join;5;Outer;;0;800;10000;2;0.04;1.4;355.1;108;0.0;0;0.075;2.529;0.013;0.013;Q7;12971;Nested Loop;4;Outer;;0;47115;38710;1;1.2171273572720227;4481.21;62578.93;124;0.0;0;37.051;216.649;0.033;0.033;Q7;12982;Seq Scan;6;Outer;;223;10000;0;0;1.0;0.0;323.0;8;10000.0;0;Q7;12983;Hash;6;Inner;;0;2;2;0;1.0;1.38;1.38;108;0.0;0;0.008;0.01;0.0;0.0;Q7;12979;Index Scan;5;Inner;;112600;1;0;0;1.66632923499658e-07;0.43;0.64;24;6001215.0;0;Q7
Q7_8_seed_57428217;12986;Gather Merge;1;Outer;;0;6078;1961;0;3.0994390617032126;64308.27;65027.34;252;0.0;3;1171.865;1175.501;1169.244;1169.274;0.0;0.0;Q7;12987;Sort;2;Outer;;0;1961;1961;0;1.0;63308.23;63313.13;252;0.0;0;38.995;1168.633;0.0;0.0;Q7;12999;Hash Join;5;Outer;;0;800;10000;2;0.04;1.4;355.1;108;0.0;0;0.076;2.805;0.014;0.015;Q7;12989;Nested Loop;4;Outer;;0;47115;38710;1;1.2171273572720227;4481.21;62578.93;124;0.0;0;33.826;210.101;0.031;0.031;Q7;13000;Seq Scan;6;Outer;;223;10000;0;0;1.0;0.0;323.0;8;10000.0;0;Q7;13001;Hash;6;Inner;;0;2;2;0;1.0;1.38;1.38;108;0.0;0;0.009;0.01;0.0;0.0;Q7;12997;Index Scan;5;Inner;;112600;1;0;0;1.66632923499658e-07;0.43;0.64;24;6001215.0;0;Q7
Q7_90_seed_730158759;13004;Gather Merge;1;Outer;;0;6078;1961;0;3.0994390617032126;64308.27;65027.34;252;0.0;3;1186.817;1189.897;1184.253;1184.283;0.0;0.0;Q7;13005;Sort;2;Outer;;0;1961;1961;0;1.0;63308.23;63313.13;252;0.0;0;41.966;1183.639;0.0;0.0;Q7;13017;Hash Join;5;Outer;;0;800;10000;2;0.04;1.4;355.1;108;0.0;0;0.08;2.824;0.013;0.013;Q7;13007;Nested Loop;4;Outer;;0;47115;38710;1;1.2171273572720227;4481.21;62578.93;124;0.0;0;36.699;215.996;0.031;0.032;Q7;13018;Seq Scan;6;Outer;;223;10000;0;0;1.0;0.0;323.0;8;10000.0;0;Q7;13019;Hash;6;Inner;;0;2;2;0;1.0;1.38;1.38;108;0.0;0;0.008;0.009;0.0;0.0;Q7;13015;Index Scan;5;Inner;;112600;1;0;0;1.66632923499658e-07;0.43;0.64;24;6001215.0;0;Q7
Q7_91_seed_738362790;13022;Gather Merge;1;Outer;;0;6078;1961;0;3.0994390617032126;64308.27;65027.34;252;0.0;3;1221.472;1225.012;1219.006;1219.037;0.0;0.0;Q7;13023;Sort;2;Outer;;0;1961;1961;0;1.0;63308.23;63313.13;252;0.0;0;43.425;1218.371;0.0;0.0;Q7;13035;Hash Join;5;Outer;;0;800;10000;2;0.04;1.4;355.1;108;0.0;0;0.083;2.47;0.013;0.013;Q7;13025;Nested Loop;4;Outer;;0;47115;38710;1;1.2171273572720227;4481.21;62578.93;124;0.0;0;38.622;219.817;0.032;0.033;Q7;13036;Seq Scan;6;Outer;;223;10000;0;0;1.0;0.0;323.0;8;10000.0;0;Q7;13037;Hash;6;Inner;;0;2;2;0;1.0;1.38;1.38;108;0.0;0;0.01;0.011;0.0;0.0;Q7;13033;Index Scan;5;Inner;;112600;1;0;0;1.66632923499658e-07;0.43;0.64;24;6001215.0;0;Q7
Q7_93_seed_754770852;13058;Gather Merge;1;Outer;;0;6078;1961;0;3.0994390617032126;64308.27;65027.34;252;0.0;3;1178.653;1181.906;1175.911;1175.941;0.0;0.0;Q7;13059;Sort;2;Outer;;0;1961;1961;0;1.0;63308.23;63313.13;252;0.0;0;40.934;1175.299;0.0;0.0;Q7;13071;Hash Join;5;Outer;;0;800;10000;2;0.04;1.4;355.1;108;0.0;0;0.08;2.082;0.013;0.013;Q7;13061;Nested Loop;4;Outer;;0;47115;38710;1;1.2171273572720227;4481.21;62578.93;124;0.0;0;35.743;210.513;0.031;0.032;Q7;13072;Seq Scan;6;Outer;;223;10000;0;0;1.0;0.0;323.0;8;10000.0;0;Q7;13073;Hash;6;Inner;;0;2;2;0;1.0;1.38;1.38;108;0.0;0;0.009;0.01;0.0;0.0;Q7;13069;Index Scan;5;Inner;;112600;1;0;0;1.66632923499658e-07;0.43;0.64;24;6001215.0;0;Q7
Q7_95_seed_771178914;13094;Gather Merge;1;Outer;;0;6078;1961;0;3.0994390617032126;64308.27;65027.34;252;0.0;3;1187.427;1191.285;1184.635;1184.666;0.0;0.0;Q7;13095;Sort;2;Outer;;0;1961;1961;0;1.0;63308.23;63313.13;252;0.0;0;42.812;1184.019;0.0;0.0;Q7;13107;Hash Join;5;Outer;;0;800;10000;2;0.04;1.4;355.1;108;0.0;0;0.089;4.159;0.012;0.013;Q7;13097;Nested Loop;4;Outer;;0;47115;38710;1;1.2171273572720227;4481.21;62578.93;124;0.0;0;36.267;210.811;0.031;0.032;Q7;13108;Seq Scan;6;Outer;;223;10000;0;0;1.0;0.0;323.0;8;10000.0;0;Q7;13109;Hash;6;Inner;;0;2;2;0;1.0;1.38;1.38;108;0.0;0;0.008;0.01;0.0;0.0;Q7;13105;Index Scan;5;Inner;;112600;1;0;0;1.66632923499658e-07;0.43;0.64;24;6001215.0;0;Q7
Q7_97_seed_787586976;13130;Gather Merge;1;Outer;;0;6078;1961;0;3.0994390617032126;64308.27;65027.34;252;0.0;3;1180.904;1184.074;1178.216;1178.247;0.0;0.0;Q7;13131;Sort;2;Outer;;0;1961;1961;0;1.0;63308.23;63313.13;252;0.0;0;46.54;1177.569;0.0;0.0;Q7;13143;Hash Join;5;Outer;;0;800;10000;2;0.04;1.4;355.1;108;0.0;0;0.082;5.318;0.017;0.017;Q7;13133;Nested Loop;4;Outer;;0;47115;38710;1;1.2171273572720227;4481.21;62578.93;124;0.0;0;35.955;211.599;0.031;0.032;Q7;13144;Seq Scan;6;Outer;;223;10000;0;0;1.0;0.0;323.0;8;10000.0;0;Q7;13145;Hash;6;Inner;;0;2;2;0;1.0;1.38;1.38;108;0.0;0;0.009;0.011;0.0;0.0;Q7;13141;Index Scan;5;Inner;;112600;1;0;0;1.66632923499658e-07;0.43;0.64;24;6001215.0;0;Q7
Q7_98_seed_795791007;13148;Gather Merge;1;Outer;;0;6078;1961;0;3.0994390617032126;64308.27;65027.34;252;0.0;3;1232.379;1235.583;1229.886;1229.918;0.0;0.0;Q7;13149;Sort;2;Outer;;0;1961;1961;0;1.0;63308.23;63313.13;252;0.0;0;44.117;1229.262;0.0;0.0;Q7;13161;Hash Join;5;Outer;;0;800;10000;2;0.04;1.4;355.1;108;0.0;0;0.08;2.438;0.014;0.014;Q7;13151;Nested Loop;4;Outer;;0;47115;38710;1;1.2171273572720227;4481.21;62578.93;124;0.0;0;38.276;220.639;0.032;0.033;Q7;13162;Seq Scan;6;Outer;;223;10000;0;0;1.0;0.0;323.0;8;10000.0;0;Q7;13163;Hash;6;Inner;;0;2;2;0;1.0;1.38;1.38;108;0.0;0;0.01;0.01;0.0;0.0;Q7;13159;Index Scan;5;Inner;;112600;1;0;0;1.66632923499658e-07;0.43;0.64;24;6001215.0;0;Q7
Q7_99_seed_803995038;13166;Gather Merge;1;Outer;;0;6078;1961;0;3.0994390617032126;64308.27;65027.34;252;0.0;3;1202.655;1208.077;1199.722;1199.747;0.0;0.0;Q7;13167;Sort;2;Outer;;0;1961;1961;0;1.0;63308.23;63313.13;252;0.0;0;41.975;1199.148;0.0;0.0;Q7;13179;Hash Join;5;Outer;;0;800;10000;2;0.04;1.4;355.1;108;0.0;0;0.084;4.565;0.016;0.016;Q7;13169;Nested Loop;4;Outer;;0;47115;38710;1;1.2171273572720227;4481.21;62578.93;124;0.0;0;35.366;214.77;0.032;0.033;Q7;13180;Seq Scan;6;Outer;;223;10000;0;0;1.0;0.0;323.0;8;10000.0;0;Q7;13181;Hash;6;Inner;;0;2;2;0;1.0;1.38;1.38;108;0.0;0;0.012;0.013;0.0;0.0;Q7;13177;Index Scan;5;Inner;;112600;1;0;0;1.66632923499658e-07;0.43;0.64;24;6001215.0;0;Q7
Q7_9_seed_65632248;13184;Gather Merge;1;Outer;;0;6078;1961;0;3.0994390617032126;64308.27;65027.34;252;0.0;3;1196.365;1199.426;1194.312;1194.342;0.0;0.0;Q7;13185;Sort;2;Outer;;0;1961;1961;0;1.0;63308.23;63313.13;252;0.0;0;41.312;1193.705;0.0;0.0;Q7;13197;Hash Join;5;Outer;;0;800;10000;2;0.04;1.4;355.1;108;0.0;0;0.084;3.192;0.013;0.014;Q7;13187;Nested Loop;4;Outer;;0;47115;38710;1;1.2171273572720227;4481.21;62578.93;124;0.0;0;35.272;212.162;0.032;0.033;Q7;13198;Seq Scan;6;Outer;;223;10000;0;0;1.0;0.0;323.0;8;10000.0;0;Q7;13199;Hash;6;Inner;;0;2;2;0;1.0;1.38;1.38;108;0.0;0;0.009;0.011;0.0;0.0;Q7;13195;Index Scan;5;Inner;;112600;1;0;0;1.66632923499658e-07;0.43;0.64;24;6001215.0;0;Q7
