query_file;Limit_node_id;Limit_node_type;Limit_depth;Limit_parent_relationship;Limit_subplan_name;Limit_np;Limit_nt;Limit_nt1;Limit_nt2;Limit_sel;Limit_startup_cost;Limit_total_cost;Limit_plan_width;Limit_reltuples;Limit_parallel_workers;actual_startup_time;actual_total_time;Sort_Outer_node_id;Sort_Outer_node_type;Sort_Outer_depth;Sort_Outer_parent_relationship;Sort_Outer_subplan_name;Sort_Outer_np;Sort_Outer_nt;Sort_Outer_nt1;Sort_Outer_nt2;Sort_Outer_sel;Sort_Outer_startup_cost;Sort_Outer_total_cost;Sort_Outer_plan_width;Sort_Outer_reltuples;Sort_Outer_parallel_workers;Aggregate_Outer_node_id;Aggregate_Outer_node_type;Aggregate_Outer_depth;Aggregate_Outer_parent_relationship;Aggregate_Outer_subplan_name;Aggregate_Outer_np;Aggregate_Outer_nt;Aggregate_Outer_nt1;Aggregate_Outer_nt2;Aggregate_Outer_sel;Aggregate_Outer_startup_cost;Aggregate_Outer_total_cost;Aggregate_Outer_plan_width;Aggregate_Outer_reltuples;Aggregate_Outer_parallel_workers;GatherMerge_Outer_node_id;GatherMerge_Outer_node_type;GatherMerge_Outer_depth;GatherMerge_Outer_parent_relationship;GatherMerge_Outer_subplan_name;GatherMerge_Outer_np;GatherMerge_Outer_nt;GatherMerge_Outer_nt1;GatherMerge_Outer_nt2;GatherMerge_Outer_sel;GatherMerge_Outer_startup_cost;GatherMerge_Outer_total_cost;GatherMerge_Outer_plan_width;GatherMerge_Outer_reltuples;GatherMerge_Outer_parallel_workers;IncrementalSort_Outer_node_id;IncrementalSort_Outer_node_type;IncrementalSort_Outer_depth;IncrementalSort_Outer_parent_relationship;IncrementalSort_Outer_subplan_name;IncrementalSort_Outer_np;IncrementalSort_Outer_nt;IncrementalSort_Outer_nt1;IncrementalSort_Outer_nt2;IncrementalSort_Outer_sel;IncrementalSort_Outer_startup_cost;IncrementalSort_Outer_total_cost;IncrementalSort_Outer_plan_width;IncrementalSort_Outer_reltuples;IncrementalSort_Outer_parallel_workers;IncrementalSort_Outer_st1;IncrementalSort_Outer_rt1;IncrementalSort_Outer_st2;IncrementalSort_Outer_rt2
Q18_100_seed_812199069;28820;Limit;0;;;0;100;1631266;0;6.130208071522364e-05;732650.26;732650.51;71;0.0;0;3022.024;3028.467;28821;Sort;1;Outer;;0;1631266;1631266;0;1.0;732650.26;736728.42;71;0.0;0;28822;Aggregate;2;Outer;;0;1631266;1631266;0;1.0;341523.47;670304.45;71;0.0;0;28823;Gather Merge;3;Outer;;0;1631266;526215;0;3.0999990498180403;341523.47;637679.13;44;0.0;3;28824;Incremental Sort;4;Outer;;0;526215;526215;0;1.0;340523.43;445005.33;44;0.0;0;2869.642;2872.384;0.0;0.0
Q18_101_seed_820403100;28836;Limit;0;;;0;100;1631266;0;6.130208071522364e-05;732650.26;732650.51;71;0.0;0;3062.728;3068.858;28837;Sort;1;Outer;;0;1631266;1631266;0;1.0;732650.26;736728.42;71;0.0;0;28838;Aggregate;2;Outer;;0;1631266;1631266;0;1.0;341523.47;670304.45;71;0.0;0;28839;Gather Merge;3;Outer;;0;1631266;526215;0;3.0999990498180403;341523.47;637679.13;44;0.0;3;28840;Incremental Sort;4;Outer;;0;526215;526215;0;1.0;340523.43;445005.33;44;0.0;0;2916.826;2918.795;0.0;0.0
Q18_102_seed_828607131;28852;Limit;0;;;0;100;1631266;0;6.130208071522364e-05;732650.26;732650.51;71;0.0;0;3049.581;3059.25;28853;Sort;1;Outer;;0;1631266;1631266;0;1.0;732650.26;736728.42;71;0.0;0;28854;Aggregate;2;Outer;;0;1631266;1631266;0;1.0;341523.47;670304.45;71;0.0;0;28855;Gather Merge;3;Outer;;0;1631266;526215;0;3.0999990498180403;341523.47;637679.13;44;0.0;3;28856;Incremental Sort;4;Outer;;0;526215;526215;0;1.0;340523.43;445005.33;44;0.0;0;2916.607;2919.502;0.0;0.0
Q18_103_seed_836811162;28868;Limit;0;;;0;100;1631266;0;6.130208071522364e-05;732650.26;732650.51;71;0.0;0;3056.055;3062.503;28869;Sort;1;Outer;;0;1631266;1631266;0;1.0;732650.26;736728.42;71;0.0;0;28870;Aggregate;2;Outer;;0;1631266;1631266;0;1.0;341523.47;670304.45;71;0.0;0;28871;Gather Merge;3;Outer;;0;1631266;526215;0;3.0999990498180403;341523.47;637679.13;44;0.0;3;28872;Incremental Sort;4;Outer;;0;526215;526215;0;1.0;340523.43;445005.33;44;0.0;0;2920.587;2923.335;0.0;0.0
Q18_105_seed_853219224;28900;Limit;0;;;0;100;1631266;0;6.130208071522364e-05;732650.26;732650.51;71;0.0;0;3037.234;3042.971;28901;Sort;1;Outer;;0;1631266;1631266;0;1.0;732650.26;736728.42;71;0.0;0;28902;Aggregate;2;Outer;;0;1631266;1631266;0;1.0;341523.47;670304.45;71;0.0;0;28903;Gather Merge;3;Outer;;0;1631266;526215;0;3.0999990498180403;341523.47;637679.13;44;0.0;3;28904;Incremental Sort;4;Outer;;0;526215;526215;0;1.0;340523.43;445005.33;44;0.0;0;2884.852;2887.287;0.0;0.0
Q18_106_seed_861423255;28916;Limit;0;;;0;100;1631266;0;6.130208071522364e-05;732650.26;732650.51;71;0.0;0;3043.583;3048.386;28917;Sort;1;Outer;;0;1631266;1631266;0;1.0;732650.26;736728.42;71;0.0;0;28918;Aggregate;2;Outer;;0;1631266;1631266;0;1.0;341523.47;670304.45;71;0.0;0;28919;Gather Merge;3;Outer;;0;1631266;526215;0;3.0999990498180403;341523.47;637679.13;44;0.0;3;28920;Incremental Sort;4;Outer;;0;526215;526215;0;1.0;340523.43;445005.33;44;0.0;0;2909.382;2911.482;0.0;0.0
Q18_107_seed_869627286;28932;Limit;0;;;0;100;1631266;0;6.130208071522364e-05;732650.26;732650.51;71;0.0;0;3055.89;3062.445;28933;Sort;1;Outer;;0;1631266;1631266;0;1.0;732650.26;736728.42;71;0.0;0;28934;Aggregate;2;Outer;;0;1631266;1631266;0;1.0;341523.47;670304.45;71;0.0;0;28935;Gather Merge;3;Outer;;0;1631266;526215;0;3.0999990498180403;341523.47;637679.13;44;0.0;3;28936;Incremental Sort;4;Outer;;0;526215;526215;0;1.0;340523.43;445005.33;44;0.0;0;2905.62;2908.085;0.0;0.0
Q18_108_seed_877831317;28948;Limit;0;;;0;100;1631266;0;6.130208071522364e-05;732650.26;732650.51;71;0.0;0;3016.059;3021.934;28949;Sort;1;Outer;;0;1631266;1631266;0;1.0;732650.26;736728.42;71;0.0;0;28950;Aggregate;2;Outer;;0;1631266;1631266;0;1.0;341523.47;670304.45;71;0.0;0;28951;Gather Merge;3;Outer;;0;1631266;526215;0;3.0999990498180403;341523.47;637679.13;44;0.0;3;28952;Incremental Sort;4;Outer;;0;526215;526215;0;1.0;340523.43;445005.33;44;0.0;0;2886.301;2888.036;0.0;0.0
Q18_10_seed_73836279;28980;Limit;0;;;0;100;1631266;0;6.130208071522364e-05;732650.26;732650.51;71;0.0;0;3033.246;3039.521;28981;Sort;1;Outer;;0;1631266;1631266;0;1.0;732650.26;736728.42;71;0.0;0;28982;Aggregate;2;Outer;;0;1631266;1631266;0;1.0;341523.47;670304.45;71;0.0;0;28983;Gather Merge;3;Outer;;0;1631266;526215;0;3.0999990498180403;341523.47;637679.13;44;0.0;3;28984;Incremental Sort;4;Outer;;0;526215;526215;0;1.0;340523.43;445005.33;44;0.0;0;2883.894;2886.181;0.0;0.0
Q18_110_seed_894239379;28996;Limit;0;;;0;100;1631266;0;6.130208071522364e-05;732650.26;732650.51;71;0.0;0;3043.435;3049.419;28997;Sort;1;Outer;;0;1631266;1631266;0;1.0;732650.26;736728.42;71;0.0;0;28998;Aggregate;2;Outer;;0;1631266;1631266;0;1.0;341523.47;670304.45;71;0.0;0;28999;Gather Merge;3;Outer;;0;1631266;526215;0;3.0999990498180403;341523.47;637679.13;44;0.0;3;29000;Incremental Sort;4;Outer;;0;526215;526215;0;1.0;340523.43;445005.33;44;0.0;0;2909.987;2912.229;0.0;0.0
Q18_111_seed_902443410;29012;Limit;0;;;0;100;1631266;0;6.130208071522364e-05;732650.26;732650.51;71;0.0;0;3040.668;3048.089;29013;Sort;1;Outer;;0;1631266;1631266;0;1.0;732650.26;736728.42;71;0.0;0;29014;Aggregate;2;Outer;;0;1631266;1631266;0;1.0;341523.47;670304.45;71;0.0;0;29015;Gather Merge;3;Outer;;0;1631266;526215;0;3.0999990498180403;341523.47;637679.13;44;0.0;3;29016;Incremental Sort;4;Outer;;0;526215;526215;0;1.0;340523.43;445005.33;44;0.0;0;2907.828;2910.351;0.0;0.0
Q18_112_seed_910647441;29028;Limit;0;;;0;100;1631266;0;6.130208071522364e-05;732650.26;732650.51;71;0.0;0;3008.206;3014.176;29029;Sort;1;Outer;;0;1631266;1631266;0;1.0;732650.26;736728.42;71;0.0;0;29030;Aggregate;2;Outer;;0;1631266;1631266;0;1.0;341523.47;670304.45;71;0.0;0;29031;Gather Merge;3;Outer;;0;1631266;526215;0;3.0999990498180403;341523.47;637679.13;44;0.0;3;29032;Incremental Sort;4;Outer;;0;526215;526215;0;1.0;340523.43;445005.33;44;0.0;0;2875.244;2877.898;0.0;0.0
Q18_113_seed_918851472;29044;Limit;0;;;0;100;1631266;0;6.130208071522364e-05;732650.26;732650.51;71;0.0;0;3064.026;3069.946;29045;Sort;1;Outer;;0;1631266;1631266;0;1.0;732650.26;736728.42;71;0.0;0;29046;Aggregate;2;Outer;;0;1631266;1631266;0;1.0;341523.47;670304.45;71;0.0;0;29047;Gather Merge;3;Outer;;0;1631266;526215;0;3.0999990498180403;341523.47;637679.13;44;0.0;3;29048;Incremental Sort;4;Outer;;0;526215;526215;0;1.0;340523.43;445005.33;44;0.0;0;2917.512;2919.564;0.0;0.0
Q18_115_seed_935259534;29076;Limit;0;;;0;100;1631266;0;6.130208071522364e-05;732650.26;732650.51;71;0.0;0;3087.464;3097.121;29077;Sort;1;Outer;;0;1631266;1631266;0;1.0;732650.26;736728.42;71;0.0;0;29078;Aggregate;2;Outer;;0;1631266;1631266;0;1.0;341523.47;670304.45;71;0.0;0;29079;Gather Merge;3;Outer;;0;1631266;526215;0;3.0999990498180403;341523.47;637679.13;44;0.0;3;29080;Incremental Sort;4;Outer;;0;526215;526215;0;1.0;340523.43;445005.33;44;0.0;0;2941.458;2944.469;0.0;0.0
Q18_116_seed_943463565;29092;Limit;0;;;0;100;1631266;0;6.130208071522364e-05;732650.26;732650.51;71;0.0;0;3050.309;3056.71;29093;Sort;1;Outer;;0;1631266;1631266;0;1.0;732650.26;736728.42;71;0.0;0;29094;Aggregate;2;Outer;;0;1631266;1631266;0;1.0;341523.47;670304.45;71;0.0;0;29095;Gather Merge;3;Outer;;0;1631266;526215;0;3.0999990498180403;341523.47;637679.13;44;0.0;3;29096;Incremental Sort;4;Outer;;0;526215;526215;0;1.0;340523.43;445005.33;44;0.0;0;2914.289;2916.788;0.0;0.0
Q18_117_seed_951667596;29108;Limit;0;;;0;100;1631266;0;6.130208071522364e-05;732650.26;732650.51;71;0.0;0;3022.607;3028.616;29109;Sort;1;Outer;;0;1631266;1631266;0;1.0;732650.26;736728.42;71;0.0;0;29110;Aggregate;2;Outer;;0;1631266;1631266;0;1.0;341523.47;670304.45;71;0.0;0;29111;Gather Merge;3;Outer;;0;1631266;526215;0;3.0999990498180403;341523.47;637679.13;44;0.0;3;29112;Incremental Sort;4;Outer;;0;526215;526215;0;1.0;340523.43;445005.33;44;0.0;0;2866.023;2867.719;0.0;0.0
Q18_118_seed_959871627;29124;Limit;0;;;0;100;1631266;0;6.130208071522364e-05;732650.26;732650.51;71;0.0;0;3031.113;3037.432;29125;Sort;1;Outer;;0;1631266;1631266;0;1.0;732650.26;736728.42;71;0.0;0;29126;Aggregate;2;Outer;;0;1631266;1631266;0;1.0;341523.47;670304.45;71;0.0;0;29127;Gather Merge;3;Outer;;0;1631266;526215;0;3.0999990498180403;341523.47;637679.13;44;0.0;3;29128;Incremental Sort;4;Outer;;0;526215;526215;0;1.0;340523.43;445005.33;44;0.0;0;2888.961;2891.035;0.0;0.0
Q18_11_seed_82040310;29156;Limit;0;;;0;100;1631266;0;6.130208071522364e-05;732650.26;732650.51;71;0.0;0;3015.804;3025.536;29157;Sort;1;Outer;;0;1631266;1631266;0;1.0;732650.26;736728.42;71;0.0;0;29158;Aggregate;2;Outer;;0;1631266;1631266;0;1.0;341523.47;670304.45;71;0.0;0;29159;Gather Merge;3;Outer;;0;1631266;526215;0;3.0999990498180403;341523.47;637679.13;44;0.0;3;29160;Incremental Sort;4;Outer;;0;526215;526215;0;1.0;340523.43;445005.33;44;0.0;0;2882.006;2884.969;0.0;0.0
Q18_120_seed_976279689;29172;Limit;0;;;0;100;1631266;0;6.130208071522364e-05;732650.26;732650.51;71;0.0;0;3023.668;3034.585;29173;Sort;1;Outer;;0;1631266;1631266;0;1.0;732650.26;736728.42;71;0.0;0;29174;Aggregate;2;Outer;;0;1631266;1631266;0;1.0;341523.47;670304.45;71;0.0;0;29175;Gather Merge;3;Outer;;0;1631266;526215;0;3.0999990498180403;341523.47;637679.13;44;0.0;3;29176;Incremental Sort;4;Outer;;0;526215;526215;0;1.0;340523.43;445005.33;44;0.0;0;2894.584;2896.456;0.0;0.0
Q18_121_seed_984483720;29188;Limit;0;;;0;100;1631266;0;6.130208071522364e-05;732650.26;732650.51;71;0.0;0;3003.683;3009.883;29189;Sort;1;Outer;;0;1631266;1631266;0;1.0;732650.26;736728.42;71;0.0;0;29190;Aggregate;2;Outer;;0;1631266;1631266;0;1.0;341523.47;670304.45;71;0.0;0;29191;Gather Merge;3;Outer;;0;1631266;526215;0;3.0999990498180403;341523.47;637679.13;44;0.0;3;29192;Incremental Sort;4;Outer;;0;526215;526215;0;1.0;340523.43;445005.33;44;0.0;0;2867.739;2869.897;0.0;0.0
Q18_123_seed_1000891782;29220;Limit;0;;;0;100;1631266;0;6.130208071522364e-05;732650.26;732650.51;71;0.0;0;3081.891;3091.48;29221;Sort;1;Outer;;0;1631266;1631266;0;1.0;732650.26;736728.42;71;0.0;0;29222;Aggregate;2;Outer;;0;1631266;1631266;0;1.0;341523.47;670304.45;71;0.0;0;29223;Gather Merge;3;Outer;;0;1631266;526215;0;3.0999990498180403;341523.47;637679.13;44;0.0;3;29224;Incremental Sort;4;Outer;;0;526215;526215;0;1.0;340523.43;445005.33;44;0.0;0;2955.741;2958.724;0.0;0.0
Q18_124_seed_1009095813;29236;Limit;0;;;0;100;1631266;0;6.130208071522364e-05;732650.26;732650.51;71;0.0;0;3070.82;3082.787;29237;Sort;1;Outer;;0;1631266;1631266;0;1.0;732650.26;736728.42;71;0.0;0;29238;Aggregate;2;Outer;;0;1631266;1631266;0;1.0;341523.47;670304.45;71;0.0;0;29239;Gather Merge;3;Outer;;0;1631266;526215;0;3.0999990498180403;341523.47;637679.13;44;0.0;3;29240;Incremental Sort;4;Outer;;0;526215;526215;0;1.0;340523.43;445005.33;44;0.0;0;2936.641;2939.631;0.0;0.0
Q18_125_seed_1017299844;29252;Limit;0;;;0;100;1631266;0;6.130208071522364e-05;732650.26;732650.51;71;0.0;0;3048.047;3054.151;29253;Sort;1;Outer;;0;1631266;1631266;0;1.0;732650.26;736728.42;71;0.0;0;29254;Aggregate;2;Outer;;0;1631266;1631266;0;1.0;341523.47;670304.45;71;0.0;0;29255;Gather Merge;3;Outer;;0;1631266;526215;0;3.0999990498180403;341523.47;637679.13;44;0.0;3;29256;Incremental Sort;4;Outer;;0;526215;526215;0;1.0;340523.43;445005.33;44;0.0;0;2916.184;2918.112;0.0;0.0
Q18_126_seed_1025503875;29268;Limit;0;;;0;100;1631266;0;6.130208071522364e-05;732650.26;732650.51;71;0.0;0;3035.549;3043.417;29269;Sort;1;Outer;;0;1631266;1631266;0;1.0;732650.26;736728.42;71;0.0;0;29270;Aggregate;2;Outer;;0;1631266;1631266;0;1.0;341523.47;670304.45;71;0.0;0;29271;Gather Merge;3;Outer;;0;1631266;526215;0;3.0999990498180403;341523.47;637679.13;44;0.0;3;29272;Incremental Sort;4;Outer;;0;526215;526215;0;1.0;340523.43;445005.33;44;0.0;0;2903.281;2906.209;0.0;0.0
Q18_127_seed_1033707906;29284;Limit;0;;;0;100;1631266;0;6.130208071522364e-05;732650.26;732650.51;71;0.0;0;3058.543;3064.921;29285;Sort;1;Outer;;0;1631266;1631266;0;1.0;732650.26;736728.42;71;0.0;0;29286;Aggregate;2;Outer;;0;1631266;1631266;0;1.0;341523.47;670304.45;71;0.0;0;29287;Gather Merge;3;Outer;;0;1631266;526215;0;3.0999990498180403;341523.47;637679.13;44;0.0;3;29288;Incremental Sort;4;Outer;;0;526215;526215;0;1.0;340523.43;445005.33;44;0.0;0;2927.3;2929.73;0.0;0.0
Q18_128_seed_1041911937;29300;Limit;0;;;0;100;1631266;0;6.130208071522364e-05;732650.26;732650.51;71;0.0;0;3025.543;3032.241;29301;Sort;1;Outer;;0;1631266;1631266;0;1.0;732650.26;736728.42;71;0.0;0;29302;Aggregate;2;Outer;;0;1631266;1631266;0;1.0;341523.47;670304.45;71;0.0;0;29303;Gather Merge;3;Outer;;0;1631266;526215;0;3.0999990498180403;341523.47;637679.13;44;0.0;3;29304;Incremental Sort;4;Outer;;0;526215;526215;0;1.0;340523.43;445005.33;44;0.0;0;2900.041;2902.543;0.0;0.0
Q18_129_seed_1050115968;29316;Limit;0;;;0;100;1631266;0;6.130208071522364e-05;732650.26;732650.51;71;0.0;0;3035.961;3046.274;29317;Sort;1;Outer;;0;1631266;1631266;0;1.0;732650.26;736728.42;71;0.0;0;29318;Aggregate;2;Outer;;0;1631266;1631266;0;1.0;341523.47;670304.45;71;0.0;0;29319;Gather Merge;3;Outer;;0;1631266;526215;0;3.0999990498180403;341523.47;637679.13;44;0.0;3;29320;Incremental Sort;4;Outer;;0;526215;526215;0;1.0;340523.43;445005.33;44;0.0;0;2884.937;2888.028;0.0;0.0
Q18_12_seed_90244341;29332;Limit;0;;;0;100;1631266;0;6.130208071522364e-05;732650.26;732650.51;71;0.0;0;3028.898;3033.851;29333;Sort;1;Outer;;0;1631266;1631266;0;1.0;732650.26;736728.42;71;0.0;0;29334;Aggregate;2;Outer;;0;1631266;1631266;0;1.0;341523.47;670304.45;71;0.0;0;29335;Gather Merge;3;Outer;;0;1631266;526215;0;3.0999990498180403;341523.47;637679.13;44;0.0;3;29336;Incremental Sort;4;Outer;;0;526215;526215;0;1.0;340523.43;445005.33;44;0.0;0;2894.902;2896.983;0.0;0.0
Q18_130_seed_1058319999;29348;Limit;0;;;0;100;1631266;0;6.130208071522364e-05;732650.26;732650.51;71;0.0;0;3026.532;3035.642;29349;Sort;1;Outer;;0;1631266;1631266;0;1.0;732650.26;736728.42;71;0.0;0;29350;Aggregate;2;Outer;;0;1631266;1631266;0;1.0;341523.47;670304.45;71;0.0;0;29351;Gather Merge;3;Outer;;0;1631266;526215;0;3.0999990498180403;341523.47;637679.13;44;0.0;3;29352;Incremental Sort;4;Outer;;0;526215;526215;0;1.0;340523.43;445005.33;44;0.0;0;2899.356;2901.806;0.0;0.0
Q18_131_seed_1066524030;29364;Limit;0;;;0;100;1631266;0;6.130208071522364e-05;732650.26;732650.51;71;0.0;0;3071.366;3082.546;29365;Sort;1;Outer;;0;1631266;1631266;0;1.0;732650.26;736728.42;71;0.0;0;29366;Aggregate;2;Outer;;0;1631266;1631266;0;1.0;341523.47;670304.45;71;0.0;0;29367;Gather Merge;3;Outer;;0;1631266;526215;0;3.0999990498180403;341523.47;637679.13;44;0.0;3;29368;Incremental Sort;4;Outer;;0;526215;526215;0;1.0;340523.43;445005.33;44;0.0;0;2935.405;2938.59;0.0;0.0
Q18_132_seed_1074728061;29380;Limit;0;;;0;100;1631266;0;6.130208071522364e-05;732650.26;732650.51;71;0.0;0;3038.176;3044.71;29381;Sort;1;Outer;;0;1631266;1631266;0;1.0;732650.26;736728.42;71;0.0;0;29382;Aggregate;2;Outer;;0;1631266;1631266;0;1.0;341523.47;670304.45;71;0.0;0;29383;Gather Merge;3;Outer;;0;1631266;526215;0;3.0999990498180403;341523.47;637679.13;44;0.0;3;29384;Incremental Sort;4;Outer;;0;526215;526215;0;1.0;340523.43;445005.33;44;0.0;0;2890.92;2892.835;0.0;0.0
Q18_133_seed_1082932092;29396;Limit;0;;;0;100;1631266;0;6.130208071522364e-05;732650.26;732650.51;71;0.0;0;3034.14;3040.063;29397;Sort;1;Outer;;0;1631266;1631266;0;1.0;732650.26;736728.42;71;0.0;0;29398;Aggregate;2;Outer;;0;1631266;1631266;0;1.0;341523.47;670304.45;71;0.0;0;29399;Gather Merge;3;Outer;;0;1631266;526215;0;3.0999990498180403;341523.47;637679.13;44;0.0;3;29400;Incremental Sort;4;Outer;;0;526215;526215;0;1.0;340523.43;445005.33;44;0.0;0;2891.438;2893.593;0.0;0.0
Q18_134_seed_1091136123;29412;Limit;0;;;0;100;1631266;0;6.130208071522364e-05;732650.26;732650.51;71;0.0;0;3033.269;3040.132;29413;Sort;1;Outer;;0;1631266;1631266;0;1.0;732650.26;736728.42;71;0.0;0;29414;Aggregate;2;Outer;;0;1631266;1631266;0;1.0;341523.47;670304.45;71;0.0;0;29415;Gather Merge;3;Outer;;0;1631266;526215;0;3.0999990498180403;341523.47;637679.13;44;0.0;3;29416;Incremental Sort;4;Outer;;0;526215;526215;0;1.0;340523.43;445005.33;44;0.0;0;2901.913;2904.437;0.0;0.0
Q18_135_seed_1099340154;29428;Limit;0;;;0;100;1631266;0;6.130208071522364e-05;732650.26;732650.51;71;0.0;0;3123.248;3127.694;29429;Sort;1;Outer;;0;1631266;1631266;0;1.0;732650.26;736728.42;71;0.0;0;29430;Aggregate;2;Outer;;0;1631266;1631266;0;1.0;341523.47;670304.45;71;0.0;0;29431;Gather Merge;3;Outer;;0;1631266;526215;0;3.0999990498180403;341523.47;637679.13;44;0.0;3;29432;Incremental Sort;4;Outer;;0;526215;526215;0;1.0;340523.43;445005.33;44;0.0;0;2973.336;2976.063;0.0;0.0
Q18_136_seed_1107544185;29444;Limit;0;;;0;100;1631266;0;6.130208071522364e-05;732650.26;732650.51;71;0.0;0;3036.429;3045.826;29445;Sort;1;Outer;;0;1631266;1631266;0;1.0;732650.26;736728.42;71;0.0;0;29446;Aggregate;2;Outer;;0;1631266;1631266;0;1.0;341523.47;670304.45;71;0.0;0;29447;Gather Merge;3;Outer;;0;1631266;526215;0;3.0999990498180403;341523.47;637679.13;44;0.0;3;29448;Incremental Sort;4;Outer;;0;526215;526215;0;1.0;340523.43;445005.33;44;0.0;0;2892.167;2894.581;0.0;0.0
Q18_137_seed_1115748216;29460;Limit;0;;;0;100;1631266;0;6.130208071522364e-05;732650.26;732650.51;71;0.0;0;3031.177;3037.615;29461;Sort;1;Outer;;0;1631266;1631266;0;1.0;732650.26;736728.42;71;0.0;0;29462;Aggregate;2;Outer;;0;1631266;1631266;0;1.0;341523.47;670304.45;71;0.0;0;29463;Gather Merge;3;Outer;;0;1631266;526215;0;3.0999990498180403;341523.47;637679.13;44;0.0;3;29464;Incremental Sort;4;Outer;;0;526215;526215;0;1.0;340523.43;445005.33;44;0.0;0;2881.443;2882.595;0.0;0.0
Q18_139_seed_1132156278;29492;Limit;0;;;0;100;1631266;0;6.130208071522364e-05;732650.26;732650.51;71;0.0;0;3009.791;3015.725;29493;Sort;1;Outer;;0;1631266;1631266;0;1.0;732650.26;736728.42;71;0.0;0;29494;Aggregate;2;Outer;;0;1631266;1631266;0;1.0;341523.47;670304.45;71;0.0;0;29495;Gather Merge;3;Outer;;0;1631266;526215;0;3.0999990498180403;341523.47;637679.13;44;0.0;3;29496;Incremental Sort;4;Outer;;0;526215;526215;0;1.0;340523.43;445005.33;44;0.0;0;2882.705;2885.303;0.0;0.0
Q18_13_seed_98448372;29508;Limit;0;;;0;100;1631266;0;6.130208071522364e-05;732650.26;732650.51;71;0.0;0;3031.485;3040.515;29509;Sort;1;Outer;;0;1631266;1631266;0;1.0;732650.26;736728.42;71;0.0;0;29510;Aggregate;2;Outer;;0;1631266;1631266;0;1.0;341523.47;670304.45;71;0.0;0;29511;Gather Merge;3;Outer;;0;1631266;526215;0;3.0999990498180403;341523.47;637679.13;44;0.0;3;29512;Incremental Sort;4;Outer;;0;526215;526215;0;1.0;340523.43;445005.33;44;0.0;0;2900.708;2902.868;0.0;0.0
Q18_141_seed_1148564340;29540;Limit;0;;;0;100;1631266;0;6.130208071522364e-05;732650.26;732650.51;71;0.0;0;3043.028;3047.247;29541;Sort;1;Outer;;0;1631266;1631266;0;1.0;732650.26;736728.42;71;0.0;0;29542;Aggregate;2;Outer;;0;1631266;1631266;0;1.0;341523.47;670304.45;71;0.0;0;29543;Gather Merge;3;Outer;;0;1631266;526215;0;3.0999990498180403;341523.47;637679.13;44;0.0;3;29544;Incremental Sort;4;Outer;;0;526215;526215;0;1.0;340523.43;445005.33;44;0.0;0;2898.249;2899.23;0.0;0.0
Q18_142_seed_1156768371;29556;Limit;0;;;0;100;1631266;0;6.130208071522364e-05;732650.26;732650.51;71;0.0;0;3023.389;3029.613;29557;Sort;1;Outer;;0;1631266;1631266;0;1.0;732650.26;736728.42;71;0.0;0;29558;Aggregate;2;Outer;;0;1631266;1631266;0;1.0;341523.47;670304.45;71;0.0;0;29559;Gather Merge;3;Outer;;0;1631266;526215;0;3.0999990498180403;341523.47;637679.13;44;0.0;3;29560;Incremental Sort;4;Outer;;0;526215;526215;0;1.0;340523.43;445005.33;44;0.0;0;2892.778;2894.171;0.0;0.0
Q18_143_seed_1164972402;29572;Limit;0;;;0;100;1631266;0;6.130208071522364e-05;732650.26;732650.51;71;0.0;0;3041.237;3047.686;29573;Sort;1;Outer;;0;1631266;1631266;0;1.0;732650.26;736728.42;71;0.0;0;29574;Aggregate;2;Outer;;0;1631266;1631266;0;1.0;341523.47;670304.45;71;0.0;0;29575;Gather Merge;3;Outer;;0;1631266;526215;0;3.0999990498180403;341523.47;637679.13;44;0.0;3;29576;Incremental Sort;4;Outer;;0;526215;526215;0;1.0;340523.43;445005.33;44;0.0;0;2909.058;2910.837;0.0;0.0
Q18_145_seed_1181380464;29604;Limit;0;;;0;100;1631266;0;6.130208071522364e-05;732650.26;732650.51;71;0.0;0;3045.778;3053.265;29605;Sort;1;Outer;;0;1631266;1631266;0;1.0;732650.26;736728.42;71;0.0;0;29606;Aggregate;2;Outer;;0;1631266;1631266;0;1.0;341523.47;670304.45;71;0.0;0;29607;Gather Merge;3;Outer;;0;1631266;526215;0;3.0999990498180403;341523.47;637679.13;44;0.0;3;29608;Incremental Sort;4;Outer;;0;526215;526215;0;1.0;340523.43;445005.33;44;0.0;0;2920.713;2923.466;0.0;0.0
Q18_146_seed_1189584495;29620;Limit;0;;;0;100;1631266;0;6.130208071522364e-05;732650.26;732650.51;71;0.0;0;3021.256;3026.861;29621;Sort;1;Outer;;0;1631266;1631266;0;1.0;732650.26;736728.42;71;0.0;0;29622;Aggregate;2;Outer;;0;1631266;1631266;0;1.0;341523.47;670304.45;71;0.0;0;29623;Gather Merge;3;Outer;;0;1631266;526215;0;3.0999990498180403;341523.47;637679.13;44;0.0;3;29624;Incremental Sort;4;Outer;;0;526215;526215;0;1.0;340523.43;445005.33;44;0.0;0;2894.658;2896.503;0.0;0.0
Q18_147_seed_1197788526;29636;Limit;0;;;0;100;1631266;0;6.130208071522364e-05;732650.26;732650.51;71;0.0;0;3053.394;3058.127;29637;Sort;1;Outer;;0;1631266;1631266;0;1.0;732650.26;736728.42;71;0.0;0;29638;Aggregate;2;Outer;;0;1631266;1631266;0;1.0;341523.47;670304.45;71;0.0;0;29639;Gather Merge;3;Outer;;0;1631266;526215;0;3.0999990498180403;341523.47;637679.13;44;0.0;3;29640;Incremental Sort;4;Outer;;0;526215;526215;0;1.0;340523.43;445005.33;44;0.0;0;2918.062;2921.181;0.0;0.0
Q18_148_seed_1205992557;29652;Limit;0;;;0;100;1631266;0;6.130208071522364e-05;732650.26;732650.51;71;0.0;0;3040.278;3049.327;29653;Sort;1;Outer;;0;1631266;1631266;0;1.0;732650.26;736728.42;71;0.0;0;29654;Aggregate;2;Outer;;0;1631266;1631266;0;1.0;341523.47;670304.45;71;0.0;0;29655;Gather Merge;3;Outer;;0;1631266;526215;0;3.0999990498180403;341523.47;637679.13;44;0.0;3;29656;Incremental Sort;4;Outer;;0;526215;526215;0;1.0;340523.43;445005.33;44;0.0;0;2909.741;2912.169;0.0;0.0
Q18_149_seed_1214196588;29668;Limit;0;;;0;100;1631266;0;6.130208071522364e-05;732650.26;732650.51;71;0.0;0;3034.727;3041.059;29669;Sort;1;Outer;;0;1631266;1631266;0;1.0;732650.26;736728.42;71;0.0;0;29670;Aggregate;2;Outer;;0;1631266;1631266;0;1.0;341523.47;670304.45;71;0.0;0;29671;Gather Merge;3;Outer;;0;1631266;526215;0;3.0999990498180403;341523.47;637679.13;44;0.0;3;29672;Incremental Sort;4;Outer;;0;526215;526215;0;1.0;340523.43;445005.33;44;0.0;0;2911.52;2913.706;0.0;0.0
Q18_14_seed_106652403;29684;Limit;0;;;0;100;1631266;0;6.130208071522364e-05;732650.26;732650.51;71;0.0;0;3044.681;3051.081;29685;Sort;1;Outer;;0;1631266;1631266;0;1.0;732650.26;736728.42;71;0.0;0;29686;Aggregate;2;Outer;;0;1631266;1631266;0;1.0;341523.47;670304.45;71;0.0;0;29687;Gather Merge;3;Outer;;0;1631266;526215;0;3.0999990498180403;341523.47;637679.13;44;0.0;3;29688;Incremental Sort;4;Outer;;0;526215;526215;0;1.0;340523.43;445005.33;44;0.0;0;2918.147;2919.567;0.0;0.0
Q18_150_seed_1231235959;29700;Limit;0;;;0;100;1631266;0;6.130208071522364e-05;732650.26;732650.51;71;0.0;0;3068.784;3075.103;29701;Sort;1;Outer;;0;1631266;1631266;0;1.0;732650.26;736728.42;71;0.0;0;29702;Aggregate;2;Outer;;0;1631266;1631266;0;1.0;341523.47;670304.45;71;0.0;0;29703;Gather Merge;3;Outer;;0;1631266;526215;0;3.0999990498180403;341523.47;637679.13;44;0.0;3;29704;Incremental Sort;4;Outer;;0;526215;526215;0;1.0;340523.43;445005.33;44;0.0;0;2938.857;2940.439;0.0;0.0
Q18_16_seed_123060465;29732;Limit;0;;;0;100;1631266;0;6.130208071522364e-05;732650.26;732650.51;71;0.0;0;3045.278;3051.789;29733;Sort;1;Outer;;0;1631266;1631266;0;1.0;732650.26;736728.42;71;0.0;0;29734;Aggregate;2;Outer;;0;1631266;1631266;0;1.0;341523.47;670304.45;71;0.0;0;29735;Gather Merge;3;Outer;;0;1631266;526215;0;3.0999990498180403;341523.47;637679.13;44;0.0;3;29736;Incremental Sort;4;Outer;;0;526215;526215;0;1.0;340523.43;445005.33;44;0.0;0;2894.173;2896.607;0.0;0.0
Q18_17_seed_131264496;29748;Limit;0;;;0;100;1631266;0;6.130208071522364e-05;732650.26;732650.51;71;0.0;0;3005.77;3012.092;29749;Sort;1;Outer;;0;1631266;1631266;0;1.0;732650.26;736728.42;71;0.0;0;29750;Aggregate;2;Outer;;0;1631266;1631266;0;1.0;341523.47;670304.45;71;0.0;0;29751;Gather Merge;3;Outer;;0;1631266;526215;0;3.0999990498180403;341523.47;637679.13;44;0.0;3;29752;Incremental Sort;4;Outer;;0;526215;526215;0;1.0;340523.43;445005.33;44;0.0;0;2874.841;2878.141;0.0;0.0
Q18_18_seed_139468527;29764;Limit;0;;;0;100;1631266;0;6.130208071522364e-05;732650.26;732650.51;71;0.0;0;3032.208;3039.054;29765;Sort;1;Outer;;0;1631266;1631266;0;1.0;732650.26;736728.42;71;0.0;0;29766;Aggregate;2;Outer;;0;1631266;1631266;0;1.0;341523.47;670304.45;71;0.0;0;29767;Gather Merge;3;Outer;;0;1631266;526215;0;3.0999990498180403;341523.47;637679.13;44;0.0;3;29768;Incremental Sort;4;Outer;;0;526215;526215;0;1.0;340523.43;445005.33;44;0.0;0;2883.996;2885.805;0.0;0.0
Q18_19_seed_147672558;29780;Limit;0;;;0;100;1631266;0;6.130208071522364e-05;732650.26;732650.51;71;0.0;0;3032.818;3038.751;29781;Sort;1;Outer;;0;1631266;1631266;0;1.0;732650.26;736728.42;71;0.0;0;29782;Aggregate;2;Outer;;0;1631266;1631266;0;1.0;341523.47;670304.45;71;0.0;0;29783;Gather Merge;3;Outer;;0;1631266;526215;0;3.0999990498180403;341523.47;637679.13;44;0.0;3;29784;Incremental Sort;4;Outer;;0;526215;526215;0;1.0;340523.43;445005.33;44;0.0;0;2889.529;2891.649;0.0;0.0
Q18_1_seed_0101000000;29796;Limit;0;;;0;100;1631266;0;6.130208071522364e-05;732650.26;732650.51;71;0.0;0;3045.951;3055.207;29797;Sort;1;Outer;;0;1631266;1631266;0;1.0;732650.26;736728.42;71;0.0;0;29798;Aggregate;2;Outer;;0;1631266;1631266;0;1.0;341523.47;670304.45;71;0.0;0;29799;Gather Merge;3;Outer;;0;1631266;526215;0;3.0999990498180403;341523.47;637679.13;44;0.0;3;29800;Incremental Sort;4;Outer;;0;526215;526215;0;1.0;340523.43;445005.33;44;0.0;0;2921.243;2923.692;0.0;0.0
Q18_20_seed_155876589;29812;Limit;0;;;0;100;1631266;0;6.130208071522364e-05;732650.26;732650.51;71;0.0;0;3033.929;3041.496;29813;Sort;1;Outer;;0;1631266;1631266;0;1.0;732650.26;736728.42;71;0.0;0;29814;Aggregate;2;Outer;;0;1631266;1631266;0;1.0;341523.47;670304.45;71;0.0;0;29815;Gather Merge;3;Outer;;0;1631266;526215;0;3.0999990498180403;341523.47;637679.13;44;0.0;3;29816;Incremental Sort;4;Outer;;0;526215;526215;0;1.0;340523.43;445005.33;44;0.0;0;2901.719;2903.806;0.0;0.0
Q18_21_seed_164080620;29828;Limit;0;;;0;100;1631266;0;6.130208071522364e-05;732650.26;732650.51;71;0.0;0;3016.389;3024.909;29829;Sort;1;Outer;;0;1631266;1631266;0;1.0;732650.26;736728.42;71;0.0;0;29830;Aggregate;2;Outer;;0;1631266;1631266;0;1.0;341523.47;670304.45;71;0.0;0;29831;Gather Merge;3;Outer;;0;1631266;526215;0;3.0999990498180403;341523.47;637679.13;44;0.0;3;29832;Incremental Sort;4;Outer;;0;526215;526215;0;1.0;340523.43;445005.33;44;0.0;0;2895.178;2897.175;0.0;0.0
Q18_22_seed_172284651;29844;Limit;0;;;0;100;1631266;0;6.130208071522364e-05;732650.26;732650.51;71;0.0;0;3019.024;3028.498;29845;Sort;1;Outer;;0;1631266;1631266;0;1.0;732650.26;736728.42;71;0.0;0;29846;Aggregate;2;Outer;;0;1631266;1631266;0;1.0;341523.47;670304.45;71;0.0;0;29847;Gather Merge;3;Outer;;0;1631266;526215;0;3.0999990498180403;341523.47;637679.13;44;0.0;3;29848;Incremental Sort;4;Outer;;0;526215;526215;0;1.0;340523.43;445005.33;44;0.0;0;2894.247;2896.502;0.0;0.0
Q18_23_seed_180488682;29860;Limit;0;;;0;100;1631266;0;6.130208071522364e-05;732650.26;732650.51;71;0.0;0;3041.449;3047.003;29861;Sort;1;Outer;;0;1631266;1631266;0;1.0;732650.26;736728.42;71;0.0;0;29862;Aggregate;2;Outer;;0;1631266;1631266;0;1.0;341523.47;670304.45;71;0.0;0;29863;Gather Merge;3;Outer;;0;1631266;526215;0;3.0999990498180403;341523.47;637679.13;44;0.0;3;29864;Incremental Sort;4;Outer;;0;526215;526215;0;1.0;340523.43;445005.33;44;0.0;0;2906.933;2908.171;0.0;0.0
Q18_24_seed_188692713;29876;Limit;0;;;0;100;1631266;0;6.130208071522364e-05;732650.26;732650.51;71;0.0;0;3026.432;3036.05;29877;Sort;1;Outer;;0;1631266;1631266;0;1.0;732650.26;736728.42;71;0.0;0;29878;Aggregate;2;Outer;;0;1631266;1631266;0;1.0;341523.47;670304.45;71;0.0;0;29879;Gather Merge;3;Outer;;0;1631266;526215;0;3.0999990498180403;341523.47;637679.13;44;0.0;3;29880;Incremental Sort;4;Outer;;0;526215;526215;0;1.0;340523.43;445005.33;44;0.0;0;2901.329;2903.635;0.0;0.0
Q18_27_seed_213304806;29924;Limit;0;;;0;100;1631266;0;6.130208071522364e-05;732650.26;732650.51;71;0.0;0;3037.677;3043.816;29925;Sort;1;Outer;;0;1631266;1631266;0;1.0;732650.26;736728.42;71;0.0;0;29926;Aggregate;2;Outer;;0;1631266;1631266;0;1.0;341523.47;670304.45;71;0.0;0;29927;Gather Merge;3;Outer;;0;1631266;526215;0;3.0999990498180403;341523.47;637679.13;44;0.0;3;29928;Incremental Sort;4;Outer;;0;526215;526215;0;1.0;340523.43;445005.33;44;0.0;0;2909.381;2911.595;0.0;0.0
Q18_28_seed_221508837;29940;Limit;0;;;0;100;1631266;0;6.130208071522364e-05;732650.26;732650.51;71;0.0;0;3058.613;3064.823;29941;Sort;1;Outer;;0;1631266;1631266;0;1.0;732650.26;736728.42;71;0.0;0;29942;Aggregate;2;Outer;;0;1631266;1631266;0;1.0;341523.47;670304.45;71;0.0;0;29943;Gather Merge;3;Outer;;0;1631266;526215;0;3.0999990498180403;341523.47;637679.13;44;0.0;3;29944;Incremental Sort;4;Outer;;0;526215;526215;0;1.0;340523.43;445005.33;44;0.0;0;2914.454;2916.794;0.0;0.0
Q18_29_seed_229712868;29956;Limit;0;;;0;100;1631266;0;6.130208071522364e-05;732650.26;732650.51;71;0.0;0;3059.017;3068.062;29957;Sort;1;Outer;;0;1631266;1631266;0;1.0;732650.26;736728.42;71;0.0;0;29958;Aggregate;2;Outer;;0;1631266;1631266;0;1.0;341523.47;670304.45;71;0.0;0;29959;Gather Merge;3;Outer;;0;1631266;526215;0;3.0999990498180403;341523.47;637679.13;44;0.0;3;29960;Incremental Sort;4;Outer;;0;526215;526215;0;1.0;340523.43;445005.33;44;0.0;0;2925.245;2928.115;0.0;0.0
Q18_30_seed_237916899;29988;Limit;0;;;0;100;1631266;0;6.130208071522364e-05;732650.26;732650.51;71;0.0;0;3036.889;3042.969;29989;Sort;1;Outer;;0;1631266;1631266;0;1.0;732650.26;736728.42;71;0.0;0;29990;Aggregate;2;Outer;;0;1631266;1631266;0;1.0;341523.47;670304.45;71;0.0;0;29991;Gather Merge;3;Outer;;0;1631266;526215;0;3.0999990498180403;341523.47;637679.13;44;0.0;3;29992;Incremental Sort;4;Outer;;0;526215;526215;0;1.0;340523.43;445005.33;44;0.0;0;2889.757;2891.648;0.0;0.0
Q18_31_seed_246120930;30004;Limit;0;;;0;100;1631266;0;6.130208071522364e-05;732650.26;732650.51;71;0.0;0;3037.62;3046.827;30005;Sort;1;Outer;;0;1631266;1631266;0;1.0;732650.26;736728.42;71;0.0;0;30006;Aggregate;2;Outer;;0;1631266;1631266;0;1.0;341523.47;670304.45;71;0.0;0;30007;Gather Merge;3;Outer;;0;1631266;526215;0;3.0999990498180403;341523.47;637679.13;44;0.0;3;30008;Incremental Sort;4;Outer;;0;526215;526215;0;1.0;340523.43;445005.33;44;0.0;0;2907.585;2910.079;0.0;0.0
Q18_32_seed_254324961;30020;Limit;0;;;0;100;1631266;0;6.130208071522364e-05;732650.26;732650.51;71;0.0;0;3046.898;3053.435;30021;Sort;1;Outer;;0;1631266;1631266;0;1.0;732650.26;736728.42;71;0.0;0;30022;Aggregate;2;Outer;;0;1631266;1631266;0;1.0;341523.47;670304.45;71;0.0;0;30023;Gather Merge;3;Outer;;0;1631266;526215;0;3.0999990498180403;341523.47;637679.13;44;0.0;3;30024;Incremental Sort;4;Outer;;0;526215;526215;0;1.0;340523.43;445005.33;44;0.0;0;2895.278;2897.272;0.0;0.0
Q18_33_seed_262528992;30036;Limit;0;;;0;100;1631266;0;6.130208071522364e-05;732650.26;732650.51;71;0.0;0;3048.556;3054.589;30037;Sort;1;Outer;;0;1631266;1631266;0;1.0;732650.26;736728.42;71;0.0;0;30038;Aggregate;2;Outer;;0;1631266;1631266;0;1.0;341523.47;670304.45;71;0.0;0;30039;Gather Merge;3;Outer;;0;1631266;526215;0;3.0999990498180403;341523.47;637679.13;44;0.0;3;30040;Incremental Sort;4;Outer;;0;526215;526215;0;1.0;340523.43;445005.33;44;0.0;0;2920.354;2922.297;0.0;0.0
Q18_34_seed_270733023;30052;Limit;0;;;0;100;1631266;0;6.130208071522364e-05;732650.26;732650.51;71;0.0;0;3064.63;3073.545;30053;Sort;1;Outer;;0;1631266;1631266;0;1.0;732650.26;736728.42;71;0.0;0;30054;Aggregate;2;Outer;;0;1631266;1631266;0;1.0;341523.47;670304.45;71;0.0;0;30055;Gather Merge;3;Outer;;0;1631266;526215;0;3.0999990498180403;341523.47;637679.13;44;0.0;3;30056;Incremental Sort;4;Outer;;0;526215;526215;0;1.0;340523.43;445005.33;44;0.0;0;2934.131;2937.345;0.0;0.0
Q18_35_seed_278937054;30068;Limit;0;;;0;100;1631266;0;6.130208071522364e-05;732650.26;732650.51;71;0.0;0;3014.054;3022.573;30069;Sort;1;Outer;;0;1631266;1631266;0;1.0;732650.26;736728.42;71;0.0;0;30070;Aggregate;2;Outer;;0;1631266;1631266;0;1.0;341523.47;670304.45;71;0.0;0;30071;Gather Merge;3;Outer;;0;1631266;526215;0;3.0999990498180403;341523.47;637679.13;44;0.0;3;30072;Incremental Sort;4;Outer;;0;526215;526215;0;1.0;340523.43;445005.33;44;0.0;0;2885.458;2887.62;0.0;0.0
Q18_37_seed_295345116;30100;Limit;0;;;0;100;1631266;0;6.130208071522364e-05;732650.26;732650.51;71;0.0;0;3057.198;3064.743;30101;Sort;1;Outer;;0;1631266;1631266;0;1.0;732650.26;736728.42;71;0.0;0;30102;Aggregate;2;Outer;;0;1631266;1631266;0;1.0;341523.47;670304.45;71;0.0;0;30103;Gather Merge;3;Outer;;0;1631266;526215;0;3.0999990498180403;341523.47;637679.13;44;0.0;3;30104;Incremental Sort;4;Outer;;0;526215;526215;0;1.0;340523.43;445005.33;44;0.0;0;2927.043;2928.323;0.0;0.0
Q18_38_seed_303549147;30116;Limit;0;;;0;100;1631266;0;6.130208071522364e-05;732650.26;732650.51;71;0.0;0;3072.501;3078.474;30117;Sort;1;Outer;;0;1631266;1631266;0;1.0;732650.26;736728.42;71;0.0;0;30118;Aggregate;2;Outer;;0;1631266;1631266;0;1.0;341523.47;670304.45;71;0.0;0;30119;Gather Merge;3;Outer;;0;1631266;526215;0;3.0999990498180403;341523.47;637679.13;44;0.0;3;30120;Incremental Sort;4;Outer;;0;526215;526215;0;1.0;340523.43;445005.33;44;0.0;0;2937.945;2939.555;0.0;0.0
Q18_39_seed_311753178;30132;Limit;0;;;0;100;1631266;0;6.130208071522364e-05;732650.26;732650.51;71;0.0;0;3059.559;3065.465;30133;Sort;1;Outer;;0;1631266;1631266;0;1.0;732650.26;736728.42;71;0.0;0;30134;Aggregate;2;Outer;;0;1631266;1631266;0;1.0;341523.47;670304.45;71;0.0;0;30135;Gather Merge;3;Outer;;0;1631266;526215;0;3.0999990498180403;341523.47;637679.13;44;0.0;3;30136;Incremental Sort;4;Outer;;0;526215;526215;0;1.0;340523.43;445005.33;44;0.0;0;2933.968;2935.693;0.0;0.0
Q18_3_seed_16408062;30148;Limit;0;;;0;100;1631266;0;6.130208071522364e-05;732650.26;732650.51;71;0.0;0;3063.362;3069.134;30149;Sort;1;Outer;;0;1631266;1631266;0;1.0;732650.26;736728.42;71;0.0;0;30150;Aggregate;2;Outer;;0;1631266;1631266;0;1.0;341523.47;670304.45;71;0.0;0;30151;Gather Merge;3;Outer;;0;1631266;526215;0;3.0999990498180403;341523.47;637679.13;44;0.0;3;30152;Incremental Sort;4;Outer;;0;526215;526215;0;1.0;340523.43;445005.33;44;0.0;0;2921.587;2923.479;0.0;0.0
Q18_40_seed_319957209;30164;Limit;0;;;0;100;1631266;0;6.130208071522364e-05;732650.26;732650.51;71;0.0;0;3019.577;3026.23;30165;Sort;1;Outer;;0;1631266;1631266;0;1.0;732650.26;736728.42;71;0.0;0;30166;Aggregate;2;Outer;;0;1631266;1631266;0;1.0;341523.47;670304.45;71;0.0;0;30167;Gather Merge;3;Outer;;0;1631266;526215;0;3.0999990498180403;341523.47;637679.13;44;0.0;3;30168;Incremental Sort;4;Outer;;0;526215;526215;0;1.0;340523.43;445005.33;44;0.0;0;2874.788;2876.245;0.0;0.0
Q18_41_seed_328161240;30180;Limit;0;;;0;100;1631266;0;6.130208071522364e-05;732650.26;732650.51;71;0.0;0;3040.616;3047.82;30181;Sort;1;Outer;;0;1631266;1631266;0;1.0;732650.26;736728.42;71;0.0;0;30182;Aggregate;2;Outer;;0;1631266;1631266;0;1.0;341523.47;670304.45;71;0.0;0;30183;Gather Merge;3;Outer;;0;1631266;526215;0;3.0999990498180403;341523.47;637679.13;44;0.0;3;30184;Incremental Sort;4;Outer;;0;526215;526215;0;1.0;340523.43;445005.33;44;0.0;0;2909.705;2911.49;0.0;0.0
Q18_42_seed_336365271;30196;Limit;0;;;0;100;1631266;0;6.130208071522364e-05;732650.26;732650.51;71;0.0;0;3016.466;3025.939;30197;Sort;1;Outer;;0;1631266;1631266;0;1.0;732650.26;736728.42;71;0.0;0;30198;Aggregate;2;Outer;;0;1631266;1631266;0;1.0;341523.47;670304.45;71;0.0;0;30199;Gather Merge;3;Outer;;0;1631266;526215;0;3.0999990498180403;341523.47;637679.13;44;0.0;3;30200;Incremental Sort;4;Outer;;0;526215;526215;0;1.0;340523.43;445005.33;44;0.0;0;2886.787;2888.942;0.0;0.0
Q18_43_seed_344569302;30212;Limit;0;;;0;100;1631266;0;6.130208071522364e-05;732650.26;732650.51;71;0.0;0;3046.213;3051.382;30213;Sort;1;Outer;;0;1631266;1631266;0;1.0;732650.26;736728.42;71;0.0;0;30214;Aggregate;2;Outer;;0;1631266;1631266;0;1.0;341523.47;670304.45;71;0.0;0;30215;Gather Merge;3;Outer;;0;1631266;526215;0;3.0999990498180403;341523.47;637679.13;44;0.0;3;30216;Incremental Sort;4;Outer;;0;526215;526215;0;1.0;340523.43;445005.33;44;0.0;0;2913.463;2915.208;0.0;0.0
Q18_44_seed_352773333;30228;Limit;0;;;0;100;1631266;0;6.130208071522364e-05;732650.26;732650.51;71;0.0;0;3035.72;3038.778;30229;Sort;1;Outer;;0;1631266;1631266;0;1.0;732650.26;736728.42;71;0.0;0;30230;Aggregate;2;Outer;;0;1631266;1631266;0;1.0;341523.47;670304.45;71;0.0;0;30231;Gather Merge;3;Outer;;0;1631266;526215;0;3.0999990498180403;341523.47;637679.13;44;0.0;3;30232;Incremental Sort;4;Outer;;0;526215;526215;0;1.0;340523.43;445005.33;44;0.0;0;2903.484;2906.388;0.0;0.0
Q18_45_seed_360977364;30244;Limit;0;;;0;100;1631266;0;6.130208071522364e-05;732650.26;732650.51;71;0.0;0;3040.461;3046.601;30245;Sort;1;Outer;;0;1631266;1631266;0;1.0;732650.26;736728.42;71;0.0;0;30246;Aggregate;2;Outer;;0;1631266;1631266;0;1.0;341523.47;670304.45;71;0.0;0;30247;Gather Merge;3;Outer;;0;1631266;526215;0;3.0999990498180403;341523.47;637679.13;44;0.0;3;30248;Incremental Sort;4;Outer;;0;526215;526215;0;1.0;340523.43;445005.33;44;0.0;0;2899.615;2901.874;0.0;0.0
Q18_46_seed_369181395;30260;Limit;0;;;0;100;1631266;0;6.130208071522364e-05;732650.26;732650.51;71;0.0;0;3064.15;3070.496;30261;Sort;1;Outer;;0;1631266;1631266;0;1.0;732650.26;736728.42;71;0.0;0;30262;Aggregate;2;Outer;;0;1631266;1631266;0;1.0;341523.47;670304.45;71;0.0;0;30263;Gather Merge;3;Outer;;0;1631266;526215;0;3.0999990498180403;341523.47;637679.13;44;0.0;3;30264;Incremental Sort;4;Outer;;0;526215;526215;0;1.0;340523.43;445005.33;44;0.0;0;2933.76;2935.029;0.0;0.0
Q18_47_seed_377385426;30276;Limit;0;;;0;100;1631266;0;6.130208071522364e-05;732650.26;732650.51;71;0.0;0;3049.531;3057.58;30277;Sort;1;Outer;;0;1631266;1631266;0;1.0;732650.26;736728.42;71;0.0;0;30278;Aggregate;2;Outer;;0;1631266;1631266;0;1.0;341523.47;670304.45;71;0.0;0;30279;Gather Merge;3;Outer;;0;1631266;526215;0;3.0999990498180403;341523.47;637679.13;44;0.0;3;30280;Incremental Sort;4;Outer;;0;526215;526215;0;1.0;340523.43;445005.33;44;0.0;0;2915.224;2917.391;0.0;0.0
Q18_49_seed_393793488;30308;Limit;0;;;0;100;1631266;0;6.130208071522364e-05;732650.26;732650.51;71;0.0;0;3056.601;3062.614;30309;Sort;1;Outer;;0;1631266;1631266;0;1.0;732650.26;736728.42;71;0.0;0;30310;Aggregate;2;Outer;;0;1631266;1631266;0;1.0;341523.47;670304.45;71;0.0;0;30311;Gather Merge;3;Outer;;0;1631266;526215;0;3.0999990498180403;341523.47;637679.13;44;0.0;3;30312;Incremental Sort;4;Outer;;0;526215;526215;0;1.0;340523.43;445005.33;44;0.0;0;2919.983;2923.361;0.0;0.0
Q18_4_seed_24612093;30324;Limit;0;;;0;100;1631266;0;6.130208071522364e-05;732650.26;732650.51;71;0.0;0;3034.719;3041.229;30325;Sort;1;Outer;;0;1631266;1631266;0;1.0;732650.26;736728.42;71;0.0;0;30326;Aggregate;2;Outer;;0;1631266;1631266;0;1.0;341523.47;670304.45;71;0.0;0;30327;Gather Merge;3;Outer;;0;1631266;526215;0;3.0999990498180403;341523.47;637679.13;44;0.0;3;30328;Incremental Sort;4;Outer;;0;526215;526215;0;1.0;340523.43;445005.33;44;0.0;0;2902.75;2904.093;0.0;0.0
Q18_50_seed_401997519;30340;Limit;0;;;0;100;1631266;0;6.130208071522364e-05;732650.26;732650.51;71;0.0;0;3046.993;3054.417;30341;Sort;1;Outer;;0;1631266;1631266;0;1.0;732650.26;736728.42;71;0.0;0;30342;Aggregate;2;Outer;;0;1631266;1631266;0;1.0;341523.47;670304.45;71;0.0;0;30343;Gather Merge;3;Outer;;0;1631266;526215;0;3.0999990498180403;341523.47;637679.13;44;0.0;3;30344;Incremental Sort;4;Outer;;0;526215;526215;0;1.0;340523.43;445005.33;44;0.0;0;2915.078;2917.22;0.0;0.0
Q18_51_seed_410201550;30356;Limit;0;;;0;100;1631266;0;6.130208071522364e-05;732650.26;732650.51;71;0.0;0;3096.348;3103.326;30357;Sort;1;Outer;;0;1631266;1631266;0;1.0;732650.26;736728.42;71;0.0;0;30358;Aggregate;2;Outer;;0;1631266;1631266;0;1.0;341523.47;670304.45;71;0.0;0;30359;Gather Merge;3;Outer;;0;1631266;526215;0;3.0999990498180403;341523.47;637679.13;44;0.0;3;30360;Incremental Sort;4;Outer;;0;526215;526215;0;1.0;340523.43;445005.33;44;0.0;0;2970.899;2973.788;0.0;0.0
Q18_52_seed_418405581;30372;Limit;0;;;0;100;1631266;0;6.130208071522364e-05;732650.26;732650.51;71;0.0;0;3056.837;3063.921;30373;Sort;1;Outer;;0;1631266;1631266;0;1.0;732650.26;736728.42;71;0.0;0;30374;Aggregate;2;Outer;;0;1631266;1631266;0;1.0;341523.47;670304.45;71;0.0;0;30375;Gather Merge;3;Outer;;0;1631266;526215;0;3.0999990498180403;341523.47;637679.13;44;0.0;3;30376;Incremental Sort;4;Outer;;0;526215;526215;0;1.0;340523.43;445005.33;44;0.0;0;2922.052;2924.453;0.0;0.0
Q18_53_seed_426609612;30388;Limit;0;;;0;100;1631266;0;6.130208071522364e-05;732650.26;732650.51;71;0.0;0;3037.812;3044.246;30389;Sort;1;Outer;;0;1631266;1631266;0;1.0;732650.26;736728.42;71;0.0;0;30390;Aggregate;2;Outer;;0;1631266;1631266;0;1.0;341523.47;670304.45;71;0.0;0;30391;Gather Merge;3;Outer;;0;1631266;526215;0;3.0999990498180403;341523.47;637679.13;44;0.0;3;30392;Incremental Sort;4;Outer;;0;526215;526215;0;1.0;340523.43;445005.33;44;0.0;0;2904.132;2906.812;0.0;0.0
Q18_54_seed_434813643;30404;Limit;0;;;0;100;1631266;0;6.130208071522364e-05;732650.26;732650.51;71;0.0;0;3037.523;3047.07;30405;Sort;1;Outer;;0;1631266;1631266;0;1.0;732650.26;736728.42;71;0.0;0;30406;Aggregate;2;Outer;;0;1631266;1631266;0;1.0;341523.47;670304.45;71;0.0;0;30407;Gather Merge;3;Outer;;0;1631266;526215;0;3.0999990498180403;341523.47;637679.13;44;0.0;3;30408;Incremental Sort;4;Outer;;0;526215;526215;0;1.0;340523.43;445005.33;44;0.0;0;2911.909;2913.833;0.0;0.0
Q18_55_seed_443017674;30420;Limit;0;;;0;100;1631266;0;6.130208071522364e-05;732650.26;732650.51;71;0.0;0;3066.646;3072.486;30421;Sort;1;Outer;;0;1631266;1631266;0;1.0;732650.26;736728.42;71;0.0;0;30422;Aggregate;2;Outer;;0;1631266;1631266;0;1.0;341523.47;670304.45;71;0.0;0;30423;Gather Merge;3;Outer;;0;1631266;526215;0;3.0999990498180403;341523.47;637679.13;44;0.0;3;30424;Incremental Sort;4;Outer;;0;526215;526215;0;1.0;340523.43;445005.33;44;0.0;0;2934.897;2937.716;0.0;0.0
Q18_57_seed_459425736;30452;Limit;0;;;0;100;1631266;0;6.130208071522364e-05;732650.26;732650.51;71;0.0;0;3036.659;3045.576;30453;Sort;1;Outer;;0;1631266;1631266;0;1.0;732650.26;736728.42;71;0.0;0;30454;Aggregate;2;Outer;;0;1631266;1631266;0;1.0;341523.47;670304.45;71;0.0;0;30455;Gather Merge;3;Outer;;0;1631266;526215;0;3.0999990498180403;341523.47;637679.13;44;0.0;3;30456;Incremental Sort;4;Outer;;0;526215;526215;0;1.0;340523.43;445005.33;44;0.0;0;2908.235;2910.739;0.0;0.0
Q18_58_seed_467629767;30468;Limit;0;;;0;100;1631266;0;6.130208071522364e-05;732650.26;732650.51;71;0.0;0;3061.071;3070.081;30469;Sort;1;Outer;;0;1631266;1631266;0;1.0;732650.26;736728.42;71;0.0;0;30470;Aggregate;2;Outer;;0;1631266;1631266;0;1.0;341523.47;670304.45;71;0.0;0;30471;Gather Merge;3;Outer;;0;1631266;526215;0;3.0999990498180403;341523.47;637679.13;44;0.0;3;30472;Incremental Sort;4;Outer;;0;526215;526215;0;1.0;340523.43;445005.33;44;0.0;0;2936.478;2938.711;0.0;0.0
Q18_59_seed_475833798;30484;Limit;0;;;0;100;1631266;0;6.130208071522364e-05;732650.26;732650.51;71;0.0;0;3037.429;3042.774;30485;Sort;1;Outer;;0;1631266;1631266;0;1.0;732650.26;736728.42;71;0.0;0;30486;Aggregate;2;Outer;;0;1631266;1631266;0;1.0;341523.47;670304.45;71;0.0;0;30487;Gather Merge;3;Outer;;0;1631266;526215;0;3.0999990498180403;341523.47;637679.13;44;0.0;3;30488;Incremental Sort;4;Outer;;0;526215;526215;0;1.0;340523.43;445005.33;44;0.0;0;2888.036;2889.403;0.0;0.0
Q18_5_seed_32816124;30500;Limit;0;;;0;100;1631266;0;6.130208071522364e-05;732650.26;732650.51;71;0.0;0;3062.692;3070.018;30501;Sort;1;Outer;;0;1631266;1631266;0;1.0;732650.26;736728.42;71;0.0;0;30502;Aggregate;2;Outer;;0;1631266;1631266;0;1.0;341523.47;670304.45;71;0.0;0;30503;Gather Merge;3;Outer;;0;1631266;526215;0;3.0999990498180403;341523.47;637679.13;44;0.0;3;30504;Incremental Sort;4;Outer;;0;526215;526215;0;1.0;340523.43;445005.33;44;0.0;0;2936.002;2937.734;0.0;0.0
Q18_60_seed_484037829;30516;Limit;0;;;0;100;1631266;0;6.130208071522364e-05;732650.26;732650.51;71;0.0;0;2998.28;3005.816;30517;Sort;1;Outer;;0;1631266;1631266;0;1.0;732650.26;736728.42;71;0.0;0;30518;Aggregate;2;Outer;;0;1631266;1631266;0;1.0;341523.47;670304.45;71;0.0;0;30519;Gather Merge;3;Outer;;0;1631266;526215;0;3.0999990498180403;341523.47;637679.13;44;0.0;3;30520;Incremental Sort;4;Outer;;0;526215;526215;0;1.0;340523.43;445005.33;44;0.0;0;2868.721;2870.443;0.0;0.0
Q18_61_seed_492241860;30532;Limit;0;;;0;100;1631266;0;6.130208071522364e-05;732650.26;732650.51;71;0.0;0;3012.614;3018.73;30533;Sort;1;Outer;;0;1631266;1631266;0;1.0;732650.26;736728.42;71;0.0;0;30534;Aggregate;2;Outer;;0;1631266;1631266;0;1.0;341523.47;670304.45;71;0.0;0;30535;Gather Merge;3;Outer;;0;1631266;526215;0;3.0999990498180403;341523.47;637679.13;44;0.0;3;30536;Incremental Sort;4;Outer;;0;526215;526215;0;1.0;340523.43;445005.33;44;0.0;0;2876.363;2879.299;0.0;0.0
Q18_62_seed_500445891;30548;Limit;0;;;0;100;1631266;0;6.130208071522364e-05;732650.26;732650.51;71;0.0;0;3025.446;3031.479;30549;Sort;1;Outer;;0;1631266;1631266;0;1.0;732650.26;736728.42;71;0.0;0;30550;Aggregate;2;Outer;;0;1631266;1631266;0;1.0;341523.47;670304.45;71;0.0;0;30551;Gather Merge;3;Outer;;0;1631266;526215;0;3.0999990498180403;341523.47;637679.13;44;0.0;3;30552;Incremental Sort;4;Outer;;0;526215;526215;0;1.0;340523.43;445005.33;44;0.0;0;2877.033;2879.262;0.0;0.0
Q18_63_seed_508649922;30564;Limit;0;;;0;100;1631266;0;6.130208071522364e-05;732650.26;732650.51;71;0.0;0;3044.628;3053.518;30565;Sort;1;Outer;;0;1631266;1631266;0;1.0;732650.26;736728.42;71;0.0;0;30566;Aggregate;2;Outer;;0;1631266;1631266;0;1.0;341523.47;670304.45;71;0.0;0;30567;Gather Merge;3;Outer;;0;1631266;526215;0;3.0999990498180403;341523.47;637679.13;44;0.0;3;30568;Incremental Sort;4;Outer;;0;526215;526215;0;1.0;340523.43;445005.33;44;0.0;0;2907.268;2909.149;0.0;0.0
Q18_65_seed_525057984;30596;Limit;0;;;0;100;1631266;0;6.130208071522364e-05;732650.26;732650.51;71;0.0;0;3058.477;3063.839;30597;Sort;1;Outer;;0;1631266;1631266;0;1.0;732650.26;736728.42;71;0.0;0;30598;Aggregate;2;Outer;;0;1631266;1631266;0;1.0;341523.47;670304.45;71;0.0;0;30599;Gather Merge;3;Outer;;0;1631266;526215;0;3.0999990498180403;341523.47;637679.13;44;0.0;3;30600;Incremental Sort;4;Outer;;0;526215;526215;0;1.0;340523.43;445005.33;44;0.0;0;2924.353;2926.053;0.0;0.0
Q18_66_seed_533262015;30612;Limit;0;;;0;100;1631266;0;6.130208071522364e-05;732650.26;732650.51;71;0.0;0;3042.959;3052.218;30613;Sort;1;Outer;;0;1631266;1631266;0;1.0;732650.26;736728.42;71;0.0;0;30614;Aggregate;2;Outer;;0;1631266;1631266;0;1.0;341523.47;670304.45;71;0.0;0;30615;Gather Merge;3;Outer;;0;1631266;526215;0;3.0999990498180403;341523.47;637679.13;44;0.0;3;30616;Incremental Sort;4;Outer;;0;526215;526215;0;1.0;340523.43;445005.33;44;0.0;0;2894.27;2897.242;0.0;0.0
Q18_67_seed_541466046;30628;Limit;0;;;0;100;1631266;0;6.130208071522364e-05;732650.26;732650.51;71;0.0;0;3055.996;3065.131;30629;Sort;1;Outer;;0;1631266;1631266;0;1.0;732650.26;736728.42;71;0.0;0;30630;Aggregate;2;Outer;;0;1631266;1631266;0;1.0;341523.47;670304.45;71;0.0;0;30631;Gather Merge;3;Outer;;0;1631266;526215;0;3.0999990498180403;341523.47;637679.13;44;0.0;3;30632;Incremental Sort;4;Outer;;0;526215;526215;0;1.0;340523.43;445005.33;44;0.0;0;2919.613;2922.726;0.0;0.0
Q18_68_seed_549670077;30644;Limit;0;;;0;100;1631266;0;6.130208071522364e-05;732650.26;732650.51;71;0.0;0;3021.076;3030.525;30645;Sort;1;Outer;;0;1631266;1631266;0;1.0;732650.26;736728.42;71;0.0;0;30646;Aggregate;2;Outer;;0;1631266;1631266;0;1.0;341523.47;670304.45;71;0.0;0;30647;Gather Merge;3;Outer;;0;1631266;526215;0;3.0999990498180403;341523.47;637679.13;44;0.0;3;30648;Incremental Sort;4;Outer;;0;526215;526215;0;1.0;340523.43;445005.33;44;0.0;0;2894.711;2897.26;0.0;0.0
Q18_69_seed_557874108;30660;Limit;0;;;0;100;1631266;0;6.130208071522364e-05;732650.26;732650.51;71;0.0;0;3020.173;3026.239;30661;Sort;1;Outer;;0;1631266;1631266;0;1.0;732650.26;736728.42;71;0.0;0;30662;Aggregate;2;Outer;;0;1631266;1631266;0;1.0;341523.47;670304.45;71;0.0;0;30663;Gather Merge;3;Outer;;0;1631266;526215;0;3.0999990498180403;341523.47;637679.13;44;0.0;3;30664;Incremental Sort;4;Outer;;0;526215;526215;0;1.0;340523.43;445005.33;44;0.0;0;2868.02;2871.104;0.0;0.0
Q18_70_seed_566078139;30692;Limit;0;;;0;100;1631266;0;6.130208071522364e-05;732650.26;732650.51;71;0.0;0;3055.662;3061.975;30693;Sort;1;Outer;;0;1631266;1631266;0;1.0;732650.26;736728.42;71;0.0;0;30694;Aggregate;2;Outer;;0;1631266;1631266;0;1.0;341523.47;670304.45;71;0.0;0;30695;Gather Merge;3;Outer;;0;1631266;526215;0;3.0999990498180403;341523.47;637679.13;44;0.0;3;30696;Incremental Sort;4;Outer;;0;526215;526215;0;1.0;340523.43;445005.33;44;0.0;0;2918.608;2921.924;0.0;0.0
Q18_71_seed_574282170;30708;Limit;0;;;0;100;1631266;0;6.130208071522364e-05;732650.26;732650.51;71;0.0;0;3053.817;3060.102;30709;Sort;1;Outer;;0;1631266;1631266;0;1.0;732650.26;736728.42;71;0.0;0;30710;Aggregate;2;Outer;;0;1631266;1631266;0;1.0;341523.47;670304.45;71;0.0;0;30711;Gather Merge;3;Outer;;0;1631266;526215;0;3.0999990498180403;341523.47;637679.13;44;0.0;3;30712;Incremental Sort;4;Outer;;0;526215;526215;0;1.0;340523.43;445005.33;44;0.0;0;2920.802;2921.783;0.0;0.0
Q18_72_seed_582486201;30724;Limit;0;;;0;100;1631266;0;6.130208071522364e-05;732650.26;732650.51;71;0.0;0;3084.308;3093.053;30725;Sort;1;Outer;;0;1631266;1631266;0;1.0;732650.26;736728.42;71;0.0;0;30726;Aggregate;2;Outer;;0;1631266;1631266;0;1.0;341523.47;670304.45;71;0.0;0;30727;Gather Merge;3;Outer;;0;1631266;526215;0;3.0999990498180403;341523.47;637679.13;44;0.0;3;30728;Incremental Sort;4;Outer;;0;526215;526215;0;1.0;340523.43;445005.33;44;0.0;0;2954.662;2957.575;0.0;0.0
Q18_73_seed_590690232;30740;Limit;0;;;0;100;1631266;0;6.130208071522364e-05;732650.26;732650.51;71;0.0;0;3043.196;3051.789;30741;Sort;1;Outer;;0;1631266;1631266;0;1.0;732650.26;736728.42;71;0.0;0;30742;Aggregate;2;Outer;;0;1631266;1631266;0;1.0;341523.47;670304.45;71;0.0;0;30743;Gather Merge;3;Outer;;0;1631266;526215;0;3.0999990498180403;341523.47;637679.13;44;0.0;3;30744;Incremental Sort;4;Outer;;0;526215;526215;0;1.0;340523.43;445005.33;44;0.0;0;2907.867;2909.133;0.0;0.0
Q18_74_seed_598894263;30756;Limit;0;;;0;100;1631266;0;6.130208071522364e-05;732650.26;732650.51;71;0.0;0;3069.422;3079.193;30757;Sort;1;Outer;;0;1631266;1631266;0;1.0;732650.26;736728.42;71;0.0;0;30758;Aggregate;2;Outer;;0;1631266;1631266;0;1.0;341523.47;670304.45;71;0.0;0;30759;Gather Merge;3;Outer;;0;1631266;526215;0;3.0999990498180403;341523.47;637679.13;44;0.0;3;30760;Incremental Sort;4;Outer;;0;526215;526215;0;1.0;340523.43;445005.33;44;0.0;0;2937.163;2939.686;0.0;0.0
Q18_75_seed_607098294;30772;Limit;0;;;0;100;1631266;0;6.130208071522364e-05;732650.26;732650.51;71;0.0;0;3055.047;3065.36;30773;Sort;1;Outer;;0;1631266;1631266;0;1.0;732650.26;736728.42;71;0.0;0;30774;Aggregate;2;Outer;;0;1631266;1631266;0;1.0;341523.47;670304.45;71;0.0;0;30775;Gather Merge;3;Outer;;0;1631266;526215;0;3.0999990498180403;341523.47;637679.13;44;0.0;3;30776;Incremental Sort;4;Outer;;0;526215;526215;0;1.0;340523.43;445005.33;44;0.0;0;2904.172;2906.687;0.0;0.0
Q18_76_seed_615302325;30788;Limit;0;;;0;100;1631266;0;6.130208071522364e-05;732650.26;732650.51;71;0.0;0;3054.562;3060.835;30789;Sort;1;Outer;;0;1631266;1631266;0;1.0;732650.26;736728.42;71;0.0;0;30790;Aggregate;2;Outer;;0;1631266;1631266;0;1.0;341523.47;670304.45;71;0.0;0;30791;Gather Merge;3;Outer;;0;1631266;526215;0;3.0999990498180403;341523.47;637679.13;44;0.0;3;30792;Incremental Sort;4;Outer;;0;526215;526215;0;1.0;340523.43;445005.33;44;0.0;0;2924.76;2926.473;0.0;0.0
Q18_78_seed_631710387;30820;Limit;0;;;0;100;1631266;0;6.130208071522364e-05;732650.26;732650.51;71;0.0;0;3043.211;3048.089;30821;Sort;1;Outer;;0;1631266;1631266;0;1.0;732650.26;736728.42;71;0.0;0;30822;Aggregate;2;Outer;;0;1631266;1631266;0;1.0;341523.47;670304.45;71;0.0;0;30823;Gather Merge;3;Outer;;0;1631266;526215;0;3.0999990498180403;341523.47;637679.13;44;0.0;3;30824;Incremental Sort;4;Outer;;0;526215;526215;0;1.0;340523.43;445005.33;44;0.0;0;2913.899;2916.943;0.0;0.0
Q18_7_seed_49224186;30852;Limit;0;;;0;100;1631266;0;6.130208071522364e-05;732650.26;732650.51;71;0.0;0;3043.08;3049.393;30853;Sort;1;Outer;;0;1631266;1631266;0;1.0;732650.26;736728.42;71;0.0;0;30854;Aggregate;2;Outer;;0;1631266;1631266;0;1.0;341523.47;670304.45;71;0.0;0;30855;Gather Merge;3;Outer;;0;1631266;526215;0;3.0999990498180403;341523.47;637679.13;44;0.0;3;30856;Incremental Sort;4;Outer;;0;526215;526215;0;1.0;340523.43;445005.33;44;0.0;0;2908.007;2910.419;0.0;0.0
Q18_80_seed_648118449;30868;Limit;0;;;0;100;1631266;0;6.130208071522364e-05;732650.26;732650.51;71;0.0;0;3075.16;3080.798;30869;Sort;1;Outer;;0;1631266;1631266;0;1.0;732650.26;736728.42;71;0.0;0;30870;Aggregate;2;Outer;;0;1631266;1631266;0;1.0;341523.47;670304.45;71;0.0;0;30871;Gather Merge;3;Outer;;0;1631266;526215;0;3.0999990498180403;341523.47;637679.13;44;0.0;3;30872;Incremental Sort;4;Outer;;0;526215;526215;0;1.0;340523.43;445005.33;44;0.0;0;2926.099;2928.943;0.0;0.0
Q18_81_seed_656322480;30884;Limit;0;;;0;100;1631266;0;6.130208071522364e-05;732650.26;732650.51;71;0.0;0;3050.352;3055.825;30885;Sort;1;Outer;;0;1631266;1631266;0;1.0;732650.26;736728.42;71;0.0;0;30886;Aggregate;2;Outer;;0;1631266;1631266;0;1.0;341523.47;670304.45;71;0.0;0;30887;Gather Merge;3;Outer;;0;1631266;526215;0;3.0999990498180403;341523.47;637679.13;44;0.0;3;30888;Incremental Sort;4;Outer;;0;526215;526215;0;1.0;340523.43;445005.33;44;0.0;0;2899.058;2901.132;0.0;0.0
Q18_82_seed_664526511;30900;Limit;0;;;0;100;1631266;0;6.130208071522364e-05;732650.26;732650.51;71;0.0;0;3061.299;3067.338;30901;Sort;1;Outer;;0;1631266;1631266;0;1.0;732650.26;736728.42;71;0.0;0;30902;Aggregate;2;Outer;;0;1631266;1631266;0;1.0;341523.47;670304.45;71;0.0;0;30903;Gather Merge;3;Outer;;0;1631266;526215;0;3.0999990498180403;341523.47;637679.13;44;0.0;3;30904;Incremental Sort;4;Outer;;0;526215;526215;0;1.0;340523.43;445005.33;44;0.0;0;2918.612;2920.702;0.0;0.0
Q18_84_seed_680934573;30932;Limit;0;;;0;100;1631266;0;6.130208071522364e-05;732650.26;732650.51;71;0.0;0;3050.384;3056.157;30933;Sort;1;Outer;;0;1631266;1631266;0;1.0;732650.26;736728.42;71;0.0;0;30934;Aggregate;2;Outer;;0;1631266;1631266;0;1.0;341523.47;670304.45;71;0.0;0;30935;Gather Merge;3;Outer;;0;1631266;526215;0;3.0999990498180403;341523.47;637679.13;44;0.0;3;30936;Incremental Sort;4;Outer;;0;526215;526215;0;1.0;340523.43;445005.33;44;0.0;0;2896.601;2898.857;0.0;0.0
Q18_85_seed_689138604;30948;Limit;0;;;0;100;1631266;0;6.130208071522364e-05;732650.26;732650.51;71;0.0;0;3060.831;3069.836;30949;Sort;1;Outer;;0;1631266;1631266;0;1.0;732650.26;736728.42;71;0.0;0;30950;Aggregate;2;Outer;;0;1631266;1631266;0;1.0;341523.47;670304.45;71;0.0;0;30951;Gather Merge;3;Outer;;0;1631266;526215;0;3.0999990498180403;341523.47;637679.13;44;0.0;3;30952;Incremental Sort;4;Outer;;0;526215;526215;0;1.0;340523.43;445005.33;44;0.0;0;2919.462;2921.339;0.0;0.0
Q18_86_seed_697342635;30964;Limit;0;;;0;100;1631266;0;6.130208071522364e-05;732650.26;732650.51;71;0.0;0;3037.802;3044.119;30965;Sort;1;Outer;;0;1631266;1631266;0;1.0;732650.26;736728.42;71;0.0;0;30966;Aggregate;2;Outer;;0;1631266;1631266;0;1.0;341523.47;670304.45;71;0.0;0;30967;Gather Merge;3;Outer;;0;1631266;526215;0;3.0999990498180403;341523.47;637679.13;44;0.0;3;30968;Incremental Sort;4;Outer;;0;526215;526215;0;1.0;340523.43;445005.33;44;0.0;0;2907.917;2909.827;0.0;0.0
Q18_87_seed_705546666;30980;Limit;0;;;0;100;1631266;0;6.130208071522364e-05;732650.26;732650.51;71;0.0;0;3049.872;3059.296;30981;Sort;1;Outer;;0;1631266;1631266;0;1.0;732650.26;736728.42;71;0.0;0;30982;Aggregate;2;Outer;;0;1631266;1631266;0;1.0;341523.47;670304.45;71;0.0;0;30983;Gather Merge;3;Outer;;0;1631266;526215;0;3.0999990498180403;341523.47;637679.13;44;0.0;3;30984;Incremental Sort;4;Outer;;0;526215;526215;0;1.0;340523.43;445005.33;44;0.0;0;2918.748;2920.348;0.0;0.0
Q18_88_seed_713750697;30996;Limit;0;;;0;100;1631266;0;6.130208071522364e-05;732650.26;732650.51;71;0.0;0;3024.939;3031.282;30997;Sort;1;Outer;;0;1631266;1631266;0;1.0;732650.26;736728.42;71;0.0;0;30998;Aggregate;2;Outer;;0;1631266;1631266;0;1.0;341523.47;670304.45;71;0.0;0;30999;Gather Merge;3;Outer;;0;1631266;526215;0;3.0999990498180403;341523.47;637679.13;44;0.0;3;31000;Incremental Sort;4;Outer;;0;526215;526215;0;1.0;340523.43;445005.33;44;0.0;0;2891.035;2893.004;0.0;0.0
Q18_89_seed_721954728;31012;Limit;0;;;0;100;1631266;0;6.130208071522364e-05;732650.26;732650.51;71;0.0;0;3078.97;3084.829;31013;Sort;1;Outer;;0;1631266;1631266;0;1.0;732650.26;736728.42;71;0.0;0;31014;Aggregate;2;Outer;;0;1631266;1631266;0;1.0;341523.47;670304.45;71;0.0;0;31015;Gather Merge;3;Outer;;0;1631266;526215;0;3.0999990498180403;341523.47;637679.13;44;0.0;3;31016;Incremental Sort;4;Outer;;0;526215;526215;0;1.0;340523.43;445005.33;44;0.0;0;2928.427;2930.02;0.0;0.0
Q18_8_seed_57428217;31028;Limit;0;;;0;100;1631266;0;6.130208071522364e-05;732650.26;732650.51;71;0.0;0;3035.508;3041.657;31029;Sort;1;Outer;;0;1631266;1631266;0;1.0;732650.26;736728.42;71;0.0;0;31030;Aggregate;2;Outer;;0;1631266;1631266;0;1.0;341523.47;670304.45;71;0.0;0;31031;Gather Merge;3;Outer;;0;1631266;526215;0;3.0999990498180403;341523.47;637679.13;44;0.0;3;31032;Incremental Sort;4;Outer;;0;526215;526215;0;1.0;340523.43;445005.33;44;0.0;0;2904.663;2906.207;0.0;0.0
Q18_90_seed_730158759;31044;Limit;0;;;0;100;1631266;0;6.130208071522364e-05;732650.26;732650.51;71;0.0;0;3040.186;3045.312;31045;Sort;1;Outer;;0;1631266;1631266;0;1.0;732650.26;736728.42;71;0.0;0;31046;Aggregate;2;Outer;;0;1631266;1631266;0;1.0;341523.47;670304.45;71;0.0;0;31047;Gather Merge;3;Outer;;0;1631266;526215;0;3.0999990498180403;341523.47;637679.13;44;0.0;3;31048;Incremental Sort;4;Outer;;0;526215;526215;0;1.0;340523.43;445005.33;44;0.0;0;2906.572;2908.198;0.0;0.0
Q18_91_seed_738362790;31060;Limit;0;;;0;100;1631266;0;6.130208071522364e-05;732650.26;732650.51;71;0.0;0;3053.66;3060.145;31061;Sort;1;Outer;;0;1631266;1631266;0;1.0;732650.26;736728.42;71;0.0;0;31062;Aggregate;2;Outer;;0;1631266;1631266;0;1.0;341523.47;670304.45;71;0.0;0;31063;Gather Merge;3;Outer;;0;1631266;526215;0;3.0999990498180403;341523.47;637679.13;44;0.0;3;31064;Incremental Sort;4;Outer;;0;526215;526215;0;1.0;340523.43;445005.33;44;0.0;0;2927.138;2928.41;0.0;0.0
Q18_92_seed_746566821;31076;Limit;0;;;0;100;1631266;0;6.130208071522364e-05;732650.26;732650.51;71;0.0;0;3044.836;3051.987;31077;Sort;1;Outer;;0;1631266;1631266;0;1.0;732650.26;736728.42;71;0.0;0;31078;Aggregate;2;Outer;;0;1631266;1631266;0;1.0;341523.47;670304.45;71;0.0;0;31079;Gather Merge;3;Outer;;0;1631266;526215;0;3.0999990498180403;341523.47;637679.13;44;0.0;3;31080;Incremental Sort;4;Outer;;0;526215;526215;0;1.0;340523.43;445005.33;44;0.0;0;2915.613;2917.47;0.0;0.0
Q18_94_seed_762974883;31108;Limit;0;;;0;100;1631266;0;6.130208071522364e-05;732650.26;732650.51;71;0.0;0;3080.805;3089.971;31109;Sort;1;Outer;;0;1631266;1631266;0;1.0;732650.26;736728.42;71;0.0;0;31110;Aggregate;2;Outer;;0;1631266;1631266;0;1.0;341523.47;670304.45;71;0.0;0;31111;Gather Merge;3;Outer;;0;1631266;526215;0;3.0999990498180403;341523.47;637679.13;44;0.0;3;31112;Incremental Sort;4;Outer;;0;526215;526215;0;1.0;340523.43;445005.33;44;0.0;0;2956.465;2959.207;0.0;0.0
Q18_95_seed_771178914;31124;Limit;0;;;0;100;1631266;0;6.130208071522364e-05;732650.26;732650.51;71;0.0;0;3075.406;3081.807;31125;Sort;1;Outer;;0;1631266;1631266;0;1.0;732650.26;736728.42;71;0.0;0;31126;Aggregate;2;Outer;;0;1631266;1631266;0;1.0;341523.47;670304.45;71;0.0;0;31127;Gather Merge;3;Outer;;0;1631266;526215;0;3.0999990498180403;341523.47;637679.13;44;0.0;3;31128;Incremental Sort;4;Outer;;0;526215;526215;0;1.0;340523.43;445005.33;44;0.0;0;2951.705;2953.253;0.0;0.0
Q18_96_seed_779382945;31140;Limit;0;;;0;100;1631266;0;6.130208071522364e-05;732650.26;732650.51;71;0.0;0;3044.358;3053.096;31141;Sort;1;Outer;;0;1631266;1631266;0;1.0;732650.26;736728.42;71;0.0;0;31142;Aggregate;2;Outer;;0;1631266;1631266;0;1.0;341523.47;670304.45;71;0.0;0;31143;Gather Merge;3;Outer;;0;1631266;526215;0;3.0999990498180403;341523.47;637679.13;44;0.0;3;31144;Incremental Sort;4;Outer;;0;526215;526215;0;1.0;340523.43;445005.33;44;0.0;0;2920.046;2922.401;0.0;0.0
Q18_98_seed_795791007;31172;Limit;0;;;0;100;1631266;0;6.130208071522364e-05;732650.26;732650.51;71;0.0;0;3055.447;3064.146;31173;Sort;1;Outer;;0;1631266;1631266;0;1.0;732650.26;736728.42;71;0.0;0;31174;Aggregate;2;Outer;;0;1631266;1631266;0;1.0;341523.47;670304.45;71;0.0;0;31175;Gather Merge;3;Outer;;0;1631266;526215;0;3.0999990498180403;341523.47;637679.13;44;0.0;3;31176;Incremental Sort;4;Outer;;0;526215;526215;0;1.0;340523.43;445005.33;44;0.0;0;2924.659;2925.99;0.0;0.0
Q18_99_seed_803995038;31188;Limit;0;;;0;100;1631266;0;6.130208071522364e-05;732650.26;732650.51;71;0.0;0;3016.823;3022.544;31189;Sort;1;Outer;;0;1631266;1631266;0;1.0;732650.26;736728.42;71;0.0;0;31190;Aggregate;2;Outer;;0;1631266;1631266;0;1.0;341523.47;670304.45;71;0.0;0;31191;Gather Merge;3;Outer;;0;1631266;526215;0;3.0999990498180403;341523.47;637679.13;44;0.0;3;31192;Incremental Sort;4;Outer;;0;526215;526215;0;1.0;340523.43;445005.33;44;0.0;0;2876.545;2878.684;0.0;0.0
Q18_9_seed_65632248;31204;Limit;0;;;0;100;1631266;0;6.130208071522364e-05;732650.26;732650.51;71;0.0;0;3043.115;3049.783;31205;Sort;1;Outer;;0;1631266;1631266;0;1.0;732650.26;736728.42;71;0.0;0;31206;Aggregate;2;Outer;;0;1631266;1631266;0;1.0;341523.47;670304.45;71;0.0;0;31207;Gather Merge;3;Outer;;0;1631266;526215;0;3.0999990498180403;341523.47;637679.13;44;0.0;3;31208;Incremental Sort;4;Outer;;0;526215;526215;0;1.0;340523.43;445005.33;44;0.0;0;2911.896;2914.335;0.0;0.0
