query_file;Aggregate_node_id;Aggregate_node_type;Aggregate_depth;Aggregate_parent_relationship;Aggregate_subplan_name;Aggregate_np;Aggregate_nt;Aggregate_nt1;Aggregate_nt2;Aggregate_sel;Aggregate_startup_cost;Aggregate_total_cost;Aggregate_plan_width;Aggregate_reltuples;Aggregate_parallel_workers;actual_startup_time;actual_total_time;Aggregate_st1;Aggregate_rt1;Aggregate_st2;Aggregate_rt2;Aggregate_template;HashJoin_Outer_node_id;HashJoin_Outer_node_type;HashJoin_Outer_depth;HashJoin_Outer_parent_relationship;HashJoin_Outer_subplan_name;HashJoin_Outer_np;HashJoin_Outer_nt;HashJoin_Outer_nt1;HashJoin_Outer_nt2;HashJoin_Outer_sel;HashJoin_Outer_startup_cost;HashJoin_Outer_total_cost;HashJoin_Outer_plan_width;HashJoin_Outer_reltuples;HashJoin_Outer_parallel_workers;HashJoin_Outer_st1;HashJoin_Outer_rt1;HashJoin_Outer_st2;HashJoin_Outer_rt2;HashJoin_Outer_template
Q9_115_seed_935259534;16944;Aggregate;3;Outer;;0;60150;124148;0;0.4845023681412507;185957.42;186859.67;168;0.0;0;1249.262;1249.778;1025.959;1221.101;0.0;0.0;Q9;16945;Hash Join;4;Outer;;0;124148;483871;76972;3.3333227177220148e-06;150436.94;183784.83;159;0.0;0;0.161;131.444;1025.032;1025.054;Q9
Q9_148_seed_1205992557;17595;Aggregate;3;Outer;;0;60150;124148;0;0.4845023681412507;185957.42;186859.67;168;0.0;0;1266.46;1266.839;1049.135;1239.418;0.0;0.0;Q9;17596;Hash Join;4;Outer;;0;124148;483871;76972;3.3333227177220148e-06;150436.94;183784.83;159;0.0;0;0.258;127.972;1048.547;1048.566;Q9
Q9_19_seed_147672558;17741;Aggregate;3;Outer;;0;60150;155180;0;0.3876143832968166;188122.03;189024.28;168;0.0;0;1219.481;1220.024;1001.111;1191.477;0.0;0.0;Q9;17742;Hash Join;4;Outer;;0;155180;483871;96211;3.3333538987535645e-06;151918.84;185406.38;159;0.0;0;0.256;129.356;1000.52;1000.54;Q9
Q9_32_seed_254324961;18013;Aggregate;3;Outer;;0;60150;128019;0;0.4698521313242565;186231.06;187133.31;168;0.0;0;1304.345;1304.789;1084.713;1277.108;0.0;0.0;Q9;18014;Hash Join;4;Outer;;0;128019;483871;79372;3.3333238719173996e-06;150625.41;183990.72;159;0.0;0;0.29;131.617;1084.09;1084.092;Q9
Q9_69_seed_557874108;18736;Aggregate;3;Outer;;0;60150;124148;0;0.4845023681412507;185957.42;186859.67;168;0.0;0;1264.978;1265.419;1043.182;1237.206;0.0;0.0;Q9;18737;Hash Join;4;Outer;;0;124148;483871;76972;3.3333227177220148e-06;150436.94;183784.83;159;0.0;0;0.229;132.773;1042.494;1042.496;Q9
Q9_72_seed_582486201;18809;Aggregate;3;Outer;;0;60150;128019;0;0.4698521313242565;186231.06;187133.31;168;0.0;0;1255.056;1255.764;1037.991;1226.81;0.0;0.0;Q9;18810;Hash Join;4;Outer;;0;128019;483871;79372;3.3333238719173996e-06;150625.41;183990.72;159;0.0;0;0.178;125.88;1037.23;1037.253;Q9
Q9_74_seed_598894263;18846;Aggregate;3;Outer;;0;60150;131901;0;0.4560238360588623;186503.76;187406.01;168;0.0;0;1239.288;1239.687;1024.115;1211.027;0.0;0.0;Q9;18847;Hash Join;4;Outer;;0;131901;483871;81779;3.3333176222132152e-06;150812.72;184195.5;159;0.0;0;0.254;125.643;1023.517;1023.538;Q9
Q13_101_seed_820403100;25379;Aggregate;2;Outer;;0;150000;1484970;0;0.1010121416594274;60796.93;62296.93;12;0.0;0;885.761;893.427;15.481;683.528;0.0;0.0;Q13;25380;Hash Join;3;Outer;;0;1484970;1484970;150000;6.666666666666667e-06;4587.92;53372.08;8;0.0;0;0.17;476.497;15.117;15.118;Q13
Q13_102_seed_828607131;25386;Aggregate;2;Outer;;0;150000;1487976;0;0.1008080775496379;60819.85;62319.85;12;0.0;0;884.072;892.036;16.688;678.937;0.0;0.0;Q13;25387;Hash Join;3;Outer;;0;1487976;1487976;150000;6.666666666666667e-06;4587.92;53379.97;8;0.0;0;0.255;466.844;16.172;16.173;Q13
Q13_103_seed_836811162;25393;Aggregate;2;Outer;;0;150000;1487976;0;0.1008080775496379;60819.85;62319.85;12;0.0;0;960.009;967.563;16.097;752.474;0.0;0.0;Q13;25394;Hash Join;3;Outer;;0;1487976;1487976;150000;6.666666666666667e-06;4587.92;53379.97;8;0.0;0;0.237;537.424;15.65;15.65;Q13
Q13_105_seed_853219224;25407;Aggregate;2;Outer;;0;150000;1475952;0;0.1016293212787407;60728.17;62228.17;12;0.0;0;895.827;903.104;16.764;686.153;0.0;0.0;Q13;25408;Hash Join;3;Outer;;0;1475952;1475952;150000;6.666666666666667e-06;4587.92;53348.41;8;0.0;0;0.209;470.034;16.319;16.319;Q13
Q13_106_seed_861423255;25414;Aggregate;2;Outer;;0;150000;1478958;0;0.1014227584556153;60751.09;62251.09;12;0.0;0;892.916;900.808;15.022;698.748;0.0;0.0;Q13;25415;Hash Join;3;Outer;;0;1478958;1478958;150000;6.666666666666667e-06;4587.92;53356.3;8;0.0;0;0.24;500.368;14.569;14.57;Q13
Q13_107_seed_869627286;25421;Aggregate;2;Outer;;0;150000;1481964;0;0.1012170336121525;60774.01;62274.01;12;0.0;0;881.392;888.64;15.706;684.624;0.0;0.0;Q13;25422;Hash Join;3;Outer;;0;1481964;1481964;150000;6.666666666666667e-06;4587.92;53364.19;8;0.0;0;0.223;479.633;15.296;15.296;Q13
Q13_108_seed_877831317;25428;Aggregate;2;Outer;;0;150000;1469940;0;0.1020449814278133;60682.32;62182.32;12;0.0;0;890.511;899.951;16.281;683.582;0.0;0.0;Q13;25429;Hash Join;3;Outer;;0;1469940;1469940;150000;6.666666666666667e-06;4587.92;53332.62;8;0.0;0;0.238;468.505;15.794;15.794;Q13
Q13_10_seed_73836279;25442;Aggregate;2;Outer;;0;150000;1487976;0;0.1008080775496379;60819.85;62319.85;12;0.0;0;919.6;927.117;16.359;715.171;0.0;0.0;Q13;25443;Hash Join;3;Outer;;0;1487976;1487976;150000;6.666666666666667e-06;4587.92;53379.97;8;0.0;0;0.239;502.596;15.883;15.883;Q13
Q13_113_seed_918851472;25470;Aggregate;2;Outer;;0;150000;1484970;0;0.1010121416594274;60796.93;62296.93;12;0.0;0;902.875;910.441;15.437;695.188;0.0;0.0;Q13;25471;Hash Join;3;Outer;;0;1484970;1484970;150000;6.666666666666667e-06;4587.92;53372.08;8;0.0;0;0.188;482.514;15.042;15.042;Q13
Q13_114_seed_927055503;25477;Aggregate;2;Outer;;0;150000;1475952;0;0.1016293212787407;60728.17;62228.17;12;0.0;0;893.714;901.076;18.389;686.668;0.0;0.0;Q13;25478;Hash Join;3;Outer;;0;1475952;1475952;150000;6.666666666666667e-06;4587.92;53348.41;8;0.0;0;0.278;470.269;17.859;17.86;Q13
Q13_115_seed_935259534;25484;Aggregate;2;Outer;;0;150000;1487976;0;0.1008080775496379;60819.85;62319.85;12;0.0;0;927.027;934.448;15.843;720.385;0.0;0.0;Q13;25485;Hash Join;3;Outer;;0;1487976;1487976;150000;6.666666666666667e-06;4587.92;53379.97;8;0.0;0;0.241;507.993;15.403;15.404;Q13
Q13_116_seed_943463565;25491;Aggregate;2;Outer;;0;150000;1487976;0;0.1008080775496379;60819.85;62319.85;12;0.0;0;906.624;914.085;15.245;694.487;0.0;0.0;Q13;25492;Hash Join;3;Outer;;0;1487976;1487976;150000;6.666666666666667e-06;4587.92;53379.97;8;0.0;0;0.177;478.918;14.869;14.869;Q13
Q13_119_seed_968075658;25512;Aggregate;2;Outer;;0;150000;1481964;0;0.1012170336121525;60774.01;62274.01;12;0.0;0;895.51;902.927;15.52;692.116;0.0;0.0;Q13;25513;Hash Join;3;Outer;;0;1481964;1481964;150000;6.666666666666667e-06;4587.92;53364.19;8;0.0;0;0.166;481.495;15.155;15.155;Q13
Q13_11_seed_82040310;25519;Aggregate;2;Outer;;0;150000;1484970;0;0.1010121416594274;60796.93;62296.93;12;0.0;0;909.353;917.016;15.084;711.273;0.0;0.0;Q13;25520;Hash Join;3;Outer;;0;1484970;1484970;150000;6.666666666666667e-06;4587.92;53372.08;8;0.0;0;0.185;495.369;14.7;14.7;Q13
Q13_121_seed_984483720;25533;Aggregate;2;Outer;;0;150000;1484970;0;0.1010121416594274;60796.93;62296.93;12;0.0;0;922.677;929.733;16.466;717.292;0.0;0.0;Q13;25534;Hash Join;3;Outer;;0;1484970;1484970;150000;6.666666666666667e-06;4587.92;53372.08;8;0.0;0;0.444;503.68;15.814;15.814;Q13
Q13_122_seed_992687751;25540;Aggregate;2;Outer;;0;150000;1478958;0;0.1014227584556153;60751.09;62251.09;12;0.0;0;880.758;888.426;15.819;680.644;0.0;0.0;Q13;25541;Hash Join;3;Outer;;0;1478958;1478958;150000;6.666666666666667e-06;4587.92;53356.3;8;0.0;0;0.205;474.923;15.343;15.343;Q13
Q13_123_seed_1000891782;25547;Aggregate;2;Outer;;0;150000;1487976;0;0.1008080775496379;60819.85;62319.85;12;0.0;0;879.767;887.588;19.328;678.005;0.0;0.0;Q13;25548;Hash Join;3;Outer;;0;1487976;1487976;150000;6.666666666666667e-06;4587.92;53379.97;8;0.0;0;0.272;464.826;18.751;18.751;Q13
Q13_125_seed_1017299844;25561;Aggregate;2;Outer;;0;150000;1487976;0;0.1008080775496379;60819.85;62319.85;12;0.0;0;888.015;897.743;20.634;689.655;0.0;0.0;Q13;25562;Hash Join;3;Outer;;0;1487976;1487976;150000;6.666666666666667e-06;4587.92;53379.97;8;0.0;0;0.203;477.446;20.176;20.176;Q13
Q13_126_seed_1025503875;25568;Aggregate;2;Outer;;0;150000;1475952;0;0.1016293212787407;60728.17;62228.17;12;0.0;0;898.265;905.043;16.437;687.958;0.0;0.0;Q13;25569;Hash Join;3;Outer;;0;1475952;1475952;150000;6.666666666666667e-06;4587.92;53348.41;8;0.0;0;0.258;468.379;15.972;15.972;Q13
Q13_12_seed_90244341;25596;Aggregate;2;Outer;;0;150000;1487976;0;0.1008080775496379;60819.85;62319.85;12;0.0;0;903.007;910.468;15.641;692.295;0.0;0.0;Q13;25597;Hash Join;3;Outer;;0;1487976;1487976;150000;6.666666666666667e-06;4587.92;53379.97;8;0.0;0;0.195;474.009;15.211;15.212;Q13
Q13_130_seed_1058319999;25603;Aggregate;2;Outer;;0;150000;1478958;0;0.1014227584556153;60751.09;62251.09;12;0.0;0;911.634;918.716;15.648;711.933;0.0;0.0;Q13;25604;Hash Join;3;Outer;;0;1478958;1478958;150000;6.666666666666667e-06;4587.92;53356.3;8;0.0;0;0.17;504.307;15.275;15.275;Q13
Q13_132_seed_1074728061;25617;Aggregate;2;Outer;;0;150000;1487976;0;0.1008080775496379;60819.85;62319.85;12;0.0;0;895.847;904.392;16.283;687.399;0.0;0.0;Q13;25618;Hash Join;3;Outer;;0;1487976;1487976;150000;6.666666666666667e-06;4587.92;53379.97;8;0.0;0;0.288;473.206;15.761;15.761;Q13
Q13_134_seed_1091136123;25631;Aggregate;2;Outer;;0;150000;1484970;0;0.1010121416594274;60796.93;62296.93;12;0.0;0;891.312;899.271;16.804;687.077;0.0;0.0;Q13;25632;Hash Join;3;Outer;;0;1484970;1484970;150000;6.666666666666667e-06;4587.92;53372.08;8;0.0;0;0.218;477.492;16.348;16.348;Q13
Q13_135_seed_1099340154;25638;Aggregate;2;Outer;;0;150000;1487976;0;0.1008080775496379;60819.85;62319.85;12;0.0;0;905.97;913.02;19.942;690.372;0.0;0.0;Q13;25639;Hash Join;3;Outer;;0;1487976;1487976;150000;6.666666666666667e-06;4587.92;53379.97;8;0.0;0;0.214;463.209;19.474;19.474;Q13
Q13_136_seed_1107544185;25645;Aggregate;2;Outer;;0;150000;1487976;0;0.1008080775496379;60819.85;62319.85;12;0.0;0;926.547;934.285;18.07;719.111;0.0;0.0;Q13;25646;Hash Join;3;Outer;;0;1487976;1487976;150000;6.666666666666667e-06;4587.92;53379.97;8;0.0;0;0.279;501.678;17.585;17.586;Q13
Q13_138_seed_1123952247;25659;Aggregate;2;Outer;;0;150000;1475952;0;0.1016293212787407;60728.17;62228.17;12;0.0;0;871.027;878.76;16.387;672.045;0.0;0.0;Q13;25660;Hash Join;3;Outer;;0;1475952;1475952;150000;6.666666666666667e-06;4587.92;53348.41;8;0.0;0;0.229;464.716;15.958;15.958;Q13
Q13_139_seed_1132156278;25666;Aggregate;2;Outer;;0;150000;1478958;0;0.1014227584556153;60751.09;62251.09;12;0.0;0;903.82;911.612;15.747;708.035;0.0;0.0;Q13;25667;Hash Join;3;Outer;;0;1478958;1478958;150000;6.666666666666667e-06;4587.92;53356.3;8;0.0;0;0.232;502.79;15.258;15.258;Q13
Q13_13_seed_98448372;25673;Aggregate;2;Outer;;0;150000;1487976;0;0.1008080775496379;60819.85;62319.85;12;0.0;0;923.274;930.17;16.482;714.996;0.0;0.0;Q13;25674;Hash Join;3;Outer;;0;1487976;1487976;150000;6.666666666666667e-06;4587.92;53379.97;8;0.0;0;0.245;499.644;16.016;16.016;Q13
Q13_140_seed_1140360309;25680;Aggregate;2;Outer;;0;150000;1481964;0;0.1012170336121525;60774.01;62274.01;12;0.0;0;898.525;905.765;19.774;695.117;0.0;0.0;Q13;25681;Hash Join;3;Outer;;0;1481964;1481964;150000;6.666666666666667e-06;4587.92;53364.19;8;0.0;0;0.239;479.926;19.325;19.325;Q13
Q13_143_seed_1164972402;25701;Aggregate;2;Outer;;0;150000;1478958;0;0.1014227584556153;60751.09;62251.09;12;0.0;0;916.664;924.135;17.023;703.639;0.0;0.0;Q13;25702;Hash Join;3;Outer;;0;1478958;1478958;150000;6.666666666666667e-06;4587.92;53356.3;8;0.0;0;0.218;481.646;16.554;16.555;Q13
Q13_144_seed_1173176433;25708;Aggregate;2;Outer;;0;150000;1487976;0;0.1008080775496379;60819.85;62319.85;12;0.0;0;896.649;903.998;15.596;686.678;0.0;0.0;Q13;25709;Hash Join;3;Outer;;0;1487976;1487976;150000;6.666666666666667e-06;4587.92;53379.97;8;0.0;0;0.188;468.417;15.2;15.2;Q13
Q13_145_seed_1181380464;25715;Aggregate;2;Outer;;0;150000;1487976;0;0.1008080775496379;60819.85;62319.85;12;0.0;0;919.445;926.633;15.648;713.159;0.0;0.0;Q13;25716;Hash Join;3;Outer;;0;1487976;1487976;150000;6.666666666666667e-06;4587.92;53379.97;8;0.0;0;0.237;501.558;15.222;15.222;Q13
Q13_147_seed_1197788526;25729;Aggregate;2;Outer;;0;150000;1487976;0;0.1008080775496379;60819.85;62319.85;12;0.0;0;882.085;889.593;15.924;681.435;0.0;0.0;Q13;25730;Hash Join;3;Outer;;0;1487976;1487976;150000;6.666666666666667e-06;4587.92;53379.97;8;0.0;0;0.187;471.175;15.538;15.538;Q13
Q13_148_seed_1205992557;25736;Aggregate;2;Outer;;0;150000;1487976;0;0.1008080775496379;60819.85;62319.85;12;0.0;0;917.652;925.951;15.807;711.457;0.0;0.0;Q13;25737;Hash Join;3;Outer;;0;1487976;1487976;150000;6.666666666666667e-06;4587.92;53379.97;8;0.0;0;0.245;499.976;15.358;15.358;Q13
Q13_149_seed_1214196588;25743;Aggregate;2;Outer;;0;150000;1487976;0;0.1008080775496379;60819.85;62319.85;12;0.0;0;953.367;961.028;16.041;721.63;0.0;0.0;Q13;25744;Hash Join;3;Outer;;0;1487976;1487976;150000;6.666666666666667e-06;4587.92;53379.97;8;0.0;0;0.236;484.273;15.608;15.608;Q13
Q13_17_seed_131264496;25778;Aggregate;2;Outer;;0;150000;1481964;0;0.1012170336121525;60774.01;62274.01;12;0.0;0;897.246;904.232;14.978;691.926;0.0;0.0;Q13;25779;Hash Join;3;Outer;;0;1481964;1481964;150000;6.666666666666667e-06;4587.92;53364.19;8;0.0;0;0.261;479.633;14.515;14.515;Q13
Q13_19_seed_147672558;25792;Aggregate;2;Outer;;0;150000;1484970;0;0.1010121416594274;60796.93;62296.93;12;0.0;0;916.056;923.352;15.968;713.849;0.0;0.0;Q13;25793;Hash Join;3;Outer;;0;1484970;1484970;150000;6.666666666666667e-06;4587.92;53372.08;8;0.0;0;0.185;504.976;15.583;15.583;Q13
Q13_1_seed_0101000000;25799;Aggregate;2;Outer;;0;150000;1490982;0;0.1006048362756894;60842.77;62342.77;12;0.0;0;909.523;917.048;15.91;702.765;0.0;0.0;Q13;25800;Hash Join;3;Outer;;0;1490982;1490982;150000;6.666666666666667e-06;4587.92;53387.86;8;0.0;0;0.305;492.275;15.399;15.399;Q13
Q13_20_seed_155876589;25806;Aggregate;2;Outer;;0;150000;1478958;0;0.1014227584556153;60751.09;62251.09;12;0.0;0;906.316;913.623;18.17;698.48;0.0;0.0;Q13;25807;Hash Join;3;Outer;;0;1478958;1478958;150000;6.666666666666667e-06;4587.92;53356.3;8;0.0;0;0.255;480.337;17.666;17.666;Q13
Q13_21_seed_164080620;25813;Aggregate;2;Outer;;0;150000;1487976;0;0.1008080775496379;60819.85;62319.85;12;0.0;0;886.222;893.516;15.653;681.386;0.0;0.0;Q13;25814;Hash Join;3;Outer;;0;1487976;1487976;150000;6.666666666666667e-06;4587.92;53379.97;8;0.0;0;0.177;468.548;15.268;15.268;Q13
Q13_23_seed_180488682;25827;Aggregate;2;Outer;;0;150000;1484970;0;0.1010121416594274;60796.93;62296.93;12;0.0;0;871.578;880.204;15.906;677.079;0.0;0.0;Q13;25828;Hash Join;3;Outer;;0;1484970;1484970;150000;6.666666666666667e-06;4587.92;53372.08;8;0.0;0;0.22;476.672;15.472;15.472;Q13
Q13_24_seed_188692713;25834;Aggregate;2;Outer;;0;150000;1475952;0;0.1016293212787407;60728.17;62228.17;12;0.0;0;871.794;879.325;15.556;671.692;0.0;0.0;Q13;25835;Hash Join;3;Outer;;0;1475952;1475952;150000;6.666666666666667e-06;4587.92;53348.41;8;0.0;0;0.177;464.351;15.183;15.184;Q13
Q13_25_seed_196896744;25841;Aggregate;2;Outer;;0;150000;1487976;0;0.1008080775496379;60819.85;62319.85;12;0.0;0;893.717;901.87;23.936;705.433;0.0;0.0;Q13;25842;Hash Join;3;Outer;;0;1487976;1487976;150000;6.666666666666667e-06;4587.92;53379.97;8;0.0;0;0.306;503.376;23.121;23.122;Q13
Q13_29_seed_229712868;25869;Aggregate;2;Outer;;0;150000;1481964;0;0.1012170336121525;60774.01;62274.01;12;0.0;0;906.042;913.047;15.179;696.623;0.0;0.0;Q13;25870;Hash Join;3;Outer;;0;1481964;1481964;150000;6.666666666666667e-06;4587.92;53364.19;8;0.0;0;0.252;480.035;14.732;14.732;Q13
Q13_2_seed_8204031;25876;Aggregate;2;Outer;;0;150000;1487976;0;0.1008080775496379;60819.85;62319.85;12;0.0;0;899.846;906.699;15.23;693.561;0.0;0.0;Q13;25877;Hash Join;3;Outer;;0;1487976;1487976;150000;6.666666666666667e-06;4587.92;53379.97;8;0.0;0;0.25;477.6;14.77;14.77;Q13
Q13_31_seed_246120930;25890;Aggregate;2;Outer;;0;150000;1484970;0;0.1010121416594274;60796.93;62296.93;12;0.0;0;909.594;916.525;16.792;709.605;0.0;0.0;Q13;25891;Hash Join;3;Outer;;0;1484970;1484970;150000;6.666666666666667e-06;4587.92;53372.08;8;0.0;0;0.207;503.395;16.376;16.376;Q13
Q13_32_seed_254324961;25897;Aggregate;2;Outer;;0;150000;1484970;0;0.1010121416594274;60796.93;62296.93;12;0.0;0;884.837;892.978;19.157;687.14;0.0;0.0;Q13;25898;Hash Join;3;Outer;;0;1484970;1484970;150000;6.666666666666667e-06;4587.92;53372.08;8;0.0;0;0.278;478.822;18.63;18.631;Q13
Q13_34_seed_270733023;25911;Aggregate;2;Outer;;0;150000;1487976;0;0.1008080775496379;60819.85;62319.85;12;0.0;0;932.398;941.025;15.261;723.974;0.0;0.0;Q13;25912;Hash Join;3;Outer;;0;1487976;1487976;150000;6.666666666666667e-06;4587.92;53379.97;8;0.0;0;0.209;506.73;14.865;14.866;Q13
Q13_36_seed_287141085;25925;Aggregate;2;Outer;;0;150000;1475952;0;0.1016293212787407;60728.17;62228.17;12;0.0;0;909.043;916.527;23.57;694.208;0.0;0.0;Q13;25926;Hash Join;3;Outer;;0;1475952;1475952;150000;6.666666666666667e-06;4587.92;53348.41;8;0.0;0;0.238;466.194;23.124;23.125;Q13
Q13_38_seed_303549147;25939;Aggregate;2;Outer;;0;150000;1481964;0;0.1012170336121525;60774.01;62274.01;12;0.0;0;882.512;889.956;15.248;684.665;0.0;0.0;Q13;25940;Hash Join;3;Outer;;0;1481964;1481964;150000;6.666666666666667e-06;4587.92;53364.19;8;0.0;0;0.353;479.228;14.674;14.674;Q13
Q13_41_seed_328161240;25967;Aggregate;2;Outer;;0;150000;1478958;0;0.1014227584556153;60751.09;62251.09;12;0.0;0;890.345;897.587;14.844;687.358;0.0;0.0;Q13;25968;Hash Join;3;Outer;;0;1478958;1478958;150000;6.666666666666667e-06;4587.92;53356.3;8;0.0;0;0.243;477.099;14.375;14.376;Q13
Q13_42_seed_336365271;25974;Aggregate;2;Outer;;0;150000;1487976;0;0.1008080775496379;60819.85;62319.85;12;0.0;0;881.463;889.323;15.75;678.649;0.0;0.0;Q13;25975;Hash Join;3;Outer;;0;1487976;1487976;150000;6.666666666666667e-06;4587.92;53379.97;8;0.0;0;0.17;469.237;15.376;15.376;Q13
Q13_43_seed_344569302;25981;Aggregate;2;Outer;;0;150000;1484970;0;0.1010121416594274;60796.93;62296.93;12;0.0;0;887.647;894.671;15.349;696.616;0.0;0.0;Q13;25982;Hash Join;3;Outer;;0;1484970;1484970;150000;6.666666666666667e-06;4587.92;53372.08;8;0.0;0;0.228;499.274;14.922;14.922;Q13
Q13_44_seed_352773333;25988;Aggregate;2;Outer;;0;150000;1484970;0;0.1010121416594274;60796.93;62296.93;12;0.0;0;916.381;923.385;15.562;700.428;0.0;0.0;Q13;25989;Hash Join;3;Outer;;0;1484970;1484970;150000;6.666666666666667e-06;4587.92;53372.08;8;0.0;0;0.194;478.841;15.127;15.127;Q13
Q13_46_seed_369181395;26002;Aggregate;2;Outer;;0;150000;1487976;0;0.1008080775496379;60819.85;62319.85;12;0.0;0;913.979;921.337;16.357;712.453;0.0;0.0;Q13;26003;Hash Join;3;Outer;;0;1487976;1487976;150000;6.666666666666667e-06;4587.92;53379.97;8;0.0;0;0.257;501.035;15.905;15.905;Q13
Q13_47_seed_377385426;26009;Aggregate;2;Outer;;0;150000;1487976;0;0.1008080775496379;60819.85;62319.85;12;0.0;0;912.968;920.852;17.318;701.928;0.0;0.0;Q13;26010;Hash Join;3;Outer;;0;1487976;1487976;150000;6.666666666666667e-06;4587.92;53379.97;8;0.0;0;0.278;480.966;16.805;16.805;Q13
Q13_49_seed_393793488;26023;Aggregate;2;Outer;;0;150000;1478958;0;0.1014227584556153;60751.09;62251.09;12;0.0;0;909.086;917.082;14.728;708.806;0.0;0.0;Q13;26024;Hash Join;3;Outer;;0;1478958;1478958;150000;6.666666666666667e-06;4587.92;53356.3;8;0.0;0;0.184;501.125;14.337;14.338;Q13
Q13_4_seed_24612093;26030;Aggregate;2;Outer;;0;150000;1478958;0;0.1014227584556153;60751.09;62251.09;12;0.0;0;897.096;905.5;15.145;701.643;0.0;0.0;Q13;26031;Hash Join;3;Outer;;0;1478958;1478958;150000;6.666666666666667e-06;4587.92;53356.3;8;0.0;0;0.236;499.865;14.713;14.713;Q13
Q13_50_seed_401997519;26037;Aggregate;2;Outer;;0;150000;1481964;0;0.1012170336121525;60774.01;62274.01;12;0.0;0;880.415;887.88;16.405;683.082;0.0;0.0;Q13;26038;Hash Join;3;Outer;;0;1481964;1481964;150000;6.666666666666667e-06;4587.92;53364.19;8;0.0;0;0.295;477.757;15.877;15.877;Q13
Q13_51_seed_410201550;26044;Aggregate;2;Outer;;0;150000;1469940;0;0.1020449814278133;60682.32;62182.32;12;0.0;0;900.45;907.742;16.062;688.2;0.0;0.0;Q13;26045;Hash Join;3;Outer;;0;1469940;1469940;150000;6.666666666666667e-06;4587.92;53332.62;8;0.0;0;0.188;465.906;15.647;15.648;Q13
Q13_52_seed_418405581;26051;Aggregate;2;Outer;;0;150000;1484970;0;0.1010121416594274;60796.93;62296.93;12;0.0;0;929.446;936.343;20.229;722.8;0.0;0.0;Q13;26052;Hash Join;3;Outer;;0;1484970;1484970;150000;6.666666666666667e-06;4587.92;53372.08;8;0.0;0;0.248;504.524;19.763;19.764;Q13
Q13_53_seed_426609612;26058;Aggregate;2;Outer;;0;150000;1478958;0;0.1014227584556153;60751.09;62251.09;12;0.0;0;896.547;903.892;15.529;695.073;0.0;0.0;Q13;26059;Hash Join;3;Outer;;0;1478958;1478958;150000;6.666666666666667e-06;4587.92;53356.3;8;0.0;0;0.226;485.15;15.097;15.097;Q13
Q13_54_seed_434813643;26065;Aggregate;2;Outer;;0;150000;1487976;0;0.1008080775496379;60819.85;62319.85;12;0.0;0;889.217;897.22;16.799;681.486;0.0;0.0;Q13;26066;Hash Join;3;Outer;;0;1487976;1487976;150000;6.666666666666667e-06;4587.92;53379.97;8;0.0;0;0.264;467.19;16.292;16.292;Q13
Q13_55_seed_443017674;26072;Aggregate;2;Outer;;0;150000;1487976;0;0.1008080775496379;60819.85;62319.85;12;0.0;0;894.485;902.839;14.765;699.856;0.0;0.0;Q13;26073;Hash Join;3;Outer;;0;1487976;1487976;150000;6.666666666666667e-06;4587.92;53379.97;8;0.0;0;0.287;501.049;14.287;14.288;Q13
Q13_56_seed_451221705;26079;Aggregate;2;Outer;;0;150000;1484970;0;0.1010121416594274;60796.93;62296.93;12;0.0;0;896.903;904.41;15.695;693.011;0.0;0.0;Q13;26080;Hash Join;3;Outer;;0;1484970;1484970;150000;6.666666666666667e-06;4587.92;53372.08;8;0.0;0;0.221;482.198;15.244;15.244;Q13
Q13_57_seed_459425736;26086;Aggregate;2;Outer;;0;150000;1487976;0;0.1008080775496379;60819.85;62319.85;12;0.0;0;889.225;896.842;16.342;682.561;0.0;0.0;Q13;26087;Hash Join;3;Outer;;0;1487976;1487976;150000;6.666666666666667e-06;4587.92;53379.97;8;0.0;0;0.229;467.302;15.855;15.855;Q13
Q13_58_seed_467629767;26093;Aggregate;2;Outer;;0;150000;1487976;0;0.1008080775496379;60819.85;62319.85;12;0.0;0;903.028;910.356;15.72;705.227;0.0;0.0;Q13;26094;Hash Join;3;Outer;;0;1487976;1487976;150000;6.666666666666667e-06;4587.92;53379.97;8;0.0;0;0.188;500.862;15.327;15.327;Q13
Q13_5_seed_32816124;26107;Aggregate;2;Outer;;0;150000;1481964;0;0.1012170336121525;60774.01;62274.01;12;0.0;0;885.182;892.953;16.26;684.799;0.0;0.0;Q13;26108;Hash Join;3;Outer;;0;1481964;1481964;150000;6.666666666666667e-06;4587.92;53364.19;8;0.0;0;0.223;477.966;15.813;15.813;Q13
Q13_60_seed_484037829;26114;Aggregate;2;Outer;;0;150000;1475952;0;0.1016293212787407;60728.17;62228.17;12;0.0;0;877.803;885.261;15.034;675.825;0.0;0.0;Q13;26115;Hash Join;3;Outer;;0;1475952;1475952;150000;6.666666666666667e-06;4587.92;53348.41;8;0.0;0;0.234;468.877;14.602;14.602;Q13
Q13_61_seed_492241860;26121;Aggregate;2;Outer;;0;150000;1478958;0;0.1014227584556153;60751.09;62251.09;12;0.0;0;939.026;946.464;15.975;723.821;0.0;0.0;Q13;26122;Hash Join;3;Outer;;0;1478958;1478958;150000;6.666666666666667e-06;4587.92;53356.3;8;0.0;0;0.277;504.218;15.462;15.462;Q13
Q13_66_seed_533262015;26156;Aggregate;2;Outer;;0;150000;1487976;0;0.1008080775496379;60819.85;62319.85;12;0.0;0;872.198;880.349;16.026;670.961;0.0;0.0;Q13;26157;Hash Join;3;Outer;;0;1487976;1487976;150000;6.666666666666667e-06;4587.92;53379.97;8;0.0;0;0.199;465.089;15.444;15.445;Q13
Q13_68_seed_549670077;26170;Aggregate;2;Outer;;0;150000;1484970;0;0.1010121416594274;60796.93;62296.93;12;0.0;0;908.084;915.538;17.263;696.884;0.0;0.0;Q13;26171;Hash Join;3;Outer;;0;1484970;1484970;150000;6.666666666666667e-06;4587.92;53372.08;8;0.0;0;0.2;478.29;16.824;16.824;Q13
Q13_69_seed_557874108;26177;Aggregate;2;Outer;;0;150000;1475952;0;0.1016293212787407;60728.17;62228.17;12;0.0;0;871.241;878.946;16.422;674.617;0.0;0.0;Q13;26178;Hash Join;3;Outer;;0;1475952;1475952;150000;6.666666666666667e-06;4587.92;53348.41;8;0.0;0;0.202;468.841;16.01;16.01;Q13
Q13_6_seed_41020155;26184;Aggregate;2;Outer;;0;150000;1469940;0;0.1020449814278133;60682.32;62182.32;12;0.0;0;880.104;888.004;15.609;678.942;0.0;0.0;Q13;26185;Hash Join;3;Outer;;0;1469940;1469940;150000;6.666666666666667e-06;4587.92;53332.62;8;0.0;0;0.239;469.724;15.173;15.174;Q13
Q13_70_seed_566078139;26191;Aggregate;2;Outer;;0;150000;1487976;0;0.1008080775496379;60819.85;62319.85;12;0.0;0;922.837;930.496;15.557;715.812;0.0;0.0;Q13;26192;Hash Join;3;Outer;;0;1487976;1487976;150000;6.666666666666667e-06;4587.92;53379.97;8;0.0;0;0.186;500.515;15.177;15.177;Q13
Q13_72_seed_582486201;26205;Aggregate;2;Outer;;0;150000;1469940;0;0.1020449814278133;60682.32;62182.32;12;0.0;0;884.115;891.87;15.764;682.687;0.0;0.0;Q13;26206;Hash Join;3;Outer;;0;1469940;1469940;150000;6.666666666666667e-06;4587.92;53332.62;8;0.0;0;0.217;466.988;15.334;15.335;Q13
Q13_73_seed_590690232;26212;Aggregate;2;Outer;;0;150000;1478958;0;0.1014227584556153;60751.09;62251.09;12;0.0;0;937.054;944.598;16.21;725.417;0.0;0.0;Q13;26213;Hash Join;3;Outer;;0;1478958;1478958;150000;6.666666666666667e-06;4587.92;53356.3;8;0.0;0;0.205;508.245;15.743;15.743;Q13
Q13_74_seed_598894263;26219;Aggregate;2;Outer;;0;150000;1481964;0;0.1012170336121525;60774.01;62274.01;12;0.0;0;887.552;895.638;15.602;687.589;0.0;0.0;Q13;26220;Hash Join;3;Outer;;0;1481964;1481964;150000;6.666666666666667e-06;4587.92;53364.19;8;0.0;0;0.221;479.657;15.174;15.175;Q13
Q13_75_seed_607098294;26226;Aggregate;2;Outer;;0;150000;1487976;0;0.1008080775496379;60819.85;62319.85;12;0.0;0;879.145;886.727;15.752;676.198;0.0;0.0;Q13;26227;Hash Join;3;Outer;;0;1487976;1487976;150000;6.666666666666667e-06;4587.92;53379.97;8;0.0;0;0.236;466.56;15.308;15.308;Q13
Q13_76_seed_615302325;26233;Aggregate;2;Outer;;0;150000;1484970;0;0.1010121416594274;60796.93;62296.93;12;0.0;0;953.849;961.762;16.493;737.827;0.0;0.0;Q13;26234;Hash Join;3;Outer;;0;1484970;1484970;150000;6.666666666666667e-06;4587.92;53372.08;8;0.0;0;0.211;513.059;16.055;16.055;Q13
Q13_77_seed_623506356;26240;Aggregate;2;Outer;;0;150000;1478958;0;0.1014227584556153;60751.09;62251.09;12;0.0;0;881.276;888.559;17.092;685.746;0.0;0.0;Q13;26241;Hash Join;3;Outer;;0;1478958;1478958;150000;6.666666666666667e-06;4587.92;53356.3;8;0.0;0;0.237;481.392;16.63;16.63;Q13
Q13_78_seed_631710387;26247;Aggregate;2;Outer;;0;150000;1487976;0;0.1008080775496379;60819.85;62319.85;12;0.0;0;904.613;911.945;16.783;692.802;0.0;0.0;Q13;26248;Hash Join;3;Outer;;0;1487976;1487976;150000;6.666666666666667e-06;4587.92;53379.97;8;0.0;0;0.254;472.233;16.335;16.335;Q13
Q13_79_seed_639914418;26254;Aggregate;2;Outer;;0;150000;1487976;0;0.1008080775496379;60819.85;62319.85;12;0.0;0;915.26;922.956;16.228;716.654;0.0;0.0;Q13;26255;Hash Join;3;Outer;;0;1487976;1487976;150000;6.666666666666667e-06;4587.92;53379.97;8;0.0;0;0.297;511.181;15.731;15.731;Q13
Q13_82_seed_664526511;26282;Aggregate;2;Outer;;0;150000;1487976;0;0.1008080775496379;60819.85;62319.85;12;0.0;0;907.898;915.865;15.441;710.892;0.0;0.0;Q13;26283;Hash Join;3;Outer;;0;1487976;1487976;150000;6.666666666666667e-06;4587.92;53379.97;8;0.0;0;0.235;504.043;15.012;15.012;Q13
Q13_85_seed_689138604;26303;Aggregate;2;Outer;;0;150000;1478958;0;0.1014227584556153;60751.09;62251.09;12;0.0;0;914.537;922.148;15.186;714.388;0.0;0.0;Q13;26304;Hash Join;3;Outer;;0;1478958;1478958;150000;6.666666666666667e-06;4587.92;53356.3;8;0.0;0;0.301;507.841;14.665;14.665;Q13
Q13_87_seed_705546666;26317;Aggregate;2;Outer;;0;150000;1487976;0;0.1008080775496379;60819.85;62319.85;12;0.0;0;893.665;901.045;15.769;687.976;0.0;0.0;Q13;26318;Hash Join;3;Outer;;0;1487976;1487976;150000;6.666666666666667e-06;4587.92;53379.97;8;0.0;0;0.201;473.166;15.353;15.353;Q13
Q13_89_seed_721954728;26331;Aggregate;2;Outer;;0;150000;1484970;0;0.1010121416594274;60796.93;62296.93;12;0.0;0;911.179;918.564;15.411;699.897;0.0;0.0;Q13;26332;Hash Join;3;Outer;;0;1484970;1484970;150000;6.666666666666667e-06;4587.92;53372.08;8;0.0;0;0.194;481.646;15.009;15.009;Q13
Q13_8_seed_57428217;26338;Aggregate;2;Outer;;0;150000;1478958;0;0.1014227584556153;60751.09;62251.09;12;0.0;0;843.579;850.717;24.053;665.089;0.0;0.0;Q13;26339;Hash Join;3;Outer;;0;1478958;1478958;150000;6.666666666666667e-06;4587.92;53356.3;8;0.0;0;0.274;475.678;23.267;23.268;Q13
Q13_90_seed_730158759;26345;Aggregate;2;Outer;;0;150000;1487976;0;0.1008080775496379;60819.85;62319.85;12;0.0;0;930.937;938.165;17.864;712.09;0.0;0.0;Q13;26346;Hash Join;3;Outer;;0;1487976;1487976;150000;6.666666666666667e-06;4587.92;53379.97;8;0.0;0;0.258;481.907;17.369;17.369;Q13
Q13_91_seed_738362790;26352;Aggregate;2;Outer;;0;150000;1487976;0;0.1008080775496379;60819.85;62319.85;12;0.0;0;929.262;935.999;15.683;722.152;0.0;0.0;Q13;26353;Hash Join;3;Outer;;0;1487976;1487976;150000;6.666666666666667e-06;4587.92;53379.97;8;0.0;0;0.21;506.03;15.271;15.271;Q13
Q13_93_seed_754770852;26366;Aggregate;2;Outer;;0;150000;1475952;0;0.1016293212787407;60728.17;62228.17;12;0.0;0;893.049;900.024;15.744;687.15;0.0;0.0;Q13;26367;Hash Join;3;Outer;;0;1475952;1475952;150000;6.666666666666667e-06;4587.92;53348.41;8;0.0;0;0.25;474.568;15.261;15.261;Q13
Q13_95_seed_771178914;26380;Aggregate;2;Outer;;0;150000;1481964;0;0.1012170336121525;60774.01;62274.01;12;0.0;0;914.345;922.143;19.853;703.91;0.0;0.0;Q13;26381;Hash Join;3;Outer;;0;1481964;1481964;150000;6.666666666666667e-06;4587.92;53364.19;8;0.0;0;0.271;480.698;19.336;19.336;Q13
Q13_97_seed_787586976;26394;Aggregate;2;Outer;;0;150000;1484970;0;0.1010121416594274;60796.93;62296.93;12;0.0;0;920.05;927.29;16.231;716.784;0.0;0.0;Q13;26395;Hash Join;3;Outer;;0;1484970;1484970;150000;6.666666666666667e-06;4587.92;53372.08;8;0.0;0;0.256;505.477;15.749;15.749;Q13
Q13_98_seed_795791007;26401;Aggregate;2;Outer;;0;150000;1478958;0;0.1014227584556153;60751.09;62251.09;12;0.0;0;890.469;898.334;16.723;689.715;0.0;0.0;Q13;26402;Hash Join;3;Outer;;0;1478958;1478958;150000;6.666666666666667e-06;4587.92;53356.3;8;0.0;0;0.216;479.253;16.291;16.292;Q13
Q13_99_seed_803995038;26408;Aggregate;2;Outer;;0;150000;1487976;0;0.1008080775496379;60819.85;62319.85;12;0.0;0;891.5;898.848;15.385;683.157;0.0;0.0;Q13;26409;Hash Join;3;Outer;;0;1487976;1487976;150000;6.666666666666667e-06;4587.92;53379.97;8;0.0;0;0.226;465.52;14.96;14.96;Q13
Q13_9_seed_65632248;26415;Aggregate;2;Outer;;0;150000;1487976;0;0.1008080775496379;60819.85;62319.85;12;0.0;0;897.207;904.694;15.428;694.76;0.0;0.0;Q13;26416;Hash Join;3;Outer;;0;1487976;1487976;150000;6.666666666666667e-06;4587.92;53379.97;8;0.0;0;0.309;482.792;14.919;14.919;Q13
Q14_101_seed_820403100;26429;Aggregate;2;Outer;;0;1;15541;0;6.43459236857345e-05;136919.41;136919.42;64;0.0;0;804.653;804.655;44.832;802.362;0.0;0.0;Q14;26430;Hash Join;3;Outer;;0;15541;15541;83333;1.2000048000192e-05;6003.0;136647.44;33;0.0;0;0.693;750.98;43.865;43.866;Q14
Q14_102_seed_828607131;26436;Aggregate;2;Outer;;0;1;13981;0;7.152564194263644e-05;136888.01;136888.02;64;0.0;0;790.116;790.117;42.829;787.918;0.0;0.0;Q14;26437;Hash Join;3;Outer;;0;13981;13981;83333;1.2000048000192e-05;6003.0;136643.34;33;0.0;0;0.466;738.551;42.104;42.105;Q14
Q14_103_seed_836811162;26443;Aggregate;2;Outer;;0;1;14870;0;6.724949562878279e-05;136905.9;136905.91;64;0.0;0;803.264;803.265;44.036;800.912;0.0;0.0;Q14;26444;Hash Join;3;Outer;;0;14870;14870;83333;1.2000048000192e-05;6003.0;136645.67;33;0.0;0;1.005;750.956;42.731;42.732;Q14
Q14_105_seed_853219224;26457;Aggregate;2;Outer;;0;1;15486;0;6.457445434586077e-05;136918.3;136918.31;64;0.0;0;774.688;774.69;46.407;772.31;0.0;0.0;Q14;26458;Hash Join;3;Outer;;0;15486;15486;83333;1.2000048000192e-05;6003.0;136647.29;33;0.0;0;0.687;719.328;44.319;44.319;Q14
Q14_106_seed_861423255;26464;Aggregate;2;Outer;;0;1;15770;0;6.341154090044388e-05;136924.02;136924.03;64;0.0;0;793.294;793.295;44.191;790.931;0.0;0.0;Q14;26465;Hash Join;3;Outer;;0;15770;15770;83333;1.2000048000192e-05;6003.0;136648.04;33;0.0;0;0.862;740.29;41.959;41.959;Q14
Q14_107_seed_869627286;26471;Aggregate;2;Outer;;0;1;15570;0;6.422607578676943e-05;136919.99;136920.0;64;0.0;0;799.932;799.933;43.329;797.625;0.0;0.0;Q14;26472;Hash Join;3;Outer;;0;15570;15570;83333;1.2000048000192e-05;6003.0;136647.51;33;0.0;0;0.796;747.787;41.79;41.79;Q14
Q14_108_seed_877831317;26478;Aggregate;2;Outer;;0;1;15510;0;6.447453255963895e-05;136918.78;136918.79;64;0.0;0;773.596;773.599;42.805;771.226;0.0;0.0;Q14;26479;Hash Join;3;Outer;;0;15510;15510;83333;1.2000048000192e-05;6003.0;136647.35;33;0.0;0;0.732;721.884;41.086;41.088;Q14
Q14_10_seed_73836279;26492;Aggregate;2;Outer;;0;1;15630;0;6.397952655150352e-05;136921.2;136921.21;64;0.0;0;776.53;776.53;44.615;774.135;0.0;0.0;Q14;26493;Hash Join;3;Outer;;0;15630;15630;83333;1.2000048000192e-05;6003.0;136647.67;33;0.0;0;0.711;723.282;43.592;43.593;Q14
Q14_113_seed_918851472;26520;Aggregate;2;Outer;;0;1;14206;0;7.039279177812192e-05;136892.54;136892.55;64;0.0;0;792.988;792.99;45.598;790.576;0.0;0.0;Q14;26521;Hash Join;3;Outer;;0;14206;14206;83333;1.2000048000192e-05;6003.0;136643.93;33;0.0;0;1.072;739.142;43.247;43.248;Q14
Q14_114_seed_927055503;26527;Aggregate;2;Outer;;0;1;15135;0;6.607201850016519e-05;136911.24;136911.25;64;0.0;0;790.892;790.893;46.042;788.628;0.0;0.0;Q14;26528;Hash Join;3;Outer;;0;15135;15135;83333;1.2000048000192e-05;6003.0;136646.37;33;0.0;0;1.219;736.906;43.091;43.091;Q14
Q14_115_seed_935259534;26534;Aggregate;2;Outer;;0;1;14952;0;6.688068485821294e-05;136907.55;136907.56;64;0.0;0;802.713;802.714;45.427;800.338;0.0;0.0;Q14;26535;Hash Join;3;Outer;;0;14952;14952;83333;1.2000048000192e-05;6003.0;136645.89;33;0.0;0;0.909;748.093;43.06;43.06;Q14
Q14_116_seed_943463565;26541;Aggregate;2;Outer;;0;1;15403;0;6.492241771083555e-05;136916.63;136916.64;64;0.0;0;808.121;808.121;43.098;805.817;0.0;0.0;Q14;26542;Hash Join;3;Outer;;0;15403;15403;83333;1.2000048000192e-05;6003.0;136647.07;33;0.0;0;0.618;756.039;41.741;41.741;Q14
Q14_119_seed_968075658;26562;Aggregate;2;Outer;;0;1;15802;0;6.328312871788382e-05;136924.66;136924.67;64;0.0;0;775.127;775.128;45.788;772.728;0.0;0.0;Q14;26563;Hash Join;3;Outer;;0;15802;15802;83333;1.2000048000192e-05;6003.0;136648.12;33;0.0;0;0.416;720.069;44.356;44.357;Q14
Q14_11_seed_82040310;26569;Aggregate;2;Outer;;0;1;15561;0;6.4263222157959e-05;136919.81;136919.82;64;0.0;0;790.955;790.957;45.632;788.547;0.0;0.0;Q14;26570;Hash Join;3;Outer;;0;15561;15561;83333;1.2000048000192e-05;6003.0;136647.49;33;0.0;0;0.829;736.612;44.073;44.075;Q14
Q14_121_seed_984483720;26583;Aggregate;2;Outer;;0;1;14724;0;6.791632708503124e-05;136902.97;136902.98;64;0.0;0;779.684;779.685;44.858;777.358;0.0;0.0;Q14;26584;Hash Join;3;Outer;;0;14724;14724;83333;1.2000048000192e-05;6003.0;136645.29;33;0.0;0;0.605;725.604;43.561;43.561;Q14
Q14_122_seed_992687751;26590;Aggregate;2;Outer;;0;1;15138;0;6.605892456070815e-05;136911.3;136911.31;64;0.0;0;811.035;811.038;46.537;808.627;0.0;0.0;Q14;26591;Hash Join;3;Outer;;0;15138;15138;83333;1.2000048000192e-05;6003.0;136646.38;33;0.0;0;0.766;755.689;43.658;43.66;Q14
Q14_123_seed_1000891782;26597;Aggregate;2;Outer;;0;1;14684;0;6.810133478616181e-05;136902.16;136902.17;64;0.0;0;785.019;785.02;44.298;782.747;0.0;0.0;Q14;26598;Hash Join;3;Outer;;0;14684;14684;83333;1.2000048000192e-05;6003.0;136645.19;33;0.0;0;0.724;732.014;43.183;43.183;Q14
Q14_125_seed_1017299844;26611;Aggregate;2;Outer;;0;1;15275;0;6.546644844517185e-05;136914.06;136914.07;64;0.0;0;837.701;837.702;47.616;835.219;0.0;0.0;Q14;26612;Hash Join;3;Outer;;0;15275;15275;83333;1.2000048000192e-05;6003.0;136646.74;33;0.0;0;0.894;781.126;45.149;45.149;Q14
Q14_126_seed_1025503875;26618;Aggregate;2;Outer;;0;1;15778;0;6.337938902268983e-05;136924.18;136924.19;64;0.0;0;830.144;830.145;46.838;827.779;0.0;0.0;Q14;26619;Hash Join;3;Outer;;0;15778;15778;83333;1.2000048000192e-05;6003.0;136648.06;33;0.0;0;0.742;774.49;44.115;44.115;Q14
Q14_12_seed_90244341;26646;Aggregate;2;Outer;;0;1;13981;0;7.152564194263644e-05;136888.01;136888.02;64;0.0;0;793.489;793.491;44.19;791.357;0.0;0.0;Q14;26647;Hash Join;3;Outer;;0;13981;13981;83333;1.2000048000192e-05;6003.0;136643.34;33;0.0;0;0.91;740.953;42.373;42.373;Q14
Q14_130_seed_1058319999;26653;Aggregate;2;Outer;;0;1;15008;0;6.663113006396588e-05;136908.68;136908.69;64;0.0;0;803.045;803.048;45.754;800.567;0.0;0.0;Q14;26654;Hash Join;3;Outer;;0;15008;15008;83333;1.2000048000192e-05;6003.0;136646.04;33;0.0;0;1.198;748.717;43.341;43.343;Q14
Q14_132_seed_1074728061;26667;Aggregate;2;Outer;;0;1;15517;0;6.444544692917445e-05;136918.93;136918.94;64;0.0;0;799.379;799.38;44.141;797.08;0.0;0.0;Q14;26668;Hash Join;3;Outer;;0;15517;15517;83333;1.2000048000192e-05;6003.0;136647.37;33;0.0;0;0.786;746.581;43.065;43.065;Q14
Q14_134_seed_1091136123;26681;Aggregate;2;Outer;;0;1;14664;0;6.819421713038734e-05;136901.76;136901.77;64;0.0;0;801.758;801.759;48.813;799.402;0.0;0.0;Q14;26682;Hash Join;3;Outer;;0;14664;14664;83333;1.2000048000192e-05;6003.0;136645.13;33;0.0;0;0.94;744.389;46.671;46.672;Q14
Q14_135_seed_1099340154;26688;Aggregate;2;Outer;;0;1;15561;0;6.4263222157959e-05;136919.81;136919.82;64;0.0;0;819.342;819.343;44.636;816.883;0.0;0.0;Q14;26689;Hash Join;3;Outer;;0;15561;15561;83333;1.2000048000192e-05;6003.0;136647.49;33;0.0;0;0.62;765.512;43.437;43.437;Q14
Q14_136_seed_1107544185;26695;Aggregate;2;Outer;;0;1;16114;0;6.205783790492739e-05;136930.94;136930.95;64;0.0;0;795.148;795.149;42.585;792.837;0.0;0.0;Q14;26696;Hash Join;3;Outer;;0;16114;16114;83333;1.2000048000192e-05;6003.0;136648.94;33;0.0;0;0.601;743.916;40.696;40.696;Q14
Q14_138_seed_1123952247;26709;Aggregate;2;Outer;;0;1;15762;0;6.34437254155564e-05;136923.86;136923.87;64;0.0;0;813.501;813.502;46.332;810.969;0.0;0.0;Q14;26710;Hash Join;3;Outer;;0;15762;15762;83333;1.2000048000192e-05;6003.0;136648.02;33;0.0;0;0.866;758.537;43.422;43.423;Q14
Q14_139_seed_1132156278;26716;Aggregate;2;Outer;;0;1;14664;0;6.819421713038734e-05;136901.76;136901.77;64;0.0;0;788.126;788.127;43.116;785.707;0.0;0.0;Q14;26717;Hash Join;3;Outer;;0;14664;14664;83333;1.2000048000192e-05;6003.0;136645.13;33;0.0;0;0.866;736.508;41.212;41.212;Q14
Q14_13_seed_98448372;26723;Aggregate;2;Outer;;0;1;14870;0;6.724949562878279e-05;136905.9;136905.91;64;0.0;0;801.343;801.343;45.329;798.975;0.0;0.0;Q14;26724;Hash Join;3;Outer;;0;14870;14870;83333;1.2000048000192e-05;6003.0;136645.67;33;0.0;0;0.739;747.434;43.946;43.947;Q14
Q14_140_seed_1140360309;26730;Aggregate;2;Outer;;0;1;14822;0;6.746727836999056e-05;136904.94;136904.95;64;0.0;0;806.803;806.804;43.568;804.444;0.0;0.0;Q14;26731;Hash Join;3;Outer;;0;14822;14822;83333;1.2000048000192e-05;6003.0;136645.55;33;0.0;0;0.437;754.117;42.748;42.748;Q14
Q14_143_seed_1164972402;26751;Aggregate;2;Outer;;0;1;15288;0;6.541077969649399e-05;136914.32;136914.33;64;0.0;0;794.778;794.779;47.878;792.415;0.0;0.0;Q14;26752;Hash Join;3;Outer;;0;15288;15288;83333;1.2000048000192e-05;6003.0;136646.77;33;0.0;0;0.991;738.15;46.171;46.172;Q14
Q14_144_seed_1173176433;26758;Aggregate;2;Outer;;0;1;15351;0;6.51423360041691e-05;136915.58;136915.59;64;0.0;0;822.305;822.306;48.44;819.854;0.0;0.0;Q14;26759;Hash Join;3;Outer;;0;15351;15351;83333;1.2000048000192e-05;6003.0;136646.94;33;0.0;0;0.703;764.79;47.035;47.035;Q14
Q14_145_seed_1181380464;26765;Aggregate;2;Outer;;0;1;15630;0;6.397952655150352e-05;136921.2;136921.21;64;0.0;0;796.757;796.758;44.721;794.497;0.0;0.0;Q14;26766;Hash Join;3;Outer;;0;15630;15630;83333;1.2000048000192e-05;6003.0;136647.67;33;0.0;0;1.023;743.682;42.667;42.668;Q14
Q14_147_seed_1197788526;26779;Aggregate;2;Outer;;0;1;15928;0;6.278252134605726e-05;136927.2;136927.21;64;0.0;0;790.558;790.56;42.488;788.237;0.0;0.0;Q14;26780;Hash Join;3;Outer;;0;15928;15928;83333;1.2000048000192e-05;6003.0;136648.45;33;0.0;0;0.803;739.431;41.396;41.397;Q14
Q14_148_seed_1205992557;26786;Aggregate;2;Outer;;0;1;14870;0;6.724949562878279e-05;136905.9;136905.91;64;0.0;0;795.665;795.666;45.788;793.369;0.0;0.0;Q14;26787;Hash Join;3;Outer;;0;14870;14870;83333;1.2000048000192e-05;6003.0;136645.67;33;0.0;0;0.457;740.795;42.431;42.431;Q14
Q14_149_seed_1214196588;26793;Aggregate;2;Outer;;0;1;14664;0;6.819421713038734e-05;136901.76;136901.77;64;0.0;0;790.757;790.759;47.324;788.43;0.0;0.0;Q14;26794;Hash Join;3;Outer;;0;14664;14664;83333;1.2000048000192e-05;6003.0;136645.13;33;0.0;0;1.12;735.111;45.035;45.036;Q14
Q14_17_seed_131264496;26828;Aggregate;2;Outer;;0;1;14664;0;6.819421713038734e-05;136901.76;136901.77;64;0.0;0;772.561;772.561;46.428;769.935;0.0;0.0;Q14;26829;Hash Join;3;Outer;;0;14664;14664;83333;1.2000048000192e-05;6003.0;136645.13;33;0.0;0;0.846;717.214;45.213;45.213;Q14
Q14_19_seed_147672558;26842;Aggregate;2;Outer;;0;1;15778;0;6.337938902268983e-05;136924.18;136924.19;64;0.0;0;787.908;787.911;42.92;785.515;0.0;0.0;Q14;26843;Hash Join;3;Outer;;0;15778;15778;83333;1.2000048000192e-05;6003.0;136648.06;33;0.0;0;1.18;736.757;40.895;40.897;Q14
Q14_1_seed_0101000000;26849;Aggregate;2;Outer;;0;1;14320;0;6.983240223463687e-05;136894.84;136894.85;64;0.0;0;825.018;825.019;49.074;822.601;0.0;0.0;Q14;26850;Hash Join;3;Outer;;0;14320;14320;83333;1.2000048000192e-05;6003.0;136644.23;33;0.0;0;0.726;767.355;47.287;47.287;Q14
Q14_20_seed_155876589;26856;Aggregate;2;Outer;;0;1;15351;0;6.51423360041691e-05;136915.58;136915.59;64;0.0;0;817.528;817.529;54.394;815.23;0.0;0.0;Q14;26857;Hash Join;3;Outer;;0;15351;15351;83333;1.2000048000192e-05;6003.0;136646.94;33;0.0;0;1.367;754.829;49.983;49.983;Q14
Q14_21_seed_164080620;26863;Aggregate;2;Outer;;0;1;14206;0;7.039279177812192e-05;136892.54;136892.55;64;0.0;0;819.047;819.048;43.361;816.879;0.0;0.0;Q14;26864;Hash Join;3;Outer;;0;14206;14206;83333;1.2000048000192e-05;6003.0;136643.93;33;0.0;0;0.569;767.741;42.189;42.19;Q14
Q14_23_seed_180488682;26877;Aggregate;2;Outer;;0;1;15928;0;6.278252134605726e-05;136927.2;136927.21;64;0.0;0;814.477;814.502;44.411;812.159;0.0;0.0;Q14;26878;Hash Join;3;Outer;;0;15928;15928;83333;1.2000048000192e-05;6003.0;136648.45;33;0.0;0;0.647;761.134;43.109;43.133;Q14
Q14_24_seed_188692713;26884;Aggregate;2;Outer;;0;1;15788;0;6.333924499619965e-05;136924.38;136924.39;64;0.0;0;784.487;784.489;52.237;782.067;0.0;0.0;Q14;26885;Hash Join;3;Outer;;0;15788;15788;83333;1.2000048000192e-05;6003.0;136648.08;33;0.0;0;1.181;724.18;50.484;50.486;Q14
Q14_25_seed_196896744;26891;Aggregate;2;Outer;;0;1;14952;0;6.688068485821294e-05;136907.55;136907.56;64;0.0;0;848.484;848.487;43.875;846.136;0.0;0.0;Q14;26892;Hash Join;3;Outer;;0;14952;14952;83333;1.2000048000192e-05;6003.0;136645.89;33;0.0;0;0.751;795.988;41.593;41.595;Q14
Q14_29_seed_229712868;26919;Aggregate;2;Outer;;0;1;15510;0;6.447453255963895e-05;136918.78;136918.79;64;0.0;0;797.698;797.7;46.323;795.255;0.0;0.0;Q14;26920;Hash Join;3;Outer;;0;15510;15510;83333;1.2000048000192e-05;6003.0;136647.35;33;0.0;0;0.274;742.07;43.758;43.76;Q14
Q14_2_seed_8204031;26926;Aggregate;2;Outer;;0;1;15778;0;6.337938902268983e-05;136924.18;136924.19;64;0.0;0;800.375;800.376;46.057;797.868;0.0;0.0;Q14;26927;Hash Join;3;Outer;;0;15778;15778;83333;1.2000048000192e-05;6003.0;136648.06;33;0.0;0;0.261;744.807;42.748;42.749;Q14
Q14_31_seed_246120930;26940;Aggregate;2;Outer;;0;1;14724;0;6.791632708503124e-05;136902.97;136902.98;64;0.0;0;815.537;815.538;47.085;813.239;0.0;0.0;Q14;26941;Hash Join;3;Outer;;0;14724;14724;83333;1.2000048000192e-05;6003.0;136645.29;33;0.0;0;0.75;760.02;45.343;45.343;Q14
Q14_32_seed_254324961;26947;Aggregate;2;Outer;;0;1;15746;0;6.350819255683983e-05;136923.53;136923.54;64;0.0;0;795.672;795.673;44.917;793.386;0.0;0.0;Q14;26948;Hash Join;3;Outer;;0;15746;15746;83333;1.2000048000192e-05;6003.0;136647.97;33;0.0;0;0.623;742.157;43.436;43.436;Q14
Q14_34_seed_270733023;26961;Aggregate;2;Outer;;0;1;15692;0;6.37267397399949e-05;136922.45;136922.46;64;0.0;0;782.0;782.001;43.024;779.606;0.0;0.0;Q14;26962;Hash Join;3;Outer;;0;15692;15692;83333;1.2000048000192e-05;6003.0;136647.83;33;0.0;0;0.617;730.194;41.28;41.28;Q14
Q14_36_seed_287141085;26975;Aggregate;2;Outer;;0;1;15230;0;6.565988181221274e-05;136913.15;136913.16;64;0.0;0;790.72;790.721;50.4;788.453;0.0;0.0;Q14;26976;Hash Join;3;Outer;;0;15230;15230;83333;1.2000048000192e-05;6003.0;136646.62;33;0.0;0;0.744;731.924;48.831;48.832;Q14
Q14_38_seed_303549147;26989;Aggregate;2;Outer;;0;1;15665;0;6.383657835939994e-05;136921.9;136921.91;64;0.0;0;783.643;783.644;43.609;781.219;0.0;0.0;Q14;26990;Hash Join;3;Outer;;0;15665;15665;83333;1.2000048000192e-05;6003.0;136647.76;33;0.0;0;0.472;731.118;42.733;42.733;Q14
Q14_41_seed_328161240;27017;Aggregate;2;Outer;;0;1;15569;0;6.423020104052926e-05;136919.97;136919.98;64;0.0;0;759.927;759.927;45.861;757.415;0.0;0.0;Q14;27018;Hash Join;3;Outer;;0;15569;15569;83333;1.2000048000192e-05;6003.0;136647.51;33;0.0;0;0.988;705.413;44.216;44.217;Q14
Q14_42_seed_336365271;27024;Aggregate;2;Outer;;0;1;15810;0;6.325110689437066e-05;136924.82;136924.83;64;0.0;0;819.603;819.604;46.897;817.212;0.0;0.0;Q14;27025;Hash Join;3;Outer;;0;15810;15810;83333;1.2000048000192e-05;6003.0;136648.14;33;0.0;0;0.466;763.785;44.317;44.318;Q14
Q14_43_seed_344569302;27031;Aggregate;2;Outer;;0;1;14779;0;6.766357669666418e-05;136904.07;136904.08;64;0.0;0;783.66;783.661;42.789;781.234;0.0;0.0;Q14;27032;Hash Join;3;Outer;;0;14779;14779;83333;1.2000048000192e-05;6003.0;136645.44;33;0.0;0;0.638;731.798;41.871;41.871;Q14
Q14_44_seed_352773333;27038;Aggregate;2;Outer;;0;1;14684;0;6.810133478616181e-05;136902.16;136902.17;64;0.0;0;809.479;809.481;44.815;807.19;0.0;0.0;Q14;27039;Hash Join;3;Outer;;0;14684;14684;83333;1.2000048000192e-05;6003.0;136645.19;33;0.0;0;0.628;755.977;42.9;42.902;Q14
Q14_46_seed_369181395;27052;Aggregate;2;Outer;;0;1;16114;0;6.205783790492739e-05;136930.94;136930.95;64;0.0;0;791.813;791.814;43.21;789.452;0.0;0.0;Q14;27053;Hash Join;3;Outer;;0;16114;16114;83333;1.2000048000192e-05;6003.0;136648.94;33;0.0;0;0.43;739.601;42.145;42.146;Q14
Q14_47_seed_377385426;27059;Aggregate;2;Outer;;0;1;15778;0;6.337938902268983e-05;136924.18;136924.19;64;0.0;0;800.7;800.701;43.931;798.257;0.0;0.0;Q14;27060;Hash Join;3;Outer;;0;15778;15778;83333;1.2000048000192e-05;6003.0;136648.06;33;0.0;0;0.543;747.611;42.567;42.567;Q14
Q14_49_seed_393793488;27073;Aggregate;2;Outer;;0;1;14664;0;6.819421713038734e-05;136901.76;136901.77;64;0.0;0;835.171;835.172;43.633;832.836;0.0;0.0;Q14;27074;Hash Join;3;Outer;;0;14664;14664;83333;1.2000048000192e-05;6003.0;136645.13;33;0.0;0;0.855;782.973;41.723;41.723;Q14
Q14_4_seed_24612093;27080;Aggregate;2;Outer;;0;1;14664;0;6.819421713038734e-05;136901.76;136901.77;64;0.0;0;795.93;795.931;43.091;793.578;0.0;0.0;Q14;27081;Hash Join;3;Outer;;0;14664;14664;83333;1.2000048000192e-05;6003.0;136645.13;33;0.0;0;0.606;744.127;41.545;41.546;Q14
Q14_50_seed_401997519;27087;Aggregate;2;Outer;;0;1;15960;0;6.265664160401002e-05;136927.84;136927.85;64;0.0;0;793.334;793.336;45.402;790.918;0.0;0.0;Q14;27088;Hash Join;3;Outer;;0;15960;15960;83333;1.2000048000192e-05;6003.0;136648.54;33;0.0;0;0.411;738.779;44.72;44.72;Q14
Q14_51_seed_410201550;27094;Aggregate;2;Outer;;0;1;15395;0;6.495615459564793e-05;136916.47;136916.48;64;0.0;0;788.545;788.546;43.645;786.147;0.0;0.0;Q14;27095;Hash Join;3;Outer;;0;15395;15395;83333;1.2000048000192e-05;6003.0;136647.05;33;0.0;0;0.677;735.962;42.215;42.216;Q14
Q14_52_seed_418405581;27101;Aggregate;2;Outer;;0;1;15517;0;6.444544692917445e-05;136918.93;136918.94;64;0.0;0;780.717;780.718;46.908;778.327;0.0;0.0;Q14;27102;Hash Join;3;Outer;;0;15517;15517;83333;1.2000048000192e-05;6003.0;136647.37;33;0.0;0;0.846;725.138;45.747;45.747;Q14
Q14_53_seed_426609612;27108;Aggregate;2;Outer;;0;1;15517;0;6.444544692917445e-05;136918.93;136918.94;64;0.0;0;796.768;796.77;45.223;794.466;0.0;0.0;Q14;27109;Hash Join;3;Outer;;0;15517;15517;83333;1.2000048000192e-05;6003.0;136647.37;33;0.0;0;1.043;743.055;43.198;43.198;Q14
Q14_54_seed_434813643;27115;Aggregate;2;Outer;;0;1;14968;0;6.680919294494922e-05;136907.88;136907.89;64;0.0;0;796.75;796.751;42.611;794.447;0.0;0.0;Q14;27116;Hash Join;3;Outer;;0;14968;14968;83333;1.2000048000192e-05;6003.0;136645.93;33;0.0;0;0.632;745.554;41.445;41.445;Q14
Q14_55_seed_443017674;27122;Aggregate;2;Outer;;0;1;15630;0;6.397952655150352e-05;136921.2;136921.21;64;0.0;0;796.472;796.473;44.319;794.022;0.0;0.0;Q14;27123;Hash Join;3;Outer;;0;15630;15630;83333;1.2000048000192e-05;6003.0;136647.67;33;0.0;0;0.879;743.45;43.16;43.161;Q14
Q14_56_seed_451221705;27129;Aggregate;2;Outer;;0;1;15541;0;6.43459236857345e-05;136919.41;136919.42;64;0.0;0;731.977;731.979;43.563;729.623;0.0;0.0;Q14;27130;Hash Join;3;Outer;;0;15541;15541;83333;1.2000048000192e-05;6003.0;136647.44;33;0.0;0;0.589;679.271;42.417;42.418;Q14
Q14_57_seed_459425736;27136;Aggregate;2;Outer;;0;1;13981;0;7.152564194263644e-05;136888.01;136888.02;64;0.0;0;796.72;796.721;42.757;794.543;0.0;0.0;Q14;27137;Hash Join;3;Outer;;0;13981;13981;83333;1.2000048000192e-05;6003.0;136643.34;33;0.0;0;0.508;745.506;41.97;41.97;Q14
Q14_58_seed_467629767;27143;Aggregate;2;Outer;;0;1;14870;0;6.724949562878279e-05;136905.9;136905.91;64;0.0;0;818.452;818.452;46.153;816.179;0.0;0.0;Q14;27144;Hash Join;3;Outer;;0;14870;14870;83333;1.2000048000192e-05;6003.0;136645.67;33;0.0;0;1.033;764.221;44.295;44.295;Q14
Q14_5_seed_32816124;27157;Aggregate;2;Outer;;0;1;15960;0;6.265664160401002e-05;136927.84;136927.85;64;0.0;0;803.791;803.792;44.905;801.514;0.0;0.0;Q14;27158;Hash Join;3;Outer;;0;15960;15960;83333;1.2000048000192e-05;6003.0;136648.54;33;0.0;0;0.465;749.883;44.097;44.097;Q14
Q14_60_seed_484037829;27164;Aggregate;2;Outer;;0;1;15486;0;6.457445434586077e-05;136918.3;136918.31;64;0.0;0;818.086;818.087;42.595;815.658;0.0;0.0;Q14;27165;Hash Join;3;Outer;;0;15486;15486;83333;1.2000048000192e-05;6003.0;136647.29;33;0.0;0;0.557;766.215;41.71;41.71;Q14
Q14_61_seed_492241860;27171;Aggregate;2;Outer;;0;1;15770;0;6.341154090044388e-05;136924.02;136924.03;64;0.0;0;801.026;801.027;43.8;798.644;0.0;0.0;Q14;27172;Hash Join;3;Outer;;0;15770;15770;83333;1.2000048000192e-05;6003.0;136648.04;33;0.0;0;0.792;748.373;42.023;42.024;Q14
Q14_66_seed_533262015;27206;Aggregate;2;Outer;;0;1;14206;0;7.039279177812192e-05;136892.54;136892.55;64;0.0;0;810.717;810.718;42.845;808.523;0.0;0.0;Q14;27207;Hash Join;3;Outer;;0;14206;14206;83333;1.2000048000192e-05;6003.0;136643.93;33;0.0;0;0.579;759.573;41.867;41.867;Q14
Q14_68_seed_549670077;27220;Aggregate;2;Outer;;0;1;14206;0;7.039279177812192e-05;136892.54;136892.55;64;0.0;0;803.345;803.346;45.361;801.059;0.0;0.0;Q14;27221;Hash Join;3;Outer;;0;14206;14206;83333;1.2000048000192e-05;6003.0;136643.93;33;0.0;0;1.139;749.969;43.235;43.235;Q14
Q14_69_seed_557874108;27227;Aggregate;2;Outer;;0;1;15788;0;6.333924499619965e-05;136924.38;136924.39;64;0.0;0;799.152;799.153;45.011;796.727;0.0;0.0;Q14;27228;Hash Join;3;Outer;;0;15788;15788;83333;1.2000048000192e-05;6003.0;136648.08;33;0.0;0;0.929;745.335;42.958;42.958;Q14
Q14_6_seed_41020155;27234;Aggregate;2;Outer;;0;1;15395;0;6.495615459564793e-05;136916.47;136916.48;64;0.0;0;808.779;808.78;49.448;806.44;0.0;0.0;Q14;27235;Hash Join;3;Outer;;0;15395;15395;83333;1.2000048000192e-05;6003.0;136647.05;33;0.0;0;0.48;750.216;48.438;48.439;Q14
Q14_70_seed_566078139;27241;Aggregate;2;Outer;;0;1;14952;0;6.688068485821294e-05;136907.55;136907.56;64;0.0;0;816.718;816.719;45.598;814.196;0.0;0.0;Q14;27242;Hash Join;3;Outer;;0;14952;14952;83333;1.2000048000192e-05;6003.0;136645.89;33;0.0;0;1.078;762.438;43.88;43.881;Q14
Q14_72_seed_582486201;27255;Aggregate;2;Outer;;0;1;14581;0;6.858240175570949e-05;136900.09;136900.1;64;0.0;0;804.78;804.781;44.019;802.259;0.0;0.0;Q14;27256;Hash Join;3;Outer;;0;14581;14581;83333;1.2000048000192e-05;6003.0;136644.92;33;0.0;0;0.653;752.111;42.706;42.706;Q14
Q14_73_seed_590690232;27262;Aggregate;2;Outer;;0;1;15046;0;6.646284726837697e-05;136909.45;136909.46;64;0.0;0;810.81;810.811;44.294;808.415;0.0;0.0;Q14;27263;Hash Join;3;Outer;;0;15046;15046;83333;1.2000048000192e-05;6003.0;136646.14;33;0.0;0;0.51;757.665;42.809;42.81;Q14
Q14_74_seed_598894263;27269;Aggregate;2;Outer;;0;1;15802;0;6.328312871788382e-05;136924.66;136924.67;64;0.0;0;839.192;839.193;44.718;836.844;0.0;0.0;Q14;27270;Hash Join;3;Outer;;0;15802;15802;83333;1.2000048000192e-05;6003.0;136648.12;33;0.0;0;0.404;785.371;43.378;43.378;Q14
Q14_75_seed_607098294;27276;Aggregate;2;Outer;;0;1;13747;0;7.27431439586819e-05;136883.3;136883.31;64;0.0;0;787.195;787.196;47.13;784.869;0.0;0.0;Q14;27277;Hash Join;3;Outer;;0;13747;13747;83333;1.2000048000192e-05;6003.0;136642.73;33;0.0;0;0.947;731.898;45.483;45.483;Q14
Q14_76_seed_615302325;27283;Aggregate;2;Outer;;0;1;14724;0;6.791632708503124e-05;136902.97;136902.98;64;0.0;0;799.278;799.279;51.313;796.936;0.0;0.0;Q14;27284;Hash Join;3;Outer;;0;14724;14724;83333;1.2000048000192e-05;6003.0;136645.29;33;0.0;0;0.662;739.532;49.421;49.422;Q14
Q14_77_seed_623506356;27290;Aggregate;2;Outer;;0;1;15138;0;6.605892456070815e-05;136911.3;136911.31;64;0.0;0;825.006;825.008;47.161;822.632;0.0;0.0;Q14;27291;Hash Join;3;Outer;;0;15138;15138;83333;1.2000048000192e-05;6003.0;136646.38;33;0.0;0;0.444;768.975;45.746;45.748;Q14
Q14_78_seed_631710387;27297;Aggregate;2;Outer;;0;1;16090;0;6.215040397762585e-05;136930.46;136930.47;64;0.0;0;794.044;794.047;44.166;791.713;0.0;0.0;Q14;27298;Hash Join;3;Outer;;0;16090;16090;83333;1.2000048000192e-05;6003.0;136648.88;33;0.0;0;1.024;740.971;42.353;42.356;Q14
Q14_79_seed_639914418;27304;Aggregate;2;Outer;;0;1;15692;0;6.37267397399949e-05;136922.45;136922.46;64;0.0;0;784.031;784.032;43.693;781.686;0.0;0.0;Q14;27305;Hash Join;3;Outer;;0;15692;15692;83333;1.2000048000192e-05;6003.0;136647.83;33;0.0;0;0.79;731.678;41.978;41.979;Q14
Q14_82_seed_664526511;27332;Aggregate;2;Outer;;0;1;16281;0;6.142128861863522e-05;136934.3;136934.31;64;0.0;0;801.1;801.101;45.614;798.565;0.0;0.0;Q14;27333;Hash Join;3;Outer;;0;16281;16281;83333;1.2000048000192e-05;6003.0;136649.38;33;0.0;0;0.425;745.979;44.568;44.569;Q14
Q14_85_seed_689138604;27353;Aggregate;2;Outer;;0;1;15008;0;6.663113006396588e-05;136908.68;136908.69;64;0.0;0;809.639;809.639;47.098;807.16;0.0;0.0;Q14;27354;Hash Join;3;Outer;;0;15008;15008;83333;1.2000048000192e-05;6003.0;136646.04;33;0.0;0;1.108;753.892;45.469;45.469;Q14
Q14_87_seed_705546666;27367;Aggregate;2;Outer;;0;1;15810;0;6.325110689437066e-05;136924.82;136924.83;64;0.0;0;794.112;794.112;41.831;791.587;0.0;0.0;Q14;27368;Hash Join;3;Outer;;0;15810;15810;83333;1.2000048000192e-05;6003.0;136648.14;33;0.0;0;0.409;742.795;40.828;40.828;Q14
Q14_89_seed_721954728;27381;Aggregate;2;Outer;;0;1;14664;0;6.819421713038734e-05;136901.76;136901.77;64;0.0;0;820.815;820.816;43.462;818.39;0.0;0.0;Q14;27382;Hash Join;3;Outer;;0;14664;14664;83333;1.2000048000192e-05;6003.0;136645.13;33;0.0;0;0.757;768.661;42.098;42.098;Q14
Q14_8_seed_57428217;27388;Aggregate;2;Outer;;0;1;15517;0;6.444544692917445e-05;136918.93;136918.94;64;0.0;0;793.092;793.092;45.239;790.767;0.0;0.0;Q14;27389;Hash Join;3;Outer;;0;15517;15517;83333;1.2000048000192e-05;6003.0;136647.37;33;0.0;0;1.037;739.551;43.366;43.366;Q14
Q14_90_seed_730158759;27395;Aggregate;2;Outer;;0;1;14664;0;6.819421713038734e-05;136901.76;136901.77;64;0.0;0;816.753;816.754;44.995;814.414;0.0;0.0;Q14;27396;Hash Join;3;Outer;;0;14664;14664;83333;1.2000048000192e-05;6003.0;136645.13;33;0.0;0;0.921;763.501;43.668;43.668;Q14
Q14_91_seed_738362790;27402;Aggregate;2;Outer;;0;1;16114;0;6.205783790492739e-05;136930.94;136930.95;64;0.0;0;828.876;828.877;43.956;826.54;0.0;0.0;Q14;27403;Hash Join;3;Outer;;0;16114;16114;83333;1.2000048000192e-05;6003.0;136648.94;33;0.0;0;0.647;776.133;42.057;42.058;Q14
Q14_93_seed_754770852;27416;Aggregate;2;Outer;;0;1;13226;0;7.560864962951762e-05;136872.82;136872.83;64;0.0;0;804.352;804.353;43.612;802.138;0.0;0.0;Q14;27417;Hash Join;3;Outer;;0;13226;13226;83333;1.2000048000192e-05;6003.0;136641.36;33;0.0;0;0.437;752.434;42.398;42.398;Q14
Q14_95_seed_771178914;27430;Aggregate;2;Outer;;0;1;14822;0;6.746727836999056e-05;136904.94;136904.95;64;0.0;0;812.349;812.349;43.852;809.992;0.0;0.0;Q14;27431;Hash Join;3;Outer;;0;14822;14822;83333;1.2000048000192e-05;6003.0;136645.55;33;0.0;0;0.355;759.393;42.371;42.372;Q14
Q14_97_seed_787586976;27444;Aggregate;2;Outer;;0;1;15517;0;6.444544692917445e-05;136918.93;136918.94;64;0.0;0;839.946;839.947;49.341;837.576;0.0;0.0;Q14;27445;Hash Join;3;Outer;;0;15517;15517;83333;1.2000048000192e-05;6003.0;136647.37;33;0.0;0;1.097;782.254;47.253;47.253;Q14
Q14_98_seed_795791007;27451;Aggregate;2;Outer;;0;1;15288;0;6.541077969649399e-05;136914.32;136914.33;64;0.0;0;802.709;802.712;45.581;800.393;0.0;0.0;Q14;27452;Hash Join;3;Outer;;0;15288;15288;83333;1.2000048000192e-05;6003.0;136646.77;33;0.0;0;0.91;748.507;44.207;44.209;Q14
Q14_99_seed_803995038;27458;Aggregate;2;Outer;;0;1;14968;0;6.680919294494922e-05;136907.88;136907.89;64;0.0;0;777.031;777.032;47.591;774.389;0.0;0.0;Q14;27459;Hash Join;3;Outer;;0;14968;14968;83333;1.2000048000192e-05;6003.0;136645.93;33;0.0;0;0.699;720.163;46.483;46.483;Q14
Q14_9_seed_65632248;27465;Aggregate;2;Outer;;0;1;14968;0;6.680919294494922e-05;136907.88;136907.89;64;0.0;0;802.384;802.385;42.462;800.07;0.0;0.0;Q14;27466;Hash Join;3;Outer;;0;14968;14968;83333;1.2000048000192e-05;6003.0;136645.93;33;0.0;0;0.674;751.11;41.463;41.464;Q14
Q19_101_seed_820403100;31229;Aggregate;2;Outer;;0;1;23;0;0.0434782608695652;156338.82;156338.83;32;0.0;0;839.701;839.702;77.807;839.642;0.0;0.0;Q19;31230;Hash Join;3;Outer;;0;23;22539;202;5.051749684485286e-06;7672.19;156338.65;12;0.0;0;0.685;790.352;47.514;47.515;Q19
Q19_102_seed_828607131;31236;Aggregate;2;Outer;;0;1;23;0;0.0434782608695652;156338.71;156338.72;32;0.0;0;827.621;827.622;59.896;827.566;0.0;0.0;Q19;31237;Hash Join;3;Outer;;0;23;22481;205;4.990664203159091e-06;7672.23;156338.53;12;0.0;0;0.672;779.267;46.398;46.399;Q19
Q19_103_seed_836811162;31243;Aggregate;2;Outer;;0;1;23;0;0.0434782608695652;156338.72;156338.73;32;0.0;0;829.276;829.278;100.376;829.215;0.0;0.0;Q19;31244;Hash Join;3;Outer;;0;23;22500;202;5.060506050605061e-06;7672.19;156338.54;12;0.0;0;0.565;779.507;47.651;47.652;Q19
Q19_105_seed_853219224;31257;Aggregate;2;Outer;;0;1;23;0;0.0434782608695652;156338.76;156338.77;32;0.0;0;891.585;891.586;142.262;891.534;0.0;0.0;Q19;31258;Hash Join;3;Outer;;0;23;22514;202;5.057359249294389e-06;7672.19;156338.58;12;0.0;0;1.991;840.407;48.36;48.36;Q19
Q19_106_seed_861423255;31264;Aggregate;2;Outer;;0;1;23;0;0.0434782608695652;156338.68;156338.69;32;0.0;0;824.914;824.915;113.462;824.863;0.0;0.0;Q19;31265;Hash Join;3;Outer;;0;23;22493;200;5.1127017294269326e-06;7672.17;156338.5;12;0.0;0;0.751;776.149;46.967;46.967;Q19
Q19_107_seed_869627286;31271;Aggregate;2;Outer;;0;1;23;0;0.0434782608695652;156338.68;156338.69;32;0.0;0;834.124;834.125;97.392;834.065;0.0;0.0;Q19;31272;Hash Join;3;Outer;;0;23;22494;200;5.112474437627812e-06;7672.17;156338.5;12;0.0;0;0.792;786.815;45.483;45.484;Q19
Q19_108_seed_877831317;31278;Aggregate;2;Outer;;0;1;23;0;0.0434782608695652;156338.81;156338.82;32;0.0;0;809.009;809.01;127.031;808.959;0.0;0.0;Q19;31279;Hash Join;3;Outer;;0;23;22522;205;4.981578987266651e-06;7672.23;156338.64;12;0.0;0;1.092;759.931;47.13;47.131;Q19
Q19_10_seed_73836279;31292;Aggregate;2;Outer;;0;1;23;0;0.0434782608695652;156338.8;156338.81;32;0.0;0;796.637;796.639;82.589;796.577;0.0;0.0;Q19;31293;Hash Join;3;Outer;;0;23;22529;202;5.053992016450524e-06;7672.19;156338.62;12;0.0;0;0.53;746.143;48.378;48.379;Q19
Q19_113_seed_918851472;31320;Aggregate;2;Outer;;0;1;23;0;0.0434782608695652;156338.71;156338.72;32;0.0;0;842.654;842.655;114.873;842.606;0.0;0.0;Q19;31321;Hash Join;3;Outer;;0;23;22507;200;5.109521482205536e-06;7672.17;156338.54;12;0.0;0;0.652;793.63;46.814;46.814;Q19
Q19_114_seed_927055503;31327;Aggregate;2;Outer;;0;1;22;0;0.0454545454545454;156338.58;156338.59;32;0.0;0;827.535;827.536;91.69;827.487;0.0;0.0;Q19;31328;Hash Join;3;Outer;;0;22;22467;198;4.945525041666048e-06;7672.14;156338.41;12;0.0;0;0.785;780.01;45.834;45.834;Q19
Q19_115_seed_935259534;31334;Aggregate;2;Outer;;0;1;23;0;0.0434782608695652;156338.9;156338.91;32;0.0;0;791.559;791.56;57.623;791.494;0.0;0.0;Q19;31335;Hash Join;3;Outer;;0;23;22568;202;5.045258159279239e-06;7672.19;156338.72;12;0.0;0;0.526;743.833;45.466;45.467;Q19
Q19_116_seed_943463565;31341;Aggregate;2;Outer;;0;1;23;0;0.0434782608695652;156338.57;156338.58;32;0.0;0;890.181;890.182;63.611;890.126;0.0;0.0;Q19;31342;Hash Join;3;Outer;;0;23;22443;202;5.0733585589544115e-06;7672.19;156338.39;12;0.0;0;0.976;843.753;44.374;44.374;Q19
Q19_119_seed_968075658;31362;Aggregate;2;Outer;;0;1;23;0;0.0434782608695652;156338.66;156338.67;32;0.0;0;817.218;817.219;102.183;817.16;0.0;0.0;Q19;31363;Hash Join;3;Outer;;0;23;22469;204;5.017806668708696e-06;7672.22;156338.49;12;0.0;0;0.433;769.904;45.299;45.299;Q19
Q19_11_seed_82040310;31369;Aggregate;2;Outer;;0;1;23;0;0.0434782608695652;156338.65;156338.66;32;0.0;0;855.253;855.254;88.306;855.198;0.0;0.0;Q19;31370;Hash Join;3;Outer;;0;23;22475;202;5.0661350895934976e-06;7672.19;156338.48;12;0.0;0;0.631;806.517;46.314;46.314;Q19
Q19_121_seed_984483720;31383;Aggregate;2;Outer;;0;1;23;0;0.0434782608695652;156338.69;156338.7;32;0.0;0;840.628;840.629;90.125;840.571;0.0;0.0;Q19;31384;Hash Join;3;Outer;;0;23;22492;201;5.087491583519359e-06;7672.18;156338.51;12;0.0;0;0.373;793.93;44.982;44.982;Q19
Q19_122_seed_992687751;31390;Aggregate;2;Outer;;0;1;23;0;0.0434782608695652;156338.58;156338.59;32;0.0;0;795.445;795.445;99.307;795.375;0.0;0.0;Q19;31391;Hash Join;3;Outer;;0;23;22462;199;5.1454852393925824e-06;7672.15;156338.41;12;0.0;0;1.098;744.703;48.567;48.567;Q19
Q19_123_seed_1000891782;31397;Aggregate;2;Outer;;0;1;23;0;0.0434782608695652;156338.65;156338.66;32;0.0;0;859.365;859.366;164.645;859.314;0.0;0.0;Q19;31398;Hash Join;3;Outer;;0;23;22488;199;5.139536172502498e-06;7672.15;156338.48;12;0.0;0;0.442;808.088;47.766;47.766;Q19
Q19_125_seed_1017299844;31411;Aggregate;2;Outer;;0;1;23;0;0.0434782608695652;156338.55;156338.56;32;0.0;0;837.903;837.904;81.827;837.845;0.0;0.0;Q19;31412;Hash Join;3;Outer;;0;23;22439;201;5.0995080305057004e-06;7672.18;156338.37;12;0.0;0;0.389;790.187;45.361;45.361;Q19
Q19_126_seed_1025503875;31418;Aggregate;2;Outer;;0;1;23;0;0.0434782608695652;156338.84;156338.85;32;0.0;0;817.963;817.964;77.6;817.906;0.0;0.0;Q19;31419;Hash Join;3;Outer;;0;23;22547;202;5.049957251014053e-06;7672.19;156338.67;12;0.0;0;0.501;771.423;44.637;44.638;Q19
Q19_12_seed_90244341;31446;Aggregate;2;Outer;;0;1;23;0;0.0434782608695652;156338.87;156338.88;32;0.0;0;818.381;818.382;97.895;818.318;0.0;0.0;Q19;31447;Hash Join;3;Outer;;0;23;22563;201;5.071482546492816e-06;7672.18;156338.7;12;0.0;0;0.402;769.735;46.334;46.334;Q19
Q19_130_seed_1058319999;31453;Aggregate;2;Outer;;0;1;23;0;0.0434782608695652;156338.71;156338.72;32;0.0;0;787.475;787.476;80.99;787.425;0.0;0.0;Q19;31454;Hash Join;3;Outer;;0;23;22497;202;5.06118087472169e-06;7672.19;156338.54;12;0.0;0;0.843;741.432;44.303;44.304;Q19
Q19_132_seed_1074728061;31467;Aggregate;2;Outer;;0;1;23;0;0.0434782608695652;156338.72;156338.73;32;0.0;0;835.13;835.13;98.701;835.074;0.0;0.0;Q19;31468;Hash Join;3;Outer;;0;23;22505;201;5.08455279700144e-06;7672.18;156338.54;12;0.0;0;0.702;784.99;46.729;46.729;Q19
Q19_134_seed_1091136123;31481;Aggregate;2;Outer;;0;1;23;0;0.0434782608695652;156338.74;156338.75;32;0.0;0;831.123;831.124;93.491;831.073;0.0;0.0;Q19;31482;Hash Join;3;Outer;;0;23;22512;201;5.082971779340681e-06;7672.18;156338.56;12;0.0;0;0.675;780.756;48.455;48.456;Q19
Q19_135_seed_1099340154;31488;Aggregate;2;Outer;;0;1;23;0;0.0434782608695652;156338.79;156338.8;32;0.0;0;826.212;826.214;90.238;826.14;0.0;0.0;Q19;31489;Hash Join;3;Outer;;0;23;22531;201;5.078685397741663e-06;7672.18;156338.61;12;0.0;0;0.607;775.651;48.656;48.656;Q19
Q19_136_seed_1107544185;31495;Aggregate;2;Outer;;0;1;23;0;0.0434782608695652;156338.81;156338.82;32;0.0;0;847.416;847.417;122.609;847.355;0.0;0.0;Q19;31496;Hash Join;3;Outer;;0;23;22534;202;5.0528706016958315e-06;7672.19;156338.63;12;0.0;0;0.871;798.216;47.664;47.665;Q19
Q19_138_seed_1123952247;31509;Aggregate;2;Outer;;0;1;23;0;0.0434782608695652;156338.71;156338.72;32;0.0;0;826.006;826.007;106.735;825.958;0.0;0.0;Q19;31510;Hash Join;3;Outer;;0;23;22498;202;5.060955913352914e-06;7672.19;156338.54;12;0.0;0;0.786;777.494;46.874;46.874;Q19
Q19_139_seed_1132156278;31516;Aggregate;2;Outer;;0;1;23;0;0.0434782608695652;156338.7;156338.71;32;0.0;0;822.563;822.564;72.231;822.494;0.0;0.0;Q19;31517;Hash Join;3;Outer;;0;23;22504;200;5.110202630643441e-06;7672.17;156338.53;12;0.0;0;1.124;775.949;44.671;44.671;Q19
Q19_13_seed_98448372;31523;Aggregate;2;Outer;;0;1;23;0;0.0434782608695652;156338.76;156338.77;32;0.0;0;814.684;814.685;94.129;814.615;0.0;0.0;Q19;31524;Hash Join;3;Outer;;0;23;22514;202;5.057359249294389e-06;7672.19;156338.58;12;0.0;0;0.851;766.439;46.2;46.2;Q19
Q19_140_seed_1140360309;31530;Aggregate;2;Outer;;0;1;23;0;0.0434782608695652;156338.84;156338.85;32;0.0;0;801.12;801.121;96.685;801.075;0.0;0.0;Q19;31531;Hash Join;3;Outer;;0;23;22543;203;5.025972257944259e-06;7672.2;156338.67;12;0.0;0;0.865;752.961;46.029;46.029;Q19
Q19_143_seed_1164972402;31551;Aggregate;2;Outer;;0;1;23;0;0.0434782608695652;156338.63;156338.64;32;0.0;0;847.547;847.549;79.214;847.496;0.0;0.0;Q19;31552;Hash Join;3;Outer;;0;23;22471;201;5.092246036959522e-06;7672.18;156338.46;12;0.0;0;0.656;795.935;49.693;49.694;Q19
Q19_144_seed_1173176433;31558;Aggregate;2;Outer;;0;1;23;0;0.0434782608695652;156338.82;156338.83;32;0.0;0;819.079;819.08;105.287;819.021;0.0;0.0;Q19;31559;Hash Join;3;Outer;;0;23;22527;204;5.004887381329768e-06;7672.22;156338.64;12;0.0;0;0.664;769.942;45.415;45.415;Q19
Q19_145_seed_1181380464;31565;Aggregate;2;Outer;;0;1;23;0;0.0434782608695652;156338.67;156338.68;32;0.0;0;829.558;829.559;79.187;829.502;0.0;0.0;Q19;31566;Hash Join;3;Outer;;0;23;22485;201;5.08907541456604e-06;7672.18;156338.49;12;0.0;0;0.841;781.174;46.754;46.755;Q19
Q19_147_seed_1197788526;31579;Aggregate;2;Outer;;0;1;23;0;0.0434782608695652;156338.97;156338.98;32;0.0;0;840.63;840.631;94.49;840.578;0.0;0.0;Q19;31580;Hash Join;3;Outer;;0;23;22587;204;4.991592422155031e-06;7672.22;156338.8;12;0.0;0;0.125;788.269;45.301;45.301;Q19
Q19_148_seed_1205992557;31586;Aggregate;2;Outer;;0;1;23;0;0.0434782608695652;156338.85;156338.86;32;0.0;0;845.309;845.31;100.494;845.253;0.0;0.0;Q19;31587;Hash Join;3;Outer;;0;23;22527;207;4.932352781600351e-06;7672.25;156338.68;12;0.0;0;0.766;794.923;48.754;48.754;Q19
Q19_149_seed_1214196588;31593;Aggregate;2;Outer;;0;1;23;0;0.0434782608695652;156338.84;156338.85;32;0.0;0;839.699;839.7;116.343;839.641;0.0;0.0;Q19;31594;Hash Join;3;Outer;;0;23;22552;201;5.073956221023298e-06;7672.18;156338.67;12;0.0;0;0.686;792.804;44.594;44.594;Q19
Q19_17_seed_131264496;31628;Aggregate;2;Outer;;0;1;23;0;0.0434782608695652;156338.67;156338.68;32;0.0;0;822.913;822.914;88.141;822.865;0.0;0.0;Q19;31629;Hash Join;3;Outer;;0;23;22470;204;5.017583357330471e-06;7672.22;156338.49;12;0.0;0;0.314;774.631;45.051;45.051;Q19
Q19_19_seed_147672558;31642;Aggregate;2;Outer;;0;1;23;0;0.0434782608695652;156338.84;156338.85;32;0.0;0;836.769;836.769;120.861;836.713;0.0;0.0;Q19;31643;Hash Join;3;Outer;;0;23;22546;202;5.05018123563443e-06;7672.19;156338.66;12;0.0;0;0.762;788.286;46.097;46.097;Q19
Q19_1_seed_0101000000;31649;Aggregate;2;Outer;;0;1;23;0;0.0434782608695652;156338.81;156338.82;32;0.0;0;819.369;819.371;74.439;819.308;0.0;0.0;Q19;31650;Hash Join;3;Outer;;0;23;22536;202;5.052422175124861e-06;7672.19;156338.64;12;0.0;0;0.781;774.13;43.522;43.522;Q19
Q19_20_seed_155876589;31656;Aggregate;2;Outer;;0;1;23;0;0.0434782608695652;156338.77;156338.78;32;0.0;0;817.177;817.179;106.246;817.119;0.0;0.0;Q19;31657;Hash Join;3;Outer;;0;23;22521;202;5.055787315777002e-06;7672.19;156338.6;12;0.0;0;0.66;767.706;47.197;47.197;Q19
Q19_21_seed_164080620;31663;Aggregate;2;Outer;;0;1;23;0;0.0434782608695652;156338.82;156338.83;32;0.0;0;819.373;819.374;96.15;819.326;0.0;0.0;Q19;31664;Hash Join;3;Outer;;0;23;22545;201;5.075531634354288e-06;7672.18;156338.65;12;0.0;0;0.673;772.437;45.212;45.212;Q19
Q19_23_seed_180488682;31677;Aggregate;2;Outer;;0;1;23;0;0.0434782608695652;156338.87;156338.88;32;0.0;0;823.391;823.391;94.292;823.339;0.0;0.0;Q19;31678;Hash Join;3;Outer;;0;23;22567;200;5.095936544511898e-06;7672.17;156338.7;12;0.0;0;0.644;777.256;44.429;44.429;Q19
Q19_24_seed_188692713;31684;Aggregate;2;Outer;;0;1;23;0;0.0434782608695652;156338.69;156338.7;32;0.0;0;831.529;831.53;95.084;831.479;0.0;0.0;Q19;31685;Hash Join;3;Outer;;0;23;22495;201;5.086813100534226e-06;7672.18;156338.52;12;0.0;0;0.912;777.681;52.294;52.295;Q19
Q19_25_seed_196896744;31691;Aggregate;2;Outer;;0;1;23;0;0.0434782608695652;156338.73;156338.74;32;0.0;0;813.236;813.237;89.389;813.183;0.0;0.0;Q19;31692;Hash Join;3;Outer;;0;23;22493;204;5.012452675908757e-06;7672.22;156338.55;12;0.0;0;0.666;765.836;44.974;44.975;Q19
Q19_29_seed_229712868;31719;Aggregate;2;Outer;;0;1;23;0;0.0434782608695652;156338.73;156338.74;32;0.0;0;825.655;825.656;81.809;825.595;0.0;0.0;Q19;31720;Hash Join;3;Outer;;0;23;22503;202;5.059831406417538e-06;7672.19;156338.55;12;0.0;0;0.539;777.506;45.855;45.855;Q19
Q19_2_seed_8204031;31726;Aggregate;2;Outer;;0;1;23;0;0.0434782608695652;156338.65;156338.66;32;0.0;0;831.008;831.009;85.191;830.945;0.0;0.0;Q19;31727;Hash Join;3;Outer;;0;23;22474;202;5.066360511640735e-06;7672.19;156338.48;12;0.0;0;0.771;781.61;46.808;46.808;Q19
Q19_31_seed_246120930;31740;Aggregate;2;Outer;;0;1;23;0;0.0434782608695652;156338.7;156338.71;32;0.0;0;850.946;850.948;85.593;850.892;0.0;0.0;Q19;31741;Hash Join;3;Outer;;0;23;22496;201;5.08658697975273e-06;7672.18;156338.52;12;0.0;0;1.137;800.748;47.57;47.571;Q19
Q19_32_seed_254324961;31747;Aggregate;2;Outer;;0;1;23;0;0.0434782608695652;156338.78;156338.79;32;0.0;0;842.867;842.868;99.179;842.816;0.0;0.0;Q19;31748;Hash Join;3;Outer;;0;23;22528;201;5.07936171415649e-06;7672.18;156338.61;12;0.0;0;0.648;785.938;55.295;55.295;Q19
Q19_34_seed_270733023;31761;Aggregate;2;Outer;;0;1;23;0;0.0434782608695652;156338.87;156338.88;32;0.0;0;816.029;816.03;105.94;815.938;0.0;0.0;Q19;31762;Hash Join;3;Outer;;0;23;22539;206;4.953657457602077e-06;7672.24;156338.7;12;0.0;0;0.566;763.082;50.761;50.761;Q19
Q19_36_seed_287141085;31775;Aggregate;2;Outer;;0;1;23;0;0.0434782608695652;156338.72;156338.73;32;0.0;0;825.051;825.052;81.608;824.991;0.0;0.0;Q19;31776;Hash Join;3;Outer;;0;23;22504;201;5.084778736958648e-06;7672.18;156338.54;12;0.0;0;0.801;773.539;47.472;47.472;Q19
Q19_38_seed_303549147;31789;Aggregate;2;Outer;;0;1;23;0;0.0434782608695652;156338.65;156338.66;32;0.0;0;824.5;824.501;79.957;824.436;0.0;0.0;Q19;31790;Hash Join;3;Outer;;0;23;22483;200;5.114975759462705e-06;7672.17;156338.47;12;0.0;0;0.903;778.421;44.497;44.497;Q19
Q19_41_seed_328161240;31817;Aggregate;2;Outer;;0;1;23;0;0.0434782608695652;156338.62;156338.63;32;0.0;0;826.693;826.694;108.587;826.64;0.0;0.0;Q19;31818;Hash Join;3;Outer;;0;23;22462;202;5.069067141777841e-06;7672.19;156338.44;12;0.0;0;0.42;778.739;46.035;46.036;Q19
Q19_42_seed_336365271;31824;Aggregate;2;Outer;;0;1;23;0;0.0434782608695652;156338.72;156338.73;32;0.0;0;856.062;856.064;118.796;856.003;0.0;0.0;Q19;31825;Hash Join;3;Outer;;0;23;22510;200;5.108840515326522e-06;7672.17;156338.55;12;0.0;0;0.709;797.475;56.219;56.221;Q19
Q19_43_seed_344569302;31831;Aggregate;2;Outer;;0;1;23;0;0.0434782608695652;156338.68;156338.69;32;0.0;0;812.295;812.296;61.66;812.208;0.0;0.0;Q19;31832;Hash Join;3;Outer;;0;23;22472;205;4.992662956177444e-06;7672.23;156338.51;12;0.0;0;0.427;760.28;49.74;49.74;Q19
Q19_44_seed_352773333;31838;Aggregate;2;Outer;;0;1;23;0;0.0434782608695652;156338.62;156338.63;32;0.0;0;801.61;801.611;83.885;801.551;0.0;0.0;Q19;31839;Hash Join;3;Outer;;0;23;22473;200;5.117251813287056e-06;7672.17;156338.45;12;0.0;0;0.411;755.754;44.027;44.027;Q19
Q19_46_seed_369181395;31852;Aggregate;2;Outer;;0;1;23;0;0.0434782608695652;156338.66;156338.67;32;0.0;0;816.942;816.944;146.95;816.857;0.0;0.0;Q19;31853;Hash Join;3;Outer;;0;23;22481;201;5.08998090371947e-06;7672.18;156338.48;12;0.0;0;0.469;762.447;51.934;51.935;Q19
Q19_47_seed_377385426;31859;Aggregate;2;Outer;;0;1;23;0;0.0434782608695652;156338.68;156338.69;32;0.0;0;862.329;862.331;77.033;862.264;0.0;0.0;Q19;31860;Hash Join;3;Outer;;0;23;22489;201;5.088170247521784e-06;7672.18;156338.5;12;0.0;0;0.505;812.669;46.657;46.659;Q19
Q19_49_seed_393793488;31873;Aggregate;2;Outer;;0;1;23;0;0.0434782608695652;156338.6;156338.61;32;0.0;0;822.352;822.352;135.663;822.303;0.0;0.0;Q19;31874;Hash Join;3;Outer;;0;23;22465;200;5.119074115290452e-06;7672.17;156338.43;12;0.0;0;0.758;774.232;45.672;45.673;Q19
Q19_4_seed_24612093;31880;Aggregate;2;Outer;;0;1;23;0;0.0434782608695652;156338.6;156338.61;32;0.0;0;782.044;782.045;109.604;782.0;0.0;0.0;Q19;31881;Hash Join;3;Outer;;0;23;22460;201;5.094740013202022e-06;7672.18;156338.43;12;0.0;0;0.612;733.723;45.954;45.955;Q19
Q19_50_seed_401997519;31887;Aggregate;2;Outer;;0;1;23;0;0.0434782608695652;156338.78;156338.79;32;0.0;0;799.084;799.085;75.265;799.032;0.0;0.0;Q19;31888;Hash Join;3;Outer;;0;23;22527;201;5.079587192991406e-06;7672.18;156338.6;12;0.0;0;0.468;749.149;47.988;47.988;Q19
Q19_51_seed_410201550;31894;Aggregate;2;Outer;;0;1;23;0;0.0434782608695652;156338.88;156338.89;32;0.0;0;813.086;813.087;87.919;813.021;0.0;0.0;Q19;31895;Hash Join;3;Outer;;0;23;22562;202;5.046599864312289e-06;7672.19;156338.71;12;0.0;0;0.932;767.441;43.188;43.189;Q19
Q19_52_seed_418405581;31901;Aggregate;2;Outer;;0;1;23;0;0.0434782608695652;156338.7;156338.71;32;0.0;0;817.091;817.093;91.506;817.025;0.0;0.0;Q19;31902;Hash Join;3;Outer;;0;23;22496;201;5.08658697975273e-06;7672.18;156338.52;12;0.0;0;0.879;768.15;46.458;46.459;Q19
Q19_53_seed_426609612;31908;Aggregate;2;Outer;;0;1;23;0;0.0434782608695652;156338.84;156338.85;32;0.0;0;853.345;853.346;108.6;853.244;0.0;0.0;Q19;31909;Hash Join;3;Outer;;0;23;22552;201;5.073956221023298e-06;7672.18;156338.67;12;0.0;0;0.583;804.24;47.234;47.234;Q19
Q19_54_seed_434813643;31915;Aggregate;2;Outer;;0;1;23;0;0.0434782608695652;156338.7;156338.71;32;0.0;0;828.477;828.478;105.099;828.423;0.0;0.0;Q19;31916;Hash Join;3;Outer;;0;23;22485;204;5.014236070234187e-06;7672.22;156338.53;12;0.0;0;0.68;780.757;45.499;45.499;Q19
Q19_55_seed_443017674;31922;Aggregate;2;Outer;;0;1;23;0;0.0434782608695652;156338.91;156338.92;32;0.0;0;825.81;825.81;124.03;825.759;0.0;0.0;Q19;31923;Hash Join;3;Outer;;0;23;22578;201;5.068113238396554e-06;7672.18;156338.74;12;0.0;0;0.689;774.976;49.012;49.012;Q19
Q19_56_seed_451221705;31929;Aggregate;2;Outer;;0;1;23;0;0.0434782608695652;156338.77;156338.78;32;0.0;0;820.101;820.101;85.094;820.04;0.0;0.0;Q19;31930;Hash Join;3;Outer;;0;23;22528;200;5.1047585227272726e-06;7672.17;156338.59;12;0.0;0;0.648;772.23;45.499;45.5;Q19
Q19_57_seed_459425736;31936;Aggregate;2;Outer;;0;1;23;0;0.0434782608695652;156338.76;156338.77;32;0.0;0;818.244;818.245;84.638;818.196;0.0;0.0;Q19;31937;Hash Join;3;Outer;;0;23;22524;200;5.105665068371515e-06;7672.17;156338.58;12;0.0;0;0.629;770.082;44.823;44.823;Q19
Q19_58_seed_467629767;31943;Aggregate;2;Outer;;0;1;23;0;0.0434782608695652;156338.87;156338.88;32;0.0;0;810.042;810.044;101.196;809.958;0.0;0.0;Q19;31944;Hash Join;3;Outer;;0;23;22572;199;5.120409775262989e-06;7672.15;156338.7;12;0.0;0;0.377;761.953;46.067;46.068;Q19
Q19_5_seed_32816124;31957;Aggregate;2;Outer;;0;1;23;0;0.0434782608695652;156338.81;156338.82;32;0.0;0;813.06;813.061;70.708;812.977;0.0;0.0;Q19;31958;Hash Join;3;Outer;;0;23;22522;205;4.981578987266651e-06;7672.23;156338.64;12;0.0;0;0.504;759.994;50.676;50.676;Q19
Q19_60_seed_484037829;31964;Aggregate;2;Outer;;0;1;23;0;0.0434782608695652;156338.73;156338.74;32;0.0;0;839.264;839.265;99.301;839.2;0.0;0.0;Q19;31965;Hash Join;3;Outer;;0;23;22509;201;5.083649237927825e-06;7672.18;156338.56;12;0.0;0;0.742;793.601;43.973;43.973;Q19
Q19_61_seed_492241860;31971;Aggregate;2;Outer;;0;1;23;0;0.0434782608695652;156338.77;156338.78;32;0.0;0;818.483;818.484;73.463;818.426;0.0;0.0;Q19;31972;Hash Join;3;Outer;;0;23;22523;201;5.080489308552032e-06;7672.18;156338.59;12;0.0;0;0.856;767.827;48.677;48.677;Q19
Q19_66_seed_533262015;32006;Aggregate;2;Outer;;0;1;23;0;0.0434782608695652;156338.75;156338.76;32;0.0;0;811.571;811.573;97.6;811.51;0.0;0.0;Q19;32007;Hash Join;3;Outer;;0;23;22527;199;5.130638320559159e-06;7672.15;156338.58;12;0.0;0;0.629;764.55;44.946;44.948;Q19
Q19_68_seed_549670077;32020;Aggregate;2;Outer;;0;1;23;0;0.0434782608695652;156338.67;156338.68;32;0.0;0;825.265;825.265;83.547;825.208;0.0;0.0;Q19;32021;Hash Join;3;Outer;;0;23;22485;201;5.08907541456604e-06;7672.18;156338.49;12;0.0;0;0.677;776.53;46.75;46.75;Q19
Q19_69_seed_557874108;32027;Aggregate;2;Outer;;0;1;23;0;0.0434782608695652;156338.8;156338.81;32;0.0;0;852.317;852.319;87.25;852.253;0.0;0.0;Q19;32028;Hash Join;3;Outer;;0;23;22541;200;5.101814471407657e-06;7672.17;156338.63;12;0.0;0;0.618;805.634;44.722;44.722;Q19
Q19_6_seed_41020155;32034;Aggregate;2;Outer;;0;1;23;0;0.0434782608695652;156338.52;156338.53;32;0.0;0;832.123;832.124;114.225;832.06;0.0;0.0;Q19;32035;Hash Join;3;Outer;;0;23;22425;202;5.077430820005077e-06;7672.19;156338.35;12;0.0;0;0.684;785.453;44.286;44.286;Q19
Q19_70_seed_566078139;32041;Aggregate;2;Outer;;0;1;23;0;0.0434782608695652;156338.79;156338.8;32;0.0;0;826.57;826.571;117.52;826.519;0.0;0.0;Q19;32042;Hash Join;3;Outer;;0;23;22517;204;5.007110096336798e-06;7672.22;156338.61;12;0.0;0;0.625;778.147;46.215;46.215;Q19
Q19_72_seed_582486201;32055;Aggregate;2;Outer;;0;1;23;0;0.0434782608695652;156338.78;156338.79;32;0.0;0;832.948;832.949;97.59;832.899;0.0;0.0;Q19;32056;Hash Join;3;Outer;;0;23;22525;202;5.054889506708718e-06;7672.19;156338.61;12;0.0;0;0.398;785.5;44.51;44.51;Q19
Q19_73_seed_590690232;32062;Aggregate;2;Outer;;0;1;23;0;0.0434782608695652;156338.72;156338.73;32;0.0;0;844.747;844.748;100.227;844.698;0.0;0.0;Q19;32063;Hash Join;3;Outer;;0;23;22499;202;5.060730971981593e-06;7672.19;156338.54;12;0.0;0;0.583;795.843;45.96;45.96;Q19
Q19_74_seed_598894263;32069;Aggregate;2;Outer;;0;1;23;0;0.0434782608695652;156338.87;156338.88;32;0.0;0;843.062;843.063;80.283;843.005;0.0;0.0;Q19;32070;Hash Join;3;Outer;;0;23;22554;203;5.023520998973018e-06;7672.2;156338.7;12;0.0;0;1.028;795.208;45.625;45.625;Q19
Q19_75_seed_607098294;32076;Aggregate;2;Outer;;0;1;23;0;0.0434782608695652;156338.7;156338.71;32;0.0;0;827.612;827.612;106.674;827.555;0.0;0.0;Q19;32077;Hash Join;3;Outer;;0;23;22503;200;5.110429720481713e-06;7672.17;156338.53;12;0.0;0;0.679;781.183;44.505;44.505;Q19
Q19_76_seed_615302325;32083;Aggregate;2;Outer;;0;1;23;0;0.0434782608695652;156338.8;156338.81;32;0.0;0;826.769;826.77;84.528;826.643;0.0;0.0;Q19;32084;Hash Join;3;Outer;;0;23;22532;202;5.053319107873862e-06;7672.19;156338.63;12;0.0;0;0.804;778.686;46.462;46.463;Q19
Q19_77_seed_623506356;32090;Aggregate;2;Outer;;0;1;23;0;0.0434782608695652;156338.77;156338.78;32;0.0;0;833.807;833.808;97.729;833.755;0.0;0.0;Q19;32091;Hash Join;3;Outer;;0;23;22529;200;5.10453193661503e-06;7672.17;156338.6;12;0.0;0;1.52;784.534;46.623;46.623;Q19
Q19_78_seed_631710387;32097;Aggregate;2;Outer;;0;1;23;0;0.0434782608695652;156338.73;156338.74;32;0.0;0;816.317;816.317;120.544;816.264;0.0;0.0;Q19;32098;Hash Join;3;Outer;;0;23;22510;201;5.083423398334847e-06;7672.18;156338.56;12;0.0;0;0.304;770.225;44.251;44.251;Q19
Q19_79_seed_639914418;32104;Aggregate;2;Outer;;0;1;23;0;0.0434782608695652;156338.61;156338.62;32;0.0;0;812.473;812.474;79.308;812.423;0.0;0.0;Q19;32105;Hash Join;3;Outer;;0;23;22449;204;5.022277074222268e-06;7672.22;156338.44;12;0.0;0;0.538;762.641;48.165;48.165;Q19
Q19_82_seed_664526511;32132;Aggregate;2;Outer;;0;1;23;0;0.0434782608695652;156338.76;156338.77;32;0.0;0;802.545;802.546;113.939;802.49;0.0;0.0;Q19;32133;Hash Join;3;Outer;;0;23;22511;203;5.033116814483472e-06;7672.2;156338.59;12;0.0;0;0.681;754.164;46.252;46.252;Q19
Q19_85_seed_689138604;32153;Aggregate;2;Outer;;0;1;23;0;0.0434782608695652;156338.77;156338.78;32;0.0;0;838.265;838.266;95.75;838.215;0.0;0.0;Q19;32154;Hash Join;3;Outer;;0;23;22519;202;5.056236339918018e-06;7672.19;156338.59;12;0.0;0;0.58;787.293;48.691;48.691;Q19
Q19_87_seed_705546666;32167;Aggregate;2;Outer;;0;1;23;0;0.0434782608695652;156338.63;156338.64;32;0.0;0;809.601;809.602;82.3;809.555;0.0;0.0;Q19;32168;Hash Join;3;Outer;;0;23;22472;201;5.092019432917293e-06;7672.18;156338.46;12;0.0;0;0.423;761.852;45.799;45.799;Q19
Q19_89_seed_721954728;32181;Aggregate;2;Outer;;0;1;23;0;0.0434782608695652;156338.63;156338.64;32;0.0;0;801.84;801.841;96.129;801.792;0.0;0.0;Q19;32182;Hash Join;3;Outer;;0;23;22476;200;5.1165687844812245e-06;7672.17;156338.46;12;0.0;0;0.621;754.236;45.335;45.335;Q19
Q19_8_seed_57428217;32188;Aggregate;2;Outer;;0;1;23;0;0.0434782608695652;156338.57;156338.58;32;0.0;0;808.94;808.941;87.277;808.891;0.0;0.0;Q19;32189;Hash Join;3;Outer;;0;23;22447;201;5.097690591015165e-06;7672.18;156338.39;12;0.0;0;0.976;762.642;44.711;44.711;Q19
Q19_90_seed_730158759;32195;Aggregate;2;Outer;;0;1;23;0;0.0434782608695652;156338.88;156338.89;32;0.0;0;802.199;802.2;61.946;802.145;0.0;0.0;Q19;32196;Hash Join;3;Outer;;0;23;22556;203;5.0230755723903815e-06;7672.2;156338.7;12;0.0;0;0.482;753.889;46.291;46.291;Q19
Q19_91_seed_738362790;32202;Aggregate;2;Outer;;0;1;23;0;0.0434782608695652;156338.73;156338.74;32;0.0;0;841.901;841.901;99.643;841.837;0.0;0.0;Q19;32203;Hash Join;3;Outer;;0;23;22505;202;5.059381743550938e-06;7672.19;156338.56;12;0.0;0;0.624;793.624;45.807;45.807;Q19
Q19_93_seed_754770852;32216;Aggregate;2;Outer;;0;1;23;0;0.0434782608695652;156338.83;156338.84;32;0.0;0;751.36;751.361;92.486;751.304;0.0;0.0;Q19;32217;Hash Join;3;Outer;;0;23;22546;201;5.075306515413706e-06;7672.18;156338.65;12;0.0;0;0.803;701.121;48.623;48.623;Q19
Q19_95_seed_771178914;32230;Aggregate;2;Outer;;0;1;23;0;0.0434782608695652;156338.79;156338.8;32;0.0;0;803.115;803.115;64.072;803.054;0.0;0.0;Q19;32231;Hash Join;3;Outer;;0;23;22513;205;4.983570468228113e-06;7672.23;156338.62;12;0.0;0;0.806;755.344;45.765;45.765;Q19
Q19_97_seed_787586976;32244;Aggregate;2;Outer;;0;1;23;0;0.0434782608695652;156338.73;156338.74;32;0.0;0;777.334;777.335;89.61;777.284;0.0;0.0;Q19;32245;Hash Join;3;Outer;;0;23;22512;200;5.1083866382373845e-06;7672.17;156338.55;12;0.0;0;0.886;728.951;46.769;46.769;Q19
Q19_98_seed_795791007;32251;Aggregate;2;Outer;;0;1;23;0;0.0434782608695652;156338.65;156338.66;32;0.0;0;835.902;835.903;130.62;835.843;0.0;0.0;Q19;32252;Hash Join;3;Outer;;0;23;22473;202;5.06658595374956e-06;7672.19;156338.47;12;0.0;0;0.87;787.696;46.024;46.024;Q19
Q19_99_seed_803995038;32258;Aggregate;2;Outer;;0;1;23;0;0.0434782608695652;156338.95;156338.96;32;0.0;0;845.183;845.184;91.173;845.121;0.0;0.0;Q19;32259;Hash Join;3;Outer;;0;23;22573;205;4.9703239246542114e-06;7672.23;156338.77;12;0.0;0;0.452;798.368;44.735;44.735;Q19
Q19_9_seed_65632248;32265;Aggregate;2;Outer;;0;1;23;0;0.0434782608695652;156338.7;156338.71;32;0.0;0;819.74;819.74;79.357;819.677;0.0;0.0;Q19;32266;Hash Join;3;Outer;;0;23;22502;200;5.110656830503955e-06;7672.17;156338.52;12;0.0;0;0.664;772.162;45.335;45.335;Q19
