query_file;Aggregate_node_id;Aggregate_node_type;Aggregate_depth;Aggregate_parent_relationship;Aggregate_subplan_name;Aggregate_np;Aggregate_nt;Aggregate_nt1;Aggregate_nt2;Aggregate_sel;Aggregate_startup_cost;Aggregate_total_cost;Aggregate_plan_width;Aggregate_reltuples;Aggregate_parallel_workers;actual_startup_time;actual_total_time;Aggregate_st1;Aggregate_rt1;Aggregate_st2;Aggregate_rt2;Sort_Outer_node_id;Sort_Outer_node_type;Sort_Outer_depth;Sort_Outer_parent_relationship;Sort_Outer_subplan_name;Sort_Outer_np;Sort_Outer_nt;Sort_Outer_nt1;Sort_Outer_nt2;Sort_Outer_sel;Sort_Outer_startup_cost;Sort_Outer_total_cost;Sort_Outer_plan_width;Sort_Outer_reltuples;Sort_Outer_parallel_workers;Sort_Outer_st1;Sort_Outer_rt1;Sort_Outer_st2;Sort_Outer_rt2;HashJoin_Outer_node_id;HashJoin_Outer_node_type;HashJoin_Outer_depth;HashJoin_Outer_parent_relationship;HashJoin_Outer_subplan_name;HashJoin_Outer_np;HashJoin_Outer_nt;HashJoin_Outer_nt1;HashJoin_Outer_nt2;HashJoin_Outer_sel;HashJoin_Outer_startup_cost;HashJoin_Outer_total_cost;HashJoin_Outer_plan_width;HashJoin_Outer_reltuples;HashJoin_Outer_parallel_workers;HashJoin_Outer_st1;HashJoin_Outer_rt1;HashJoin_Outer_st2;HashJoin_Outer_rt2;NestedLoop_Outer_node_id;NestedLoop_Outer_node_type;NestedLoop_Outer_depth;NestedLoop_Outer_parent_relationship;NestedLoop_Outer_subplan_name;NestedLoop_Outer_np;NestedLoop_Outer_nt;NestedLoop_Outer_nt1;NestedLoop_Outer_nt2;NestedLoop_Outer_sel;NestedLoop_Outer_startup_cost;NestedLoop_Outer_total_cost;NestedLoop_Outer_plan_width;NestedLoop_Outer_reltuples;NestedLoop_Outer_parallel_workers;NestedLoop_Outer_st1;NestedLoop_Outer_rt1;NestedLoop_Outer_st2;NestedLoop_Outer_rt2;SeqScan_Outer_node_id;SeqScan_Outer_node_type;SeqScan_Outer_depth;SeqScan_Outer_parent_relationship;SeqScan_Outer_subplan_name;SeqScan_Outer_np;SeqScan_Outer_nt;SeqScan_Outer_nt1;SeqScan_Outer_nt2;SeqScan_Outer_sel;SeqScan_Outer_startup_cost;SeqScan_Outer_total_cost;SeqScan_Outer_plan_width;SeqScan_Outer_reltuples;SeqScan_Outer_parallel_workers;Hash_Inner_node_id;Hash_Inner_node_type;Hash_Inner_depth;Hash_Inner_parent_relationship;Hash_Inner_subplan_name;Hash_Inner_np;Hash_Inner_nt;Hash_Inner_nt1;Hash_Inner_nt2;Hash_Inner_sel;Hash_Inner_startup_cost;Hash_Inner_total_cost;Hash_Inner_plan_width;Hash_Inner_reltuples;Hash_Inner_parallel_workers;Hash_Inner_st1;Hash_Inner_rt1;Hash_Inner_st2;Hash_Inner_rt2;IndexScan_Inner_node_id;IndexScan_Inner_node_type;IndexScan_Inner_depth;IndexScan_Inner_parent_relationship;IndexScan_Inner_subplan_name;IndexScan_Inner_np;IndexScan_Inner_nt;IndexScan_Inner_nt1;IndexScan_Inner_nt2;IndexScan_Inner_sel;IndexScan_Inner_startup_cost;IndexScan_Inner_total_cost;IndexScan_Inner_plan_width;IndexScan_Inner_reltuples;IndexScan_Inner_parallel_workers
Q5_101_seed_820403100;6924;Aggregate;3;Outer;;0;25;2362;0;0.010584250635055;56960.16;56990.0;136;0.0;0;1057.788;1058.018;1057.719;1057.755;0.0;0.0;6925;Sort;4;Outer;;0;2362;2362;0;1.0;56960.16;56966.07;116;0.0;0;41.415;1057.25;0.0;0.0;6928;Hash Join;7;Outer;;0;14756;73782;12500;1.5999566289881002e-05;4743.09;38475.32;116;0.0;0;0.069;166.542;33.214;33.215;6927;Nested Loop;6;Outer;;0;59037;14756;5;0.8001761995120629;4743.52;56044.88;128;0.0;0;34.708;213.732;0.068;0.073;6940;Seq Scan;7;Outer;;223;10000;0;0;1.0;0.0;323.0;8;10000.0;0;6939;Hash;6;Inner;;0;10000;10000;0;1.0;323.0;323.0;8;0.0;0;0.086;3.228;0.0;0.0;6938;Index Scan;7;Inner;;112600;5;0;0;8.331646174982899e-07;0.43;1.14;20;6001215.0;0
Q5_102_seed_828607131;6944;Aggregate;3;Outer;;0;25;2338;0;0.0106928999144568;56870.62;56900.16;136;0.0;0;1062.113;1062.34;1062.044;1062.08;0.0;0.0;6945;Sort;4;Outer;;0;2338;2338;0;1.0;56870.62;56876.47;116;0.0;0;42.917;1061.574;0.0;0.0;6948;Hash Join;7;Outer;;0;14612;73059;12500;1.6000219001081317e-05;4743.09;38472.01;116;0.0;0;0.328;166.58;35.501;35.502;6947;Nested Loop;6;Outer;;0;58459;14612;5;0.8001505611825896;4743.52;55959.89;128;0.0;0;36.486;215.197;0.069;0.073;6960;Seq Scan;7;Outer;;223;10000;0;0;1.0;0.0;323.0;8;10000.0;0;6959;Hash;6;Inner;;0;10000;10000;0;1.0;323.0;323.0;8;0.0;0;0.091;2.926;0.0;0.0;6958;Index Scan;7;Inner;;112600;5;0;0;8.331646174982899e-07;0.43;1.15;20;6001215.0;0
Q5_103_seed_836811162;6964;Aggregate;3;Outer;;0;25;2362;0;0.010584250635055;56960.16;56990.0;136;0.0;0;1078.01;1078.222;1077.94;1077.975;0.0;0.0;6965;Sort;4;Outer;;0;2362;2362;0;1.0;56960.16;56966.07;116;0.0;0;42.023;1077.493;0.0;0.0;6968;Hash Join;7;Outer;;0;14756;73782;12500;1.5999566289881002e-05;4743.09;38475.32;116;0.0;0;0.244;171.562;37.832;37.833;6967;Nested Loop;6;Outer;;0;59037;14756;5;0.8001761995120629;4743.52;56044.88;128;0.0;0;38.188;221.91;0.07;0.074;6980;Seq Scan;7;Outer;;223;10000;0;0;1.0;0.0;323.0;8;10000.0;0;6979;Hash;6;Inner;;0;10000;10000;0;1.0;323.0;323.0;8;0.0;0;0.094;2.171;0.0;0.0;6978;Index Scan;7;Inner;;112600;5;0;0;8.331646174982899e-07;0.43;1.14;20;6001215.0;0
Q5_104_seed_845015193;6984;Aggregate;3;Outer;;0;25;2338;0;0.0106928999144568;56870.62;56900.16;136;0.0;0;1068.287;1068.504;1068.216;1068.25;0.0;0.0;6985;Sort;4;Outer;;0;2338;2338;0;1.0;56870.62;56876.47;116;0.0;0;42.462;1067.753;0.0;0.0;6988;Hash Join;7;Outer;;0;14612;73059;12500;1.6000219001081317e-05;4743.09;38472.01;116;0.0;0;0.247;166.389;37.233;37.234;6987;Nested Loop;6;Outer;;0;58459;14612;5;0.8001505611825896;4743.52;55959.89;128;0.0;0;37.733;216.462;0.069;0.073;7000;Seq Scan;7;Outer;;223;10000;0;0;1.0;0.0;323.0;8;10000.0;0;6999;Hash;6;Inner;;0;10000;10000;0;1.0;323.0;323.0;8;0.0;0;0.085;2.031;0.0;0.0;6998;Index Scan;7;Inner;;112600;5;0;0;8.331646174982899e-07;0.43;1.15;20;6001215.0;0
Q5_105_seed_853219224;7004;Aggregate;3;Outer;;0;25;2362;0;0.010584250635055;56960.16;56990.0;136;0.0;0;1063.062;1063.267;1063.001;1063.035;0.0;0.0;7005;Sort;4;Outer;;0;2362;2362;0;1.0;56960.16;56966.07;116;0.0;0;40.139;1062.551;0.0;0.0;7008;Hash Join;7;Outer;;0;14756;73782;12500;1.5999566289881002e-05;4743.09;38475.32;116;0.0;0;0.368;169.945;34.089;34.09;7007;Nested Loop;6;Outer;;0;59037;14756;5;0.8001761995120629;4743.52;56044.88;128;0.0;0;34.867;217.049;0.069;0.073;7020;Seq Scan;7;Outer;;223;10000;0;0;1.0;0.0;323.0;8;10000.0;0;7019;Hash;6;Inner;;0;10000;10000;0;1.0;323.0;323.0;8;0.0;0;0.08;3.225;0.0;0.0;7018;Index Scan;7;Inner;;112600;5;0;0;8.331646174982899e-07;0.43;1.14;20;6001215.0;0
Q5_106_seed_861423255;7024;Aggregate;3;Outer;;0;25;2338;0;0.0106928999144568;56870.62;56900.16;136;0.0;0;1086.303;1086.547;1086.23;1086.267;0.0;0.0;7025;Sort;4;Outer;;0;2338;2338;0;1.0;56870.62;56876.47;116;0.0;0;41.986;1085.786;0.0;0.0;7028;Hash Join;7;Outer;;0;14612;73059;12500;1.6000219001081317e-05;4743.09;38472.01;116;0.0;0;0.218;169.895;34.786;34.787;7027;Nested Loop;6;Outer;;0;58459;14612;5;0.8001505611825896;4743.52;55959.89;128;0.0;0;35.222;217.828;0.071;0.075;7040;Seq Scan;7;Outer;;223;10000;0;0;1.0;0.0;323.0;8;10000.0;0;7039;Hash;6;Inner;;0;10000;10000;0;1.0;323.0;323.0;8;0.0;0;0.087;4.781;0.0;0.0;7038;Index Scan;7;Inner;;112600;5;0;0;8.331646174982899e-07;0.43;1.15;20;6001215.0;0
Q5_109_seed_886035348;7084;Aggregate;3;Outer;;0;25;2362;0;0.010584250635055;56960.16;56990.0;136;0.0;0;1053.423;1053.665;1053.359;1053.399;0.0;0.0;7085;Sort;4;Outer;;0;2362;2362;0;1.0;56960.16;56966.07;116;0.0;0;44.136;1052.912;0.0;0.0;7088;Hash Join;7;Outer;;0;14756;73782;12500;1.5999566289881002e-05;4743.09;38475.32;116;0.0;0;0.195;166.7;37.872;37.875;7087;Nested Loop;6;Outer;;0;59037;14756;5;0.8001761995120629;4743.52;56044.88;128;0.0;0;39.256;218.195;0.068;0.073;7100;Seq Scan;7;Outer;;223;10000;0;0;1.0;0.0;323.0;8;10000.0;0;7099;Hash;6;Inner;;0;10000;10000;0;1.0;323.0;323.0;8;0.0;0;0.071;2.686;0.0;0.0;7098;Index Scan;7;Inner;;112600;5;0;0;8.331646174982899e-07;0.43;1.14;20;6001215.0;0
Q5_10_seed_73836279;7104;Aggregate;3;Outer;;0;25;2338;0;0.0106928999144568;56870.62;56900.16;136;0.0;0;1050.776;1051.035;1050.704;1050.74;0.0;0.0;7105;Sort;4;Outer;;0;2338;2338;0;1.0;56870.62;56876.47;116;0.0;0;40.743;1050.231;0.0;0.0;7108;Hash Join;7;Outer;;0;14612;73059;12500;1.6000219001081317e-05;4743.09;38472.01;116;0.0;0;0.093;165.7;34.385;34.386;7107;Nested Loop;6;Outer;;0;58459;14612;5;0.8001505611825896;4743.52;55959.89;128;0.0;0;36.041;214.399;0.068;0.072;7120;Seq Scan;7;Outer;;223;10000;0;0;1.0;0.0;323.0;8;10000.0;0;7119;Hash;6;Inner;;0;10000;10000;0;1.0;323.0;323.0;8;0.0;0;0.085;3.339;0.0;0.0;7118;Index Scan;7;Inner;;112600;5;0;0;8.331646174982899e-07;0.43;1.15;20;6001215.0;0
Q5_111_seed_902443410;7144;Aggregate;3;Outer;;0;25;2362;0;0.010584250635055;56960.16;56990.0;136;0.0;0;1109.649;1109.866;1109.586;1109.62;0.0;0.0;7145;Sort;4;Outer;;0;2362;2362;0;1.0;56960.16;56966.07;116;0.0;0;37.056;1109.126;0.0;0.0;7148;Hash Join;7;Outer;;0;14756;73782;12500;1.5999566289881002e-05;4743.09;38475.32;116;0.0;0;0.295;175.183;31.586;31.587;7147;Nested Loop;6;Outer;;0;59037;14756;5;0.8001761995120629;4743.52;56044.88;128;0.0;0;32.274;219.833;0.073;0.077;7160;Seq Scan;7;Outer;;223;10000;0;0;1.0;0.0;323.0;8;10000.0;0;7159;Hash;6;Inner;;0;10000;10000;0;1.0;323.0;323.0;8;0.0;0;0.092;2.453;0.0;0.0;7158;Index Scan;7;Inner;;112600;5;0;0;8.331646174982899e-07;0.43;1.14;20;6001215.0;0
Q5_112_seed_910647441;7164;Aggregate;3;Outer;;0;25;2344;0;0.0106655290102389;56891.62;56921.23;136;0.0;0;1057.119;1057.341;1057.053;1057.087;0.0;0.0;7165;Sort;4;Outer;;0;2344;2344;0;1.0;56891.62;56897.48;116;0.0;0;39.615;1056.552;0.0;0.0;7168;Hash Join;7;Outer;;0;14646;73231;12500;1.599978151329355e-05;4743.09;38472.8;116;0.0;0;0.175;167.432;32.381;32.382;7167;Nested Loop;6;Outer;;0;58597;14646;5;0.8001775228731394;4743.52;55979.78;128;0.0;0;33.241;213.399;0.068;0.072;7180;Seq Scan;7;Outer;;223;10000;0;0;1.0;0.0;323.0;8;10000.0;0;7179;Hash;6;Inner;;0;10000;10000;0;1.0;323.0;323.0;8;0.0;0;0.09;4.072;0.0;0.0;7178;Index Scan;7;Inner;;112600;5;0;0;8.331646174982899e-07;0.43;1.15;20;6001215.0;0
Q5_114_seed_927055503;7204;Aggregate;3;Outer;;0;25;2344;0;0.0106655290102389;56891.62;56921.23;136;0.0;0;1079.242;1079.479;1079.172;1079.211;0.0;0.0;7205;Sort;4;Outer;;0;2344;2344;0;1.0;56891.62;56897.48;116;0.0;0;37.85;1078.622;0.0;0.0;7208;Hash Join;7;Outer;;0;14646;73231;12500;1.599978151329355e-05;4743.09;38472.8;116;0.0;0;0.495;167.764;32.62;32.623;7207;Nested Loop;6;Outer;;0;58597;14646;5;0.8001775228731394;4743.52;55979.78;128;0.0;0;33.304;213.476;0.069;0.074;7220;Seq Scan;7;Outer;;223;10000;0;0;1.0;0.0;323.0;8;10000.0;0;7219;Hash;6;Inner;;0;10000;10000;0;1.0;323.0;323.0;8;0.0;0;0.088;2.635;0.0;0.0;7218;Index Scan;7;Inner;;112600;5;0;0;8.331646174982899e-07;0.43;1.15;20;6001215.0;0
Q5_116_seed_943463565;7244;Aggregate;3;Outer;;0;25;2344;0;0.0106655290102389;56891.62;56921.23;136;0.0;0;1062.998;1063.234;1062.926;1062.963;0.0;0.0;7245;Sort;4;Outer;;0;2344;2344;0;1.0;56891.62;56897.48;116;0.0;0;41.124;1062.453;0.0;0.0;7248;Hash Join;7;Outer;;0;14646;73231;12500;1.599978151329355e-05;4743.09;38472.8;116;0.0;0;0.162;168.149;35.383;35.384;7247;Nested Loop;6;Outer;;0;58597;14646;5;0.8001775228731394;4743.52;55979.78;128;0.0;0;36.262;216.949;0.069;0.072;7260;Seq Scan;7;Outer;;223;10000;0;0;1.0;0.0;323.0;8;10000.0;0;7259;Hash;6;Inner;;0;10000;10000;0;1.0;323.0;323.0;8;0.0;0;0.083;2.367;0.0;0.0;7258;Index Scan;7;Inner;;112600;5;0;0;8.331646174982899e-07;0.43;1.15;20;6001215.0;0
Q5_117_seed_951667596;7264;Aggregate;3;Outer;;0;25;2362;0;0.010584250635055;56960.16;56990.0;136;0.0;0;1060.536;1060.767;1060.479;1060.514;0.0;0.0;7265;Sort;4;Outer;;0;2362;2362;0;1.0;56960.16;56966.07;116;0.0;0;41.754;1060.032;0.0;0.0;7268;Hash Join;7;Outer;;0;14756;73782;12500;1.5999566289881002e-05;4743.09;38475.32;116;0.0;0;0.281;166.058;37.853;37.854;7267;Nested Loop;6;Outer;;0;59037;14756;5;0.8001761995120629;4743.52;56044.88;128;0.0;0;38.187;216.371;0.069;0.072;7280;Seq Scan;7;Outer;;223;10000;0;0;1.0;0.0;323.0;8;10000.0;0;7279;Hash;6;Inner;;0;10000;10000;0;1.0;323.0;323.0;8;0.0;0;0.087;1.822;0.0;0.0;7278;Index Scan;7;Inner;;112600;5;0;0;8.331646174982899e-07;0.43;1.14;20;6001215.0;0
Q5_119_seed_968075658;7304;Aggregate;3;Outer;;0;25;2382;0;0.0104953820319059;57040.51;57070.59;136;0.0;0;1059.844;1060.085;1059.778;1059.813;0.0;0.0;7305;Sort;4;Outer;;0;2382;2382;0;1.0;57040.51;57046.46;116;0.0;0;43.761;1059.29;0.0;0.0;7308;Hash Join;7;Outer;;0;14884;74418;12500;1.600043000349378e-05;4743.09;38478.24;116;0.0;0;0.389;169.27;36.841;36.842;7307;Nested Loop;6;Outer;;0;59546;14884;5;0.800134372480516;4743.52;56121.28;128;0.0;0;37.831;219.165;0.068;0.072;7320;Seq Scan;7;Outer;;223;10000;0;0;1.0;0.0;323.0;8;10000.0;0;7319;Hash;6;Inner;;0;10000;10000;0;1.0;323.0;323.0;8;0.0;0;0.085;3.237;0.0;0.0;7318;Index Scan;7;Inner;;112600;5;0;0;8.331646174982899e-07;0.43;1.14;20;6001215.0;0
Q5_11_seed_82040310;7324;Aggregate;3;Outer;;0;25;2362;0;0.010584250635055;56960.16;56990.0;136;0.0;0;1065.219;1065.438;1065.155;1065.191;0.0;0.0;7325;Sort;4;Outer;;0;2362;2362;0;1.0;56960.16;56966.07;116;0.0;0;45.374;1064.687;0.0;0.0;7328;Hash Join;7;Outer;;0;14756;73782;12500;1.5999566289881002e-05;4743.09;38475.32;116;0.0;0;1.574;168.152;37.005;37.006;7327;Nested Loop;6;Outer;;0;59037;14756;5;0.8001761995120629;4743.52;56044.88;128;0.0;0;39.461;218.737;0.069;0.072;7340;Seq Scan;7;Outer;;223;10000;0;0;1.0;0.0;323.0;8;10000.0;0;7339;Hash;6;Inner;;0;10000;10000;0;1.0;323.0;323.0;8;0.0;0;0.075;3.934;0.0;0.0;7338;Index Scan;7;Inner;;112600;5;0;0;8.331646174982899e-07;0.43;1.14;20;6001215.0;0
Q5_120_seed_976279689;7344;Aggregate;3;Outer;;0;25;2344;0;0.0106655290102389;56891.62;56921.23;136;0.0;0;1056.298;1056.525;1056.233;1056.268;0.0;0.0;7345;Sort;4;Outer;;0;2344;2344;0;1.0;56891.62;56897.48;116;0.0;0;42.567;1055.775;0.0;0.0;7348;Hash Join;7;Outer;;0;14646;73231;12500;1.599978151329355e-05;4743.09;38472.8;116;0.0;0;0.204;171.757;34.25;34.251;7347;Nested Loop;6;Outer;;0;58597;14646;5;0.8001775228731394;4743.52;55979.78;128;0.0;0;34.742;218.787;0.069;0.072;7360;Seq Scan;7;Outer;;223;10000;0;0;1.0;0.0;323.0;8;10000.0;0;7359;Hash;6;Inner;;0;10000;10000;0;1.0;323.0;323.0;8;0.0;0;0.089;5.289;0.0;0.0;7358;Index Scan;7;Inner;;112600;5;0;0;8.331646174982899e-07;0.43;1.15;20;6001215.0;0
Q5_121_seed_984483720;7364;Aggregate;3;Outer;;0;25;2382;0;0.0104953820319059;57040.51;57070.59;136;0.0;0;1069.356;1069.583;1069.292;1069.328;0.0;0.0;7365;Sort;4;Outer;;0;2382;2382;0;1.0;57040.51;57046.46;116;0.0;0;40.53;1068.832;0.0;0.0;7368;Hash Join;7;Outer;;0;14884;74418;12500;1.600043000349378e-05;4743.09;38478.24;116;0.0;0;0.359;168.504;35.277;35.278;7367;Nested Loop;6;Outer;;0;59546;14884;5;0.800134372480516;4743.52;56121.28;128;0.0;0;35.686;216.468;0.069;0.074;7380;Seq Scan;7;Outer;;223;10000;0;0;1.0;0.0;323.0;8;10000.0;0;7379;Hash;6;Inner;;0;10000;10000;0;1.0;323.0;323.0;8;0.0;0;0.087;2.599;0.0;0.0;7378;Index Scan;7;Inner;;112600;5;0;0;8.331646174982899e-07;0.43;1.14;20;6001215.0;0
Q5_122_seed_992687751;7384;Aggregate;3;Outer;;0;25;2344;0;0.0106655290102389;56891.62;56921.23;136;0.0;0;1061.115;1061.356;1061.048;1061.084;0.0;0.0;7385;Sort;4;Outer;;0;2344;2344;0;1.0;56891.62;56897.48;116;0.0;0;39.74;1060.583;0.0;0.0;7388;Hash Join;7;Outer;;0;14646;73231;12500;1.599978151329355e-05;4743.09;38472.8;116;0.0;0;0.164;169.318;33.484;33.485;7387;Nested Loop;6;Outer;;0;58597;14646;5;0.8001775228731394;4743.52;55979.78;128;0.0;0;34.968;216.861;0.069;0.073;7400;Seq Scan;7;Outer;;223;10000;0;0;1.0;0.0;323.0;8;10000.0;0;7399;Hash;6;Inner;;0;10000;10000;0;1.0;323.0;323.0;8;0.0;0;0.081;2.416;0.0;0.0;7398;Index Scan;7;Inner;;112600;5;0;0;8.331646174982899e-07;0.43;1.15;20;6001215.0;0
Q5_124_seed_1009095813;7424;Aggregate;3;Outer;;0;25;2344;0;0.0106655290102389;56891.62;56921.23;136;0.0;0;1039.856;1040.072;1039.787;1039.823;0.0;0.0;7425;Sort;4;Outer;;0;2344;2344;0;1.0;56891.62;56897.48;116;0.0;0;36.07;1039.36;0.0;0.0;7428;Hash Join;7;Outer;;0;14646;73231;12500;1.599978151329355e-05;4743.09;38472.8;116;0.0;0;0.206;165.237;31.605;31.606;7427;Nested Loop;6;Outer;;0;58597;14646;5;0.8001775228731394;4743.52;55979.78;128;0.0;0;31.909;209.594;0.069;0.072;7440;Seq Scan;7;Outer;;223;10000;0;0;1.0;0.0;323.0;8;10000.0;0;7439;Hash;6;Inner;;0;10000;10000;0;1.0;323.0;323.0;8;0.0;0;0.087;2.823;0.0;0.0;7438;Index Scan;7;Inner;;112600;5;0;0;8.331646174982899e-07;0.43;1.15;20;6001215.0;0
Q5_125_seed_1017299844;7444;Aggregate;3;Outer;;0;25;2382;0;0.0104953820319059;57040.51;57070.59;136;0.0;0;1054.968;1055.166;1054.906;1054.938;0.0;0.0;7445;Sort;4;Outer;;0;2382;2382;0;1.0;57040.51;57046.46;116;0.0;0;36.691;1054.473;0.0;0.0;7448;Hash Join;7;Outer;;0;14884;74418;12500;1.600043000349378e-05;4743.09;38478.24;116;0.0;0;0.19;166.968;30.134;30.135;7447;Nested Loop;6;Outer;;0;59546;14884;5;0.800134372480516;4743.52;56121.28;128;0.0;0;30.371;209.691;0.07;0.073;7460;Seq Scan;7;Outer;;223;10000;0;0;1.0;0.0;323.0;8;10000.0;0;7459;Hash;6;Inner;;0;10000;10000;0;1.0;323.0;323.0;8;0.0;0;0.154;5.077;0.0;0.0;7458;Index Scan;7;Inner;;112600;5;0;0;8.331646174982899e-07;0.43;1.14;20;6001215.0;0
Q5_128_seed_1041911937;7504;Aggregate;3;Outer;;0;25;2344;0;0.0106655290102389;56891.62;56921.23;136;0.0;0;1069.126;1069.377;1069.052;1069.087;0.0;0.0;7505;Sort;4;Outer;;0;2344;2344;0;1.0;56891.62;56897.48;116;0.0;0;43.205;1068.605;0.0;0.0;7508;Hash Join;7;Outer;;0;14646;73231;12500;1.599978151329355e-05;4743.09;38472.8;116;0.0;0;0.209;166.816;37.594;37.595;7507;Nested Loop;6;Outer;;0;58597;14646;5;0.8001775228731394;4743.52;55979.78;128;0.0;0;37.851;216.951;0.071;0.074;7520;Seq Scan;7;Outer;;223;10000;0;0;1.0;0.0;323.0;8;10000.0;0;7519;Hash;6;Inner;;0;10000;10000;0;1.0;323.0;323.0;8;0.0;0;0.074;3.017;0.0;0.0;7518;Index Scan;7;Inner;;112600;5;0;0;8.331646174982899e-07;0.43;1.15;20;6001215.0;0
Q5_129_seed_1050115968;7524;Aggregate;3;Outer;;0;25;2382;0;0.0104953820319059;57040.51;57070.59;136;0.0;0;1071.62;1071.835;1071.558;1071.593;0.0;0.0;7525;Sort;4;Outer;;0;2382;2382;0;1.0;57040.51;57046.46;116;0.0;0;38.822;1071.124;0.0;0.0;7528;Hash Join;7;Outer;;0;14884;74418;12500;1.600043000349378e-05;4743.09;38478.24;116;0.0;0;0.215;165.974;35.364;35.365;7527;Nested Loop;6;Outer;;0;59546;14884;5;0.800134372480516;4743.52;56121.28;128;0.0;0;35.913;214.288;0.071;0.075;7540;Seq Scan;7;Outer;;223;10000;0;0;1.0;0.0;323.0;8;10000.0;0;7539;Hash;6;Inner;;0;10000;10000;0;1.0;323.0;323.0;8;0.0;0;0.071;1.745;0.0;0.0;7538;Index Scan;7;Inner;;112600;5;0;0;8.331646174982899e-07;0.43;1.14;20;6001215.0;0
Q5_131_seed_1066524030;7584;Aggregate;3;Outer;;0;25;2382;0;0.0104953820319059;57040.51;57070.59;136;0.0;0;1073.609;1073.829;1073.546;1073.582;0.0;0.0;7585;Sort;4;Outer;;0;2382;2382;0;1.0;57040.51;57046.46;116;0.0;0;38.268;1073.058;0.0;0.0;7588;Hash Join;7;Outer;;0;14884;74418;12500;1.600043000349378e-05;4743.09;38478.24;116;0.0;0;0.114;169.482;33.511;33.512;7587;Nested Loop;6;Outer;;0;59546;14884;5;0.800134372480516;4743.52;56121.28;128;0.0;0;35.065;216.997;0.07;0.074;7600;Seq Scan;7;Outer;;223;10000;0;0;1.0;0.0;323.0;8;10000.0;0;7599;Hash;6;Inner;;0;10000;10000;0;1.0;323.0;323.0;8;0.0;0;0.084;1.789;0.0;0.0;7598;Index Scan;7;Inner;;112600;5;0;0;8.331646174982899e-07;0.43;1.14;20;6001215.0;0
Q5_135_seed_1099340154;7664;Aggregate;3;Outer;;0;25;2382;0;0.0104953820319059;57040.51;57070.59;136;0.0;0;1056.039;1056.254;1055.973;1056.009;0.0;0.0;7665;Sort;4;Outer;;0;2382;2382;0;1.0;57040.51;57046.46;116;0.0;0;38.727;1055.514;0.0;0.0;7668;Hash Join;7;Outer;;0;14884;74418;12500;1.600043000349378e-05;4743.09;38478.24;116;0.0;0;0.23;164.351;32.839;32.84;7667;Nested Loop;6;Outer;;0;59546;14884;5;0.800134372480516;4743.52;56121.28;128;0.0;0;33.117;210.019;0.068;0.071;7680;Seq Scan;7;Outer;;223;10000;0;0;1.0;0.0;323.0;8;10000.0;0;7679;Hash;6;Inner;;0;10000;10000;0;1.0;323.0;323.0;8;0.0;0;0.088;3.956;0.0;0.0;7678;Index Scan;7;Inner;;112600;5;0;0;8.331646174982899e-07;0.43;1.14;20;6001215.0;0
Q5_136_seed_1107544185;7684;Aggregate;3;Outer;;0;25;2350;0;0.0106382978723404;56916.25;56945.94;136;0.0;0;1060.469;1060.682;1060.404;1060.44;0.0;0.0;7685;Sort;4;Outer;;0;2350;2350;0;1.0;56916.25;56922.13;116;0.0;0;41.82;1059.932;0.0;0.0;7688;Hash Join;7;Outer;;0;14685;73423;12500;1.600043583073424e-05;4743.09;38473.68;116;0.0;0;0.425;168.35;34.216;34.218;7687;Nested Loop;6;Outer;;0;58750;14685;5;0.8001361933946204;4743.52;56003.24;128;0.0;0;35.274;215.928;0.069;0.073;7700;Seq Scan;7;Outer;;223;10000;0;0;1.0;0.0;323.0;8;10000.0;0;7699;Hash;6;Inner;;0;10000;10000;0;1.0;323.0;323.0;8;0.0;0;0.095;4.606;0.0;0.0;7698;Index Scan;7;Inner;;112600;5;0;0;8.331646174982899e-07;0.43;1.14;20;6001215.0;0
Q5_137_seed_1115748216;7704;Aggregate;3;Outer;;0;25;2382;0;0.0104953820319059;57040.51;57070.59;136;0.0;0;1057.976;1058.191;1057.91;1057.946;0.0;0.0;7705;Sort;4;Outer;;0;2382;2382;0;1.0;57040.51;57046.46;116;0.0;0;42.074;1057.47;0.0;0.0;7708;Hash Join;7;Outer;;0;14884;74418;12500;1.600043000349378e-05;4743.09;38478.24;116;0.0;0;0.205;167.813;35.427;35.428;7707;Nested Loop;6;Outer;;0;59546;14884;5;0.800134372480516;4743.52;56121.28;128;0.0;0;36.044;216.518;0.068;0.072;7720;Seq Scan;7;Outer;;223;10000;0;0;1.0;0.0;323.0;8;10000.0;0;7719;Hash;6;Inner;;0;10000;10000;0;1.0;323.0;323.0;8;0.0;0;0.15;3.945;0.0;0.0;7718;Index Scan;7;Inner;;112600;5;0;0;8.331646174982899e-07;0.43;1.14;20;6001215.0;0
Q5_138_seed_1123952247;7724;Aggregate;3;Outer;;0;25;2350;0;0.0106382978723404;56916.25;56945.94;136;0.0;0;1036.999;1037.232;1036.932;1036.967;0.0;0.0;7725;Sort;4;Outer;;0;2350;2350;0;1.0;56916.25;56922.13;116;0.0;0;38.896;1036.478;0.0;0.0;7728;Hash Join;7;Outer;;0;14685;73423;12500;1.600043583073424e-05;4743.09;38473.68;116;0.0;0;0.192;167.126;32.724;32.724;7727;Nested Loop;6;Outer;;0;58750;14685;5;0.8001361933946204;4743.52;56003.24;128;0.0;0;33.664;213.337;0.067;0.071;7740;Seq Scan;7;Outer;;223;10000;0;0;1.0;0.0;323.0;8;10000.0;0;7739;Hash;6;Inner;;0;10000;10000;0;1.0;323.0;323.0;8;0.0;0;0.084;3.665;0.0;0.0;7738;Index Scan;7;Inner;;112600;5;0;0;8.331646174982899e-07;0.43;1.14;20;6001215.0;0
Q5_139_seed_1132156278;7744;Aggregate;3;Outer;;0;25;2338;0;0.0106928999144568;56870.62;56900.16;136;0.0;0;1064.408;1064.652;1064.34;1064.377;0.0;0.0;7745;Sort;4;Outer;;0;2338;2338;0;1.0;56870.62;56876.47;116;0.0;0;43.273;1063.854;0.0;0.0;7748;Hash Join;7;Outer;;0;14612;73059;12500;1.6000219001081317e-05;4743.09;38472.01;116;0.0;0;0.087;169.267;36.998;36.999;7747;Nested Loop;6;Outer;;0;58459;14612;5;0.8001505611825896;4743.52;55959.89;128;0.0;0;38.953;220.817;0.069;0.072;7760;Seq Scan;7;Outer;;223;10000;0;0;1.0;0.0;323.0;8;10000.0;0;7759;Hash;6;Inner;;0;10000;10000;0;1.0;323.0;323.0;8;0.0;0;0.083;3.115;0.0;0.0;7758;Index Scan;7;Inner;;112600;5;0;0;8.331646174982899e-07;0.43;1.15;20;6001215.0;0
Q5_13_seed_98448372;7764;Aggregate;3;Outer;;0;25;2362;0;0.010584250635055;56960.16;56990.0;136;0.0;0;1039.926;1040.153;1039.867;1039.903;0.0;0.0;7765;Sort;4;Outer;;0;2362;2362;0;1.0;56960.16;56966.07;116;0.0;0;36.949;1039.4;0.0;0.0;7768;Hash Join;7;Outer;;0;14756;73782;12500;1.5999566289881002e-05;4743.09;38475.32;116;0.0;0;0.171;164.825;28.87;28.871;7767;Nested Loop;6;Outer;;0;59037;14756;5;0.8001761995120629;4743.52;56044.88;128;0.0;0;29.429;206.675;0.067;0.071;7780;Seq Scan;7;Outer;;223;10000;0;0;1.0;0.0;323.0;8;10000.0;0;7779;Hash;6;Inner;;0;10000;10000;0;1.0;323.0;323.0;8;0.0;0;0.109;5.168;0.0;0.0;7778;Index Scan;7;Inner;;112600;5;0;0;8.331646174982899e-07;0.43;1.14;20;6001215.0;0
Q5_142_seed_1156768371;7824;Aggregate;3;Outer;;0;25;2350;0;0.0106382978723404;56916.25;56945.94;136;0.0;0;1070.402;1070.65;1070.33;1070.366;0.0;0.0;7825;Sort;4;Outer;;0;2350;2350;0;1.0;56916.25;56922.13;116;0.0;0;43.666;1069.869;0.0;0.0;7828;Hash Join;7;Outer;;0;14685;73423;12500;1.600043583073424e-05;4743.09;38473.68;116;0.0;0;0.158;167.365;37.793;37.794;7827;Nested Loop;6;Outer;;0;58750;14685;5;0.8001361933946204;4743.52;56003.24;128;0.0;0;39.434;219.0;0.07;0.074;7840;Seq Scan;7;Outer;;223;10000;0;0;1.0;0.0;323.0;8;10000.0;0;7839;Hash;6;Inner;;0;10000;10000;0;1.0;323.0;323.0;8;0.0;0;0.082;2.889;0.0;0.0;7838;Index Scan;7;Inner;;112600;5;0;0;8.331646174982899e-07;0.43;1.14;20;6001215.0;0
Q5_143_seed_1164972402;7844;Aggregate;3;Outer;;0;25;2338;0;0.0106928999144568;56870.62;56900.16;136;0.0;0;1039.184;1039.411;1039.12;1039.158;0.0;0.0;7845;Sort;4;Outer;;0;2338;2338;0;1.0;56870.62;56876.47;116;0.0;0;44.984;1038.666;0.0;0.0;7848;Hash Join;7;Outer;;0;14612;73059;12500;1.6000219001081317e-05;4743.09;38472.01;116;0.0;0;0.425;165.266;37.222;37.223;7847;Nested Loop;6;Outer;;0;58459;14612;5;0.8001505611825896;4743.52;55959.89;128;0.0;0;37.928;215.281;0.067;0.071;7860;Seq Scan;7;Outer;;223;10000;0;0;1.0;0.0;323.0;8;10000.0;0;7859;Hash;6;Inner;;0;10000;10000;0;1.0;323.0;323.0;8;0.0;0;0.083;3.637;0.0;0.0;7858;Index Scan;7;Inner;;112600;5;0;0;8.331646174982899e-07;0.43;1.15;20;6001215.0;0
Q5_145_seed_1181380464;7884;Aggregate;3;Outer;;0;25;2338;0;0.0106928999144568;56870.62;56900.16;136;0.0;0;1074.89;1075.135;1074.814;1074.852;0.0;0.0;7885;Sort;4;Outer;;0;2338;2338;0;1.0;56870.62;56876.47;116;0.0;0;42.77;1074.316;0.0;0.0;7888;Hash Join;7;Outer;;0;14612;73059;12500;1.6000219001081317e-05;4743.09;38472.01;116;0.0;0;0.26;166.286;37.033;37.035;7887;Nested Loop;6;Outer;;0;58459;14612;5;0.8001505611825896;4743.52;55959.89;128;0.0;0;37.519;216.495;0.069;0.074;7900;Seq Scan;7;Outer;;223;10000;0;0;1.0;0.0;323.0;8;10000.0;0;7899;Hash;6;Inner;;0;10000;10000;0;1.0;323.0;323.0;8;0.0;0;0.151;2.758;0.0;0.0;7898;Index Scan;7;Inner;;112600;5;0;0;8.331646174982899e-07;0.43;1.15;20;6001215.0;0
Q5_146_seed_1189584495;7904;Aggregate;3;Outer;;0;25;2350;0;0.0106382978723404;56916.25;56945.94;136;0.0;0;1057.494;1057.706;1057.429;1057.464;0.0;0.0;7905;Sort;4;Outer;;0;2350;2350;0;1.0;56916.25;56922.13;116;0.0;0;40.752;1056.96;0.0;0.0;7908;Hash Join;7;Outer;;0;14685;73423;12500;1.600043583073424e-05;4743.09;38473.68;116;0.0;0;0.164;168.962;34.418;34.419;7907;Nested Loop;6;Outer;;0;58750;14685;5;0.8001361933946204;4743.52;56003.24;128;0.0;0;35.226;218.057;0.069;0.073;7920;Seq Scan;7;Outer;;223;10000;0;0;1.0;0.0;323.0;8;10000.0;0;7919;Hash;6;Inner;;0;10000;10000;0;1.0;323.0;323.0;8;0.0;0;0.141;3.329;0.0;0.0;7918;Index Scan;7;Inner;;112600;5;0;0;8.331646174982899e-07;0.43;1.14;20;6001215.0;0
Q5_14_seed_106652403;7984;Aggregate;3;Outer;;0;25;2344;0;0.0106655290102389;56891.62;56921.23;136;0.0;0;1063.766;1064.006;1063.698;1063.736;0.0;0.0;7985;Sort;4;Outer;;0;2344;2344;0;1.0;56891.62;56897.48;116;0.0;0;41.987;1063.23;0.0;0.0;7988;Hash Join;7;Outer;;0;14646;73231;12500;1.599978151329355e-05;4743.09;38472.8;116;0.0;0;0.245;168.002;36.108;36.11;7987;Nested Loop;6;Outer;;0;58597;14646;5;0.8001775228731394;4743.52;55979.78;128;0.0;0;36.699;216.962;0.07;0.073;8000;Seq Scan;7;Outer;;223;10000;0;0;1.0;0.0;323.0;8;10000.0;0;7999;Hash;6;Inner;;0;10000;10000;0;1.0;323.0;323.0;8;0.0;0;0.155;2.667;0.0;0.0;7998;Index Scan;7;Inner;;112600;5;0;0;8.331646174982899e-07;0.43;1.15;20;6001215.0;0
Q5_150_seed_1231235959;8004;Aggregate;3;Outer;;0;25;2350;0;0.0106382978723404;56916.25;56945.94;136;0.0;0;1054.852;1055.084;1054.786;1054.82;0.0;0.0;8005;Sort;4;Outer;;0;2350;2350;0;1.0;56916.25;56922.13;116;0.0;0;34.672;1054.324;0.0;0.0;8008;Hash Join;7;Outer;;0;14685;73423;12500;1.600043583073424e-05;4743.09;38473.68;116;0.0;0;0.205;164.819;30.279;30.28;8007;Nested Loop;6;Outer;;0;58750;14685;5;0.8001361933946204;4743.52;56003.24;128;0.0;0;30.579;208.217;0.069;0.073;8020;Seq Scan;7;Outer;;223;10000;0;0;1.0;0.0;323.0;8;10000.0;0;8019;Hash;6;Inner;;0;10000;10000;0;1.0;323.0;323.0;8;0.0;0;0.089;2.457;0.0;0.0;8018;Index Scan;7;Inner;;112600;5;0;0;8.331646174982899e-07;0.43;1.14;20;6001215.0;0
Q5_15_seed_114856434;8024;Aggregate;3;Outer;;0;25;2362;0;0.010584250635055;56960.16;56990.0;136;0.0;0;1082.968;1083.205;1082.902;1082.937;0.0;0.0;8025;Sort;4;Outer;;0;2362;2362;0;1.0;56960.16;56966.07;116;0.0;0;45.933;1082.449;0.0;0.0;8028;Hash Join;7;Outer;;0;14756;73782;12500;1.5999566289881002e-05;4743.09;38475.32;116;0.0;0;0.065;166.421;38.353;38.353;8027;Nested Loop;6;Outer;;0;59037;14756;5;0.8001761995120629;4743.52;56044.88;128;0.0;0;39.909;218.984;0.071;0.074;8040;Seq Scan;7;Outer;;223;10000;0;0;1.0;0.0;323.0;8;10000.0;0;8039;Hash;6;Inner;;0;10000;10000;0;1.0;323.0;323.0;8;0.0;0;0.073;2.908;0.0;0.0;8038;Index Scan;7;Inner;;112600;5;0;0;8.331646174982899e-07;0.43;1.14;20;6001215.0;0
Q5_18_seed_139468527;8084;Aggregate;3;Outer;;0;25;2344;0;0.0106655290102389;56891.62;56921.23;136;0.0;0;1060.336;1060.554;1060.263;1060.299;0.0;0.0;8085;Sort;4;Outer;;0;2344;2344;0;1.0;56891.62;56897.48;116;0.0;0;38.607;1059.771;0.0;0.0;8088;Hash Join;7;Outer;;0;14646;73231;12500;1.599978151329355e-05;4743.09;38472.8;116;0.0;0;0.092;175.681;32.995;32.995;8087;Nested Loop;6;Outer;;0;58597;14646;5;0.8001775228731394;4743.52;55979.78;128;0.0;0;33.993;222.193;0.069;0.073;8100;Seq Scan;7;Outer;;223;10000;0;0;1.0;0.0;323.0;8;10000.0;0;8099;Hash;6;Inner;;0;10000;10000;0;1.0;323.0;323.0;8;0.0;0;0.094;2.438;0.0;0.0;8098;Index Scan;7;Inner;;112600;5;0;0;8.331646174982899e-07;0.43;1.15;20;6001215.0;0
Q5_19_seed_147672558;8104;Aggregate;3;Outer;;0;25;2362;0;0.010584250635055;56960.16;56990.0;136;0.0;0;1046.812;1047.034;1046.742;1046.775;0.0;0.0;8105;Sort;4;Outer;;0;2362;2362;0;1.0;56960.16;56966.07;116;0.0;0;41.822;1046.247;0.0;0.0;8108;Hash Join;7;Outer;;0;14756;73782;12500;1.5999566289881002e-05;4743.09;38475.32;116;0.0;0;1.254;168.564;35.534;35.535;8107;Nested Loop;6;Outer;;0;59037;14756;5;0.8001761995120629;4743.52;56044.88;128;0.0;0;36.83;217.173;0.068;0.072;8120;Seq Scan;7;Outer;;223;10000;0;0;1.0;0.0;323.0;8;10000.0;0;8119;Hash;6;Inner;;0;10000;10000;0;1.0;323.0;323.0;8;0.0;0;0.069;2.539;0.0;0.0;8118;Index Scan;7;Inner;;112600;5;0;0;8.331646174982899e-07;0.43;1.14;20;6001215.0;0
Q5_1_seed_0101000000;8124;Aggregate;3;Outer;;0;25;2344;0;0.0106655290102389;56891.62;56921.23;136;0.0;0;1076.646;1076.87;1076.578;1076.615;0.0;0.0;8125;Sort;4;Outer;;0;2344;2344;0;1.0;56891.62;56897.48;116;0.0;0;44.621;1076.128;0.0;0.0;8128;Hash Join;7;Outer;;0;14646;73231;12500;1.599978151329355e-05;4743.09;38472.8;116;0.0;0;0.224;168.045;36.501;36.502;8127;Nested Loop;6;Outer;;0;58597;14646;5;0.8001775228731394;4743.52;55979.78;128;0.0;0;36.913;217.288;0.07;0.075;8140;Seq Scan;7;Outer;;223;10000;0;0;1.0;0.0;323.0;8;10000.0;0;8139;Hash;6;Inner;;0;10000;10000;0;1.0;323.0;323.0;8;0.0;0;0.09;5.367;0.0;0.0;8138;Index Scan;7;Inner;;112600;5;0;0;8.331646174982899e-07;0.43;1.15;20;6001215.0;0
Q5_20_seed_155876589;8144;Aggregate;3;Outer;;0;25;2344;0;0.0106655290102389;56891.62;56921.23;136;0.0;0;1063.48;1063.688;1063.412;1063.448;0.0;0.0;8145;Sort;4;Outer;;0;2344;2344;0;1.0;56891.62;56897.48;116;0.0;0;41.27;1062.966;0.0;0.0;8148;Hash Join;7;Outer;;0;14646;73231;12500;1.599978151329355e-05;4743.09;38472.8;116;0.0;0;0.294;171.093;35.03;35.031;8147;Nested Loop;6;Outer;;0;58597;14646;5;0.8001775228731394;4743.52;55979.78;128;0.0;0;36.376;219.59;0.069;0.073;8160;Seq Scan;7;Outer;;223;10000;0;0;1.0;0.0;323.0;8;10000.0;0;8159;Hash;6;Inner;;0;10000;10000;0;1.0;323.0;323.0;8;0.0;0;0.073;2.826;0.0;0.0;8158;Index Scan;7;Inner;;112600;5;0;0;8.331646174982899e-07;0.43;1.15;20;6001215.0;0
Q5_21_seed_164080620;8164;Aggregate;3;Outer;;0;25;2382;0;0.0104953820319059;57040.51;57070.59;136;0.0;0;1044.218;1044.445;1044.151;1044.184;0.0;0.0;8165;Sort;4;Outer;;0;2382;2382;0;1.0;57040.51;57046.46;116;0.0;0;42.334;1043.671;0.0;0.0;8168;Hash Join;7;Outer;;0;14884;74418;12500;1.600043000349378e-05;4743.09;38478.24;116;0.0;0;0.255;166.929;35.978;35.979;8167;Nested Loop;6;Outer;;0;59546;14884;5;0.800134372480516;4743.52;56121.28;128;0.0;0;36.745;216.275;0.068;0.071;8180;Seq Scan;7;Outer;;223;10000;0;0;1.0;0.0;323.0;8;10000.0;0;8179;Hash;6;Inner;;0;10000;10000;0;1.0;323.0;323.0;8;0.0;0;0.086;3.647;0.0;0.0;8178;Index Scan;7;Inner;;112600;5;0;0;8.331646174982899e-07;0.43;1.14;20;6001215.0;0
Q5_23_seed_180488682;8204;Aggregate;3;Outer;;0;25;2382;0;0.0104953820319059;57040.51;57070.59;136;0.0;0;1075.374;1075.617;1075.304;1075.349;0.0;0.0;8205;Sort;4;Outer;;0;2382;2382;0;1.0;57040.51;57046.46;116;0.0;0;36.46;1074.848;0.0;0.0;8208;Hash Join;7;Outer;;0;14884;74418;12500;1.600043000349378e-05;4743.09;38478.24;116;0.0;0;0.289;163.285;32.124;32.126;8207;Nested Loop;6;Outer;;0;59546;14884;5;0.800134372480516;4743.52;56121.28;128;0.0;0;32.503;208.152;0.071;0.075;8220;Seq Scan;7;Outer;;223;10000;0;0;1.0;0.0;323.0;8;10000.0;0;8219;Hash;6;Inner;;0;10000;10000;0;1.0;323.0;323.0;8;0.0;0;0.091;2.845;0.0;0.0;8218;Index Scan;7;Inner;;112600;5;0;0;8.331646174982899e-07;0.43;1.14;20;6001215.0;0
Q5_24_seed_188692713;8224;Aggregate;3;Outer;;0;25;2344;0;0.0106655290102389;56891.62;56921.23;136;0.0;0;1073.792;1074.017;1073.727;1073.762;0.0;0.0;8225;Sort;4;Outer;;0;2344;2344;0;1.0;56891.62;56897.48;116;0.0;0;43.126;1073.233;0.0;0.0;8228;Hash Join;7;Outer;;0;14646;73231;12500;1.599978151329355e-05;4743.09;38472.8;116;0.0;0;0.164;169.917;37.6;37.601;8227;Nested Loop;6;Outer;;0;58597;14646;5;0.8001775228731394;4743.52;55979.78;128;0.0;0;38.284;220.862;0.07;0.074;8240;Seq Scan;7;Outer;;223;10000;0;0;1.0;0.0;323.0;8;10000.0;0;8239;Hash;6;Inner;;0;10000;10000;0;1.0;323.0;323.0;8;0.0;0;0.086;2.44;0.0;0.0;8238;Index Scan;7;Inner;;112600;5;0;0;8.331646174982899e-07;0.43;1.15;20;6001215.0;0
Q5_25_seed_196896744;8244;Aggregate;3;Outer;;0;25;2382;0;0.0104953820319059;57040.51;57070.59;136;0.0;0;1067.101;1067.328;1067.034;1067.073;0.0;0.0;8245;Sort;4;Outer;;0;2382;2382;0;1.0;57040.51;57046.46;116;0.0;0;40.26;1066.572;0.0;0.0;8248;Hash Join;7;Outer;;0;14884;74418;12500;1.600043000349378e-05;4743.09;38478.24;116;0.0;0;0.184;166.589;33.795;33.796;8247;Nested Loop;6;Outer;;0;59546;14884;5;0.800134372480516;4743.52;56121.28;128;0.0;0;34.589;213.496;0.07;0.074;8260;Seq Scan;7;Outer;;223;10000;0;0;1.0;0.0;323.0;8;10000.0;0;8259;Hash;6;Inner;;0;10000;10000;0;1.0;323.0;323.0;8;0.0;0;0.081;4.684;0.0;0.0;8258;Index Scan;7;Inner;;112600;5;0;0;8.331646174982899e-07;0.43;1.14;20;6001215.0;0
Q5_26_seed_205100775;8264;Aggregate;3;Outer;;0;25;2344;0;0.0106655290102389;56891.62;56921.23;136;0.0;0;1053.972;1054.198;1053.908;1053.944;0.0;0.0;8265;Sort;4;Outer;;0;2344;2344;0;1.0;56891.62;56897.48;116;0.0;0;40.522;1053.454;0.0;0.0;8268;Hash Join;7;Outer;;0;14646;73231;12500;1.599978151329355e-05;4743.09;38472.8;116;0.0;0;0.227;165.515;32.125;32.126;8267;Nested Loop;6;Outer;;0;58597;14646;5;0.8001775228731394;4743.52;55979.78;128;0.0;0;32.401;210.267;0.069;0.073;8280;Seq Scan;7;Outer;;223;10000;0;0;1.0;0.0;323.0;8;10000.0;0;8279;Hash;6;Inner;;0;10000;10000;0;1.0;323.0;323.0;8;0.0;0;0.086;5.81;0.0;0.0;8278;Index Scan;7;Inner;;112600;5;0;0;8.331646174982899e-07;0.43;1.15;20;6001215.0;0
Q5_28_seed_221508837;8304;Aggregate;3;Outer;;0;25;2344;0;0.0106655290102389;56891.62;56921.23;136;0.0;0;1119.484;1119.705;1119.418;1119.454;0.0;0.0;8305;Sort;4;Outer;;0;2344;2344;0;1.0;56891.62;56897.48;116;0.0;0;44.191;1118.946;0.0;0.0;8308;Hash Join;7;Outer;;0;14646;73231;12500;1.599978151329355e-05;4743.09;38472.8;116;0.0;0;0.348;172.147;38.293;38.294;8307;Nested Loop;6;Outer;;0;58597;14646;5;0.8001775228731394;4743.52;55979.78;128;0.0;0;39.454;223.963;0.072;0.076;8320;Seq Scan;7;Outer;;223;10000;0;0;1.0;0.0;323.0;8;10000.0;0;8319;Hash;6;Inner;;0;10000;10000;0;1.0;323.0;323.0;8;0.0;0;0.105;2.795;0.0;0.0;8318;Index Scan;7;Inner;;112600;5;0;0;8.331646174982899e-07;0.43;1.15;20;6001215.0;0
Q5_29_seed_229712868;8324;Aggregate;3;Outer;;0;25;2382;0;0.0104953820319059;57040.51;57070.59;136;0.0;0;1069.868;1070.111;1069.797;1069.833;0.0;0.0;8325;Sort;4;Outer;;0;2382;2382;0;1.0;57040.51;57046.46;116;0.0;0;45.55;1069.303;0.0;0.0;8328;Hash Join;7;Outer;;0;14884;74418;12500;1.600043000349378e-05;4743.09;38478.24;116;0.0;0;0.065;166.902;38.033;38.035;8327;Nested Loop;6;Outer;;0;59546;14884;5;0.800134372480516;4743.52;56121.28;128;0.0;0;39.6;219.647;0.068;0.072;8340;Seq Scan;7;Outer;;223;10000;0;0;1.0;0.0;323.0;8;10000.0;0;8339;Hash;6;Inner;;0;10000;10000;0;1.0;323.0;323.0;8;0.0;0;0.076;3.444;0.0;0.0;8338;Index Scan;7;Inner;;112600;5;0;0;8.331646174982899e-07;0.43;1.14;20;6001215.0;0
Q5_2_seed_8204031;8344;Aggregate;3;Outer;;0;25;2338;0;0.0106928999144568;56870.62;56900.16;136;0.0;0;1074.996;1075.218;1074.932;1074.967;0.0;0.0;8345;Sort;4;Outer;;0;2338;2338;0;1.0;56870.62;56876.47;116;0.0;0;42.714;1074.491;0.0;0.0;8348;Hash Join;7;Outer;;0;14612;73059;12500;1.6000219001081317e-05;4743.09;38472.01;116;0.0;0;0.239;168.083;37.974;37.975;8347;Nested Loop;6;Outer;;0;58459;14612;5;0.8001505611825896;4743.52;55959.89;128;0.0;0;38.48;219.099;0.07;0.074;8360;Seq Scan;7;Outer;;223;10000;0;0;1.0;0.0;323.0;8;10000.0;0;8359;Hash;6;Inner;;0;10000;10000;0;1.0;323.0;323.0;8;0.0;0;0.094;1.912;0.0;0.0;8358;Index Scan;7;Inner;;112600;5;0;0;8.331646174982899e-07;0.43;1.15;20;6001215.0;0
Q5_30_seed_237916899;8364;Aggregate;3;Outer;;0;25;2344;0;0.0106655290102389;56891.62;56921.23;136;0.0;0;1088.716;1088.947;1088.648;1088.682;0.0;0.0;8365;Sort;4;Outer;;0;2344;2344;0;1.0;56891.62;56897.48;116;0.0;0;40.24;1088.205;0.0;0.0;8368;Hash Join;7;Outer;;0;14646;73231;12500;1.599978151329355e-05;4743.09;38472.8;116;0.0;0;0.194;169.524;32.208;32.209;8367;Nested Loop;6;Outer;;0;58597;14646;5;0.8001775228731394;4743.52;55979.78;128;0.0;0;33.162;215.491;0.07;0.074;8380;Seq Scan;7;Outer;;223;10000;0;0;1.0;0.0;323.0;8;10000.0;0;8379;Hash;6;Inner;;0;10000;10000;0;1.0;323.0;323.0;8;0.0;0;0.085;4.88;0.0;0.0;8378;Index Scan;7;Inner;;112600;5;0;0;8.331646174982899e-07;0.43;1.15;20;6001215.0;0
Q5_32_seed_254324961;8404;Aggregate;3;Outer;;0;25;2350;0;0.0106382978723404;56916.25;56945.94;136;0.0;0;1073.202;1073.435;1073.136;1073.172;0.0;0.0;8405;Sort;4;Outer;;0;2350;2350;0;1.0;56916.25;56922.13;116;0.0;0;45.911;1072.694;0.0;0.0;8408;Hash Join;7;Outer;;0;14685;73423;12500;1.600043583073424e-05;4743.09;38473.68;116;0.0;0;0.283;171.24;39.111;39.112;8407;Nested Loop;6;Outer;;0;58750;14685;5;0.8001361933946204;4743.52;56003.24;128;0.0;0;40.156;223.668;0.07;0.073;8420;Seq Scan;7;Outer;;223;10000;0;0;1.0;0.0;323.0;8;10000.0;0;8419;Hash;6;Inner;;0;10000;10000;0;1.0;323.0;323.0;8;0.0;0;0.083;3.935;0.0;0.0;8418;Index Scan;7;Inner;;112600;5;0;0;8.331646174982899e-07;0.43;1.14;20;6001215.0;0
Q5_33_seed_262528992;8424;Aggregate;3;Outer;;0;25;2382;0;0.0104953820319059;57040.51;57070.59;136;0.0;0;1074.614;1074.853;1074.543;1074.577;0.0;0.0;8425;Sort;4;Outer;;0;2382;2382;0;1.0;57040.51;57046.46;116;0.0;0;41.155;1074.069;0.0;0.0;8428;Hash Join;7;Outer;;0;14884;74418;12500;1.600043000349378e-05;4743.09;38478.24;116;0.0;0;0.34;169.528;35.236;35.237;8427;Nested Loop;6;Outer;;0;59546;14884;5;0.800134372480516;4743.52;56121.28;128;0.0;0;35.625;217.614;0.069;0.073;8440;Seq Scan;7;Outer;;223;10000;0;0;1.0;0.0;323.0;8;10000.0;0;8439;Hash;6;Inner;;0;10000;10000;0;1.0;323.0;323.0;8;0.0;0;0.085;3.466;0.0;0.0;8438;Index Scan;7;Inner;;112600;5;0;0;8.331646174982899e-07;0.43;1.14;20;6001215.0;0
Q5_34_seed_270733023;8444;Aggregate;3;Outer;;0;25;2350;0;0.0106382978723404;56916.25;56945.94;136;0.0;0;1054.202;1054.419;1054.138;1054.172;0.0;0.0;8445;Sort;4;Outer;;0;2350;2350;0;1.0;56916.25;56922.13;116;0.0;0;40.243;1053.704;0.0;0.0;8448;Hash Join;7;Outer;;0;14685;73423;12500;1.600043583073424e-05;4743.09;38473.68;116;0.0;0;0.051;168.208;34.737;34.738;8447;Nested Loop;6;Outer;;0;58750;14685;5;0.8001361933946204;4743.52;56003.24;128;0.0;0;36.681;217.514;0.068;0.072;8460;Seq Scan;7;Outer;;223;10000;0;0;1.0;0.0;323.0;8;10000.0;0;8459;Hash;6;Inner;;0;10000;10000;0;1.0;323.0;323.0;8;0.0;0;0.086;2.474;0.0;0.0;8458;Index Scan;7;Inner;;112600;5;0;0;8.331646174982899e-07;0.43;1.14;20;6001215.0;0
Q5_35_seed_278937054;8464;Aggregate;3;Outer;;0;25;2382;0;0.0104953820319059;57040.51;57070.59;136;0.0;0;1071.089;1071.331;1071.02;1071.055;0.0;0.0;8465;Sort;4;Outer;;0;2382;2382;0;1.0;57040.51;57046.46;116;0.0;0;44.042;1070.574;0.0;0.0;8468;Hash Join;7;Outer;;0;14884;74418;12500;1.600043000349378e-05;4743.09;38478.24;116;0.0;0;0.968;165.803;37.031;37.032;8467;Nested Loop;6;Outer;;0;59546;14884;5;0.800134372480516;4743.52;56121.28;128;0.0;0;38.404;216.72;0.07;0.074;8480;Seq Scan;7;Outer;;223;10000;0;0;1.0;0.0;323.0;8;10000.0;0;8479;Hash;6;Inner;;0;10000;10000;0;1.0;323.0;323.0;8;0.0;0;0.086;2.994;0.0;0.0;8478;Index Scan;7;Inner;;112600;5;0;0;8.331646174982899e-07;0.43;1.14;20;6001215.0;0
Q5_38_seed_303549147;8524;Aggregate;3;Outer;;0;25;2350;0;0.0106382978723404;56916.25;56945.94;136;0.0;0;1055.343;1055.569;1055.279;1055.314;0.0;0.0;8525;Sort;4;Outer;;0;2350;2350;0;1.0;56916.25;56922.13;116;0.0;0;41.707;1054.801;0.0;0.0;8528;Hash Join;7;Outer;;0;14685;73423;12500;1.600043583073424e-05;4743.09;38473.68;116;0.0;0;0.825;168.938;36.167;36.168;8527;Nested Loop;6;Outer;;0;58750;14685;5;0.8001361933946204;4743.52;56003.24;128;0.0;0;37.993;218.977;0.069;0.073;8540;Seq Scan;7;Outer;;223;10000;0;0;1.0;0.0;323.0;8;10000.0;0;8539;Hash;6;Inner;;0;10000;10000;0;1.0;323.0;323.0;8;0.0;0;0.087;2.237;0.0;0.0;8538;Index Scan;7;Inner;;112600;5;0;0;8.331646174982899e-07;0.43;1.14;20;6001215.0;0
Q5_39_seed_311753178;8544;Aggregate;3;Outer;;0;25;2382;0;0.0104953820319059;57040.51;57070.59;136;0.0;0;1057.854;1058.068;1057.789;1057.825;0.0;0.0;8545;Sort;4;Outer;;0;2382;2382;0;1.0;57040.51;57046.46;116;0.0;0;44.128;1057.33;0.0;0.0;8548;Hash Join;7;Outer;;0;14884;74418;12500;1.600043000349378e-05;4743.09;38478.24;116;0.0;0;0.266;165.2;39.318;39.319;8547;Nested Loop;6;Outer;;0;59546;14884;5;0.800134372480516;4743.52;56121.28;128;0.0;0;39.628;217.293;0.069;0.073;8560;Seq Scan;7;Outer;;223;10000;0;0;1.0;0.0;323.0;8;10000.0;0;8559;Hash;6;Inner;;0;10000;10000;0;1.0;323.0;323.0;8;0.0;0;0.085;3.216;0.0;0.0;8558;Index Scan;7;Inner;;112600;5;0;0;8.331646174982899e-07;0.43;1.14;20;6001215.0;0
Q5_40_seed_319957209;8584;Aggregate;3;Outer;;0;25;2350;0;0.0106382978723404;56916.25;56945.94;136;0.0;0;1111.21;1111.43;1111.143;1111.183;0.0;0.0;8585;Sort;4;Outer;;0;2350;2350;0;1.0;56916.25;56922.13;116;0.0;0;44.035;1110.669;0.0;0.0;8588;Hash Join;7;Outer;;0;14685;73423;12500;1.600043583073424e-05;4743.09;38473.68;116;0.0;0;0.562;173.401;39.328;39.329;8587;Nested Loop;6;Outer;;0;58750;14685;5;0.8001361933946204;4743.52;56003.24;128;0.0;0;40.713;226.417;0.073;0.077;8600;Seq Scan;7;Outer;;223;10000;0;0;1.0;0.0;323.0;8;10000.0;0;8599;Hash;6;Inner;;0;10000;10000;0;1.0;323.0;323.0;8;0.0;0;0.088;1.435;0.0;0.0;8598;Index Scan;7;Inner;;112600;5;0;0;8.331646174982899e-07;0.43;1.14;20;6001215.0;0
Q5_42_seed_336365271;8624;Aggregate;3;Outer;;0;25;2350;0;0.0106382978723404;56916.25;56945.94;136;0.0;0;1057.844;1058.067;1057.781;1057.817;0.0;0.0;8625;Sort;4;Outer;;0;2350;2350;0;1.0;56916.25;56922.13;116;0.0;0;42.275;1057.335;0.0;0.0;8628;Hash Join;7;Outer;;0;14685;73423;12500;1.600043583073424e-05;4743.09;38473.68;116;0.0;0;0.25;165.729;35.902;35.904;8627;Nested Loop;6;Outer;;0;58750;14685;5;0.8001361933946204;4743.52;56003.24;128;0.0;0;36.223;214.271;0.069;0.073;8640;Seq Scan;7;Outer;;223;10000;0;0;1.0;0.0;323.0;8;10000.0;0;8639;Hash;6;Inner;;0;10000;10000;0;1.0;323.0;323.0;8;0.0;0;0.084;3.816;0.0;0.0;8638;Index Scan;7;Inner;;112600;5;0;0;8.331646174982899e-07;0.43;1.14;20;6001215.0;0
Q5_43_seed_344569302;8644;Aggregate;3;Outer;;0;25;2338;0;0.0106928999144568;56870.62;56900.16;136;0.0;0;1083.462;1083.692;1083.399;1083.435;0.0;0.0;8645;Sort;4;Outer;;0;2338;2338;0;1.0;56870.62;56876.47;116;0.0;0;41.437;1082.965;0.0;0.0;8648;Hash Join;7;Outer;;0;14612;73059;12500;1.6000219001081317e-05;4743.09;38472.01;116;0.0;0;0.39;170.637;36.267;36.269;8647;Nested Loop;6;Outer;;0;58459;14612;5;0.8001505611825896;4743.52;55959.89;128;0.0;0;36.758;219.756;0.071;0.075;8660;Seq Scan;7;Outer;;223;10000;0;0;1.0;0.0;323.0;8;10000.0;0;8659;Hash;6;Inner;;0;10000;10000;0;1.0;323.0;323.0;8;0.0;0;0.083;2.892;0.0;0.0;8658;Index Scan;7;Inner;;112600;5;0;0;8.331646174982899e-07;0.43;1.15;20;6001215.0;0
Q5_45_seed_360977364;8684;Aggregate;3;Outer;;0;25;2338;0;0.0106928999144568;56870.62;56900.16;136;0.0;0;1072.532;1072.746;1072.47;1072.505;0.0;0.0;8685;Sort;4;Outer;;0;2338;2338;0;1.0;56870.62;56876.47;116;0.0;0;40.553;1072.005;0.0;0.0;8688;Hash Join;7;Outer;;0;14612;73059;12500;1.6000219001081317e-05;4743.09;38472.01;116;0.0;0;0.097;169.996;34.684;34.685;8687;Nested Loop;6;Outer;;0;58459;14612;5;0.8001505611825896;4743.52;55959.89;128;0.0;0;36.354;219.1;0.07;0.074;8700;Seq Scan;7;Outer;;223;10000;0;0;1.0;0.0;323.0;8;10000.0;0;8699;Hash;6;Inner;;0;10000;10000;0;1.0;323.0;323.0;8;0.0;0;0.094;2.248;0.0;0.0;8698;Index Scan;7;Inner;;112600;5;0;0;8.331646174982899e-07;0.43;1.15;20;6001215.0;0
Q5_46_seed_369181395;8704;Aggregate;3;Outer;;0;25;2350;0;0.0106382978723404;56916.25;56945.94;136;0.0;0;1062.912;1063.145;1062.842;1062.879;0.0;0.0;8705;Sort;4;Outer;;0;2350;2350;0;1.0;56916.25;56922.13;116;0.0;0;43.543;1062.38;0.0;0.0;8708;Hash Join;7;Outer;;0;14685;73423;12500;1.600043583073424e-05;4743.09;38473.68;116;0.0;0;0.254;170.088;37.214;37.215;8707;Nested Loop;6;Outer;;0;58750;14685;5;0.8001361933946204;4743.52;56003.24;128;0.0;0;37.521;219.993;0.07;0.074;8720;Seq Scan;7;Outer;;223;10000;0;0;1.0;0.0;323.0;8;10000.0;0;8719;Hash;6;Inner;;0;10000;10000;0;1.0;323.0;323.0;8;0.0;0;0.084;3.412;0.0;0.0;8718;Index Scan;7;Inner;;112600;5;0;0;8.331646174982899e-07;0.43;1.14;20;6001215.0;0
Q5_47_seed_377385426;8724;Aggregate;3;Outer;;0;25;2338;0;0.0106928999144568;56870.62;56900.16;136;0.0;0;1053.78;1054.015;1053.712;1053.746;0.0;0.0;8725;Sort;4;Outer;;0;2338;2338;0;1.0;56870.62;56876.47;116;0.0;0;40.134;1053.262;0.0;0.0;8728;Hash Join;7;Outer;;0;14612;73059;12500;1.6000219001081317e-05;4743.09;38472.01;116;0.0;0;0.15;164.091;33.283;33.284;8727;Nested Loop;6;Outer;;0;58459;14612;5;0.8001505611825896;4743.52;55959.89;128;0.0;0;34.36;210.923;0.069;0.073;8740;Seq Scan;7;Outer;;223;10000;0;0;1.0;0.0;323.0;8;10000.0;0;8739;Hash;6;Inner;;0;10000;10000;0;1.0;323.0;323.0;8;0.0;0;0.089;3.431;0.0;0.0;8738;Index Scan;7;Inner;;112600;5;0;0;8.331646174982899e-07;0.43;1.15;20;6001215.0;0
Q5_48_seed_385589457;8744;Aggregate;3;Outer;;0;25;2350;0;0.0106382978723404;56916.25;56945.94;136;0.0;0;1041.689;1041.921;1041.623;1041.659;0.0;0.0;8745;Sort;4;Outer;;0;2350;2350;0;1.0;56916.25;56922.13;116;0.0;0;37.92;1041.143;0.0;0.0;8748;Hash Join;7;Outer;;0;14685;73423;12500;1.600043583073424e-05;4743.09;38473.68;116;0.0;0;0.245;167.444;31.462;31.462;8747;Nested Loop;6;Outer;;0;58750;14685;5;0.8001361933946204;4743.52;56003.24;128;0.0;0;31.803;211.649;0.068;0.071;8760;Seq Scan;7;Outer;;223;10000;0;0;1.0;0.0;323.0;8;10000.0;0;8759;Hash;6;Inner;;0;10000;10000;0;1.0;323.0;323.0;8;0.0;0;0.086;4.471;0.0;0.0;8758;Index Scan;7;Inner;;112600;5;0;0;8.331646174982899e-07;0.43;1.14;20;6001215.0;0
Q5_49_seed_393793488;8764;Aggregate;3;Outer;;0;25;2338;0;0.0106928999144568;56870.62;56900.16;136;0.0;0;1053.839;1054.077;1053.771;1053.807;0.0;0.0;8765;Sort;4;Outer;;0;2338;2338;0;1.0;56870.62;56876.47;116;0.0;0;41.978;1053.295;0.0;0.0;8768;Hash Join;7;Outer;;0;14612;73059;12500;1.6000219001081317e-05;4743.09;38472.01;116;0.0;0;0.249;169.076;35.516;35.517;8767;Nested Loop;6;Outer;;0;58459;14612;5;0.8001505611825896;4743.52;55959.89;128;0.0;0;36.216;218.072;0.067;0.071;8780;Seq Scan;7;Outer;;223;10000;0;0;1.0;0.0;323.0;8;10000.0;0;8779;Hash;6;Inner;;0;10000;10000;0;1.0;323.0;323.0;8;0.0;0;0.073;3.142;0.0;0.0;8778;Index Scan;7;Inner;;112600;5;0;0;8.331646174982899e-07;0.43;1.15;20;6001215.0;0
Q5_50_seed_401997519;8804;Aggregate;3;Outer;;0;25;2350;0;0.0106382978723404;56916.25;56945.94;136;0.0;0;1065.584;1065.815;1065.519;1065.554;0.0;0.0;8805;Sort;4;Outer;;0;2350;2350;0;1.0;56916.25;56922.13;116;0.0;0;36.87;1065.063;0.0;0.0;8808;Hash Join;7;Outer;;0;14685;73423;12500;1.600043583073424e-05;4743.09;38473.68;116;0.0;0;0.201;169.966;32.416;32.417;8807;Nested Loop;6;Outer;;0;58750;14685;5;0.8001361933946204;4743.52;56003.24;128;0.0;0;32.998;215.604;0.069;0.073;8820;Seq Scan;7;Outer;;223;10000;0;0;1.0;0.0;323.0;8;10000.0;0;8819;Hash;6;Inner;;0;10000;10000;0;1.0;323.0;323.0;8;0.0;0;0.083;1.538;0.0;0.0;8818;Index Scan;7;Inner;;112600;5;0;0;8.331646174982899e-07;0.43;1.14;20;6001215.0;0
Q5_51_seed_410201550;8824;Aggregate;3;Outer;;0;25;2338;0;0.0106928999144568;56870.62;56900.16;136;0.0;0;1049.351;1049.571;1049.287;1049.323;0.0;0.0;8825;Sort;4;Outer;;0;2338;2338;0;1.0;56870.62;56876.47;116;0.0;0;38.959;1048.837;0.0;0.0;8828;Hash Join;7;Outer;;0;14612;73059;12500;1.6000219001081317e-05;4743.09;38472.01;116;0.0;0;0.189;164.839;31.851;31.852;8827;Nested Loop;6;Outer;;0;58459;14612;5;0.8001505611825896;4743.52;55959.89;128;0.0;0;32.542;209.797;0.068;0.071;8840;Seq Scan;7;Outer;;223;10000;0;0;1.0;0.0;323.0;8;10000.0;0;8839;Hash;6;Inner;;0;10000;10000;0;1.0;323.0;323.0;8;0.0;0;0.074;3.285;0.0;0.0;8838;Index Scan;7;Inner;;112600;5;0;0;8.331646174982899e-07;0.43;1.15;20;6001215.0;0
Q5_52_seed_418405581;8844;Aggregate;3;Outer;;0;25;2362;0;0.010584250635055;56960.16;56990.0;136;0.0;0;1081.695;1081.936;1081.63;1081.668;0.0;0.0;8845;Sort;4;Outer;;0;2362;2362;0;1.0;56960.16;56966.07;116;0.0;0;42.454;1081.182;0.0;0.0;8848;Hash Join;7;Outer;;0;14756;73782;12500;1.5999566289881002e-05;4743.09;38475.32;116;0.0;0;0.6;170.064;35.184;35.185;8847;Nested Loop;6;Outer;;0;59037;14756;5;0.8001761995120629;4743.52;56044.88;128;0.0;0;36.302;218.712;0.07;0.074;8860;Seq Scan;7;Outer;;223;10000;0;0;1.0;0.0;323.0;8;10000.0;0;8859;Hash;6;Inner;;0;10000;10000;0;1.0;323.0;323.0;8;0.0;0;0.093;3.971;0.0;0.0;8858;Index Scan;7;Inner;;112600;5;0;0;8.331646174982899e-07;0.43;1.14;20;6001215.0;0
Q5_54_seed_434813643;8884;Aggregate;3;Outer;;0;25;2362;0;0.010584250635055;56960.16;56990.0;136;0.0;0;1049.421;1049.653;1049.355;1049.394;0.0;0.0;8885;Sort;4;Outer;;0;2362;2362;0;1.0;56960.16;56966.07;116;0.0;0;39.939;1048.897;0.0;0.0;8888;Hash Join;7;Outer;;0;14756;73782;12500;1.5999566289881002e-05;4743.09;38475.32;116;0.0;0;0.209;166.945;34.869;34.87;8887;Nested Loop;6;Outer;;0;59037;14756;5;0.8001761995120629;4743.52;56044.88;128;0.0;0;35.146;214.622;0.067;0.071;8900;Seq Scan;7;Outer;;223;10000;0;0;1.0;0.0;323.0;8;10000.0;0;8899;Hash;6;Inner;;0;10000;10000;0;1.0;323.0;323.0;8;0.0;0;0.09;2.413;0.0;0.0;8898;Index Scan;7;Inner;;112600;5;0;0;8.331646174982899e-07;0.43;1.14;20;6001215.0;0
Q5_55_seed_443017674;8904;Aggregate;3;Outer;;0;25;2338;0;0.0106928999144568;56870.62;56900.16;136;0.0;0;1075.737;1075.964;1075.673;1075.708;0.0;0.0;8905;Sort;4;Outer;;0;2338;2338;0;1.0;56870.62;56876.47;116;0.0;0;41.242;1075.235;0.0;0.0;8908;Hash Join;7;Outer;;0;14612;73059;12500;1.6000219001081317e-05;4743.09;38472.01;116;0.0;0;0.235;167.001;34.566;34.567;8907;Nested Loop;6;Outer;;0;58459;14612;5;0.8001505611825896;4743.52;55959.89;128;0.0;0;34.844;214.336;0.07;0.074;8920;Seq Scan;7;Outer;;223;10000;0;0;1.0;0.0;323.0;8;10000.0;0;8919;Hash;6;Inner;;0;10000;10000;0;1.0;323.0;323.0;8;0.0;0;0.086;4.97;0.0;0.0;8918;Index Scan;7;Inner;;112600;5;0;0;8.331646174982899e-07;0.43;1.15;20;6001215.0;0
Q5_58_seed_467629767;8964;Aggregate;3;Outer;;0;25;2362;0;0.010584250635055;56960.16;56990.0;136;0.0;0;1076.187;1076.409;1076.124;1076.161;0.0;0.0;8965;Sort;4;Outer;;0;2362;2362;0;1.0;56960.16;56966.07;116;0.0;0;43.028;1075.643;0.0;0.0;8968;Hash Join;7;Outer;;0;14756;73782;12500;1.5999566289881002e-05;4743.09;38475.32;116;0.0;0;0.18;169.369;37.468;37.47;8967;Nested Loop;6;Outer;;0;59037;14756;5;0.8001761995120629;4743.52;56044.88;128;0.0;0;38.467;220.357;0.069;0.074;8980;Seq Scan;7;Outer;;223;10000;0;0;1.0;0.0;323.0;8;10000.0;0;8979;Hash;6;Inner;;0;10000;10000;0;1.0;323.0;323.0;8;0.0;0;0.085;2.607;0.0;0.0;8978;Index Scan;7;Inner;;112600;5;0;0;8.331646174982899e-07;0.43;1.14;20;6001215.0;0
Q5_61_seed_492241860;9044;Aggregate;3;Outer;;0;25;2344;0;0.0106655290102389;56891.62;56921.23;136;0.0;0;1043.681;1043.893;1043.613;1043.648;0.0;0.0;9045;Sort;4;Outer;;0;2344;2344;0;1.0;56891.62;56897.48;116;0.0;0;39.465;1043.139;0.0;0.0;9048;Hash Join;7;Outer;;0;14646;73231;12500;1.599978151329355e-05;4743.09;38472.8;116;0.0;0;0.157;172.461;33.501;33.502;9047;Nested Loop;6;Outer;;0;58597;14646;5;0.8001775228731394;4743.52;55979.78;128;0.0;0;34.123;219.785;0.068;0.072;9060;Seq Scan;7;Outer;;223;10000;0;0;1.0;0.0;323.0;8;10000.0;0;9059;Hash;6;Inner;;0;10000;10000;0;1.0;323.0;323.0;8;0.0;0;0.086;4.114;0.0;0.0;9058;Index Scan;7;Inner;;112600;5;0;0;8.331646174982899e-07;0.43;1.15;20;6001215.0;0
Q5_62_seed_500445891;9064;Aggregate;3;Outer;;0;25;2362;0;0.010584250635055;56960.16;56990.0;136;0.0;0;1057.273;1057.486;1057.207;1057.24;0.0;0.0;9065;Sort;4;Outer;;0;2362;2362;0;1.0;56960.16;56966.07;116;0.0;0;48.024;1056.767;0.0;0.0;9068;Hash Join;7;Outer;;0;14756;73782;12500;1.5999566289881002e-05;4743.09;38475.32;116;0.0;0;0.247;166.647;42.776;42.777;9067;Nested Loop;6;Outer;;0;59037;14756;5;0.8001761995120629;4743.52;56044.88;128;0.0;0;43.075;221.757;0.068;0.072;9080;Seq Scan;7;Outer;;223;10000;0;0;1.0;0.0;323.0;8;10000.0;0;9079;Hash;6;Inner;;0;10000;10000;0;1.0;323.0;323.0;8;0.0;0;0.083;3.269;0.0;0.0;9078;Index Scan;7;Inner;;112600;5;0;0;8.331646174982899e-07;0.43;1.14;20;6001215.0;0
Q5_63_seed_508649922;9084;Aggregate;3;Outer;;0;25;2344;0;0.0106655290102389;56891.62;56921.23;136;0.0;0;1074.038;1074.277;1073.962;1073.997;0.0;0.0;9085;Sort;4;Outer;;0;2344;2344;0;1.0;56891.62;56897.48;116;0.0;0;42.289;1073.518;0.0;0.0;9088;Hash Join;7;Outer;;0;14646;73231;12500;1.599978151329355e-05;4743.09;38472.8;116;0.0;0;0.245;171.35;36.425;36.426;9087;Nested Loop;6;Outer;;0;58597;14646;5;0.8001775228731394;4743.52;55979.78;128;0.0;0;37.933;221.722;0.07;0.074;9100;Seq Scan;7;Outer;;223;10000;0;0;1.0;0.0;323.0;8;10000.0;0;9099;Hash;6;Inner;;0;10000;10000;0;1.0;323.0;323.0;8;0.0;0;0.083;3.106;0.0;0.0;9098;Index Scan;7;Inner;;112600;5;0;0;8.331646174982899e-07;0.43;1.15;20;6001215.0;0
Q5_64_seed_516853953;9104;Aggregate;3;Outer;;0;25;2362;0;0.010584250635055;56960.16;56990.0;136;0.0;0;1046.923;1047.146;1046.859;1046.894;0.0;0.0;9105;Sort;4;Outer;;0;2362;2362;0;1.0;56960.16;56966.07;116;0.0;0;43.014;1046.232;0.0;0.0;9108;Hash Join;7;Outer;;0;14756;73782;12500;1.5999566289881002e-05;4743.09;38475.32;116;0.0;0;0.198;168.498;36.767;36.767;9107;Nested Loop;6;Outer;;0;59037;14756;5;0.8001761995120629;4743.52;56044.88;128;0.0;0;37.978;218.759;0.068;0.072;9120;Seq Scan;7;Outer;;223;10000;0;0;1.0;0.0;323.0;8;10000.0;0;9119;Hash;6;Inner;;0;10000;10000;0;1.0;323.0;323.0;8;0.0;0;0.085;3.076;0.0;0.0;9118;Index Scan;7;Inner;;112600;5;0;0;8.331646174982899e-07;0.43;1.14;20;6001215.0;0
Q5_66_seed_533262015;9144;Aggregate;3;Outer;;0;25;2362;0;0.010584250635055;56960.16;56990.0;136;0.0;0;1049.639;1049.871;1049.573;1049.608;0.0;0.0;9145;Sort;4;Outer;;0;2362;2362;0;1.0;56960.16;56966.07;116;0.0;0;35.766;1049.081;0.0;0.0;9148;Hash Join;7;Outer;;0;14756;73782;12500;1.5999566289881002e-05;4743.09;38475.32;116;0.0;0;0.219;169.081;31.009;31.01;9147;Nested Loop;6;Outer;;0;59037;14756;5;0.8001761995120629;4743.52;56044.88;128;0.0;0;31.384;212.723;0.069;0.073;9160;Seq Scan;7;Outer;;223;10000;0;0;1.0;0.0;323.0;8;10000.0;0;9159;Hash;6;Inner;;0;10000;10000;0;1.0;323.0;323.0;8;0.0;0;0.086;2.588;0.0;0.0;9158;Index Scan;7;Inner;;112600;5;0;0;8.331646174982899e-07;0.43;1.14;20;6001215.0;0
Q5_67_seed_541466046;9164;Aggregate;3;Outer;;0;25;2344;0;0.0106655290102389;56891.62;56921.23;136;0.0;0;1028.628;1028.856;1028.561;1028.596;0.0;0.0;9165;Sort;4;Outer;;0;2344;2344;0;1.0;56891.62;56897.48;116;0.0;0;38.01;1028.08;0.0;0.0;9168;Hash Join;7;Outer;;0;14646;73231;12500;1.599978151329355e-05;4743.09;38472.8;116;0.0;0;0.202;161.897;31.864;31.865;9167;Nested Loop;6;Outer;;0;58597;14646;5;0.8001775228731394;4743.52;55979.78;128;0.0;0;32.135;206.075;0.068;0.072;9180;Seq Scan;7;Outer;;223;10000;0;0;1.0;0.0;323.0;8;10000.0;0;9179;Hash;6;Inner;;0;10000;10000;0;1.0;323.0;323.0;8;0.0;0;0.114;2.998;0.0;0.0;9178;Index Scan;7;Inner;;112600;5;0;0;8.331646174982899e-07;0.43;1.15;20;6001215.0;0
Q5_6_seed_41020155;9224;Aggregate;3;Outer;;0;25;2338;0;0.0106928999144568;56870.62;56900.16;136;0.0;0;1056.074;1056.301;1056.008;1056.042;0.0;0.0;9225;Sort;4;Outer;;0;2338;2338;0;1.0;56870.62;56876.47;116;0.0;0;41.864;1055.488;0.0;0.0;9228;Hash Join;7;Outer;;0;14612;73059;12500;1.6000219001081317e-05;4743.09;38472.01;116;0.0;0;0.234;169.736;35.172;35.173;9227;Nested Loop;6;Outer;;0;58459;14612;5;0.8001505611825896;4743.52;55959.89;128;0.0;0;35.491;217.948;0.067;0.071;9240;Seq Scan;7;Outer;;223;10000;0;0;1.0;0.0;323.0;8;10000.0;0;9239;Hash;6;Inner;;0;10000;10000;0;1.0;323.0;323.0;8;0.0;0;0.141;3.989;0.0;0.0;9238;Index Scan;7;Inner;;112600;5;0;0;8.331646174982899e-07;0.43;1.15;20;6001215.0;0
Q5_71_seed_574282170;9264;Aggregate;3;Outer;;0;25;2344;0;0.0106655290102389;56891.62;56921.23;136;0.0;0;1058.733;1058.954;1058.67;1058.704;0.0;0.0;9265;Sort;4;Outer;;0;2344;2344;0;1.0;56891.62;56897.48;116;0.0;0;40.324;1058.192;0.0;0.0;9268;Hash Join;7;Outer;;0;14646;73231;12500;1.599978151329355e-05;4743.09;38472.8;116;0.0;0;0.284;166.201;36.22;36.222;9267;Nested Loop;6;Outer;;0;58597;14646;5;0.8001775228731394;4743.52;55979.78;128;0.0;0;36.602;215.282;0.068;0.072;9280;Seq Scan;7;Outer;;223;10000;0;0;1.0;0.0;323.0;8;10000.0;0;9279;Hash;6;Inner;;0;10000;10000;0;1.0;323.0;323.0;8;0.0;0;0.087;2.471;0.0;0.0;9278;Index Scan;7;Inner;;112600;5;0;0;8.331646174982899e-07;0.43;1.15;20;6001215.0;0
Q5_72_seed_582486201;9284;Aggregate;3;Outer;;0;25;2382;0;0.0104953820319059;57040.51;57070.59;136;0.0;0;1087.647;1087.87;1087.58;1087.618;0.0;0.0;9285;Sort;4;Outer;;0;2382;2382;0;1.0;57040.51;57046.46;116;0.0;0;44.79;1087.108;0.0;0.0;9288;Hash Join;7;Outer;;0;14884;74418;12500;1.600043000349378e-05;4743.09;38478.24;116;0.0;0;0.326;166.356;38.213;38.217;9287;Nested Loop;6;Outer;;0;59546;14884;5;0.800134372480516;4743.52;56121.28;128;0.0;0;38.818;217.86;0.07;0.073;9300;Seq Scan;7;Outer;;223;10000;0;0;1.0;0.0;323.0;8;10000.0;0;9299;Hash;6;Inner;;0;10000;10000;0;1.0;323.0;323.0;8;0.0;0;0.085;4.384;0.0;0.0;9298;Index Scan;7;Inner;;112600;5;0;0;8.331646174982899e-07;0.43;1.14;20;6001215.0;0
Q5_73_seed_590690232;9304;Aggregate;3;Outer;;0;25;2344;0;0.0106655290102389;56891.62;56921.23;136;0.0;0;1071.394;1071.613;1071.33;1071.366;0.0;0.0;9305;Sort;4;Outer;;0;2344;2344;0;1.0;56891.62;56897.48;116;0.0;0;40.033;1070.869;0.0;0.0;9308;Hash Join;7;Outer;;0;14646;73231;12500;1.599978151329355e-05;4743.09;38472.8;116;0.0;0;0.206;163.115;34.575;34.576;9307;Nested Loop;6;Outer;;0;58597;14646;5;0.8001775228731394;4743.52;55979.78;128;0.0;0;34.837;210.702;0.07;0.073;9320;Seq Scan;7;Outer;;223;10000;0;0;1.0;0.0;323.0;8;10000.0;0;9319;Hash;6;Inner;;0;10000;10000;0;1.0;323.0;323.0;8;0.0;0;0.084;3.082;0.0;0.0;9318;Index Scan;7;Inner;;112600;5;0;0;8.331646174982899e-07;0.43;1.15;20;6001215.0;0
Q5_76_seed_615302325;9364;Aggregate;3;Outer;;0;25;2382;0;0.0104953820319059;57040.51;57070.59;136;0.0;0;1053.271;1053.486;1053.202;1053.237;0.0;0.0;9365;Sort;4;Outer;;0;2382;2382;0;1.0;57040.51;57046.46;116;0.0;0;35.156;1052.433;0.0;0.0;9368;Hash Join;7;Outer;;0;14884;74418;12500;1.600043000349378e-05;4743.09;38478.24;116;0.0;0;0.158;169.229;30.101;30.102;9367;Nested Loop;6;Outer;;0;59546;14884;5;0.800134372480516;4743.52;56121.28;128;0.0;0;31.448;213.331;0.068;0.072;9380;Seq Scan;7;Outer;;223;10000;0;0;1.0;0.0;323.0;8;10000.0;0;9379;Hash;6;Inner;;0;10000;10000;0;1.0;323.0;323.0;8;0.0;0;0.086;1.988;0.0;0.0;9378;Index Scan;7;Inner;;112600;5;0;0;8.331646174982899e-07;0.43;1.14;20;6001215.0;0
Q5_77_seed_623506356;9384;Aggregate;3;Outer;;0;25;2344;0;0.0106655290102389;56891.62;56921.23;136;0.0;0;1093.182;1093.42;1093.112;1093.149;0.0;0.0;9385;Sort;4;Outer;;0;2344;2344;0;1.0;56891.62;56897.48;116;0.0;0;48.224;1092.646;0.0;0.0;9388;Hash Join;7;Outer;;0;14646;73231;12500;1.599978151329355e-05;4743.09;38472.8;116;0.0;0;0.174;173.48;41.528;41.529;9387;Nested Loop;6;Outer;;0;58597;14646;5;0.8001775228731394;4743.52;55979.78;128;0.0;0;42.322;228.186;0.071;0.075;9400;Seq Scan;7;Outer;;223;10000;0;0;1.0;0.0;323.0;8;10000.0;0;9399;Hash;6;Inner;;0;10000;10000;0;1.0;323.0;323.0;8;0.0;0;0.08;3.413;0.0;0.0;9398;Index Scan;7;Inner;;112600;5;0;0;8.331646174982899e-07;0.43;1.15;20;6001215.0;0
Q5_78_seed_631710387;9404;Aggregate;3;Outer;;0;25;2382;0;0.0104953820319059;57040.51;57070.59;136;0.0;0;1047.126;1047.349;1047.065;1047.101;0.0;0.0;9405;Sort;4;Outer;;0;2382;2382;0;1.0;57040.51;57046.46;116;0.0;0;41.097;1046.621;0.0;0.0;9408;Hash Join;7;Outer;;0;14884;74418;12500;1.600043000349378e-05;4743.09;38478.24;116;0.0;0;0.193;165.329;34.888;34.889;9407;Nested Loop;6;Outer;;0;59546;14884;5;0.800134372480516;4743.52;56121.28;128;0.0;0;35.87;213.583;0.068;0.072;9420;Seq Scan;7;Outer;;223;10000;0;0;1.0;0.0;323.0;8;10000.0;0;9419;Hash;6;Inner;;0;10000;10000;0;1.0;323.0;323.0;8;0.0;0;0.086;2.554;0.0;0.0;9418;Index Scan;7;Inner;;112600;5;0;0;8.331646174982899e-07;0.43;1.14;20;6001215.0;0
Q5_7_seed_49224186;9444;Aggregate;3;Outer;;0;25;2362;0;0.010584250635055;56960.16;56990.0;136;0.0;0;1074.171;1074.386;1074.107;1074.143;0.0;0.0;9445;Sort;4;Outer;;0;2362;2362;0;1.0;56960.16;56966.07;116;0.0;0;41.865;1073.666;0.0;0.0;9448;Hash Join;7;Outer;;0;14756;73782;12500;1.5999566289881002e-05;4743.09;38475.32;116;0.0;0;0.237;166.056;36.077;36.078;9447;Nested Loop;6;Outer;;0;59037;14756;5;0.8001761995120629;4743.52;56044.88;128;0.0;0;36.426;214.983;0.069;0.074;9460;Seq Scan;7;Outer;;223;10000;0;0;1.0;0.0;323.0;8;10000.0;0;9459;Hash;6;Inner;;0;10000;10000;0;1.0;323.0;323.0;8;0.0;0;0.157;3.391;0.0;0.0;9458;Index Scan;7;Inner;;112600;5;0;0;8.331646174982899e-07;0.43;1.14;20;6001215.0;0
Q5_80_seed_648118449;9464;Aggregate;3;Outer;;0;25;2382;0;0.0104953820319059;57040.51;57070.59;136;0.0;0;1076.549;1076.768;1076.486;1076.523;0.0;0.0;9465;Sort;4;Outer;;0;2382;2382;0;1.0;57040.51;57046.46;116;0.0;0;37.277;1076.012;0.0;0.0;9468;Hash Join;7;Outer;;0;14884;74418;12500;1.600043000349378e-05;4743.09;38478.24;116;0.0;0;0.262;162.597;32.244;32.245;9467;Nested Loop;6;Outer;;0;59546;14884;5;0.800134372480516;4743.52;56121.28;128;0.0;0;33.21;207.927;0.071;0.075;9480;Seq Scan;7;Outer;;223;10000;0;0;1.0;0.0;323.0;8;10000.0;0;9479;Hash;6;Inner;;0;10000;10000;0;1.0;323.0;323.0;8;0.0;0;0.084;2.103;0.0;0.0;9478;Index Scan;7;Inner;;112600;5;0;0;8.331646174982899e-07;0.43;1.14;20;6001215.0;0
Q5_82_seed_664526511;9504;Aggregate;3;Outer;;0;25;2382;0;0.0104953820319059;57040.51;57070.59;136;0.0;0;1075.889;1076.102;1075.82;1075.856;0.0;0.0;9505;Sort;4;Outer;;0;2382;2382;0;1.0;57040.51;57046.46;116;0.0;0;39.326;1075.361;0.0;0.0;9508;Hash Join;7;Outer;;0;14884;74418;12500;1.600043000349378e-05;4743.09;38478.24;116;0.0;0;0.291;168.767;34.287;34.288;9507;Nested Loop;6;Outer;;0;59546;14884;5;0.800134372480516;4743.52;56121.28;128;0.0;0;34.87;216.015;0.071;0.074;9520;Seq Scan;7;Outer;;223;10000;0;0;1.0;0.0;323.0;8;10000.0;0;9519;Hash;6;Inner;;0;10000;10000;0;1.0;323.0;323.0;8;0.0;0;0.085;2.848;0.0;0.0;9518;Index Scan;7;Inner;;112600;5;0;0;8.331646174982899e-07;0.43;1.14;20;6001215.0;0
Q5_84_seed_680934573;9544;Aggregate;3;Outer;;0;25;2382;0;0.0104953820319059;57040.51;57070.59;136;0.0;0;1058.96;1059.156;1058.899;1058.933;0.0;0.0;9545;Sort;4;Outer;;0;2382;2382;0;1.0;57040.51;57046.46;116;0.0;0;42.978;1058.464;0.0;0.0;9548;Hash Join;7;Outer;;0;14884;74418;12500;1.600043000349378e-05;4743.09;38478.24;116;0.0;0;0.231;167.333;37.954;37.955;9547;Nested Loop;6;Outer;;0;59546;14884;5;0.800134372480516;4743.52;56121.28;128;0.0;0;38.234;218.188;0.069;0.073;9560;Seq Scan;7;Outer;;223;10000;0;0;1.0;0.0;323.0;8;10000.0;0;9559;Hash;6;Inner;;0;10000;10000;0;1.0;323.0;323.0;8;0.0;0;0.083;3.368;0.0;0.0;9558;Index Scan;7;Inner;;112600;5;0;0;8.331646174982899e-07;0.43;1.14;20;6001215.0;0
Q5_88_seed_713750697;9624;Aggregate;3;Outer;;0;25;2382;0;0.0104953820319059;57040.51;57070.59;136;0.0;0;1049.978;1050.202;1049.399;1049.436;0.0;0.0;9625;Sort;4;Outer;;0;2382;2382;0;1.0;57040.51;57046.46;116;0.0;0;38.711;1048.921;0.0;0.0;9628;Hash Join;7;Outer;;0;14884;74418;12500;1.600043000349378e-05;4743.09;38478.24;116;0.0;0;0.235;164.285;34.84;34.842;9627;Nested Loop;6;Outer;;0;59546;14884;5;0.800134372480516;4743.52;56121.28;128;0.0;0;35.13;211.692;0.069;0.073;9640;Seq Scan;7;Outer;;223;10000;0;0;1.0;0.0;323.0;8;10000.0;0;9639;Hash;6;Inner;;0;10000;10000;0;1.0;323.0;323.0;8;0.0;0;0.084;2.43;0.0;0.0;9638;Index Scan;7;Inner;;112600;5;0;0;8.331646174982899e-07;0.43;1.14;20;6001215.0;0
Q5_89_seed_721954728;9644;Aggregate;3;Outer;;0;25;2350;0;0.0106382978723404;56916.25;56945.94;136;0.0;0;1051.503;1051.742;1051.429;1051.464;0.0;0.0;9645;Sort;4;Outer;;0;2350;2350;0;1.0;56916.25;56922.13;116;0.0;0;36.689;1050.959;0.0;0.0;9648;Hash Join;7;Outer;;0;14685;73423;12500;1.600043583073424e-05;4743.09;38473.68;116;0.0;0;0.225;164.212;31.82;31.821;9647;Nested Loop;6;Outer;;0;58750;14685;5;0.8001361933946204;4743.52;56003.24;128;0.0;0;32.093;208.644;0.07;0.074;9660;Seq Scan;7;Outer;;223;10000;0;0;1.0;0.0;323.0;8;10000.0;0;9659;Hash;6;Inner;;0;10000;10000;0;1.0;323.0;323.0;8;0.0;0;0.081;2.103;0.0;0.0;9658;Index Scan;7;Inner;;112600;5;0;0;8.331646174982899e-07;0.43;1.14;20;6001215.0;0
Q5_90_seed_730158759;9684;Aggregate;3;Outer;;0;25;2338;0;0.0106928999144568;56870.62;56900.16;136;0.0;0;1064.279;1064.515;1064.215;1064.254;0.0;0.0;9685;Sort;4;Outer;;0;2338;2338;0;1.0;56870.62;56876.47;116;0.0;0;41.624;1063.745;0.0;0.0;9688;Hash Join;7;Outer;;0;14612;73059;12500;1.6000219001081317e-05;4743.09;38472.01;116;0.0;0;0.259;169.896;33.504;33.505;9687;Nested Loop;6;Outer;;0;58459;14612;5;0.8001505611825896;4743.52;55959.89;128;0.0;0;34.217;216.577;0.068;0.072;9700;Seq Scan;7;Outer;;223;10000;0;0;1.0;0.0;323.0;8;10000.0;0;9699;Hash;6;Inner;;0;10000;10000;0;1.0;323.0;323.0;8;0.0;0;0.085;4.954;0.0;0.0;9698;Index Scan;7;Inner;;112600;5;0;0;8.331646174982899e-07;0.43;1.15;20;6001215.0;0
Q5_92_seed_746566821;9724;Aggregate;3;Outer;;0;25;2338;0;0.0106928999144568;56870.62;56900.16;136;0.0;0;1050.474;1050.715;1050.405;1050.446;0.0;0.0;9725;Sort;4;Outer;;0;2338;2338;0;1.0;56870.62;56876.47;116;0.0;0;41.793;1049.931;0.0;0.0;9728;Hash Join;7;Outer;;0;14612;73059;12500;1.6000219001081317e-05;4743.09;38472.01;116;0.0;0;0.071;168.39;33.424;33.425;9727;Nested Loop;6;Outer;;0;58459;14612;5;0.8001505611825896;4743.52;55959.89;128;0.0;0;35.947;217.041;0.067;0.071;9740;Seq Scan;7;Outer;;223;10000;0;0;1.0;0.0;323.0;8;10000.0;0;9739;Hash;6;Inner;;0;10000;10000;0;1.0;323.0;323.0;8;0.0;0;0.08;2.221;0.0;0.0;9738;Index Scan;7;Inner;;112600;5;0;0;8.331646174982899e-07;0.43;1.15;20;6001215.0;0
Q5_93_seed_754770852;9744;Aggregate;3;Outer;;0;25;2350;0;0.0106382978723404;56916.25;56945.94;136;0.0;0;1093.66;1093.878;1093.598;1093.634;0.0;0.0;9745;Sort;4;Outer;;0;2350;2350;0;1.0;56916.25;56922.13;116;0.0;0;41.241;1093.156;0.0;0.0;9748;Hash Join;7;Outer;;0;14685;73423;12500;1.600043583073424e-05;4743.09;38473.68;116;0.0;0;0.258;167.743;35.021;35.022;9747;Nested Loop;6;Outer;;0;58750;14685;5;0.8001361933946204;4743.52;56003.24;128;0.0;0;35.404;215.504;0.072;0.075;9760;Seq Scan;7;Outer;;223;10000;0;0;1.0;0.0;323.0;8;10000.0;0;9759;Hash;6;Inner;;0;10000;10000;0;1.0;323.0;323.0;8;0.0;0;0.096;3.688;0.0;0.0;9758;Index Scan;7;Inner;;112600;5;0;0;8.331646174982899e-07;0.43;1.14;20;6001215.0;0
Q5_94_seed_762974883;9764;Aggregate;3;Outer;;0;25;2338;0;0.0106928999144568;56870.62;56900.16;136;0.0;0;1067.069;1067.289;1067.005;1067.041;0.0;0.0;9765;Sort;4;Outer;;0;2338;2338;0;1.0;56870.62;56876.47;116;0.0;0;38.416;1066.545;0.0;0.0;9768;Hash Join;7;Outer;;0;14612;73059;12500;1.6000219001081317e-05;4743.09;38472.01;116;0.0;0;0.114;169.373;33.465;33.466;9767;Nested Loop;6;Outer;;0;58459;14612;5;0.8001505611825896;4743.52;55959.89;128;0.0;0;34.37;216.381;0.069;0.073;9780;Seq Scan;7;Outer;;223;10000;0;0;1.0;0.0;323.0;8;10000.0;0;9779;Hash;6;Inner;;0;10000;10000;0;1.0;323.0;323.0;8;0.0;0;0.084;1.358;0.0;0.0;9778;Index Scan;7;Inner;;112600;5;0;0;8.331646174982899e-07;0.43;1.15;20;6001215.0;0
Q5_95_seed_771178914;9784;Aggregate;3;Outer;;0;25;2350;0;0.0106382978723404;56916.25;56945.94;136;0.0;0;1082.014;1082.238;1081.947;1081.983;0.0;0.0;9785;Sort;4;Outer;;0;2350;2350;0;1.0;56916.25;56922.13;116;0.0;0;41.655;1081.509;0.0;0.0;9788;Hash Join;7;Outer;;0;14685;73423;12500;1.600043583073424e-05;4743.09;38473.68;116;0.0;0;0.611;172.264;35.717;35.718;9787;Nested Loop;6;Outer;;0;58750;14685;5;0.8001361933946204;4743.52;56003.24;128;0.0;0;36.799;221.311;0.07;0.074;9800;Seq Scan;7;Outer;;223;10000;0;0;1.0;0.0;323.0;8;10000.0;0;9799;Hash;6;Inner;;0;10000;10000;0;1.0;323.0;323.0;8;0.0;0;0.084;2.922;0.0;0.0;9798;Index Scan;7;Inner;;112600;5;0;0;8.331646174982899e-07;0.43;1.14;20;6001215.0;0
Q5_96_seed_779382945;9804;Aggregate;3;Outer;;0;25;2338;0;0.0106928999144568;56870.62;56900.16;136;0.0;0;1083.347;1083.569;1083.284;1083.318;0.0;0.0;9805;Sort;4;Outer;;0;2338;2338;0;1.0;56870.62;56876.47;116;0.0;0;45.45;1082.827;0.0;0.0;9808;Hash Join;7;Outer;;0;14612;73059;12500;1.6000219001081317e-05;4743.09;38472.01;116;0.0;0;0.063;170.173;38.359;38.36;9807;Nested Loop;6;Outer;;0;58459;14612;5;0.8001505611825896;4743.52;55959.89;128;0.0;0;40.586;223.582;0.07;0.074;9820;Seq Scan;7;Outer;;223;10000;0;0;1.0;0.0;323.0;8;10000.0;0;9819;Hash;6;Inner;;0;10000;10000;0;1.0;323.0;323.0;8;0.0;0;0.09;1.93;0.0;0.0;9818;Index Scan;7;Inner;;112600;5;0;0;8.331646174982899e-07;0.43;1.15;20;6001215.0;0
Q5_98_seed_795791007;9844;Aggregate;3;Outer;;0;25;2338;0;0.0106928999144568;56870.62;56900.16;136;0.0;0;1059.305;1059.539;1059.236;1059.277;0.0;0.0;9845;Sort;4;Outer;;0;2338;2338;0;1.0;56870.62;56876.47;116;0.0;0;41.158;1058.773;0.0;0.0;9848;Hash Join;7;Outer;;0;14612;73059;12500;1.6000219001081317e-05;4743.09;38472.01;116;0.0;0;0.202;167.601;34.527;34.529;9847;Nested Loop;6;Outer;;0;58459;14612;5;0.8001505611825896;4743.52;55959.89;128;0.0;0;35.478;215.611;0.069;0.073;9860;Seq Scan;7;Outer;;223;10000;0;0;1.0;0.0;323.0;8;10000.0;0;9859;Hash;6;Inner;;0;10000;10000;0;1.0;323.0;323.0;8;0.0;0;0.089;2.972;0.0;0.0;9858;Index Scan;7;Inner;;112600;5;0;0;8.331646174982899e-07;0.43;1.15;20;6001215.0;0
