query_file;Hash_node_id;Hash_node_type;Hash_depth;Hash_parent_relationship;Hash_subplan_name;Hash_np;Hash_nt;Hash_nt1;Hash_nt2;Hash_sel;Hash_startup_cost;Hash_total_cost;Hash_plan_width;Hash_reltuples;Hash_parallel_workers;actual_startup_time;actual_total_time;Hash_st1;Hash_rt1;Hash_st2;Hash_rt2;HashJoin_Outer_node_id;HashJoin_Outer_node_type;HashJoin_Outer_depth;HashJoin_Outer_parent_relationship;HashJoin_Outer_subplan_name;HashJoin_Outer_np;HashJoin_Outer_nt;HashJoin_Outer_nt1;HashJoin_Outer_nt2;HashJoin_Outer_sel;HashJoin_Outer_startup_cost;HashJoin_Outer_total_cost;HashJoin_Outer_plan_width;HashJoin_Outer_reltuples;HashJoin_Outer_parallel_workers;HashJoin_Outer_st1;HashJoin_Outer_rt1;HashJoin_Outer_st2;HashJoin_Outer_rt2;SeqScan_Outer_node_id;SeqScan_Outer_node_type;SeqScan_Outer_depth;SeqScan_Outer_parent_relationship;SeqScan_Outer_subplan_name;SeqScan_Outer_np;SeqScan_Outer_nt;SeqScan_Outer_nt1;SeqScan_Outer_nt2;SeqScan_Outer_sel;SeqScan_Outer_startup_cost;SeqScan_Outer_total_cost;SeqScan_Outer_plan_width;SeqScan_Outer_reltuples;SeqScan_Outer_parallel_workers;SeqScan_Outer_st1;SeqScan_Outer_rt1;SeqScan_Outer_st2;SeqScan_Outer_rt2;Hash_Inner_node_id;Hash_Inner_node_type;Hash_Inner_depth;Hash_Inner_parent_relationship;Hash_Inner_subplan_name;Hash_Inner_np;Hash_Inner_nt;Hash_Inner_nt1;Hash_Inner_nt2;Hash_Inner_sel;Hash_Inner_startup_cost;Hash_Inner_total_cost;Hash_Inner_plan_width;Hash_Inner_reltuples;Hash_Inner_parallel_workers;Hash_Inner_st1;Hash_Inner_rt1;Hash_Inner_st2;Hash_Inner_rt2
Q5_100_seed_812199069;6910;Hash;8;Inner;;0;12500;12500;0;1.0;4586.84;4586.84;116;0.0;0;35.16;35.161;0.265;34.168;0.0;0.0;6914;Hash Join;11;Outer;;0;5;25;1;0.2;1.07;2.4;108;0.0;0;0.009;0.01;0.219;0.219;6917;Seq Scan;13;Outer;;1;1;0;0;0.2;0.0;1.06;4;5.0;0;0.0;0.0;0.0;0.0;6916;Hash;12;Inner;;0;1;1;0;1.0;1.06;1.06;4;0.0;0;0.215;0.216;0.0;0.0
Q5_101_seed_820403100;6930;Hash;8;Inner;;0;12500;12500;0;1.0;4586.84;4586.84;116;0.0;0;33.214;33.215;0.661;32.456;0.0;0.0;6934;Hash Join;11;Outer;;0;5;25;1;0.2;1.07;2.4;108;0.0;0;0.009;0.009;0.055;0.056;6937;Seq Scan;13;Outer;;1;1;0;0;0.2;0.0;1.06;4;5.0;0;0.0;0.0;0.0;0.0;6936;Hash;12;Inner;;0;1;1;0;1.0;1.06;1.06;4;0.0;0;0.053;0.054;0.0;0.0
Q5_102_seed_828607131;6950;Hash;8;Inner;;0;12500;12500;0;1.0;4586.84;4586.84;116;0.0;0;35.501;35.502;0.196;34.612;0.0;0.0;6954;Hash Join;11;Outer;;0;5;25;1;0.2;1.07;2.4;108;0.0;0;0.009;0.009;0.068;0.068;6957;Seq Scan;13;Outer;;1;1;0;0;0.2;0.0;1.06;4;5.0;0;0.0;0.0;0.0;0.0;6956;Hash;12;Inner;;0;1;1;0;1.0;1.06;1.06;4;0.0;0;0.063;0.064;0.0;0.0
Q5_103_seed_836811162;6970;Hash;8;Inner;;0;12500;12500;0;1.0;4586.84;4586.84;116;0.0;0;37.832;37.833;0.346;37.049;0.0;0.0;6974;Hash Join;11;Outer;;0;5;25;1;0.2;1.07;2.4;108;0.0;0;0.021;0.022;0.146;0.146;6977;Seq Scan;13;Outer;;1;1;0;0;0.2;0.0;1.06;4;5.0;0;0.0;0.0;0.0;0.0;6976;Hash;12;Inner;;0;1;1;0;1.0;1.06;1.06;4;0.0;0;0.142;0.142;0.0;0.0
Q5_104_seed_845015193;6990;Hash;8;Inner;;0;12500;12500;0;1.0;4586.84;4586.84;116;0.0;0;37.233;37.234;0.351;35.454;0.0;0.0;6994;Hash Join;11;Outer;;0;5;25;1;0.2;1.07;2.4;108;0.0;0;0.014;0.014;0.152;0.152;6997;Seq Scan;13;Outer;;1;1;0;0;0.2;0.0;1.06;4;5.0;0;0.0;0.0;0.0;0.0;6996;Hash;12;Inner;;0;1;1;0;1.0;1.06;1.06;4;0.0;0;0.148;0.149;0.0;0.0
Q5_105_seed_853219224;7010;Hash;8;Inner;;0;12500;12500;0;1.0;4586.84;4586.84;116;0.0;0;34.089;34.09;0.605;32.787;0.0;0.0;7014;Hash Join;11;Outer;;0;5;25;1;0.2;1.07;2.4;108;0.0;0;0.01;0.01;0.049;0.049;7017;Seq Scan;13;Outer;;1;1;0;0;0.2;0.0;1.06;4;5.0;0;0.0;0.0;0.0;0.0;7016;Hash;12;Inner;;0;1;1;0;1.0;1.06;1.06;4;0.0;0;0.046;0.047;0.0;0.0
Q5_106_seed_861423255;7030;Hash;8;Inner;;0;12500;12500;0;1.0;4586.84;4586.84;116;0.0;0;34.786;34.787;0.405;34.151;0.0;0.0;7034;Hash Join;11;Outer;;0;5;25;1;0.2;1.07;2.4;108;0.0;0;0.007;0.007;0.056;0.057;7037;Seq Scan;13;Outer;;1;1;0;0;0.2;0.0;1.06;4;5.0;0;0.0;0.0;0.0;0.0;7036;Hash;12;Inner;;0;1;1;0;1.0;1.06;1.06;4;0.0;0;0.054;0.054;0.0;0.0
Q5_107_seed_869627286;7050;Hash;8;Inner;;0;12500;12500;0;1.0;4586.84;4586.84;116;0.0;0;31.623;31.624;0.657;30.621;0.0;0.0;7054;Hash Join;11;Outer;;0;5;25;1;0.2;1.07;2.4;108;0.0;0;0.008;0.008;0.087;0.087;7057;Seq Scan;13;Outer;;1;1;0;0;0.2;0.0;1.06;4;5.0;0;0.0;0.0;0.0;0.0;7056;Hash;12;Inner;;0;1;1;0;1.0;1.06;1.06;4;0.0;0;0.084;0.084;0.0;0.0
Q5_108_seed_877831317;7070;Hash;8;Inner;;0;12500;12500;0;1.0;4586.84;4586.84;116;0.0;0;36.572;36.573;0.253;35.852;0.0;0.0;7074;Hash Join;11;Outer;;0;5;25;1;0.2;1.07;2.4;108;0.0;0;0.008;0.009;0.091;0.091;7077;Seq Scan;13;Outer;;1;1;0;0;0.2;0.0;1.06;4;5.0;0;0.0;0.0;0.0;0.0;7076;Hash;12;Inner;;0;1;1;0;1.0;1.06;1.06;4;0.0;0;0.088;0.088;0.0;0.0
Q5_109_seed_886035348;7090;Hash;8;Inner;;0;12500;12500;0;1.0;4586.84;4586.84;116;0.0;0;37.872;37.875;0.363;36.915;0.0;0.0;7094;Hash Join;11;Outer;;0;5;25;1;0.2;1.07;2.4;108;0.0;0;0.006;0.007;0.062;0.064;7097;Seq Scan;13;Outer;;1;1;0;0;0.2;0.0;1.06;4;5.0;0;0.0;0.0;0.0;0.0;7096;Hash;12;Inner;;0;1;1;0;1.0;1.06;1.06;4;0.0;0;0.058;0.059;0.0;0.0
Q5_10_seed_73836279;7110;Hash;8;Inner;;0;12500;12500;0;1.0;4586.84;4586.84;116;0.0;0;34.385;34.386;0.701;33.068;0.0;0.0;7114;Hash Join;11;Outer;;0;5;25;1;0.2;1.07;2.4;108;0.0;0;0.008;0.008;0.056;0.056;7117;Seq Scan;13;Outer;;1;1;0;0;0.2;0.0;1.06;4;5.0;0;0.0;0.0;0.0;0.0;7116;Hash;12;Inner;;0;1;1;0;1.0;1.06;1.06;4;0.0;0;0.052;0.052;0.0;0.0
Q5_110_seed_894239379;7130;Hash;8;Inner;;0;12500;12500;0;1.0;4586.84;4586.84;116;0.0;0;31.308;31.309;0.093;30.618;0.0;0.0;7134;Hash Join;11;Outer;;0;5;25;1;0.2;1.07;2.4;108;0.0;0;0.008;0.008;0.056;0.056;7137;Seq Scan;13;Outer;;1;1;0;0;0.2;0.0;1.06;4;5.0;0;0.0;0.0;0.0;0.0;7136;Hash;12;Inner;;0;1;1;0;1.0;1.06;1.06;4;0.0;0;0.054;0.054;0.0;0.0
Q5_111_seed_902443410;7150;Hash;8;Inner;;0;12500;12500;0;1.0;4586.84;4586.84;116;0.0;0;31.586;31.587;0.417;30.704;0.0;0.0;7154;Hash Join;11;Outer;;0;5;25;1;0.2;1.07;2.4;108;0.0;0;0.012;0.013;0.244;0.244;7157;Seq Scan;13;Outer;;1;1;0;0;0.2;0.0;1.06;4;5.0;0;0.0;0.0;0.0;0.0;7156;Hash;12;Inner;;0;1;1;0;1.0;1.06;1.06;4;0.0;0;0.24;0.24;0.0;0.0
Q5_112_seed_910647441;7170;Hash;8;Inner;;0;12500;12500;0;1.0;4586.84;4586.84;116;0.0;0;32.381;32.382;0.095;29.839;0.0;0.0;7174;Hash Join;11;Outer;;0;5;25;1;0.2;1.07;2.4;108;0.0;0;0.008;0.008;0.055;0.055;7177;Seq Scan;13;Outer;;1;1;0;0;0.2;0.0;1.06;4;5.0;0;0.0;0.0;0.0;0.0;7176;Hash;12;Inner;;0;1;1;0;1.0;1.06;1.06;4;0.0;0;0.052;0.052;0.0;0.0
Q5_113_seed_918851472;7190;Hash;8;Inner;;0;12500;12500;0;1.0;4586.84;4586.84;116;0.0;0;36.073;36.074;0.356;35.307;0.0;0.0;7194;Hash Join;11;Outer;;0;5;25;1;0.2;1.07;2.4;108;0.0;0;0.022;0.023;0.148;0.149;7197;Seq Scan;13;Outer;;1;1;0;0;0.2;0.0;1.06;4;5.0;0;0.0;0.0;0.0;0.0;7196;Hash;12;Inner;;0;1;1;0;1.0;1.06;1.06;4;0.0;0;0.145;0.145;0.0;0.0
Q5_114_seed_927055503;7210;Hash;8;Inner;;0;12500;12500;0;1.0;4586.84;4586.84;116;0.0;0;32.62;32.623;0.321;31.507;0.0;0.0;7214;Hash Join;11;Outer;;0;5;25;1;0.2;1.07;2.4;108;0.0;0;0.099;0.1;0.046;0.046;7217;Seq Scan;13;Outer;;1;1;0;0;0.2;0.0;1.06;4;5.0;0;0.0;0.0;0.0;0.0;7216;Hash;12;Inner;;0;1;1;0;1.0;1.06;1.06;4;0.0;0;0.042;0.042;0.0;0.0
Q5_115_seed_935259534;7230;Hash;8;Inner;;0;12500;12500;0;1.0;4586.84;4586.84;116;0.0;0;32.517;32.518;0.174;31.808;0.0;0.0;7234;Hash Join;11;Outer;;0;5;25;1;0.2;1.07;2.4;108;0.0;0;0.008;0.009;0.136;0.136;7237;Seq Scan;13;Outer;;1;1;0;0;0.2;0.0;1.06;4;5.0;0;0.0;0.0;0.0;0.0;7236;Hash;12;Inner;;0;1;1;0;1.0;1.06;1.06;4;0.0;0;0.133;0.133;0.0;0.0
Q5_116_seed_943463565;7250;Hash;8;Inner;;0;12500;12500;0;1.0;4586.84;4586.84;116;0.0;0;35.383;35.384;0.248;34.666;0.0;0.0;7254;Hash Join;11;Outer;;0;5;25;1;0.2;1.07;2.4;108;0.0;0;0.008;0.009;0.174;0.174;7257;Seq Scan;13;Outer;;1;1;0;0;0.2;0.0;1.06;4;5.0;0;0.0;0.0;0.0;0.0;7256;Hash;12;Inner;;0;1;1;0;1.0;1.06;1.06;4;0.0;0;0.171;0.171;0.0;0.0
Q5_117_seed_951667596;7270;Hash;8;Inner;;0;12500;12500;0;1.0;4586.84;4586.84;116;0.0;0;37.853;37.854;0.529;37.127;0.0;0.0;7274;Hash Join;11;Outer;;0;5;25;1;0.2;1.07;2.4;108;0.0;0;0.008;0.009;0.41;0.41;7277;Seq Scan;13;Outer;;1;1;0;0;0.2;0.0;1.06;4;5.0;0;0.0;0.0;0.0;0.0;7276;Hash;12;Inner;;0;1;1;0;1.0;1.06;1.06;4;0.0;0;0.408;0.408;0.0;0.0
Q5_118_seed_959871627;7290;Hash;8;Inner;;0;12500;12500;0;1.0;4586.84;4586.84;116;0.0;0;35.0;35.001;0.353;34.334;0.0;0.0;7294;Hash Join;11;Outer;;0;5;25;1;0.2;1.07;2.4;108;0.0;0;0.008;0.009;0.041;0.041;7297;Seq Scan;13;Outer;;1;1;0;0;0.2;0.0;1.06;4;5.0;0;0.0;0.0;0.0;0.0;7296;Hash;12;Inner;;0;1;1;0;1.0;1.06;1.06;4;0.0;0;0.038;0.039;0.0;0.0
Q5_119_seed_968075658;7310;Hash;8;Inner;;0;12500;12500;0;1.0;4586.84;4586.84;116;0.0;0;36.841;36.842;1.163;36.151;0.0;0.0;7314;Hash Join;11;Outer;;0;5;25;1;0.2;1.07;2.4;108;0.0;0;0.007;0.008;0.259;0.26;7317;Seq Scan;13;Outer;;1;1;0;0;0.2;0.0;1.06;4;5.0;0;0.0;0.0;0.0;0.0;7316;Hash;12;Inner;;0;1;1;0;1.0;1.06;1.06;4;0.0;0;0.257;0.257;0.0;0.0
Q5_11_seed_82040310;7330;Hash;8;Inner;;0;12500;12500;0;1.0;4586.84;4586.84;116;0.0;0;37.005;37.006;0.166;36.11;0.0;0.0;7334;Hash Join;11;Outer;;0;5;25;1;0.2;1.07;2.4;108;0.0;0;0.009;0.009;0.127;0.127;7337;Seq Scan;13;Outer;;1;1;0;0;0.2;0.0;1.06;4;5.0;0;0.0;0.0;0.0;0.0;7336;Hash;12;Inner;;0;1;1;0;1.0;1.06;1.06;4;0.0;0;0.123;0.124;0.0;0.0
Q5_120_seed_976279689;7350;Hash;8;Inner;;0;12500;12500;0;1.0;4586.84;4586.84;116;0.0;0;34.25;34.251;0.236;33.578;0.0;0.0;7354;Hash Join;11;Outer;;0;5;25;1;0.2;1.07;2.4;108;0.0;0;0.007;0.008;0.056;0.057;7357;Seq Scan;13;Outer;;1;1;0;0;0.2;0.0;1.06;4;5.0;0;0.0;0.0;0.0;0.0;7356;Hash;12;Inner;;0;1;1;0;1.0;1.06;1.06;4;0.0;0;0.053;0.054;0.0;0.0
Q5_121_seed_984483720;7370;Hash;8;Inner;;0;12500;12500;0;1.0;4586.84;4586.84;116;0.0;0;35.277;35.278;0.419;34.661;0.0;0.0;7374;Hash Join;11;Outer;;0;5;25;1;0.2;1.07;2.4;108;0.0;0;0.188;0.188;0.057;0.057;7377;Seq Scan;13;Outer;;1;1;0;0;0.2;0.0;1.06;4;5.0;0;0.0;0.0;0.0;0.0;7376;Hash;12;Inner;;0;1;1;0;1.0;1.06;1.06;4;0.0;0;0.055;0.055;0.0;0.0
Q5_122_seed_992687751;7390;Hash;8;Inner;;0;12500;12500;0;1.0;4586.84;4586.84;116;0.0;0;33.484;33.485;0.497;31.937;0.0;0.0;7394;Hash Join;11;Outer;;0;5;25;1;0.2;1.07;2.4;108;0.0;0;0.009;0.01;0.056;0.056;7397;Seq Scan;13;Outer;;1;1;0;0;0.2;0.0;1.06;4;5.0;0;0.0;0.0;0.0;0.0;7396;Hash;12;Inner;;0;1;1;0;1.0;1.06;1.06;4;0.0;0;0.052;0.053;0.0;0.0
Q5_123_seed_1000891782;7410;Hash;8;Inner;;0;12500;12500;0;1.0;4586.84;4586.84;116;0.0;0;34.135;34.136;0.288;33.487;0.0;0.0;7414;Hash Join;11;Outer;;0;5;25;1;0.2;1.07;2.4;108;0.0;0;0.01;0.011;0.057;0.057;7417;Seq Scan;13;Outer;;1;1;0;0;0.2;0.0;1.06;4;5.0;0;0.0;0.0;0.0;0.0;7416;Hash;12;Inner;;0;1;1;0;1.0;1.06;1.06;4;0.0;0;0.055;0.055;0.0;0.0
Q5_124_seed_1009095813;7430;Hash;8;Inner;;0;12500;12500;0;1.0;4586.84;4586.84;116;0.0;0;31.605;31.606;0.719;30.746;0.0;0.0;7434;Hash Join;11;Outer;;0;5;25;1;0.2;1.07;2.4;108;0.0;0;0.008;0.008;0.135;0.136;7437;Seq Scan;13;Outer;;1;1;0;0;0.2;0.0;1.06;4;5.0;0;0.0;0.0;0.0;0.0;7436;Hash;12;Inner;;0;1;1;0;1.0;1.06;1.06;4;0.0;0;0.13;0.131;0.0;0.0
Q5_125_seed_1017299844;7450;Hash;8;Inner;;0;12500;12500;0;1.0;4586.84;4586.84;116;0.0;0;30.134;30.135;0.092;29.541;0.0;0.0;7454;Hash Join;11;Outer;;0;5;25;1;0.2;1.07;2.4;108;0.0;0;0.007;0.008;0.053;0.053;7457;Seq Scan;13;Outer;;1;1;0;0;0.2;0.0;1.06;4;5.0;0;0.0;0.0;0.0;0.0;7456;Hash;12;Inner;;0;1;1;0;1.0;1.06;1.06;4;0.0;0;0.049;0.05;0.0;0.0
Q5_126_seed_1025503875;7470;Hash;8;Inner;;0;12500;12500;0;1.0;4586.84;4586.84;116;0.0;0;35.442;35.443;0.545;34.75;0.0;0.0;7474;Hash Join;11;Outer;;0;5;25;1;0.2;1.07;2.4;108;0.0;0;0.007;0.008;0.058;0.059;7477;Seq Scan;13;Outer;;1;1;0;0;0.2;0.0;1.06;4;5.0;0;0.0;0.0;0.0;0.0;7476;Hash;12;Inner;;0;1;1;0;1.0;1.06;1.06;4;0.0;0;0.054;0.055;0.0;0.0
Q5_127_seed_1033707906;7490;Hash;8;Inner;;0;12500;12500;0;1.0;4586.84;4586.84;116;0.0;0;36.634;36.635;0.081;35.609;0.0;0.0;7494;Hash Join;11;Outer;;0;5;25;1;0.2;1.07;2.4;108;0.0;0;0.008;0.008;0.043;0.043;7497;Seq Scan;13;Outer;;1;1;0;0;0.2;0.0;1.06;4;5.0;0;0.0;0.0;0.0;0.0;7496;Hash;12;Inner;;0;1;1;0;1.0;1.06;1.06;4;0.0;0;0.04;0.041;0.0;0.0
Q5_128_seed_1041911937;7510;Hash;8;Inner;;0;12500;12500;0;1.0;4586.84;4586.84;116;0.0;0;37.594;37.595;1.304;36.88;0.0;0.0;7514;Hash Join;11;Outer;;0;5;25;1;0.2;1.07;2.4;108;0.0;0;0.12;0.121;0.054;0.054;7517;Seq Scan;13;Outer;;1;1;0;0;0.2;0.0;1.06;4;5.0;0;0.0;0.0;0.0;0.0;7516;Hash;12;Inner;;0;1;1;0;1.0;1.06;1.06;4;0.0;0;0.051;0.052;0.0;0.0
Q5_129_seed_1050115968;7530;Hash;8;Inner;;0;12500;12500;0;1.0;4586.84;4586.84;116;0.0;0;35.364;35.365;0.424;34.68;0.0;0.0;7534;Hash Join;11;Outer;;0;5;25;1;0.2;1.07;2.4;108;0.0;0;0.021;0.022;0.167;0.168;7537;Seq Scan;13;Outer;;1;1;0;0;0.2;0.0;1.06;4;5.0;0;0.0;0.0;0.0;0.0;7536;Hash;12;Inner;;0;1;1;0;1.0;1.06;1.06;4;0.0;0;0.165;0.165;0.0;0.0
Q5_12_seed_90244341;7550;Hash;8;Inner;;0;12500;12500;0;1.0;4586.84;4586.84;116;0.0;0;36.468;36.469;0.845;35.858;0.0;0.0;7554;Hash Join;11;Outer;;0;5;25;1;0.2;1.07;2.4;108;0.0;0;0.007;0.008;0.139;0.139;7557;Seq Scan;13;Outer;;1;1;0;0;0.2;0.0;1.06;4;5.0;0;0.0;0.0;0.0;0.0;7556;Hash;12;Inner;;0;1;1;0;1.0;1.06;1.06;4;0.0;0;0.135;0.136;0.0;0.0
Q5_130_seed_1058319999;7570;Hash;8;Inner;;0;12500;12500;0;1.0;4586.84;4586.84;116;0.0;0;36.801;36.802;0.283;36.046;0.0;0.0;7574;Hash Join;11;Outer;;0;5;25;1;0.2;1.07;2.4;108;0.0;0;0.008;0.009;0.054;0.054;7577;Seq Scan;13;Outer;;1;1;0;0;0.2;0.0;1.06;4;5.0;0;0.0;0.0;0.0;0.0;7576;Hash;12;Inner;;0;1;1;0;1.0;1.06;1.06;4;0.0;0;0.052;0.053;0.0;0.0
Q5_131_seed_1066524030;7590;Hash;8;Inner;;0;12500;12500;0;1.0;4586.84;4586.84;116;0.0;0;33.511;33.512;0.299;32.641;0.0;0.0;7594;Hash Join;11;Outer;;0;5;25;1;0.2;1.07;2.4;108;0.0;0;0.084;0.085;0.051;0.051;7597;Seq Scan;13;Outer;;1;1;0;0;0.2;0.0;1.06;4;5.0;0;0.0;0.0;0.0;0.0;7596;Hash;12;Inner;;0;1;1;0;1.0;1.06;1.06;4;0.0;0;0.048;0.049;0.0;0.0
Q5_132_seed_1074728061;7610;Hash;8;Inner;;0;12500;12500;0;1.0;4586.84;4586.84;116;0.0;0;38.05;38.051;0.353;37.19;0.0;0.0;7614;Hash Join;11;Outer;;0;5;25;1;0.2;1.07;2.4;108;0.0;0;0.017;0.018;0.153;0.153;7617;Seq Scan;13;Outer;;1;1;0;0;0.2;0.0;1.06;4;5.0;0;0.0;0.0;0.0;0.0;7616;Hash;12;Inner;;0;1;1;0;1.0;1.06;1.06;4;0.0;0;0.149;0.15;0.0;0.0
Q5_133_seed_1082932092;7630;Hash;8;Inner;;0;12500;12500;0;1.0;4586.84;4586.84;116;0.0;0;32.657;32.658;0.09;31.994;0.0;0.0;7634;Hash Join;11;Outer;;0;5;25;1;0.2;1.07;2.4;108;0.0;0;0.008;0.008;0.056;0.056;7637;Seq Scan;13;Outer;;1;1;0;0;0.2;0.0;1.06;4;5.0;0;0.0;0.0;0.0;0.0;7636;Hash;12;Inner;;0;1;1;0;1.0;1.06;1.06;4;0.0;0;0.054;0.054;0.0;0.0
Q5_134_seed_1091136123;7650;Hash;8;Inner;;0;12500;12500;0;1.0;4586.84;4586.84;116;0.0;0;36.875;36.876;0.092;36.2;0.0;0.0;7654;Hash Join;11;Outer;;0;5;25;1;0.2;1.07;2.4;108;0.0;0;0.009;0.01;0.05;0.05;7657;Seq Scan;13;Outer;;1;1;0;0;0.2;0.0;1.06;4;5.0;0;0.0;0.0;0.0;0.0;7656;Hash;12;Inner;;0;1;1;0;1.0;1.06;1.06;4;0.0;0;0.047;0.047;0.0;0.0
Q5_135_seed_1099340154;7670;Hash;8;Inner;;0;12500;12500;0;1.0;4586.84;4586.84;116;0.0;0;32.839;32.84;0.46;32.145;0.0;0.0;7674;Hash Join;11;Outer;;0;5;25;1;0.2;1.07;2.4;108;0.0;0;0.008;0.009;0.056;0.056;7677;Seq Scan;13;Outer;;1;1;0;0;0.2;0.0;1.06;4;5.0;0;0.0;0.0;0.0;0.0;7676;Hash;12;Inner;;0;1;1;0;1.0;1.06;1.06;4;0.0;0;0.053;0.053;0.0;0.0
Q5_136_seed_1107544185;7690;Hash;8;Inner;;0;12500;12500;0;1.0;4586.84;4586.84;116;0.0;0;34.216;34.218;0.098;33.339;0.0;0.0;7694;Hash Join;11;Outer;;0;5;25;1;0.2;1.07;2.4;108;0.0;0;0.008;0.009;0.058;0.059;7697;Seq Scan;13;Outer;;1;1;0;0;0.2;0.0;1.06;4;5.0;0;0.0;0.0;0.0;0.0;7696;Hash;12;Inner;;0;1;1;0;1.0;1.06;1.06;4;0.0;0;0.055;0.055;0.0;0.0
Q5_137_seed_1115748216;7710;Hash;8;Inner;;0;12500;12500;0;1.0;4586.84;4586.84;116;0.0;0;35.427;35.428;1.39;34.739;0.0;0.0;7714;Hash Join;11;Outer;;0;5;25;1;0.2;1.07;2.4;108;0.0;0;0.008;0.009;0.06;0.06;7717;Seq Scan;13;Outer;;1;1;0;0;0.2;0.0;1.06;4;5.0;0;0.0;0.0;0.0;0.0;7716;Hash;12;Inner;;0;1;1;0;1.0;1.06;1.06;4;0.0;0;0.057;0.057;0.0;0.0
Q5_138_seed_1123952247;7730;Hash;8;Inner;;0;12500;12500;0;1.0;4586.84;4586.84;116;0.0;0;32.724;32.724;1.162;32.036;0.0;0.0;7734;Hash Join;11;Outer;;0;5;25;1;0.2;1.07;2.4;108;0.0;0;0.006;0.007;1.126;1.126;7737;Seq Scan;13;Outer;;1;1;0;0;0.2;0.0;1.06;4;5.0;0;0.0;0.0;0.0;0.0;7736;Hash;12;Inner;;0;1;1;0;1.0;1.06;1.06;4;0.0;0;1.123;1.123;0.0;0.0
Q5_139_seed_1132156278;7750;Hash;8;Inner;;0;12500;12500;0;1.0;4586.84;4586.84;116;0.0;0;36.998;36.999;0.092;34.771;0.0;0.0;7754;Hash Join;11;Outer;;0;5;25;1;0.2;1.07;2.4;108;0.0;0;0.009;0.01;0.054;0.054;7757;Seq Scan;13;Outer;;1;1;0;0;0.2;0.0;1.06;4;5.0;0;0.0;0.0;0.0;0.0;7756;Hash;12;Inner;;0;1;1;0;1.0;1.06;1.06;4;0.0;0;0.052;0.053;0.0;0.0
Q5_13_seed_98448372;7770;Hash;8;Inner;;0;12500;12500;0;1.0;4586.84;4586.84;116;0.0;0;28.87;28.871;0.203;28.083;0.0;0.0;7774;Hash Join;11;Outer;;0;5;25;1;0.2;1.07;2.4;108;0.0;0;0.008;0.008;0.044;0.045;7777;Seq Scan;13;Outer;;1;1;0;0;0.2;0.0;1.06;4;5.0;0;0.0;0.0;0.0;0.0;7776;Hash;12;Inner;;0;1;1;0;1.0;1.06;1.06;4;0.0;0;0.042;0.043;0.0;0.0
Q5_140_seed_1140360309;7790;Hash;8;Inner;;0;12500;12500;0;1.0;4586.84;4586.84;116;0.0;0;32.654;32.655;0.166;31.925;0.0;0.0;7794;Hash Join;11;Outer;;0;5;25;1;0.2;1.07;2.4;108;0.0;0;0.009;0.01;0.046;0.046;7797;Seq Scan;13;Outer;;1;1;0;0;0.2;0.0;1.06;4;5.0;0;0.0;0.0;0.0;0.0;7796;Hash;12;Inner;;0;1;1;0;1.0;1.06;1.06;4;0.0;0;0.042;0.043;0.0;0.0
Q5_141_seed_1148564340;7810;Hash;8;Inner;;0;12500;12500;0;1.0;4586.84;4586.84;116;0.0;0;35.251;35.252;0.528;34.422;0.0;0.0;7814;Hash Join;11;Outer;;0;5;25;1;0.2;1.07;2.4;108;0.0;0;0.008;0.009;0.05;0.05;7817;Seq Scan;13;Outer;;1;1;0;0;0.2;0.0;1.06;4;5.0;0;0.0;0.0;0.0;0.0;7816;Hash;12;Inner;;0;1;1;0;1.0;1.06;1.06;4;0.0;0;0.047;0.047;0.0;0.0
Q5_142_seed_1156768371;7830;Hash;8;Inner;;0;12500;12500;0;1.0;4586.84;4586.84;116;0.0;0;37.793;37.794;0.45;37.077;0.0;0.0;7834;Hash Join;11;Outer;;0;5;25;1;0.2;1.07;2.4;108;0.0;0;0.007;0.007;0.309;0.31;7837;Seq Scan;13;Outer;;1;1;0;0;0.2;0.0;1.06;4;5.0;0;0.0;0.0;0.0;0.0;7836;Hash;12;Inner;;0;1;1;0;1.0;1.06;1.06;4;0.0;0;0.307;0.307;0.0;0.0
Q5_143_seed_1164972402;7850;Hash;8;Inner;;0;12500;12500;0;1.0;4586.84;4586.84;116;0.0;0;37.222;37.223;0.216;35.879;0.0;0.0;7854;Hash Join;11;Outer;;0;5;25;1;0.2;1.07;2.4;108;0.0;0;0.008;0.008;0.057;0.057;7857;Seq Scan;13;Outer;;1;1;0;0;0.2;0.0;1.06;4;5.0;0;0.0;0.0;0.0;0.0;7856;Hash;12;Inner;;0;1;1;0;1.0;1.06;1.06;4;0.0;0;0.053;0.053;0.0;0.0
Q5_144_seed_1173176433;7870;Hash;8;Inner;;0;12500;12500;0;1.0;4586.84;4586.84;116;0.0;0;35.193;35.194;0.494;34.424;0.0;0.0;7874;Hash Join;11;Outer;;0;5;25;1;0.2;1.07;2.4;108;0.0;0;0.007;0.007;0.088;0.088;7877;Seq Scan;13;Outer;;1;1;0;0;0.2;0.0;1.06;4;5.0;0;0.0;0.0;0.0;0.0;7876;Hash;12;Inner;;0;1;1;0;1.0;1.06;1.06;4;0.0;0;0.086;0.086;0.0;0.0
Q5_145_seed_1181380464;7890;Hash;8;Inner;;0;12500;12500;0;1.0;4586.84;4586.84;116;0.0;0;37.033;37.035;0.601;36.328;0.0;0.0;7894;Hash Join;11;Outer;;0;5;25;1;0.2;1.07;2.4;108;0.0;0;0.011;0.011;0.085;0.085;7897;Seq Scan;13;Outer;;1;1;0;0;0.2;0.0;1.06;4;5.0;0;0.0;0.0;0.0;0.0;7896;Hash;12;Inner;;0;1;1;0;1.0;1.06;1.06;4;0.0;0;0.081;0.081;0.0;0.0
Q5_146_seed_1189584495;7910;Hash;8;Inner;;0;12500;12500;0;1.0;4586.84;4586.84;116;0.0;0;34.418;34.419;0.757;33.72;0.0;0.0;7914;Hash Join;11;Outer;;0;5;25;1;0.2;1.07;2.4;108;0.0;0;0.171;0.172;0.38;0.38;7917;Seq Scan;13;Outer;;1;1;0;0;0.2;0.0;1.06;4;5.0;0;0.0;0.0;0.0;0.0;7916;Hash;12;Inner;;0;1;1;0;1.0;1.06;1.06;4;0.0;0;0.049;0.05;0.0;0.0
Q5_147_seed_1197788526;7930;Hash;8;Inner;;0;12500;12500;0;1.0;4586.84;4586.84;116;0.0;0;33.541;33.542;0.086;32.927;0.0;0.0;7934;Hash Join;11;Outer;;0;5;25;1;0.2;1.07;2.4;108;0.0;0;0.009;0.009;0.047;0.047;7937;Seq Scan;13;Outer;;1;1;0;0;0.2;0.0;1.06;4;5.0;0;0.0;0.0;0.0;0.0;7936;Hash;12;Inner;;0;1;1;0;1.0;1.06;1.06;4;0.0;0;0.044;0.044;0.0;0.0
Q5_148_seed_1205992557;7950;Hash;8;Inner;;0;12500;12500;0;1.0;4586.84;4586.84;116;0.0;0;31.629;31.63;0.658;30.317;0.0;0.0;7954;Hash Join;11;Outer;;0;5;25;1;0.2;1.07;2.4;108;0.0;0;0.014;0.015;0.059;0.059;7957;Seq Scan;13;Outer;;1;1;0;0;0.2;0.0;1.06;4;5.0;0;0.0;0.0;0.0;0.0;7956;Hash;12;Inner;;0;1;1;0;1.0;1.06;1.06;4;0.0;0;0.054;0.054;0.0;0.0
Q5_149_seed_1214196588;7970;Hash;8;Inner;;0;12500;12500;0;1.0;4586.84;4586.84;116;0.0;0;40.075;40.076;0.58;39.396;0.0;0.0;7974;Hash Join;11;Outer;;0;5;25;1;0.2;1.07;2.4;108;0.0;0;0.008;0.009;0.541;0.541;7977;Seq Scan;13;Outer;;1;1;0;0;0.2;0.0;1.06;4;5.0;0;0.0;0.0;0.0;0.0;7976;Hash;12;Inner;;0;1;1;0;1.0;1.06;1.06;4;0.0;0;0.538;0.538;0.0;0.0
Q5_14_seed_106652403;7990;Hash;8;Inner;;0;12500;12500;0;1.0;4586.84;4586.84;116;0.0;0;36.108;36.11;0.31;35.083;0.0;0.0;7994;Hash Join;11;Outer;;0;5;25;1;0.2;1.07;2.4;108;0.0;0;0.007;0.007;0.057;0.058;7997;Seq Scan;13;Outer;;1;1;0;0;0.2;0.0;1.06;4;5.0;0;0.0;0.0;0.0;0.0;7996;Hash;12;Inner;;0;1;1;0;1.0;1.06;1.06;4;0.0;0;0.053;0.053;0.0;0.0
Q5_150_seed_1231235959;8010;Hash;8;Inner;;0;12500;12500;0;1.0;4586.84;4586.84;116;0.0;0;30.279;30.28;0.319;29.532;0.0;0.0;8014;Hash Join;11;Outer;;0;5;25;1;0.2;1.07;2.4;108;0.0;0;0.015;0.016;0.138;0.139;8017;Seq Scan;13;Outer;;1;1;0;0;0.2;0.0;1.06;4;5.0;0;0.0;0.0;0.0;0.0;8016;Hash;12;Inner;;0;1;1;0;1.0;1.06;1.06;4;0.0;0;0.136;0.136;0.0;0.0
Q5_15_seed_114856434;8030;Hash;8;Inner;;0;12500;12500;0;1.0;4586.84;4586.84;116;0.0;0;38.353;38.353;0.761;37.602;0.0;0.0;8034;Hash Join;11;Outer;;0;5;25;1;0.2;1.07;2.4;108;0.0;0;0.007;0.008;0.346;0.346;8037;Seq Scan;13;Outer;;1;1;0;0;0.2;0.0;1.06;4;5.0;0;0.0;0.0;0.0;0.0;8036;Hash;12;Inner;;0;1;1;0;1.0;1.06;1.06;4;0.0;0;0.344;0.344;0.0;0.0
Q5_16_seed_123060465;8050;Hash;8;Inner;;0;12500;12500;0;1.0;4586.84;4586.84;116;0.0;0;36.532;36.533;0.198;35.853;0.0;0.0;8054;Hash Join;11;Outer;;0;5;25;1;0.2;1.07;2.4;108;0.0;0;0.009;0.01;0.16;0.16;8057;Seq Scan;13;Outer;;1;1;0;0;0.2;0.0;1.06;4;5.0;0;0.0;0.0;0.0;0.0;8056;Hash;12;Inner;;0;1;1;0;1.0;1.06;1.06;4;0.0;0;0.157;0.158;0.0;0.0
Q5_17_seed_131264496;8070;Hash;8;Inner;;0;12500;12500;0;1.0;4586.84;4586.84;116;0.0;0;37.355;37.356;0.236;36.516;0.0;0.0;8074;Hash Join;11;Outer;;0;5;25;1;0.2;1.07;2.4;108;0.0;0;0.008;0.009;0.053;0.053;8077;Seq Scan;13;Outer;;1;1;0;0;0.2;0.0;1.06;4;5.0;0;0.0;0.0;0.0;0.0;8076;Hash;12;Inner;;0;1;1;0;1.0;1.06;1.06;4;0.0;0;0.05;0.051;0.0;0.0
Q5_18_seed_139468527;8090;Hash;8;Inner;;0;12500;12500;0;1.0;4586.84;4586.84;116;0.0;0;32.995;32.995;0.347;32.068;0.0;0.0;8094;Hash Join;11;Outer;;0;5;25;1;0.2;1.07;2.4;108;0.0;0;0.019;0.019;0.1;0.1;8097;Seq Scan;13;Outer;;1;1;0;0;0.2;0.0;1.06;4;5.0;0;0.0;0.0;0.0;0.0;8096;Hash;12;Inner;;0;1;1;0;1.0;1.06;1.06;4;0.0;0;0.096;0.097;0.0;0.0
Q5_19_seed_147672558;8110;Hash;8;Inner;;0;12500;12500;0;1.0;4586.84;4586.84;116;0.0;0;35.534;35.535;0.689;34.879;0.0;0.0;8114;Hash Join;11;Outer;;0;5;25;1;0.2;1.07;2.4;108;0.0;0;0.008;0.008;0.043;0.043;8117;Seq Scan;13;Outer;;1;1;0;0;0.2;0.0;1.06;4;5.0;0;0.0;0.0;0.0;0.0;8116;Hash;12;Inner;;0;1;1;0;1.0;1.06;1.06;4;0.0;0;0.039;0.04;0.0;0.0
Q5_1_seed_0101000000;8130;Hash;8;Inner;;0;12500;12500;0;1.0;4586.84;4586.84;116;0.0;0;36.501;36.502;0.093;35.834;0.0;0.0;8134;Hash Join;11;Outer;;0;5;25;1;0.2;1.07;2.4;108;0.0;0;0.007;0.007;0.056;0.056;8137;Seq Scan;13;Outer;;1;1;0;0;0.2;0.0;1.06;4;5.0;0;0.0;0.0;0.0;0.0;8136;Hash;12;Inner;;0;1;1;0;1.0;1.06;1.06;4;0.0;0;0.053;0.053;0.0;0.0
Q5_20_seed_155876589;8150;Hash;8;Inner;;0;12500;12500;0;1.0;4586.84;4586.84;116;0.0;0;35.03;35.031;0.799;34.306;0.0;0.0;8154;Hash Join;11;Outer;;0;5;25;1;0.2;1.07;2.4;108;0.0;0;0.009;0.01;0.059;0.059;8157;Seq Scan;13;Outer;;1;1;0;0;0.2;0.0;1.06;4;5.0;0;0.0;0.0;0.0;0.0;8156;Hash;12;Inner;;0;1;1;0;1.0;1.06;1.06;4;0.0;0;0.057;0.057;0.0;0.0
Q5_21_seed_164080620;8170;Hash;8;Inner;;0;12500;12500;0;1.0;4586.84;4586.84;116;0.0;0;35.978;35.979;0.144;35.188;0.0;0.0;8174;Hash Join;11;Outer;;0;5;25;1;0.2;1.07;2.4;108;0.0;0;0.008;0.009;0.105;0.105;8177;Seq Scan;13;Outer;;1;1;0;0;0.2;0.0;1.06;4;5.0;0;0.0;0.0;0.0;0.0;8176;Hash;12;Inner;;0;1;1;0;1.0;1.06;1.06;4;0.0;0;0.102;0.102;0.0;0.0
Q5_22_seed_172284651;8190;Hash;8;Inner;;0;12500;12500;0;1.0;4586.84;4586.84;116;0.0;0;30.245;30.246;0.192;29.549;0.0;0.0;8194;Hash Join;11;Outer;;0;5;25;1;0.2;1.07;2.4;108;0.0;0;0.008;0.009;0.145;0.145;8197;Seq Scan;13;Outer;;1;1;0;0;0.2;0.0;1.06;4;5.0;0;0.0;0.0;0.0;0.0;8196;Hash;12;Inner;;0;1;1;0;1.0;1.06;1.06;4;0.0;0;0.142;0.142;0.0;0.0
Q5_23_seed_180488682;8210;Hash;8;Inner;;0;12500;12500;0;1.0;4586.84;4586.84;116;0.0;0;32.124;32.126;0.779;31.181;0.0;0.0;8214;Hash Join;11;Outer;;0;5;25;1;0.2;1.07;2.4;108;0.0;0;0.016;0.017;0.265;0.265;8217;Seq Scan;13;Outer;;1;1;0;0;0.2;0.0;1.06;4;5.0;0;0.0;0.0;0.0;0.0;8216;Hash;12;Inner;;0;1;1;0;1.0;1.06;1.06;4;0.0;0;0.261;0.262;0.0;0.0
Q5_24_seed_188692713;8230;Hash;8;Inner;;0;12500;12500;0;1.0;4586.84;4586.84;116;0.0;0;37.6;37.601;0.638;36.811;0.0;0.0;8234;Hash Join;11;Outer;;0;5;25;1;0.2;1.07;2.4;108;0.0;0;0.009;0.01;0.053;0.053;8237;Seq Scan;13;Outer;;1;1;0;0;0.2;0.0;1.06;4;5.0;0;0.0;0.0;0.0;0.0;8236;Hash;12;Inner;;0;1;1;0;1.0;1.06;1.06;4;0.0;0;0.05;0.051;0.0;0.0
Q5_25_seed_196896744;8250;Hash;8;Inner;;0;12500;12500;0;1.0;4586.84;4586.84;116;0.0;0;33.795;33.796;0.1;32.995;0.0;0.0;8254;Hash Join;11;Outer;;0;5;25;1;0.2;1.07;2.4;108;0.0;0;0.01;0.011;0.056;0.056;8257;Seq Scan;13;Outer;;1;1;0;0;0.2;0.0;1.06;4;5.0;0;0.0;0.0;0.0;0.0;8256;Hash;12;Inner;;0;1;1;0;1.0;1.06;1.06;4;0.0;0;0.054;0.054;0.0;0.0
Q5_26_seed_205100775;8270;Hash;8;Inner;;0;12500;12500;0;1.0;4586.84;4586.84;116;0.0;0;32.125;32.126;0.102;29.498;0.0;0.0;8274;Hash Join;11;Outer;;0;5;25;1;0.2;1.07;2.4;108;0.0;0;0.009;0.01;0.057;0.057;8277;Seq Scan;13;Outer;;1;1;0;0;0.2;0.0;1.06;4;5.0;0;0.0;0.0;0.0;0.0;8276;Hash;12;Inner;;0;1;1;0;1.0;1.06;1.06;4;0.0;0;0.054;0.054;0.0;0.0
Q5_27_seed_213304806;8290;Hash;8;Inner;;0;12500;12500;0;1.0;4586.84;4586.84;116;0.0;0;33.834;33.835;0.085;33.028;0.0;0.0;8294;Hash Join;11;Outer;;0;5;25;1;0.2;1.07;2.4;108;0.0;0;0.006;0.007;0.051;0.051;8297;Seq Scan;13;Outer;;1;1;0;0;0.2;0.0;1.06;4;5.0;0;0.0;0.0;0.0;0.0;8296;Hash;12;Inner;;0;1;1;0;1.0;1.06;1.06;4;0.0;0;0.048;0.048;0.0;0.0
Q5_28_seed_221508837;8310;Hash;8;Inner;;0;12500;12500;0;1.0;4586.84;4586.84;116;0.0;0;38.293;38.294;1.18;37.368;0.0;0.0;8314;Hash Join;11;Outer;;0;5;25;1;0.2;1.07;2.4;108;0.0;0;0.01;0.011;0.085;0.086;8317;Seq Scan;13;Outer;;1;1;0;0;0.2;0.0;1.06;4;5.0;0;0.0;0.0;0.0;0.0;8316;Hash;12;Inner;;0;1;1;0;1.0;1.06;1.06;4;0.0;0;0.082;0.082;0.0;0.0
Q5_29_seed_229712868;8330;Hash;8;Inner;;0;12500;12500;0;1.0;4586.84;4586.84;116;0.0;0;38.033;38.035;0.477;37.121;0.0;0.0;8334;Hash Join;11;Outer;;0;5;25;1;0.2;1.07;2.4;108;0.0;0;0.008;0.009;0.196;0.196;8337;Seq Scan;13;Outer;;1;1;0;0;0.2;0.0;1.06;4;5.0;0;0.0;0.0;0.0;0.0;8336;Hash;12;Inner;;0;1;1;0;1.0;1.06;1.06;4;0.0;0;0.192;0.192;0.0;0.0
Q5_2_seed_8204031;8350;Hash;8;Inner;;0;12500;12500;0;1.0;4586.84;4586.84;116;0.0;0;37.974;37.975;0.386;37.166;0.0;0.0;8354;Hash Join;11;Outer;;0;5;25;1;0.2;1.07;2.4;108;0.0;0;0.019;0.02;0.157;0.157;8357;Seq Scan;13;Outer;;1;1;0;0;0.2;0.0;1.06;4;5.0;0;0.0;0.0;0.0;0.0;8356;Hash;12;Inner;;0;1;1;0;1.0;1.06;1.06;4;0.0;0;0.155;0.155;0.0;0.0
Q5_30_seed_237916899;8370;Hash;8;Inner;;0;12500;12500;0;1.0;4586.84;4586.84;116;0.0;0;32.208;32.209;0.099;31.441;0.0;0.0;8374;Hash Join;11;Outer;;0;5;25;1;0.2;1.07;2.4;108;0.0;0;0.011;0.011;0.054;0.054;8377;Seq Scan;13;Outer;;1;1;0;0;0.2;0.0;1.06;4;5.0;0;0.0;0.0;0.0;0.0;8376;Hash;12;Inner;;0;1;1;0;1.0;1.06;1.06;4;0.0;0;0.051;0.051;0.0;0.0
Q5_31_seed_246120930;8390;Hash;8;Inner;;0;12500;12500;0;1.0;4586.84;4586.84;116;0.0;0;34.866;34.868;0.105;34.083;0.0;0.0;8394;Hash Join;11;Outer;;0;5;25;1;0.2;1.07;2.4;108;0.0;0;0.009;0.01;0.059;0.059;8397;Seq Scan;13;Outer;;1;1;0;0;0.2;0.0;1.06;4;5.0;0;0.0;0.0;0.0;0.0;8396;Hash;12;Inner;;0;1;1;0;1.0;1.06;1.06;4;0.0;0;0.056;0.056;0.0;0.0
Q5_32_seed_254324961;8410;Hash;8;Inner;;0;12500;12500;0;1.0;4586.84;4586.84;116;0.0;0;39.111;39.112;0.09;36.111;0.0;0.0;8414;Hash Join;11;Outer;;0;5;25;1;0.2;1.07;2.4;108;0.0;0;0.008;0.009;0.054;0.054;8417;Seq Scan;13;Outer;;1;1;0;0;0.2;0.0;1.06;4;5.0;0;0.0;0.0;0.0;0.0;8416;Hash;12;Inner;;0;1;1;0;1.0;1.06;1.06;4;0.0;0;0.051;0.051;0.0;0.0
Q5_33_seed_262528992;8430;Hash;8;Inner;;0;12500;12500;0;1.0;4586.84;4586.84;116;0.0;0;35.236;35.237;0.44;34.59;0.0;0.0;8434;Hash Join;11;Outer;;0;5;25;1;0.2;1.07;2.4;108;0.0;0;0.008;0.008;0.343;0.343;8437;Seq Scan;13;Outer;;1;1;0;0;0.2;0.0;1.06;4;5.0;0;0.0;0.0;0.0;0.0;8436;Hash;12;Inner;;0;1;1;0;1.0;1.06;1.06;4;0.0;0;0.34;0.341;0.0;0.0
Q5_34_seed_270733023;8450;Hash;8;Inner;;0;12500;12500;0;1.0;4586.84;4586.84;116;0.0;0;34.737;34.738;0.958;33.892;0.0;0.0;8454;Hash Join;11;Outer;;0;5;25;1;0.2;1.07;2.4;108;0.0;0;0.009;0.009;0.132;0.132;8457;Seq Scan;13;Outer;;1;1;0;0;0.2;0.0;1.06;4;5.0;0;0.0;0.0;0.0;0.0;8456;Hash;12;Inner;;0;1;1;0;1.0;1.06;1.06;4;0.0;0;0.13;0.13;0.0;0.0
Q5_35_seed_278937054;8470;Hash;8;Inner;;0;12500;12500;0;1.0;4586.84;4586.84;116;0.0;0;37.031;37.032;0.113;35.202;0.0;0.0;8474;Hash Join;11;Outer;;0;5;25;1;0.2;1.07;2.4;108;0.0;0;0.007;0.008;0.07;0.071;8477;Seq Scan;13;Outer;;1;1;0;0;0.2;0.0;1.06;4;5.0;0;0.0;0.0;0.0;0.0;8476;Hash;12;Inner;;0;1;1;0;1.0;1.06;1.06;4;0.0;0;0.067;0.068;0.0;0.0
Q5_36_seed_287141085;8490;Hash;8;Inner;;0;12500;12500;0;1.0;4586.84;4586.84;116;0.0;0;37.564;37.565;1.056;36.896;0.0;0.0;8494;Hash Join;11;Outer;;0;5;25;1;0.2;1.07;2.4;108;0.0;0;0.008;0.009;0.953;0.953;8497;Seq Scan;13;Outer;;1;1;0;0;0.2;0.0;1.06;4;5.0;0;0.0;0.0;0.0;0.0;8496;Hash;12;Inner;;0;1;1;0;1.0;1.06;1.06;4;0.0;0;0.947;0.948;0.0;0.0
Q5_37_seed_295345116;8510;Hash;8;Inner;;0;12500;12500;0;1.0;4586.84;4586.84;116;0.0;0;35.749;35.75;1.293;35.025;0.0;0.0;8514;Hash Join;11;Outer;;0;5;25;1;0.2;1.07;2.4;108;0.0;0;0.01;0.011;0.109;0.109;8517;Seq Scan;13;Outer;;1;1;0;0;0.2;0.0;1.06;4;5.0;0;0.0;0.0;0.0;0.0;8516;Hash;12;Inner;;0;1;1;0;1.0;1.06;1.06;4;0.0;0;0.105;0.105;0.0;0.0
Q5_38_seed_303549147;8530;Hash;8;Inner;;0;12500;12500;0;1.0;4586.84;4586.84;116;0.0;0;36.167;36.168;0.54;35.374;0.0;0.0;8534;Hash Join;11;Outer;;0;5;25;1;0.2;1.07;2.4;108;0.0;0;0.008;0.008;0.16;0.16;8537;Seq Scan;13;Outer;;1;1;0;0;0.2;0.0;1.06;4;5.0;0;0.0;0.0;0.0;0.0;8536;Hash;12;Inner;;0;1;1;0;1.0;1.06;1.06;4;0.0;0;0.156;0.156;0.0;0.0
Q5_39_seed_311753178;8550;Hash;8;Inner;;0;12500;12500;0;1.0;4586.84;4586.84;116;0.0;0;39.318;39.319;2.216;38.612;0.0;0.0;8554;Hash Join;11;Outer;;0;5;25;1;0.2;1.07;2.4;108;0.0;0;0.008;0.009;0.146;0.147;8557;Seq Scan;13;Outer;;1;1;0;0;0.2;0.0;1.06;4;5.0;0;0.0;0.0;0.0;0.0;8556;Hash;12;Inner;;0;1;1;0;1.0;1.06;1.06;4;0.0;0;0.143;0.144;0.0;0.0
Q5_3_seed_16408062;8570;Hash;8;Inner;;0;12500;12500;0;1.0;4586.84;4586.84;116;0.0;0;33.555;33.556;0.094;32.879;0.0;0.0;8574;Hash Join;11;Outer;;0;5;25;1;0.2;1.07;2.4;108;0.0;0;0.008;0.008;0.056;0.056;8577;Seq Scan;13;Outer;;1;1;0;0;0.2;0.0;1.06;4;5.0;0;0.0;0.0;0.0;0.0;8576;Hash;12;Inner;;0;1;1;0;1.0;1.06;1.06;4;0.0;0;0.054;0.054;0.0;0.0
Q5_40_seed_319957209;8590;Hash;8;Inner;;0;12500;12500;0;1.0;4586.84;4586.84;116;0.0;0;39.328;39.329;2.392;38.634;0.0;0.0;8594;Hash Join;11;Outer;;0;5;25;1;0.2;1.07;2.4;108;0.0;0;0.011;0.012;0.059;0.059;8597;Seq Scan;13;Outer;;1;1;0;0;0.2;0.0;1.06;4;5.0;0;0.0;0.0;0.0;0.0;8596;Hash;12;Inner;;0;1;1;0;1.0;1.06;1.06;4;0.0;0;0.056;0.057;0.0;0.0
Q5_41_seed_328161240;8610;Hash;8;Inner;;0;12500;12500;0;1.0;4586.84;4586.84;116;0.0;0;38.286;38.287;0.282;37.239;0.0;0.0;8614;Hash Join;11;Outer;;0;5;25;1;0.2;1.07;2.4;108;0.0;0;0.009;0.009;0.064;0.065;8617;Seq Scan;13;Outer;;1;1;0;0;0.2;0.0;1.06;4;5.0;0;0.0;0.0;0.0;0.0;8616;Hash;12;Inner;;0;1;1;0;1.0;1.06;1.06;4;0.0;0;0.061;0.061;0.0;0.0
Q5_42_seed_336365271;8630;Hash;8;Inner;;0;12500;12500;0;1.0;4586.84;4586.84;116;0.0;0;35.902;35.904;0.822;35.155;0.0;0.0;8634;Hash Join;11;Outer;;0;5;25;1;0.2;1.07;2.4;108;0.0;0;0.012;0.013;0.055;0.055;8637;Seq Scan;13;Outer;;1;1;0;0;0.2;0.0;1.06;4;5.0;0;0.0;0.0;0.0;0.0;8636;Hash;12;Inner;;0;1;1;0;1.0;1.06;1.06;4;0.0;0;0.051;0.051;0.0;0.0
Q5_43_seed_344569302;8650;Hash;8;Inner;;0;12500;12500;0;1.0;4586.84;4586.84;116;0.0;0;36.267;36.269;0.292;35.632;0.0;0.0;8654;Hash Join;11;Outer;;0;5;25;1;0.2;1.07;2.4;108;0.0;0;0.013;0.014;0.108;0.108;8657;Seq Scan;13;Outer;;1;1;0;0;0.2;0.0;1.06;4;5.0;0;0.0;0.0;0.0;0.0;8656;Hash;12;Inner;;0;1;1;0;1.0;1.06;1.06;4;0.0;0;0.104;0.104;0.0;0.0
Q5_44_seed_352773333;8670;Hash;8;Inner;;0;12500;12500;0;1.0;4586.84;4586.84;116;0.0;0;40.673;40.675;1.334;39.927;0.0;0.0;8674;Hash Join;11;Outer;;0;5;25;1;0.2;1.07;2.4;108;0.0;0;0.011;0.013;0.472;0.473;8677;Seq Scan;13;Outer;;1;1;0;0;0.2;0.0;1.06;4;5.0;0;0.0;0.0;0.0;0.0;8676;Hash;12;Inner;;0;1;1;0;1.0;1.06;1.06;4;0.0;0;0.469;0.469;0.0;0.0
Q5_45_seed_360977364;8690;Hash;8;Inner;;0;12500;12500;0;1.0;4586.84;4586.84;116;0.0;0;34.684;34.685;0.234;33.637;0.0;0.0;8694;Hash Join;11;Outer;;0;5;25;1;0.2;1.07;2.4;108;0.0;0;0.008;0.009;0.127;0.127;8697;Seq Scan;13;Outer;;1;1;0;0;0.2;0.0;1.06;4;5.0;0;0.0;0.0;0.0;0.0;8696;Hash;12;Inner;;0;1;1;0;1.0;1.06;1.06;4;0.0;0;0.124;0.124;0.0;0.0
Q5_46_seed_369181395;8710;Hash;8;Inner;;0;12500;12500;0;1.0;4586.84;4586.84;116;0.0;0;37.214;37.215;0.198;35.875;0.0;0.0;8714;Hash Join;11;Outer;;0;5;25;1;0.2;1.07;2.4;108;0.0;0;0.008;0.009;0.057;0.058;8717;Seq Scan;13;Outer;;1;1;0;0;0.2;0.0;1.06;4;5.0;0;0.0;0.0;0.0;0.0;8716;Hash;12;Inner;;0;1;1;0;1.0;1.06;1.06;4;0.0;0;0.055;0.055;0.0;0.0
Q5_47_seed_377385426;8730;Hash;8;Inner;;0;12500;12500;0;1.0;4586.84;4586.84;116;0.0;0;33.283;33.284;0.245;32.536;0.0;0.0;8734;Hash Join;11;Outer;;0;5;25;1;0.2;1.07;2.4;108;0.0;0;0.008;0.008;0.163;0.163;8737;Seq Scan;13;Outer;;1;1;0;0;0.2;0.0;1.06;4;5.0;0;0.0;0.0;0.0;0.0;8736;Hash;12;Inner;;0;1;1;0;1.0;1.06;1.06;4;0.0;0;0.159;0.16;0.0;0.0
Q5_48_seed_385589457;8750;Hash;8;Inner;;0;12500;12500;0;1.0;4586.84;4586.84;116;0.0;0;31.462;31.462;0.098;30.846;0.0;0.0;8754;Hash Join;11;Outer;;0;5;25;1;0.2;1.07;2.4;108;0.0;0;0.008;0.008;0.055;0.055;8757;Seq Scan;13;Outer;;1;1;0;0;0.2;0.0;1.06;4;5.0;0;0.0;0.0;0.0;0.0;8756;Hash;12;Inner;;0;1;1;0;1.0;1.06;1.06;4;0.0;0;0.053;0.053;0.0;0.0
Q5_49_seed_393793488;8770;Hash;8;Inner;;0;12500;12500;0;1.0;4586.84;4586.84;116;0.0;0;35.516;35.517;0.298;34.008;0.0;0.0;8774;Hash Join;11;Outer;;0;5;25;1;0.2;1.07;2.4;108;0.0;0;0.01;0.011;0.048;0.048;8777;Seq Scan;13;Outer;;1;1;0;0;0.2;0.0;1.06;4;5.0;0;0.0;0.0;0.0;0.0;8776;Hash;12;Inner;;0;1;1;0;1.0;1.06;1.06;4;0.0;0;0.046;0.046;0.0;0.0
Q5_4_seed_24612093;8790;Hash;8;Inner;;0;12500;12500;0;1.0;4586.84;4586.84;116;0.0;0;31.449;31.45;0.094;30.746;0.0;0.0;8794;Hash Join;11;Outer;;0;5;25;1;0.2;1.07;2.4;108;0.0;0;0.007;0.008;0.057;0.057;8797;Seq Scan;13;Outer;;1;1;0;0;0.2;0.0;1.06;4;5.0;0;0.0;0.0;0.0;0.0;8796;Hash;12;Inner;;0;1;1;0;1.0;1.06;1.06;4;0.0;0;0.055;0.055;0.0;0.0
Q5_50_seed_401997519;8810;Hash;8;Inner;;0;12500;12500;0;1.0;4586.84;4586.84;116;0.0;0;32.416;32.417;0.616;31.508;0.0;0.0;8814;Hash Join;11;Outer;;0;5;25;1;0.2;1.07;2.4;108;0.0;0;0.008;0.009;0.089;0.089;8817;Seq Scan;13;Outer;;1;1;0;0;0.2;0.0;1.06;4;5.0;0;0.0;0.0;0.0;0.0;8816;Hash;12;Inner;;0;1;1;0;1.0;1.06;1.06;4;0.0;0;0.086;0.086;0.0;0.0
Q5_51_seed_410201550;8830;Hash;8;Inner;;0;12500;12500;0;1.0;4586.84;4586.84;116;0.0;0;31.851;31.852;0.492;31.091;0.0;0.0;8834;Hash Join;11;Outer;;0;5;25;1;0.2;1.07;2.4;108;0.0;0;0.008;0.009;0.056;0.056;8837;Seq Scan;13;Outer;;1;1;0;0;0.2;0.0;1.06;4;5.0;0;0.0;0.0;0.0;0.0;8836;Hash;12;Inner;;0;1;1;0;1.0;1.06;1.06;4;0.0;0;0.054;0.054;0.0;0.0
Q5_52_seed_418405581;8850;Hash;8;Inner;;0;12500;12500;0;1.0;4586.84;4586.84;116;0.0;0;35.184;35.185;0.23;34.517;0.0;0.0;8854;Hash Join;11;Outer;;0;5;25;1;0.2;1.07;2.4;108;0.0;0;0.009;0.01;0.186;0.186;8857;Seq Scan;13;Outer;;1;1;0;0;0.2;0.0;1.06;4;5.0;0;0.0;0.0;0.0;0.0;8856;Hash;12;Inner;;0;1;1;0;1.0;1.06;1.06;4;0.0;0;0.183;0.184;0.0;0.0
Q5_53_seed_426609612;8870;Hash;8;Inner;;0;12500;12500;0;1.0;4586.84;4586.84;116;0.0;0;36.875;36.876;0.397;36.166;0.0;0.0;8874;Hash Join;11;Outer;;0;5;25;1;0.2;1.07;2.4;108;0.0;0;0.008;0.009;0.054;0.054;8877;Seq Scan;13;Outer;;1;1;0;0;0.2;0.0;1.06;4;5.0;0;0.0;0.0;0.0;0.0;8876;Hash;12;Inner;;0;1;1;0;1.0;1.06;1.06;4;0.0;0;0.05;0.05;0.0;0.0
Q5_54_seed_434813643;8890;Hash;8;Inner;;0;12500;12500;0;1.0;4586.84;4586.84;116;0.0;0;34.869;34.87;0.879;34.137;0.0;0.0;8894;Hash Join;11;Outer;;0;5;25;1;0.2;1.07;2.4;108;0.0;0;0.014;0.014;0.072;0.073;8897;Seq Scan;13;Outer;;1;1;0;0;0.2;0.0;1.06;4;5.0;0;0.0;0.0;0.0;0.0;8896;Hash;12;Inner;;0;1;1;0;1.0;1.06;1.06;4;0.0;0;0.069;0.07;0.0;0.0
Q5_55_seed_443017674;8910;Hash;8;Inner;;0;12500;12500;0;1.0;4586.84;4586.84;116;0.0;0;34.566;34.567;0.098;33.926;0.0;0.0;8914;Hash Join;11;Outer;;0;5;25;1;0.2;1.07;2.4;108;0.0;0;0.007;0.007;0.058;0.058;8917;Seq Scan;13;Outer;;1;1;0;0;0.2;0.0;1.06;4;5.0;0;0.0;0.0;0.0;0.0;8916;Hash;12;Inner;;0;1;1;0;1.0;1.06;1.06;4;0.0;0;0.054;0.054;0.0;0.0
Q5_56_seed_451221705;8930;Hash;8;Inner;;0;12500;12500;0;1.0;4586.84;4586.84;116;0.0;0;38.784;38.785;0.096;37.92;0.0;0.0;8934;Hash Join;11;Outer;;0;5;25;1;0.2;1.07;2.4;108;0.0;0;0.012;0.012;0.053;0.053;8937;Seq Scan;13;Outer;;1;1;0;0;0.2;0.0;1.06;4;5.0;0;0.0;0.0;0.0;0.0;8936;Hash;12;Inner;;0;1;1;0;1.0;1.06;1.06;4;0.0;0;0.05;0.05;0.0;0.0
Q5_57_seed_459425736;8950;Hash;8;Inner;;0;12500;12500;0;1.0;4586.84;4586.84;116;0.0;0;37.578;37.579;0.179;36.89;0.0;0.0;8954;Hash Join;11;Outer;;0;5;25;1;0.2;1.07;2.4;108;0.0;0;0.007;0.008;0.14;0.141;8957;Seq Scan;13;Outer;;1;1;0;0;0.2;0.0;1.06;4;5.0;0;0.0;0.0;0.0;0.0;8956;Hash;12;Inner;;0;1;1;0;1.0;1.06;1.06;4;0.0;0;0.137;0.137;0.0;0.0
Q5_58_seed_467629767;8970;Hash;8;Inner;;0;12500;12500;0;1.0;4586.84;4586.84;116;0.0;0;37.468;37.47;0.652;35.195;0.0;0.0;8974;Hash Join;11;Outer;;0;5;25;1;0.2;1.07;2.4;108;0.0;0;0.009;0.009;0.063;0.063;8977;Seq Scan;13;Outer;;1;1;0;0;0.2;0.0;1.06;4;5.0;0;0.0;0.0;0.0;0.0;8976;Hash;12;Inner;;0;1;1;0;1.0;1.06;1.06;4;0.0;0;0.06;0.06;0.0;0.0
Q5_59_seed_475833798;8990;Hash;8;Inner;;0;12500;12500;0;1.0;4586.84;4586.84;116;0.0;0;37.938;37.939;0.843;36.963;0.0;0.0;8994;Hash Join;11;Outer;;0;5;25;1;0.2;1.07;2.4;108;0.0;0;0.009;0.01;0.056;0.056;8997;Seq Scan;13;Outer;;1;1;0;0;0.2;0.0;1.06;4;5.0;0;0.0;0.0;0.0;0.0;8996;Hash;12;Inner;;0;1;1;0;1.0;1.06;1.06;4;0.0;0;0.053;0.054;0.0;0.0
Q5_5_seed_32816124;9010;Hash;8;Inner;;0;12500;12500;0;1.0;4586.84;4586.84;116;0.0;0;37.206;37.207;0.511;36.051;0.0;0.0;9014;Hash Join;11;Outer;;0;5;25;1;0.2;1.07;2.4;108;0.0;0;0.008;0.009;0.055;0.056;9017;Seq Scan;13;Outer;;1;1;0;0;0.2;0.0;1.06;4;5.0;0;0.0;0.0;0.0;0.0;9016;Hash;12;Inner;;0;1;1;0;1.0;1.06;1.06;4;0.0;0;0.052;0.052;0.0;0.0
Q5_60_seed_484037829;9030;Hash;8;Inner;;0;12500;12500;0;1.0;4586.84;4586.84;116;0.0;0;35.573;35.574;0.504;34.704;0.0;0.0;9034;Hash Join;11;Outer;;0;5;25;1;0.2;1.07;2.4;108;0.0;0;0.007;0.008;0.109;0.109;9037;Seq Scan;13;Outer;;1;1;0;0;0.2;0.0;1.06;4;5.0;0;0.0;0.0;0.0;0.0;9036;Hash;12;Inner;;0;1;1;0;1.0;1.06;1.06;4;0.0;0;0.105;0.106;0.0;0.0
Q5_61_seed_492241860;9050;Hash;8;Inner;;0;12500;12500;0;1.0;4586.84;4586.84;116;0.0;0;33.501;33.502;0.108;32.539;0.0;0.0;9054;Hash Join;11;Outer;;0;5;25;1;0.2;1.07;2.4;108;0.0;0;0.012;0.012;0.06;0.06;9057;Seq Scan;13;Outer;;1;1;0;0;0.2;0.0;1.06;4;5.0;0;0.0;0.0;0.0;0.0;9056;Hash;12;Inner;;0;1;1;0;1.0;1.06;1.06;4;0.0;0;0.056;0.057;0.0;0.0
Q5_62_seed_500445891;9070;Hash;8;Inner;;0;12500;12500;0;1.0;4586.84;4586.84;116;0.0;0;42.776;42.777;0.28;41.964;0.0;0.0;9074;Hash Join;11;Outer;;0;5;25;1;0.2;1.07;2.4;108;0.0;0;0.008;0.009;0.12;0.12;9077;Seq Scan;13;Outer;;1;1;0;0;0.2;0.0;1.06;4;5.0;0;0.0;0.0;0.0;0.0;9076;Hash;12;Inner;;0;1;1;0;1.0;1.06;1.06;4;0.0;0;0.117;0.118;0.0;0.0
Q5_63_seed_508649922;9090;Hash;8;Inner;;0;12500;12500;0;1.0;4586.84;4586.84;116;0.0;0;36.425;36.426;2.339;35.596;0.0;0.0;9094;Hash Join;11;Outer;;0;5;25;1;0.2;1.07;2.4;108;0.0;0;0.012;0.013;0.153;0.153;9097;Seq Scan;13;Outer;;1;1;0;0;0.2;0.0;1.06;4;5.0;0;0.0;0.0;0.0;0.0;9096;Hash;12;Inner;;0;1;1;0;1.0;1.06;1.06;4;0.0;0;0.15;0.15;0.0;0.0
Q5_64_seed_516853953;9110;Hash;8;Inner;;0;12500;12500;0;1.0;4586.84;4586.84;116;0.0;0;36.767;36.767;0.281;35.908;0.0;0.0;9114;Hash Join;11;Outer;;0;5;25;1;0.2;1.07;2.4;108;0.0;0;0.007;0.008;0.054;0.054;9117;Seq Scan;13;Outer;;1;1;0;0;0.2;0.0;1.06;4;5.0;0;0.0;0.0;0.0;0.0;9116;Hash;12;Inner;;0;1;1;0;1.0;1.06;1.06;4;0.0;0;0.05;0.05;0.0;0.0
Q5_65_seed_525057984;9130;Hash;8;Inner;;0;12500;12500;0;1.0;4586.84;4586.84;116;0.0;0;39.68;39.682;1.045;39.052;0.0;0.0;9134;Hash Join;11;Outer;;0;5;25;1;0.2;1.07;2.4;108;0.0;0;0.007;0.008;0.24;0.24;9137;Seq Scan;13;Outer;;1;1;0;0;0.2;0.0;1.06;4;5.0;0;0.0;0.0;0.0;0.0;9136;Hash;12;Inner;;0;1;1;0;1.0;1.06;1.06;4;0.0;0;0.237;0.237;0.0;0.0
Q5_66_seed_533262015;9150;Hash;8;Inner;;0;12500;12500;0;1.0;4586.84;4586.84;116;0.0;0;31.009;31.01;0.964;30.073;0.0;0.0;9154;Hash Join;11;Outer;;0;5;25;1;0.2;1.07;2.4;108;0.0;0;0.009;0.009;0.128;0.128;9157;Seq Scan;13;Outer;;1;1;0;0;0.2;0.0;1.06;4;5.0;0;0.0;0.0;0.0;0.0;9156;Hash;12;Inner;;0;1;1;0;1.0;1.06;1.06;4;0.0;0;0.126;0.126;0.0;0.0
Q5_67_seed_541466046;9170;Hash;8;Inner;;0;12500;12500;0;1.0;4586.84;4586.84;116;0.0;0;31.864;31.865;0.565;30.994;0.0;0.0;9174;Hash Join;11;Outer;;0;5;25;1;0.2;1.07;2.4;108;0.0;0;0.013;0.014;0.063;0.063;9177;Seq Scan;13;Outer;;1;1;0;0;0.2;0.0;1.06;4;5.0;0;0.0;0.0;0.0;0.0;9176;Hash;12;Inner;;0;1;1;0;1.0;1.06;1.06;4;0.0;0;0.055;0.055;0.0;0.0
Q5_68_seed_549670077;9190;Hash;8;Inner;;0;12500;12500;0;1.0;4586.84;4586.84;116;0.0;0;40.22;40.221;1.08;39.576;0.0;0.0;9194;Hash Join;11;Outer;;0;5;25;1;0.2;1.07;2.4;108;0.0;0;0.007;0.008;0.305;0.305;9197;Seq Scan;13;Outer;;1;1;0;0;0.2;0.0;1.06;4;5.0;0;0.0;0.0;0.0;0.0;9196;Hash;12;Inner;;0;1;1;0;1.0;1.06;1.06;4;0.0;0;0.302;0.302;0.0;0.0
Q5_69_seed_557874108;9210;Hash;8;Inner;;0;12500;12500;0;1.0;4586.84;4586.84;116;0.0;0;31.434;31.435;0.093;30.63;0.0;0.0;9214;Hash Join;11;Outer;;0;5;25;1;0.2;1.07;2.4;108;0.0;0;0.008;0.008;0.054;0.054;9217;Seq Scan;13;Outer;;1;1;0;0;0.2;0.0;1.06;4;5.0;0;0.0;0.0;0.0;0.0;9216;Hash;12;Inner;;0;1;1;0;1.0;1.06;1.06;4;0.0;0;0.051;0.051;0.0;0.0
Q5_6_seed_41020155;9230;Hash;8;Inner;;0;12500;12500;0;1.0;4586.84;4586.84;116;0.0;0;35.172;35.173;0.098;34.522;0.0;0.0;9234;Hash Join;11;Outer;;0;5;25;1;0.2;1.07;2.4;108;0.0;0;0.008;0.009;0.058;0.058;9237;Seq Scan;13;Outer;;1;1;0;0;0.2;0.0;1.06;4;5.0;0;0.0;0.0;0.0;0.0;9236;Hash;12;Inner;;0;1;1;0;1.0;1.06;1.06;4;0.0;0;0.054;0.054;0.0;0.0
Q5_70_seed_566078139;9250;Hash;8;Inner;;0;12500;12500;0;1.0;4586.84;4586.84;116;0.0;0;32.693;32.694;0.254;31.9;0.0;0.0;9254;Hash Join;11;Outer;;0;5;25;1;0.2;1.07;2.4;108;0.0;0;0.017;0.018;0.056;0.057;9257;Seq Scan;13;Outer;;1;1;0;0;0.2;0.0;1.06;4;5.0;0;0.0;0.0;0.0;0.0;9256;Hash;12;Inner;;0;1;1;0;1.0;1.06;1.06;4;0.0;0;0.054;0.054;0.0;0.0
Q5_71_seed_574282170;9270;Hash;8;Inner;;0;12500;12500;0;1.0;4586.84;4586.84;116;0.0;0;36.22;36.222;0.416;35.539;0.0;0.0;9274;Hash Join;11;Outer;;0;5;25;1;0.2;1.07;2.4;108;0.0;0;0.009;0.01;0.085;0.085;9277;Seq Scan;13;Outer;;1;1;0;0;0.2;0.0;1.06;4;5.0;0;0.0;0.0;0.0;0.0;9276;Hash;12;Inner;;0;1;1;0;1.0;1.06;1.06;4;0.0;0;0.083;0.083;0.0;0.0
Q5_72_seed_582486201;9290;Hash;8;Inner;;0;12500;12500;0;1.0;4586.84;4586.84;116;0.0;0;38.213;38.217;2.605;37.467;0.0;0.0;9294;Hash Join;11;Outer;;0;5;25;1;0.2;1.07;2.4;108;0.0;0;0.21;0.21;0.056;0.056;9297;Seq Scan;13;Outer;;1;1;0;0;0.2;0.0;1.06;4;5.0;0;0.0;0.0;0.0;0.0;9296;Hash;12;Inner;;0;1;1;0;1.0;1.06;1.06;4;0.0;0;0.053;0.053;0.0;0.0
Q5_73_seed_590690232;9310;Hash;8;Inner;;0;12500;12500;0;1.0;4586.84;4586.84;116;0.0;0;34.575;34.576;0.542;33.901;0.0;0.0;9314;Hash Join;11;Outer;;0;5;25;1;0.2;1.07;2.4;108;0.0;0;0.14;0.14;0.12;0.12;9317;Seq Scan;13;Outer;;1;1;0;0;0.2;0.0;1.06;4;5.0;0;0.0;0.0;0.0;0.0;9316;Hash;12;Inner;;0;1;1;0;1.0;1.06;1.06;4;0.0;0;0.117;0.117;0.0;0.0
Q5_74_seed_598894263;9330;Hash;8;Inner;;0;12500;12500;0;1.0;4586.84;4586.84;116;0.0;0;36.585;36.587;0.305;35.898;0.0;0.0;9334;Hash Join;11;Outer;;0;5;25;1;0.2;1.07;2.4;108;0.0;0;0.014;0.015;0.158;0.158;9337;Seq Scan;13;Outer;;1;1;0;0;0.2;0.0;1.06;4;5.0;0;0.0;0.0;0.0;0.0;9336;Hash;12;Inner;;0;1;1;0;1.0;1.06;1.06;4;0.0;0;0.147;0.147;0.0;0.0
Q5_75_seed_607098294;9350;Hash;8;Inner;;0;12500;12500;0;1.0;4586.84;4586.84;116;0.0;0;33.297;33.298;0.392;32.596;0.0;0.0;9354;Hash Join;11;Outer;;0;5;25;1;0.2;1.07;2.4;108;0.0;0;0.007;0.008;0.09;0.09;9357;Seq Scan;13;Outer;;1;1;0;0;0.2;0.0;1.06;4;5.0;0;0.0;0.0;0.0;0.0;9356;Hash;12;Inner;;0;1;1;0;1.0;1.06;1.06;4;0.0;0;0.086;0.086;0.0;0.0
Q5_76_seed_615302325;9370;Hash;8;Inner;;0;12500;12500;0;1.0;4586.84;4586.84;116;0.0;0;30.101;30.102;0.275;29.343;0.0;0.0;9374;Hash Join;11;Outer;;0;5;25;1;0.2;1.07;2.4;108;0.0;0;0.008;0.009;0.051;0.052;9377;Seq Scan;13;Outer;;1;1;0;0;0.2;0.0;1.06;4;5.0;0;0.0;0.0;0.0;0.0;9376;Hash;12;Inner;;0;1;1;0;1.0;1.06;1.06;4;0.0;0;0.049;0.049;0.0;0.0
Q5_77_seed_623506356;9390;Hash;8;Inner;;0;12500;12500;0;1.0;4586.84;4586.84;116;0.0;0;41.528;41.529;0.111;40.113;0.0;0.0;9394;Hash Join;11;Outer;;0;5;25;1;0.2;1.07;2.4;108;0.0;0;0.011;0.012;0.065;0.065;9397;Seq Scan;13;Outer;;1;1;0;0;0.2;0.0;1.06;4;5.0;0;0.0;0.0;0.0;0.0;9396;Hash;12;Inner;;0;1;1;0;1.0;1.06;1.06;4;0.0;0;0.062;0.063;0.0;0.0
Q5_78_seed_631710387;9410;Hash;8;Inner;;0;12500;12500;0;1.0;4586.84;4586.84;116;0.0;0;34.888;34.889;0.327;34.005;0.0;0.0;9414;Hash Join;11;Outer;;0;5;25;1;0.2;1.07;2.4;108;0.0;0;0.013;0.014;0.095;0.095;9417;Seq Scan;13;Outer;;1;1;0;0;0.2;0.0;1.06;4;5.0;0;0.0;0.0;0.0;0.0;9416;Hash;12;Inner;;0;1;1;0;1.0;1.06;1.06;4;0.0;0;0.092;0.092;0.0;0.0
Q5_79_seed_639914418;9430;Hash;8;Inner;;0;12500;12500;0;1.0;4586.84;4586.84;116;0.0;0;37.341;37.343;0.687;36.628;0.0;0.0;9434;Hash Join;11;Outer;;0;5;25;1;0.2;1.07;2.4;108;0.0;0;0.007;0.008;0.074;0.075;9437;Seq Scan;13;Outer;;1;1;0;0;0.2;0.0;1.06;4;5.0;0;0.0;0.0;0.0;0.0;9436;Hash;12;Inner;;0;1;1;0;1.0;1.06;1.06;4;0.0;0;0.071;0.071;0.0;0.0
Q5_7_seed_49224186;9450;Hash;8;Inner;;0;12500;12500;0;1.0;4586.84;4586.84;116;0.0;0;36.077;36.078;0.308;35.442;0.0;0.0;9454;Hash Join;11;Outer;;0;5;25;1;0.2;1.07;2.4;108;0.0;0;0.006;0.006;0.054;0.054;9457;Seq Scan;13;Outer;;1;1;0;0;0.2;0.0;1.06;4;5.0;0;0.0;0.0;0.0;0.0;9456;Hash;12;Inner;;0;1;1;0;1.0;1.06;1.06;4;0.0;0;0.051;0.051;0.0;0.0
Q5_80_seed_648118449;9470;Hash;8;Inner;;0;12500;12500;0;1.0;4586.84;4586.84;116;0.0;0;32.244;32.245;0.154;31.532;0.0;0.0;9474;Hash Join;11;Outer;;0;5;25;1;0.2;1.07;2.4;108;0.0;0;0.008;0.008;0.112;0.113;9477;Seq Scan;13;Outer;;1;1;0;0;0.2;0.0;1.06;4;5.0;0;0.0;0.0;0.0;0.0;9476;Hash;12;Inner;;0;1;1;0;1.0;1.06;1.06;4;0.0;0;0.11;0.11;0.0;0.0
Q5_81_seed_656322480;9490;Hash;8;Inner;;0;12500;12500;0;1.0;4586.84;4586.84;116;0.0;0;38.173;38.174;0.524;37.452;0.0;0.0;9494;Hash Join;11;Outer;;0;5;25;1;0.2;1.07;2.4;108;0.0;0;0.008;0.008;0.482;0.483;9497;Seq Scan;13;Outer;;1;1;0;0;0.2;0.0;1.06;4;5.0;0;0.0;0.0;0.0;0.0;9496;Hash;12;Inner;;0;1;1;0;1.0;1.06;1.06;4;0.0;0;0.479;0.48;0.0;0.0
Q5_82_seed_664526511;9510;Hash;8;Inner;;0;12500;12500;0;1.0;4586.84;4586.84;116;0.0;0;34.287;34.288;0.191;33.31;0.0;0.0;9514;Hash Join;11;Outer;;0;5;25;1;0.2;1.07;2.4;108;0.0;0;0.012;0.013;0.057;0.057;9517;Seq Scan;13;Outer;;1;1;0;0;0.2;0.0;1.06;4;5.0;0;0.0;0.0;0.0;0.0;9516;Hash;12;Inner;;0;1;1;0;1.0;1.06;1.06;4;0.0;0;0.054;0.055;0.0;0.0
Q5_83_seed_672730542;9530;Hash;8;Inner;;0;12500;12500;0;1.0;4586.84;4586.84;116;0.0;0;36.461;36.462;0.691;35.727;0.0;0.0;9534;Hash Join;11;Outer;;0;5;25;1;0.2;1.07;2.4;108;0.0;0;0.008;0.009;0.073;0.074;9537;Seq Scan;13;Outer;;1;1;0;0;0.2;0.0;1.06;4;5.0;0;0.0;0.0;0.0;0.0;9536;Hash;12;Inner;;0;1;1;0;1.0;1.06;1.06;4;0.0;0;0.07;0.071;0.0;0.0
Q5_84_seed_680934573;9550;Hash;8;Inner;;0;12500;12500;0;1.0;4586.84;4586.84;116;0.0;0;37.954;37.955;0.172;37.321;0.0;0.0;9554;Hash Join;11;Outer;;0;5;25;1;0.2;1.07;2.4;108;0.0;0;0.007;0.008;0.122;0.122;9557;Seq Scan;13;Outer;;1;1;0;0;0.2;0.0;1.06;4;5.0;0;0.0;0.0;0.0;0.0;9556;Hash;12;Inner;;0;1;1;0;1.0;1.06;1.06;4;0.0;0;0.119;0.12;0.0;0.0
Q5_85_seed_689138604;9570;Hash;8;Inner;;0;12500;12500;0;1.0;4586.84;4586.84;116;0.0;0;31.884;31.885;0.338;30.803;0.0;0.0;9574;Hash Join;11;Outer;;0;5;25;1;0.2;1.07;2.4;108;0.0;0;0.01;0.011;0.099;0.099;9577;Seq Scan;13;Outer;;1;1;0;0;0.2;0.0;1.06;4;5.0;0;0.0;0.0;0.0;0.0;9576;Hash;12;Inner;;0;1;1;0;1.0;1.06;1.06;4;0.0;0;0.097;0.097;0.0;0.0
Q5_86_seed_697342635;9590;Hash;8;Inner;;0;12500;12500;0;1.0;4586.84;4586.84;116;0.0;0;33.626;33.627;0.084;32.354;0.0;0.0;9594;Hash Join;11;Outer;;0;5;25;1;0.2;1.07;2.4;108;0.0;0;0.007;0.008;0.045;0.046;9597;Seq Scan;13;Outer;;1;1;0;0;0.2;0.0;1.06;4;5.0;0;0.0;0.0;0.0;0.0;9596;Hash;12;Inner;;0;1;1;0;1.0;1.06;1.06;4;0.0;0;0.043;0.043;0.0;0.0
Q5_87_seed_705546666;9610;Hash;8;Inner;;0;12500;12500;0;1.0;4586.84;4586.84;116;0.0;0;36.285;36.286;0.393;34.713;0.0;0.0;9614;Hash Join;11;Outer;;0;5;25;1;0.2;1.07;2.4;108;0.0;0;0.009;0.01;0.085;0.086;9617;Seq Scan;13;Outer;;1;1;0;0;0.2;0.0;1.06;4;5.0;0;0.0;0.0;0.0;0.0;9616;Hash;12;Inner;;0;1;1;0;1.0;1.06;1.06;4;0.0;0;0.08;0.08;0.0;0.0
Q5_88_seed_713750697;9630;Hash;8;Inner;;0;12500;12500;0;1.0;4586.84;4586.84;116;0.0;0;34.84;34.842;0.148;34.198;0.0;0.0;9634;Hash Join;11;Outer;;0;5;25;1;0.2;1.07;2.4;108;0.0;0;0.008;0.008;0.082;0.082;9637;Seq Scan;13;Outer;;1;1;0;0;0.2;0.0;1.06;4;5.0;0;0.0;0.0;0.0;0.0;9636;Hash;12;Inner;;0;1;1;0;1.0;1.06;1.06;4;0.0;0;0.08;0.08;0.0;0.0
Q5_89_seed_721954728;9650;Hash;8;Inner;;0;12500;12500;0;1.0;4586.84;4586.84;116;0.0;0;31.82;31.821;0.26;31.13;0.0;0.0;9654;Hash Join;11;Outer;;0;5;25;1;0.2;1.07;2.4;108;0.0;0;0.014;0.015;0.081;0.081;9657;Seq Scan;13;Outer;;1;1;0;0;0.2;0.0;1.06;4;5.0;0;0.0;0.0;0.0;0.0;9656;Hash;12;Inner;;0;1;1;0;1.0;1.06;1.06;4;0.0;0;0.078;0.078;0.0;0.0
Q5_8_seed_57428217;9670;Hash;8;Inner;;0;12500;12500;0;1.0;4586.84;4586.84;116;0.0;0;37.44;37.441;0.216;36.073;0.0;0.0;9674;Hash Join;11;Outer;;0;5;25;1;0.2;1.07;2.4;108;0.0;0;0.007;0.008;0.072;0.072;9677;Seq Scan;13;Outer;;1;1;0;0;0.2;0.0;1.06;4;5.0;0;0.0;0.0;0.0;0.0;9676;Hash;12;Inner;;0;1;1;0;1.0;1.06;1.06;4;0.0;0;0.07;0.07;0.0;0.0
Q5_90_seed_730158759;9690;Hash;8;Inner;;0;12500;12500;0;1.0;4586.84;4586.84;116;0.0;0;33.504;33.505;0.097;32.795;0.0;0.0;9694;Hash Join;11;Outer;;0;5;25;1;0.2;1.07;2.4;108;0.0;0;0.007;0.008;0.058;0.058;9697;Seq Scan;13;Outer;;1;1;0;0;0.2;0.0;1.06;4;5.0;0;0.0;0.0;0.0;0.0;9696;Hash;12;Inner;;0;1;1;0;1.0;1.06;1.06;4;0.0;0;0.055;0.055;0.0;0.0
Q5_91_seed_738362790;9710;Hash;8;Inner;;0;12500;12500;0;1.0;4586.84;4586.84;116;0.0;0;39.482;39.483;0.3;38.741;0.0;0.0;9714;Hash Join;11;Outer;;0;5;25;1;0.2;1.07;2.4;108;0.0;0;0.008;0.009;0.053;0.053;9717;Seq Scan;13;Outer;;1;1;0;0;0.2;0.0;1.06;4;5.0;0;0.0;0.0;0.0;0.0;9716;Hash;12;Inner;;0;1;1;0;1.0;1.06;1.06;4;0.0;0;0.051;0.051;0.0;0.0
Q5_92_seed_746566821;9730;Hash;8;Inner;;0;12500;12500;0;1.0;4586.84;4586.84;116;0.0;0;33.424;33.425;3.331;32.642;0.0;0.0;9734;Hash Join;11;Outer;;0;5;25;1;0.2;1.07;2.4;108;0.0;0;0.014;0.014;0.338;0.338;9737;Seq Scan;13;Outer;;1;1;0;0;0.2;0.0;1.06;4;5.0;0;0.0;0.0;0.0;0.0;9736;Hash;12;Inner;;0;1;1;0;1.0;1.06;1.06;4;0.0;0;0.334;0.334;0.0;0.0
Q5_93_seed_754770852;9750;Hash;8;Inner;;0;12500;12500;0;1.0;4586.84;4586.84;116;0.0;0;35.021;35.022;1.901;33.517;0.0;0.0;9754;Hash Join;11;Outer;;0;5;25;1;0.2;1.07;2.4;108;0.0;0;0.011;0.012;0.07;0.071;9757;Seq Scan;13;Outer;;1;1;0;0;0.2;0.0;1.06;4;5.0;0;0.0;0.0;0.0;0.0;9756;Hash;12;Inner;;0;1;1;0;1.0;1.06;1.06;4;0.0;0;0.066;0.066;0.0;0.0
Q5_94_seed_762974883;9770;Hash;8;Inner;;0;12500;12500;0;1.0;4586.84;4586.84;116;0.0;0;33.465;33.466;0.09;32.569;0.0;0.0;9774;Hash Join;11;Outer;;0;5;25;1;0.2;1.07;2.4;108;0.0;0;0.008;0.008;0.052;0.052;9777;Seq Scan;13;Outer;;1;1;0;0;0.2;0.0;1.06;4;5.0;0;0.0;0.0;0.0;0.0;9776;Hash;12;Inner;;0;1;1;0;1.0;1.06;1.06;4;0.0;0;0.049;0.05;0.0;0.0
Q5_95_seed_771178914;9790;Hash;8;Inner;;0;12500;12500;0;1.0;4586.84;4586.84;116;0.0;0;35.717;35.718;0.266;35.035;0.0;0.0;9794;Hash Join;11;Outer;;0;5;25;1;0.2;1.07;2.4;108;0.0;0;0.008;0.008;0.136;0.136;9797;Seq Scan;13;Outer;;1;1;0;0;0.2;0.0;1.06;4;5.0;0;0.0;0.0;0.0;0.0;9796;Hash;12;Inner;;0;1;1;0;1.0;1.06;1.06;4;0.0;0;0.132;0.132;0.0;0.0
Q5_96_seed_779382945;9810;Hash;8;Inner;;0;12500;12500;0;1.0;4586.84;4586.84;116;0.0;0;38.359;38.36;0.655;37.61;0.0;0.0;9814;Hash Join;11;Outer;;0;5;25;1;0.2;1.07;2.4;108;0.0;0;0.009;0.01;0.055;0.055;9817;Seq Scan;13;Outer;;1;1;0;0;0.2;0.0;1.06;4;5.0;0;0.0;0.0;0.0;0.0;9816;Hash;12;Inner;;0;1;1;0;1.0;1.06;1.06;4;0.0;0;0.051;0.051;0.0;0.0
Q5_97_seed_787586976;9830;Hash;8;Inner;;0;12500;12500;0;1.0;4586.84;4586.84;116;0.0;0;37.078;37.079;0.176;36.168;0.0;0.0;9834;Hash Join;11;Outer;;0;5;25;1;0.2;1.07;2.4;108;0.0;0;0.013;0.014;0.085;0.086;9837;Seq Scan;13;Outer;;1;1;0;0;0.2;0.0;1.06;4;5.0;0;0.0;0.0;0.0;0.0;9836;Hash;12;Inner;;0;1;1;0;1.0;1.06;1.06;4;0.0;0;0.081;0.082;0.0;0.0
Q5_98_seed_795791007;9850;Hash;8;Inner;;0;12500;12500;0;1.0;4586.84;4586.84;116;0.0;0;34.527;34.529;0.992;33.814;0.0;0.0;9854;Hash Join;11;Outer;;0;5;25;1;0.2;1.07;2.4;108;0.0;0;0.013;0.014;0.354;0.355;9857;Seq Scan;13;Outer;;1;1;0;0;0.2;0.0;1.06;4;5.0;0;0.0;0.0;0.0;0.0;9856;Hash;12;Inner;;0;1;1;0;1.0;1.06;1.06;4;0.0;0;0.35;0.35;0.0;0.0
Q5_99_seed_803995038;9870;Hash;8;Inner;;0;12500;12500;0;1.0;4586.84;4586.84;116;0.0;0;34.544;34.545;0.24;33.769;0.0;0.0;9874;Hash Join;11;Outer;;0;5;25;1;0.2;1.07;2.4;108;0.0;0;0.008;0.009;0.054;0.054;9877;Seq Scan;13;Outer;;1;1;0;0;0.2;0.0;1.06;4;5.0;0;0.0;0.0;0.0;0.0;9876;Hash;12;Inner;;0;1;1;0;1.0;1.06;1.06;4;0.0;0;0.052;0.052;0.0;0.0
Q5_9_seed_65632248;9890;Hash;8;Inner;;0;12500;12500;0;1.0;4586.84;4586.84;116;0.0;0;34.177;34.178;1.249;33.036;0.0;0.0;9894;Hash Join;11;Outer;;0;5;25;1;0.2;1.07;2.4;108;0.0;0;0.008;0.009;0.055;0.056;9897;Seq Scan;13;Outer;;1;1;0;0;0.2;0.0;1.06;4;5.0;0;0.0;0.0;0.0;0.0;9896;Hash;12;Inner;;0;1;1;0;1.0;1.06;1.06;4;0.0;0;0.053;0.053;0.0;0.0
