query_file;IncrementalSort_node_id;IncrementalSort_node_type;IncrementalSort_depth;IncrementalSort_parent_relationship;IncrementalSort_subplan_name;IncrementalSort_np;IncrementalSort_nt;IncrementalSort_nt1;IncrementalSort_nt2;IncrementalSort_sel;IncrementalSort_startup_cost;IncrementalSort_total_cost;IncrementalSort_plan_width;IncrementalSort_reltuples;IncrementalSort_parallel_workers;actual_startup_time;actual_total_time;IncrementalSort_st1;IncrementalSort_rt1;IncrementalSort_st2;IncrementalSort_rt2;NestedLoop_Outer_node_id;NestedLoop_Outer_node_type;NestedLoop_Outer_depth;NestedLoop_Outer_parent_relationship;NestedLoop_Outer_subplan_name;NestedLoop_Outer_np;NestedLoop_Outer_nt;NestedLoop_Outer_nt1;NestedLoop_Outer_nt2;NestedLoop_Outer_sel;NestedLoop_Outer_startup_cost;NestedLoop_Outer_total_cost;NestedLoop_Outer_plan_width;NestedLoop_Outer_reltuples;NestedLoop_Outer_parallel_workers;NestedLoop_Outer_st1;NestedLoop_Outer_rt1;NestedLoop_Outer_st2;NestedLoop_Outer_rt2;MergeJoin_Outer_node_id;MergeJoin_Outer_node_type;MergeJoin_Outer_depth;MergeJoin_Outer_parent_relationship;MergeJoin_Outer_subplan_name;MergeJoin_Outer_np;MergeJoin_Outer_nt;MergeJoin_Outer_nt1;MergeJoin_Outer_nt2;MergeJoin_Outer_sel;MergeJoin_Outer_startup_cost;MergeJoin_Outer_total_cost;MergeJoin_Outer_plan_width;MergeJoin_Outer_reltuples;MergeJoin_Outer_parallel_workers;MergeJoin_Outer_st1;MergeJoin_Outer_rt1;MergeJoin_Outer_st2;MergeJoin_Outer_rt2;Sort_Outer_node_id;Sort_Outer_node_type;Sort_Outer_depth;Sort_Outer_parent_relationship;Sort_Outer_subplan_name;Sort_Outer_np;Sort_Outer_nt;Sort_Outer_nt1;Sort_Outer_nt2;Sort_Outer_sel;Sort_Outer_startup_cost;Sort_Outer_total_cost;Sort_Outer_plan_width;Sort_Outer_reltuples;Sort_Outer_parallel_workers;Sort_Outer_st1;Sort_Outer_rt1;Sort_Outer_st2;Sort_Outer_rt2;Sort_Inner_node_id;Sort_Inner_node_type;Sort_Inner_depth;Sort_Inner_parent_relationship;Sort_Inner_subplan_name;Sort_Inner_np;Sort_Inner_nt;Sort_Inner_nt1;Sort_Inner_nt2;Sort_Inner_sel;Sort_Inner_startup_cost;Sort_Inner_total_cost;Sort_Inner_plan_width;Sort_Inner_reltuples;Sort_Inner_parallel_workers;Sort_Inner_st1;Sort_Inner_rt1;Sort_Inner_st2;Sort_Inner_rt2;IndexScan_Inner_node_id;IndexScan_Inner_node_type;IndexScan_Inner_depth;IndexScan_Inner_parent_relationship;IndexScan_Inner_subplan_name;IndexScan_Inner_np;IndexScan_Inner_nt;IndexScan_Inner_nt1;IndexScan_Inner_nt2;IndexScan_Inner_sel;IndexScan_Inner_startup_cost;IndexScan_Inner_total_cost;IndexScan_Inner_plan_width;IndexScan_Inner_reltuples;IndexScan_Inner_parallel_workers
Q18_100_seed_812199069;28824;Incremental Sort;4;Outer;;0;526215;526215;0;1.0;340523.43;445005.33;44;0.0;0;2872.44;2872.442;2869.642;2872.384;0.0;0.0;28825;Nested Loop;5;Outer;;0;526215;131527;5;0.8001627042356322;340522.8;430663.58;44;0.0;0;2869.611;2872.325;0.022;0.023;28826;Merge Join;6;Outer;;0;131527;131527;150000;6.666666666666667e-06;340522.36;343245.24;43;0.0;0;2816.491;2816.492;69.272;71.662;28827;Sort;7;Outer;;0;131527;131527;0;1.0;322526.4;322855.22;24;0.0;0;2710.773;2816.479;0.0;0.0;28833;Sort;7;Inner;;0;150000;150000;0;1.0;17995.95;18370.95;23;0.0;0;0.05;60.026;0.0;0.0;28835;Index Scan;6;Inner;;112600;5;0;0;8.331646174982899e-07;0.43;0.61;9;6001215.0;0
Q18_101_seed_820403100;28840;Incremental Sort;4;Outer;;0;526215;526215;0;1.0;340523.43;445005.33;44;0.0;0;2918.847;2918.849;2916.826;2918.795;0.0;0.0;28841;Nested Loop;5;Outer;;0;526215;131527;5;0.8001627042356322;340522.8;430663.58;44;0.0;0;2916.798;2918.745;0.018;0.019;28842;Merge Join;6;Outer;;0;131527;131527;150000;6.666666666666667e-06;340522.36;343245.24;43;0.0;0;2866.9;2866.901;63.747;66.231;28843;Sort;7;Outer;;0;131527;131527;0;1.0;322526.4;322855.22;24;0.0;0;2744.523;2866.892;0.0;0.0;28849;Sort;7;Inner;;0;150000;150000;0;1.0;17995.95;18370.95;23;0.0;0;0.044;54.531;0.0;0.0;28851;Index Scan;6;Inner;;112600;5;0;0;8.331646174982899e-07;0.43;0.61;9;6001215.0;0
Q18_102_seed_828607131;28856;Incremental Sort;4;Outer;;0;526215;526215;0;1.0;340523.43;445005.33;44;0.0;0;2919.547;2919.549;2916.607;2919.502;0.0;0.0;28857;Nested Loop;5;Outer;;0;526215;131527;5;0.8001627042356322;340522.8;430663.58;44;0.0;0;2916.57;2919.444;0.021;0.022;28858;Merge Join;6;Outer;;0;131527;131527;150000;6.666666666666667e-06;340522.36;343245.24;43;0.0;0;2852.107;2852.109;61.668;64.204;28859;Sort;7;Outer;;0;131527;131527;0;1.0;322526.4;322855.22;24;0.0;0;2728.894;2852.091;0.0;0.0;28865;Sort;7;Inner;;0;150000;150000;0;1.0;17995.95;18370.95;23;0.0;0;0.081;51.898;0.0;0.0;28867;Index Scan;6;Inner;;112600;5;0;0;8.331646174982899e-07;0.43;0.61;9;6001215.0;0
Q18_103_seed_836811162;28872;Incremental Sort;4;Outer;;0;526215;526215;0;1.0;340523.43;445005.33;44;0.0;0;2923.399;2923.401;2920.587;2923.335;0.0;0.0;28873;Nested Loop;5;Outer;;0;526215;131527;5;0.8001627042356322;340522.8;430663.58;44;0.0;0;2920.543;2923.258;0.026;0.027;28874;Merge Join;6;Outer;;0;131527;131527;150000;6.666666666666667e-06;340522.36;343245.24;43;0.0;0;2851.937;2851.939;65.041;67.632;28875;Sort;7;Outer;;0;131527;131527;0;1.0;322526.4;322855.22;24;0.0;0;2731.915;2851.922;0.0;0.0;28881;Sort;7;Inner;;0;150000;150000;0;1.0;17995.95;18370.95;23;0.0;0;0.038;54.229;0.0;0.0;28883;Index Scan;6;Inner;;112600;5;0;0;8.331646174982899e-07;0.43;0.61;9;6001215.0;0
Q18_105_seed_853219224;28904;Incremental Sort;4;Outer;;0;526215;526215;0;1.0;340523.43;445005.33;44;0.0;0;2887.344;2887.345;2884.852;2887.287;0.0;0.0;28905;Nested Loop;5;Outer;;0;526215;131527;5;0.8001627042356322;340522.8;430663.58;44;0.0;0;2884.83;2887.236;0.017;0.018;28906;Merge Join;6;Outer;;0;131527;131527;150000;6.666666666666667e-06;340522.36;343245.24;43;0.0;0;2837.284;2837.285;61.219;63.718;28907;Sort;7;Outer;;0;131527;131527;0;1.0;322526.4;322855.22;24;0.0;0;2724.998;2837.274;0.0;0.0;28913;Sort;7;Inner;;0;150000;150000;0;1.0;17995.95;18370.95;23;0.0;0;0.043;52.189;0.0;0.0;28915;Index Scan;6;Inner;;112600;5;0;0;8.331646174982899e-07;0.43;0.61;9;6001215.0;0
Q18_106_seed_861423255;28920;Incremental Sort;4;Outer;;0;526215;526215;0;1.0;340523.43;445005.33;44;0.0;0;2911.538;2911.54;2909.382;2911.482;0.0;0.0;28921;Nested Loop;5;Outer;;0;526215;131527;5;0.8001627042356322;340522.8;430663.58;44;0.0;0;2909.347;2911.427;0.02;0.021;28922;Merge Join;6;Outer;;0;131527;131527;150000;6.666666666666667e-06;340522.36;343245.24;43;0.0;0;2839.568;2839.57;65.838;68.527;28923;Sort;7;Outer;;0;131527;131527;0;1.0;322526.4;322855.22;24;0.0;0;2695.605;2839.557;0.0;0.0;28929;Sort;7;Inner;;0;150000;150000;0;1.0;17995.95;18370.95;23;0.0;0;0.052;55.038;0.0;0.0;28931;Index Scan;6;Inner;;112600;5;0;0;8.331646174982899e-07;0.43;0.61;9;6001215.0;0
Q18_107_seed_869627286;28936;Incremental Sort;4;Outer;;0;526215;526215;0;1.0;340523.43;445005.33;44;0.0;0;2908.136;2908.137;2905.62;2908.085;0.0;0.0;28937;Nested Loop;5;Outer;;0;526215;131527;5;0.8001627042356322;340522.8;430663.58;44;0.0;0;2905.592;2908.029;0.02;0.021;28938;Merge Join;6;Outer;;0;131527;131527;150000;6.666666666666667e-06;340522.36;343245.24;43;0.0;0;2853.898;2853.899;66.329;69.241;28939;Sort;7;Outer;;0;131527;131527;0;1.0;322526.4;322855.22;24;0.0;0;2735.378;2853.887;0.0;0.0;28945;Sort;7;Inner;;0;150000;150000;0;1.0;17995.95;18370.95;23;0.0;0;0.124;56.392;0.0;0.0;28947;Index Scan;6;Inner;;112600;5;0;0;8.331646174982899e-07;0.43;0.61;9;6001215.0;0
Q18_108_seed_877831317;28952;Incremental Sort;4;Outer;;0;526215;526215;0;1.0;340523.43;445005.33;44;0.0;0;2888.08;2888.082;2886.301;2888.036;0.0;0.0;28953;Nested Loop;5;Outer;;0;526215;131527;5;0.8001627042356322;340522.8;430663.58;44;0.0;0;2886.259;2887.969;0.024;0.025;28954;Merge Join;6;Outer;;0;131527;131527;150000;6.666666666666667e-06;340522.36;343245.24;43;0.0;0;2820.583;2820.585;63.159;65.087;28955;Sort;7;Outer;;0;131527;131527;0;1.0;322526.4;322855.22;24;0.0;0;2685.642;2820.574;0.0;0.0;28961;Sort;7;Inner;;0;150000;150000;0;1.0;17995.95;18370.95;23;0.0;0;0.052;53.338;0.0;0.0;28963;Index Scan;6;Inner;;112600;5;0;0;8.331646174982899e-07;0.43;0.61;9;6001215.0;0
Q18_10_seed_73836279;28984;Incremental Sort;4;Outer;;0;526215;526215;0;1.0;340523.43;445005.33;44;0.0;0;2886.228;2886.23;2883.894;2886.181;0.0;0.0;28985;Nested Loop;5;Outer;;0;526215;131527;5;0.8001627042356322;340522.8;430663.58;44;0.0;0;2883.865;2886.124;0.021;0.022;28986;Merge Join;6;Outer;;0;131527;131527;150000;6.666666666666667e-06;340522.36;343245.24;43;0.0;0;2836.123;2836.124;60.911;63.492;28987;Sort;7;Outer;;0;131527;131527;0;1.0;322526.4;322855.22;24;0.0;0;2730.745;2836.112;0.0;0.0;28993;Sort;7;Inner;;0;150000;150000;0;1.0;17995.95;18370.95;23;0.0;0;0.097;51.8;0.0;0.0;28995;Index Scan;6;Inner;;112600;5;0;0;8.331646174982899e-07;0.43;0.61;9;6001215.0;0
Q18_110_seed_894239379;29000;Incremental Sort;4;Outer;;0;526215;526215;0;1.0;340523.43;445005.33;44;0.0;0;2912.281;2912.283;2909.987;2912.229;0.0;0.0;29001;Nested Loop;5;Outer;;0;526215;131527;5;0.8001627042356322;340522.8;430663.58;44;0.0;0;2909.946;2912.166;0.023;0.024;29002;Merge Join;6;Outer;;0;131527;131527;150000;6.666666666666667e-06;340522.36;343245.24;43;0.0;0;2842.134;2842.135;64.897;67.48;29003;Sort;7;Outer;;0;131527;131527;0;1.0;322526.4;322855.22;24;0.0;0;2714.307;2842.124;0.0;0.0;29009;Sort;7;Inner;;0;150000;150000;0;1.0;17995.95;18370.95;23;0.0;0;0.048;53.674;0.0;0.0;29011;Index Scan;6;Inner;;112600;5;0;0;8.331646174982899e-07;0.43;0.61;9;6001215.0;0
Q18_112_seed_910647441;29032;Incremental Sort;4;Outer;;0;526215;526215;0;1.0;340523.43;445005.33;44;0.0;0;2877.948;2877.951;2875.244;2877.898;0.0;0.0;29033;Nested Loop;5;Outer;;0;526215;131527;5;0.8001627042356322;340522.8;430663.58;44;0.0;0;2875.204;2877.835;0.021;0.022;29034;Merge Join;6;Outer;;0;131527;131527;150000;6.666666666666667e-06;340522.36;343245.24;43;0.0;0;2805.69;2805.692;66.533;69.086;29035;Sort;7;Outer;;0;131527;131527;0;1.0;322526.4;322855.22;24;0.0;0;2689.715;2805.68;0.0;0.0;29041;Sort;7;Inner;;0;150000;150000;0;1.0;17995.95;18370.95;23;0.0;0;0.051;56.27;0.0;0.0;29043;Index Scan;6;Inner;;112600;5;0;0;8.331646174982899e-07;0.43;0.61;9;6001215.0;0
Q18_113_seed_918851472;29048;Incremental Sort;4;Outer;;0;526215;526215;0;1.0;340523.43;445005.33;44;0.0;0;2919.612;2919.614;2917.512;2919.564;0.0;0.0;29049;Nested Loop;5;Outer;;0;526215;131527;5;0.8001627042356322;340522.8;430663.58;44;0.0;0;2917.482;2919.509;0.018;0.019;29050;Merge Join;6;Outer;;0;131527;131527;150000;6.666666666666667e-06;340522.36;343245.24;43;0.0;0;2867.801;2867.802;63.643;66.1;29051;Sort;7;Outer;;0;131527;131527;0;1.0;322526.4;322855.22;24;0.0;0;2755.233;2867.789;0.0;0.0;29057;Sort;7;Inner;;0;150000;150000;0;1.0;17995.95;18370.95;23;0.0;0;0.055;54.496;0.0;0.0;29059;Index Scan;6;Inner;;112600;5;0;0;8.331646174982899e-07;0.43;0.61;9;6001215.0;0
Q18_115_seed_935259534;29080;Incremental Sort;4;Outer;;0;526215;526215;0;1.0;340523.43;445005.33;44;0.0;0;2944.525;2944.527;2941.458;2944.469;0.0;0.0;29081;Nested Loop;5;Outer;;0;526215;131527;5;0.8001627042356322;340522.8;430663.58;44;0.0;0;2941.43;2944.417;0.02;0.021;29082;Merge Join;6;Outer;;0;131527;131527;150000;6.666666666666667e-06;340522.36;343245.24;43;0.0;0;2894.77;2894.771;60.621;63.188;29083;Sort;7;Outer;;0;131527;131527;0;1.0;322526.4;322855.22;24;0.0;0;2809.45;2894.761;0.0;0.0;29089;Sort;7;Inner;;0;150000;150000;0;1.0;17995.95;18370.95;23;0.0;0;0.087;51.491;0.0;0.0;29091;Index Scan;6;Inner;;112600;5;0;0;8.331646174982899e-07;0.43;0.61;9;6001215.0;0
Q18_116_seed_943463565;29096;Incremental Sort;4;Outer;;0;526215;526215;0;1.0;340523.43;445005.33;44;0.0;0;2916.832;2916.833;2914.289;2916.788;0.0;0.0;29097;Nested Loop;5;Outer;;0;526215;131527;5;0.8001627042356322;340522.8;430663.58;44;0.0;0;2913.176;2915.651;0.501;0.502;29098;Merge Join;6;Outer;;0;131527;131527;150000;6.666666666666667e-06;340522.36;343245.24;43;0.0;0;2840.708;2840.71;69.317;71.745;29099;Sort;7;Outer;;0;131527;131527;0;1.0;322526.4;322855.22;24;0.0;0;2692.361;2840.698;0.0;0.0;29105;Sort;7;Inner;;0;150000;150000;0;1.0;17995.95;18370.95;23;0.0;0;0.044;58.235;0.0;0.0;29107;Index Scan;6;Inner;;112600;5;0;0;8.331646174982899e-07;0.43;0.61;9;6001215.0;0
Q18_117_seed_951667596;29112;Incremental Sort;4;Outer;;0;526215;526215;0;1.0;340523.43;445005.33;44;0.0;0;2867.736;2867.765;2866.023;2867.719;0.0;0.0;29113;Nested Loop;5;Outer;;0;526215;131527;5;0.8001627042356322;340522.8;430663.58;44;0.0;0;2866.007;2867.684;0.013;0.014;29114;Merge Join;6;Outer;;0;131527;131527;150000;6.666666666666667e-06;340522.36;343245.24;43;0.0;0;2835.152;2835.153;60.214;62.425;29115;Sort;7;Outer;;0;131527;131527;0;1.0;322526.4;322855.22;24;0.0;0;2750.759;2835.144;0.0;0.0;29121;Sort;7;Inner;;0;150000;150000;0;1.0;17995.95;18370.95;23;0.0;0;0.034;51.263;0.0;0.0;29123;Index Scan;6;Inner;;112600;5;0;0;8.331646174982899e-07;0.43;0.61;9;6001215.0;0
Q18_118_seed_959871627;29128;Incremental Sort;4;Outer;;0;526215;526215;0;1.0;340523.43;445005.33;44;0.0;0;2891.083;2891.085;2888.961;2891.035;0.0;0.0;29129;Nested Loop;5;Outer;;0;526215;131527;5;0.8001627042356322;340522.8;430663.58;44;0.0;0;2888.937;2890.987;0.018;0.018;29130;Merge Join;6;Outer;;0;131527;131527;150000;6.666666666666667e-06;340522.36;343245.24;43;0.0;0;2841.382;2841.383;61.903;63.854;29131;Sort;7;Outer;;0;131527;131527;0;1.0;322526.4;322855.22;24;0.0;0;2756.886;2841.372;0.0;0.0;29137;Sort;7;Inner;;0;150000;150000;0;1.0;17995.95;18370.95;23;0.0;0;0.083;52.943;0.0;0.0;29139;Index Scan;6;Inner;;112600;5;0;0;8.331646174982899e-07;0.43;0.61;9;6001215.0;0
Q18_11_seed_82040310;29160;Incremental Sort;4;Outer;;0;526215;526215;0;1.0;340523.43;445005.33;44;0.0;0;2885.774;2885.776;2882.006;2884.969;0.0;0.0;29161;Nested Loop;5;Outer;;0;526215;131527;5;0.8001627042356322;340522.8;430663.58;44;0.0;0;2881.964;2884.911;0.021;0.022;29162;Merge Join;6;Outer;;0;131527;131527;150000;6.666666666666667e-06;340522.36;343245.24;43;0.0;0;2816.196;2816.198;63.377;65.805;29163;Sort;7;Outer;;0;131527;131527;0;1.0;322526.4;322855.22;24;0.0;0;2678.775;2816.168;0.0;0.0;29169;Sort;7;Inner;;0;150000;150000;0;1.0;17995.95;18370.95;23;0.0;0;0.056;53.803;0.0;0.0;29171;Index Scan;6;Inner;;112600;5;0;0;8.331646174982899e-07;0.43;0.61;9;6001215.0;0
Q18_120_seed_976279689;29176;Incremental Sort;4;Outer;;0;526215;526215;0;1.0;340523.43;445005.33;44;0.0;0;2896.503;2896.504;2894.584;2896.456;0.0;0.0;29177;Nested Loop;5;Outer;;0;526215;131527;5;0.8001627042356322;340522.8;430663.58;44;0.0;0;2894.543;2896.397;0.02;0.022;29178;Merge Join;6;Outer;;0;131527;131527;150000;6.666666666666667e-06;340522.36;343245.24;43;0.0;0;2829.207;2829.208;62.84;64.809;29179;Sort;7;Outer;;0;131527;131527;0;1.0;322526.4;322855.22;24;0.0;0;2701.771;2829.195;0.0;0.0;29185;Sort;7;Inner;;0;150000;150000;0;1.0;17995.95;18370.95;23;0.0;0;0.047;53.369;0.0;0.0;29187;Index Scan;6;Inner;;112600;5;0;0;8.331646174982899e-07;0.43;0.61;9;6001215.0;0
Q18_121_seed_984483720;29192;Incremental Sort;4;Outer;;0;526215;526215;0;1.0;340523.43;445005.33;44;0.0;0;2869.941;2869.943;2867.739;2869.897;0.0;0.0;29193;Nested Loop;5;Outer;;0;526215;131527;5;0.8001627042356322;340522.8;430663.58;44;0.0;0;2867.707;2869.839;0.019;0.02;29194;Merge Join;6;Outer;;0;131527;131527;150000;6.666666666666667e-06;340522.36;343245.24;43;0.0;0;2793.769;2793.77;70.101;72.618;29195;Sort;7;Outer;;0;131527;131527;0;1.0;322526.4;322855.22;24;0.0;0;2651.424;2793.759;0.0;0.0;29201;Sort;7;Inner;;0;150000;150000;0;1.0;17995.95;18370.95;23;0.0;0;0.072;58.839;0.0;0.0;29203;Index Scan;6;Inner;;112600;5;0;0;8.331646174982899e-07;0.43;0.61;9;6001215.0;0
Q18_125_seed_1017299844;29256;Incremental Sort;4;Outer;;0;526215;526215;0;1.0;340523.43;445005.33;44;0.0;0;2918.157;2918.159;2916.184;2918.112;0.0;0.0;29257;Nested Loop;5;Outer;;0;526215;131527;5;0.8001627042356322;340522.8;430663.58;44;0.0;0;2916.142;2918.034;0.03;0.031;29258;Merge Join;6;Outer;;0;131527;131527;150000;6.666666666666667e-06;340522.36;343245.24;43;0.0;0;2848.263;2848.264;65.381;67.375;29259;Sort;7;Outer;;0;131527;131527;0;1.0;322526.4;322855.22;24;0.0;0;2722.879;2848.252;0.0;0.0;29265;Sort;7;Inner;;0;150000;150000;0;1.0;17995.95;18370.95;23;0.0;0;0.047;53.647;0.0;0.0;29267;Index Scan;6;Inner;;112600;5;0;0;8.331646174982899e-07;0.43;0.61;9;6001215.0;0
Q18_127_seed_1033707906;29288;Incremental Sort;4;Outer;;0;526215;526215;0;1.0;340523.43;445005.33;44;0.0;0;2929.771;2929.773;2927.3;2929.73;0.0;0.0;29289;Nested Loop;5;Outer;;0;526215;131527;5;0.8001627042356322;340522.8;430663.58;44;0.0;0;2927.262;2929.671;0.022;0.023;29290;Merge Join;6;Outer;;0;131527;131527;150000;6.666666666666667e-06;340522.36;343245.24;43;0.0;0;2862.891;2862.893;62.018;64.217;29291;Sort;7;Outer;;0;131527;131527;0;1.0;322526.4;322855.22;24;0.0;0;2712.725;2862.883;0.0;0.0;29297;Sort;7;Inner;;0;150000;150000;0;1.0;17995.95;18370.95;23;0.0;0;0.035;52.731;0.0;0.0;29299;Index Scan;6;Inner;;112600;5;0;0;8.331646174982899e-07;0.43;0.61;9;6001215.0;0
Q18_128_seed_1041911937;29304;Incremental Sort;4;Outer;;0;526215;526215;0;1.0;340523.43;445005.33;44;0.0;0;2902.591;2902.593;2900.041;2902.543;0.0;0.0;29305;Nested Loop;5;Outer;;0;526215;131527;5;0.8001627042356322;340522.8;430663.58;44;0.0;0;2900.002;2902.48;0.022;0.024;29306;Merge Join;6;Outer;;0;131527;131527;150000;6.666666666666667e-06;340522.36;343245.24;43;0.0;0;2835.356;2835.358;62.203;64.454;29307;Sort;7;Outer;;0;131527;131527;0;1.0;322526.4;322855.22;24;0.0;0;2690.785;2835.345;0.0;0.0;29313;Sort;7;Inner;;0;150000;150000;0;1.0;17995.95;18370.95;23;0.0;0;0.399;52.739;0.0;0.0;29315;Index Scan;6;Inner;;112600;5;0;0;8.331646174982899e-07;0.43;0.61;9;6001215.0;0
Q18_129_seed_1050115968;29320;Incremental Sort;4;Outer;;0;526215;526215;0;1.0;340523.43;445005.33;44;0.0;0;2888.073;2888.075;2884.937;2888.028;0.0;0.0;29321;Nested Loop;5;Outer;;0;526215;131527;5;0.8001627042356322;340522.8;430663.58;44;0.0;0;2884.909;2887.973;0.018;0.019;29322;Merge Join;6;Outer;;0;131527;131527;150000;6.666666666666667e-06;340522.36;343245.24;43;0.0;0;2837.175;2837.176;62.059;64.69;29323;Sort;7;Outer;;0;131527;131527;0;1.0;322526.4;322855.22;24;0.0;0;2739.049;2837.165;0.0;0.0;29329;Sort;7;Inner;;0;150000;150000;0;1.0;17995.95;18370.95;23;0.0;0;0.045;53.024;0.0;0.0;29331;Index Scan;6;Inner;;112600;5;0;0;8.331646174982899e-07;0.43;0.61;9;6001215.0;0
Q18_12_seed_90244341;29336;Incremental Sort;4;Outer;;0;526215;526215;0;1.0;340523.43;445005.33;44;0.0;0;2897.034;2897.035;2894.902;2896.983;0.0;0.0;29337;Nested Loop;5;Outer;;0;526215;131527;5;0.8001627042356322;340522.8;430663.58;44;0.0;0;2894.867;2896.923;0.022;0.023;29338;Merge Join;6;Outer;;0;131527;131527;150000;6.666666666666667e-06;340522.36;343245.24;43;0.0;0;2827.676;2827.677;63.664;66.106;29339;Sort;7;Outer;;0;131527;131527;0;1.0;322526.4;322855.22;24;0.0;0;2686.411;2827.664;0.0;0.0;29345;Sort;7;Inner;;0;150000;150000;0;1.0;17995.95;18370.95;23;0.0;0;0.038;52.569;0.0;0.0;29347;Index Scan;6;Inner;;112600;5;0;0;8.331646174982899e-07;0.43;0.61;9;6001215.0;0
Q18_130_seed_1058319999;29352;Incremental Sort;4;Outer;;0;526215;526215;0;1.0;340523.43;445005.33;44;0.0;0;2901.852;2901.853;2899.356;2901.806;0.0;0.0;29353;Nested Loop;5;Outer;;0;526215;131527;5;0.8001627042356322;340522.8;430663.58;44;0.0;0;2899.315;2901.741;0.021;0.021;29354;Merge Join;6;Outer;;0;131527;131527;150000;6.666666666666667e-06;340522.36;343245.24;43;0.0;0;2834.984;2834.985;61.889;64.125;29355;Sort;7;Outer;;0;131527;131527;0;1.0;322526.4;322855.22;24;0.0;0;2686.209;2834.972;0.0;0.0;29361;Sort;7;Inner;;0;150000;150000;0;1.0;17995.95;18370.95;23;0.0;0;0.036;52.404;0.0;0.0;29363;Index Scan;6;Inner;;112600;5;0;0;8.331646174982899e-07;0.43;0.61;9;6001215.0;0
Q18_132_seed_1074728061;29384;Incremental Sort;4;Outer;;0;526215;526215;0;1.0;340523.43;445005.33;44;0.0;0;2892.883;2892.885;2890.92;2892.835;0.0;0.0;29385;Nested Loop;5;Outer;;0;526215;131527;5;0.8001627042356322;340522.8;430663.58;44;0.0;0;2890.889;2892.782;0.019;0.02;29386;Merge Join;6;Outer;;0;131527;131527;150000;6.666666666666667e-06;340522.36;343245.24;43;0.0;0;2842.387;2842.388;62.959;64.885;29387;Sort;7;Outer;;0;131527;131527;0;1.0;322526.4;322855.22;24;0.0;0;2754.844;2842.374;0.0;0.0;29393;Sort;7;Inner;;0;150000;150000;0;1.0;17995.95;18370.95;23;0.0;0;0.06;53.745;0.0;0.0;29395;Index Scan;6;Inner;;112600;5;0;0;8.331646174982899e-07;0.43;0.61;9;6001215.0;0
Q18_133_seed_1082932092;29400;Incremental Sort;4;Outer;;0;526215;526215;0;1.0;340523.43;445005.33;44;0.0;0;2893.642;2893.644;2891.438;2893.593;0.0;0.0;29401;Nested Loop;5;Outer;;0;526215;131527;5;0.8001627042356322;340522.8;430663.58;44;0.0;0;2891.414;2893.545;0.018;0.019;29402;Merge Join;6;Outer;;0;131527;131527;150000;6.666666666666667e-06;340522.36;343245.24;43;0.0;0;2841.984;2841.985;63.753;66.074;29403;Sort;7;Outer;;0;131527;131527;0;1.0;322526.4;322855.22;24;0.0;0;2732.225;2841.974;0.0;0.0;29409;Sort;7;Inner;;0;150000;150000;0;1.0;17995.95;18370.95;23;0.0;0;0.052;54.207;0.0;0.0;29411;Index Scan;6;Inner;;112600;5;0;0;8.331646174982899e-07;0.43;0.61;9;6001215.0;0
Q18_135_seed_1099340154;29432;Incremental Sort;4;Outer;;0;526215;526215;0;1.0;340523.43;445005.33;44;0.0;0;2976.101;2976.103;2973.336;2976.063;0.0;0.0;29433;Nested Loop;5;Outer;;0;526215;131527;5;0.8001627042356322;340522.8;430663.58;44;0.0;0;2973.309;2976.013;0.018;0.019;29434;Merge Join;6;Outer;;0;131527;131527;150000;6.666666666666667e-06;340522.36;343245.24;43;0.0;0;2922.149;2922.151;66.718;69.073;29435;Sort;7;Outer;;0;131527;131527;0;1.0;322526.4;322855.22;24;0.0;0;2831.238;2922.14;0.0;0.0;29441;Sort;7;Inner;;0;150000;150000;0;1.0;17995.95;18370.95;23;0.0;0;0.054;57.053;0.0;0.0;29443;Index Scan;6;Inner;;112600;5;0;0;8.331646174982899e-07;0.43;0.61;9;6001215.0;0
Q18_136_seed_1107544185;29448;Incremental Sort;4;Outer;;0;526215;526215;0;1.0;340523.43;445005.33;44;0.0;0;2894.627;2894.629;2892.167;2894.581;0.0;0.0;29449;Nested Loop;5;Outer;;0;526215;131527;5;0.8001627042356322;340522.8;430663.58;44;0.0;0;2892.14;2894.532;0.018;0.019;29450;Merge Join;6;Outer;;0;131527;131527;150000;6.666666666666667e-06;340522.36;343245.24;43;0.0;0;2844.705;2844.707;60.933;63.456;29451;Sort;7;Outer;;0;131527;131527;0;1.0;322526.4;322855.22;24;0.0;0;2722.946;2844.695;0.0;0.0;29457;Sort;7;Inner;;0;150000;150000;0;1.0;17995.95;18370.95;23;0.0;0;0.056;51.773;0.0;0.0;29459;Index Scan;6;Inner;;112600;5;0;0;8.331646174982899e-07;0.43;0.61;9;6001215.0;0
Q18_141_seed_1148564340;29544;Incremental Sort;4;Outer;;0;526215;526215;0;1.0;340523.43;445005.33;44;0.0;0;2899.264;2899.292;2898.249;2899.23;0.0;0.0;29545;Nested Loop;5;Outer;;0;526215;131527;5;0.8001627042356322;340522.8;430663.58;44;0.0;0;2898.227;2899.187;0.015;0.016;29546;Merge Join;6;Outer;;0;131527;131527;150000;6.666666666666667e-06;340522.36;343245.24;43;0.0;0;2847.472;2847.474;66.252;67.493;29547;Sort;7;Outer;;0;131527;131527;0;1.0;322526.4;322855.22;24;0.0;0;2749.894;2847.461;0.0;0.0;29553;Sort;7;Inner;;0;150000;150000;0;1.0;17995.95;18370.95;23;0.0;0;0.047;55.425;0.0;0.0;29555;Index Scan;6;Inner;;112600;5;0;0;8.331646174982899e-07;0.43;0.61;9;6001215.0;0
Q18_142_seed_1156768371;29560;Incremental Sort;4;Outer;;0;526215;526215;0;1.0;340523.43;445005.33;44;0.0;0;2894.226;2894.228;2892.778;2894.171;0.0;0.0;29561;Nested Loop;5;Outer;;0;526215;131527;5;0.8001627042356322;340522.8;430663.58;44;0.0;0;2892.736;2894.104;0.024;0.025;29562;Merge Join;6;Outer;;0;131527;131527;150000;6.666666666666667e-06;340522.36;343245.24;43;0.0;0;2824.274;2824.276;64.951;67.148;29563;Sort;7;Outer;;0;131527;131527;0;1.0;322526.4;322855.22;24;0.0;0;2693.61;2824.264;0.0;0.0;29569;Sort;7;Inner;;0;150000;150000;0;1.0;17995.95;18370.95;23;0.0;0;0.049;54.596;0.0;0.0;29571;Index Scan;6;Inner;;112600;5;0;0;8.331646174982899e-07;0.43;0.61;9;6001215.0;0
Q18_143_seed_1164972402;29576;Incremental Sort;4;Outer;;0;526215;526215;0;1.0;340523.43;445005.33;44;0.0;0;2910.879;2910.881;2909.058;2910.837;0.0;0.0;29577;Nested Loop;5;Outer;;0;526215;131527;5;0.8001627042356322;340522.8;430663.58;44;0.0;0;2909.023;2910.78;0.021;0.022;29578;Merge Join;6;Outer;;0;131527;131527;150000;6.666666666666667e-06;340522.36;343245.24;43;0.0;0;2840.334;2840.335;66.453;68.287;29579;Sort;7;Outer;;0;131527;131527;0;1.0;322526.4;322855.22;24;0.0;0;2727.389;2840.325;0.0;0.0;29585;Sort;7;Inner;;0;150000;150000;0;1.0;17995.95;18370.95;23;0.0;0;0.053;55.275;0.0;0.0;29587;Index Scan;6;Inner;;112600;5;0;0;8.331646174982899e-07;0.43;0.61;9;6001215.0;0
Q18_145_seed_1181380464;29608;Incremental Sort;4;Outer;;0;526215;526215;0;1.0;340523.43;445005.33;44;0.0;0;2923.509;2923.51;2920.713;2923.466;0.0;0.0;29609;Nested Loop;5;Outer;;0;526215;131527;5;0.8001627042356322;340522.8;430663.58;44;0.0;0;2920.664;2923.396;0.026;0.027;29610;Merge Join;6;Outer;;0;131527;131527;150000;6.666666666666667e-06;340522.36;343245.24;43;0.0;0;2855.945;2855.946;62.316;64.688;29611;Sort;7;Outer;;0;131527;131527;0;1.0;322526.4;322855.22;24;0.0;0;2741.234;2855.933;0.0;0.0;29617;Sort;7;Inner;;0;150000;150000;0;1.0;17995.95;18370.95;23;0.0;0;0.454;53.024;0.0;0.0;29619;Index Scan;6;Inner;;112600;5;0;0;8.331646174982899e-07;0.43;0.61;9;6001215.0;0
Q18_146_seed_1189584495;29624;Incremental Sort;4;Outer;;0;526215;526215;0;1.0;340523.43;445005.33;44;0.0;0;2896.553;2896.555;2894.658;2896.503;0.0;0.0;29625;Nested Loop;5;Outer;;0;526215;131527;5;0.8001627042356322;340522.8;430663.58;44;0.0;0;2894.617;2896.443;0.021;0.022;29626;Merge Join;6;Outer;;0;131527;131527;150000;6.666666666666667e-06;340522.36;343245.24;43;0.0;0;2828.168;2828.169;63.299;65.552;29627;Sort;7;Outer;;0;131527;131527;0;1.0;322526.4;322855.22;24;0.0;0;2681.337;2828.154;0.0;0.0;29633;Sort;7;Inner;;0;150000;150000;0;1.0;17995.95;18370.95;23;0.0;0;0.046;54.04;0.0;0.0;29635;Index Scan;6;Inner;;112600;5;0;0;8.331646174982899e-07;0.43;0.61;9;6001215.0;0
Q18_148_seed_1205992557;29656;Incremental Sort;4;Outer;;0;526215;526215;0;1.0;340523.43;445005.33;44;0.0;0;2912.226;2912.228;2909.741;2912.169;0.0;0.0;29657;Nested Loop;5;Outer;;0;526215;131527;5;0.8001627042356322;340522.8;430663.58;44;0.0;0;2909.686;2912.092;0.019;0.02;29658;Merge Join;6;Outer;;0;131527;131527;150000;6.666666666666667e-06;340522.36;343245.24;43;0.0;0;2844.321;2844.322;62.322;64.848;29659;Sort;7;Outer;;0;131527;131527;0;1.0;322526.4;322855.22;24;0.0;0;2693.99;2844.31;0.0;0.0;29665;Sort;7;Inner;;0;150000;150000;0;1.0;17995.95;18370.95;23;0.0;0;0.078;53.337;0.0;0.0;29667;Index Scan;6;Inner;;112600;5;0;0;8.331646174982899e-07;0.43;0.61;9;6001215.0;0
Q18_149_seed_1214196588;29672;Incremental Sort;4;Outer;;0;526215;526215;0;1.0;340523.43;445005.33;44;0.0;0;2913.75;2913.751;2911.52;2913.706;0.0;0.0;29673;Nested Loop;5;Outer;;0;526215;131527;5;0.8001627042356322;340522.8;430663.58;44;0.0;0;2911.485;2913.651;0.02;0.021;29674;Merge Join;6;Outer;;0;131527;131527;150000;6.666666666666667e-06;340522.36;343245.24;43;0.0;0;2842.62;2842.621;64.806;67.942;29675;Sort;7;Outer;;0;131527;131527;0;1.0;322526.4;322855.22;24;0.0;0;2722.723;2842.609;0.0;0.0;29681;Sort;7;Inner;;0;150000;150000;0;1.0;17995.95;18370.95;23;0.0;0;0.048;54.502;0.0;0.0;29683;Index Scan;6;Inner;;112600;5;0;0;8.331646174982899e-07;0.43;0.61;9;6001215.0;0
Q18_14_seed_106652403;29688;Incremental Sort;4;Outer;;0;526215;526215;0;1.0;340523.43;445005.33;44;0.0;0;2919.611;2919.613;2918.147;2919.567;0.0;0.0;29689;Nested Loop;5;Outer;;0;526215;131527;5;0.8001627042356322;340522.8;430663.58;44;0.0;0;2918.11;2919.508;0.021;0.022;29690;Merge Join;6;Outer;;0;131527;131527;150000;6.666666666666667e-06;340522.36;343245.24;43;0.0;0;2851.449;2851.45;63.505;65.568;29691;Sort;7;Outer;;0;131527;131527;0;1.0;322526.4;322855.22;24;0.0;0;2724.158;2851.439;0.0;0.0;29697;Sort;7;Inner;;0;150000;150000;0;1.0;17995.95;18370.95;23;0.0;0;0.036;54.034;0.0;0.0;29699;Index Scan;6;Inner;;112600;5;0;0;8.331646174982899e-07;0.43;0.61;9;6001215.0;0
Q18_150_seed_1231235959;29704;Incremental Sort;4;Outer;;0;526215;526215;0;1.0;340523.43;445005.33;44;0.0;0;2940.492;2940.493;2938.857;2940.439;0.0;0.0;29705;Nested Loop;5;Outer;;0;526215;131527;5;0.8001627042356322;340522.8;430663.58;44;0.0;0;2938.818;2940.382;0.021;0.021;29706;Merge Join;6;Outer;;0;131527;131527;150000;6.666666666666667e-06;340522.36;343245.24;43;0.0;0;2873.373;2873.374;62.284;64.426;29707;Sort;7;Outer;;0;131527;131527;0;1.0;322526.4;322855.22;24;0.0;0;2753.903;2873.36;0.0;0.0;29713;Sort;7;Inner;;0;150000;150000;0;1.0;17995.95;18370.95;23;0.0;0;0.05;52.256;0.0;0.0;29715;Index Scan;6;Inner;;112600;5;0;0;8.331646174982899e-07;0.43;0.61;9;6001215.0;0
Q18_16_seed_123060465;29736;Incremental Sort;4;Outer;;0;526215;526215;0;1.0;340523.43;445005.33;44;0.0;0;2896.663;2896.665;2894.173;2896.607;0.0;0.0;29737;Nested Loop;5;Outer;;0;526215;131527;5;0.8001627042356322;340522.8;430663.58;44;0.0;0;2894.149;2896.555;0.02;0.02;29738;Merge Join;6;Outer;;0;131527;131527;150000;6.666666666666667e-06;340522.36;343245.24;43;0.0;0;2844.762;2844.763;63.62;66.121;29739;Sort;7;Outer;;0;131527;131527;0;1.0;322526.4;322855.22;24;0.0;0;2721.336;2844.751;0.0;0.0;29745;Sort;7;Inner;;0;150000;150000;0;1.0;17995.95;18370.95;23;0.0;0;0.04;54.554;0.0;0.0;29747;Index Scan;6;Inner;;112600;5;0;0;8.331646174982899e-07;0.43;0.61;9;6001215.0;0
Q18_17_seed_131264496;29752;Incremental Sort;4;Outer;;0;526215;526215;0;1.0;340523.43;445005.33;44;0.0;0;2878.193;2878.194;2874.841;2878.141;0.0;0.0;29753;Nested Loop;5;Outer;;0;526215;131527;5;0.8001627042356322;340522.8;430663.58;44;0.0;0;2874.801;2878.077;0.021;0.021;29754;Merge Join;6;Outer;;0;131527;131527;150000;6.666666666666667e-06;340522.36;343245.24;43;0.0;0;2807.755;2807.756;64.259;67.203;29755;Sort;7;Outer;;0;131527;131527;0;1.0;322526.4;322855.22;24;0.0;0;2670.965;2807.744;0.0;0.0;29761;Sort;7;Inner;;0;150000;150000;0;1.0;17995.95;18370.95;23;0.0;0;0.054;53.708;0.0;0.0;29763;Index Scan;6;Inner;;112600;5;0;0;8.331646174982899e-07;0.43;0.61;9;6001215.0;0
Q18_18_seed_139468527;29768;Incremental Sort;4;Outer;;0;526215;526215;0;1.0;340523.43;445005.33;44;0.0;0;2885.85;2885.852;2883.996;2885.805;0.0;0.0;29769;Nested Loop;5;Outer;;0;526215;131527;5;0.8001627042356322;340522.8;430663.58;44;0.0;0;2883.973;2885.756;0.016;0.017;29770;Merge Join;6;Outer;;0;131527;131527;150000;6.666666666666667e-06;340522.36;343245.24;43;0.0;0;2829.836;2829.837;68.803;71.462;29771;Sort;7;Outer;;0;131527;131527;0;1.0;322526.4;322855.22;24;0.0;0;2722.615;2829.823;0.0;0.0;29777;Sort;7;Inner;;0;150000;150000;0;1.0;17995.95;18370.95;23;0.0;0;0.054;59.31;0.0;0.0;29779;Index Scan;6;Inner;;112600;5;0;0;8.331646174982899e-07;0.43;0.61;9;6001215.0;0
Q18_19_seed_147672558;29784;Incremental Sort;4;Outer;;0;526215;526215;0;1.0;340523.43;445005.33;44;0.0;0;2891.694;2891.696;2889.529;2891.649;0.0;0.0;29785;Nested Loop;5;Outer;;0;526215;131527;5;0.8001627042356322;340522.8;430663.58;44;0.0;0;2889.5;2891.596;0.019;0.02;29786;Merge Join;6;Outer;;0;131527;131527;150000;6.666666666666667e-06;340522.36;343245.24;43;0.0;0;2841.952;2841.953;61.169;63.477;29787;Sort;7;Outer;;0;131527;131527;0;1.0;322526.4;322855.22;24;0.0;0;2723.867;2841.938;0.0;0.0;29793;Sort;7;Inner;;0;150000;150000;0;1.0;17995.95;18370.95;23;0.0;0;0.607;52.5;0.0;0.0;29795;Index Scan;6;Inner;;112600;5;0;0;8.331646174982899e-07;0.43;0.61;9;6001215.0;0
Q18_1_seed_0101000000;29800;Incremental Sort;4;Outer;;0;526215;526215;0;1.0;340523.43;445005.33;44;0.0;0;2923.738;2923.74;2921.243;2923.692;0.0;0.0;29801;Nested Loop;5;Outer;;0;526215;131527;5;0.8001627042356322;340522.8;430663.58;44;0.0;0;2921.204;2923.628;0.023;0.024;29802;Merge Join;6;Outer;;0;131527;131527;150000;6.666666666666667e-06;340522.36;343245.24;43;0.0;0;2854.96;2854.961;63.243;65.726;29803;Sort;7;Outer;;0;131527;131527;0;1.0;322526.4;322855.22;24;0.0;0;2717.174;2854.95;0.0;0.0;29809;Sort;7;Inner;;0;150000;150000;0;1.0;17995.95;18370.95;23;0.0;0;0.055;54.043;0.0;0.0;29811;Index Scan;6;Inner;;112600;5;0;0;8.331646174982899e-07;0.43;0.61;9;6001215.0;0
Q18_20_seed_155876589;29816;Incremental Sort;4;Outer;;0;526215;526215;0;1.0;340523.43;445005.33;44;0.0;0;2903.849;2903.851;2901.719;2903.806;0.0;0.0;29817;Nested Loop;5;Outer;;0;526215;131527;5;0.8001627042356322;340522.8;430663.58;44;0.0;0;2901.677;2903.741;0.023;0.024;29818;Merge Join;6;Outer;;0;131527;131527;150000;6.666666666666667e-06;340522.36;343245.24;43;0.0;0;2836.05;2836.051;62.344;64.792;29819;Sort;7;Outer;;0;131527;131527;0;1.0;322526.4;322855.22;24;0.0;0;2697.612;2836.04;0.0;0.0;29825;Sort;7;Inner;;0;150000;150000;0;1.0;17995.95;18370.95;23;0.0;0;0.145;52.794;0.0;0.0;29827;Index Scan;6;Inner;;112600;5;0;0;8.331646174982899e-07;0.43;0.61;9;6001215.0;0
Q18_21_seed_164080620;29832;Incremental Sort;4;Outer;;0;526215;526215;0;1.0;340523.43;445005.33;44;0.0;0;2897.224;2897.226;2895.178;2897.175;0.0;0.0;29833;Nested Loop;5;Outer;;0;526215;131527;5;0.8001627042356322;340522.8;430663.58;44;0.0;0;2895.135;2897.11;0.024;0.025;29834;Merge Join;6;Outer;;0;131527;131527;150000;6.666666666666667e-06;340522.36;343245.24;43;0.0;0;2829.25;2829.251;62.795;65.078;29835;Sort;7;Outer;;0;131527;131527;0;1.0;322526.4;322855.22;24;0.0;0;2698.483;2829.239;0.0;0.0;29841;Sort;7;Inner;;0;150000;150000;0;1.0;17995.95;18370.95;23;0.0;0;0.05;52.984;0.0;0.0;29843;Index Scan;6;Inner;;112600;5;0;0;8.331646174982899e-07;0.43;0.61;9;6001215.0;0
Q18_23_seed_180488682;29864;Incremental Sort;4;Outer;;0;526215;526215;0;1.0;340523.43;445005.33;44;0.0;0;2908.216;2908.218;2906.933;2908.171;0.0;0.0;29865;Nested Loop;5;Outer;;0;526215;131527;5;0.8001627042356322;340522.8;430663.58;44;0.0;0;2906.898;2908.114;0.021;0.022;29866;Merge Join;6;Outer;;0;131527;131527;150000;6.666666666666667e-06;340522.36;343245.24;43;0.0;0;2838.784;2838.785;64.682;66.739;29867;Sort;7;Outer;;0;131527;131527;0;1.0;322526.4;322855.22;24;0.0;0;2719.017;2838.773;0.0;0.0;29873;Sort;7;Inner;;0;150000;150000;0;1.0;17995.95;18370.95;23;0.0;0;0.058;55.342;0.0;0.0;29875;Index Scan;6;Inner;;112600;5;0;0;8.331646174982899e-07;0.43;0.61;9;6001215.0;0
Q18_24_seed_188692713;29880;Incremental Sort;4;Outer;;0;526215;526215;0;1.0;340523.43;445005.33;44;0.0;0;2903.69;2903.693;2901.329;2903.635;0.0;0.0;29881;Nested Loop;5;Outer;;0;526215;131527;5;0.8001627042356322;340522.8;430663.58;44;0.0;0;2901.29;2903.572;0.023;0.024;29882;Merge Join;6;Outer;;0;131527;131527;150000;6.666666666666667e-06;340522.36;343245.24;43;0.0;0;2835.34;2835.342;62.898;65.328;29883;Sort;7;Outer;;0;131527;131527;0;1.0;322526.4;322855.22;24;0.0;0;2721.533;2835.332;0.0;0.0;29889;Sort;7;Inner;;0;150000;150000;0;1.0;17995.95;18370.95;23;0.0;0;0.054;53.061;0.0;0.0;29891;Index Scan;6;Inner;;112600;5;0;0;8.331646174982899e-07;0.43;0.61;9;6001215.0;0
Q18_27_seed_213304806;29928;Incremental Sort;4;Outer;;0;526215;526215;0;1.0;340523.43;445005.33;44;0.0;0;2911.645;2911.647;2909.381;2911.595;0.0;0.0;29929;Nested Loop;5;Outer;;0;526215;131527;5;0.8001627042356322;340522.8;430663.58;44;0.0;0;2909.342;2911.531;0.021;0.022;29930;Merge Join;6;Outer;;0;131527;131527;150000;6.666666666666667e-06;340522.36;343245.24;43;0.0;0;2838.57;2838.572;65.976;68.585;29931;Sort;7;Outer;;0;131527;131527;0;1.0;322526.4;322855.22;24;0.0;0;2703.53;2838.556;0.0;0.0;29937;Sort;7;Inner;;0;150000;150000;0;1.0;17995.95;18370.95;23;0.0;0;0.048;55.062;0.0;0.0;29939;Index Scan;6;Inner;;112600;5;0;0;8.331646174982899e-07;0.43;0.61;9;6001215.0;0
Q18_30_seed_237916899;29992;Incremental Sort;4;Outer;;0;526215;526215;0;1.0;340523.43;445005.33;44;0.0;0;2891.697;2891.699;2889.757;2891.648;0.0;0.0;29993;Nested Loop;5;Outer;;0;526215;131527;5;0.8001627042356322;340522.8;430663.58;44;0.0;0;2889.731;2891.597;0.018;0.019;29994;Merge Join;6;Outer;;0;131527;131527;150000;6.666666666666667e-06;340522.36;343245.24;43;0.0;0;2840.487;2840.488;64.116;65.962;29995;Sort;7;Outer;;0;131527;131527;0;1.0;322526.4;322855.22;24;0.0;0;2750.679;2840.476;0.0;0.0;30001;Sort;7;Inner;;0;150000;150000;0;1.0;17995.95;18370.95;23;0.0;0;0.05;54.674;0.0;0.0;30003;Index Scan;6;Inner;;112600;5;0;0;8.331646174982899e-07;0.43;0.61;9;6001215.0;0
Q18_32_seed_254324961;30024;Incremental Sort;4;Outer;;0;526215;526215;0;1.0;340523.43;445005.33;44;0.0;0;2897.32;2897.322;2895.278;2897.272;0.0;0.0;30025;Nested Loop;5;Outer;;0;526215;131527;5;0.8001627042356322;340522.8;430663.58;44;0.0;0;2895.248;2897.222;0.018;0.018;30026;Merge Join;6;Outer;;0;131527;131527;150000;6.666666666666667e-06;340522.36;343245.24;43;0.0;0;2845.504;2845.505;63.779;66.179;30027;Sort;7;Outer;;0;131527;131527;0;1.0;322526.4;322855.22;24;0.0;0;2726.209;2845.493;0.0;0.0;30033;Sort;7;Inner;;0;150000;150000;0;1.0;17995.95;18370.95;23;0.0;0;0.046;54.539;0.0;0.0;30035;Index Scan;6;Inner;;112600;5;0;0;8.331646174982899e-07;0.43;0.61;9;6001215.0;0
Q18_33_seed_262528992;30040;Incremental Sort;4;Outer;;0;526215;526215;0;1.0;340523.43;445005.33;44;0.0;0;2922.343;2922.345;2920.354;2922.297;0.0;0.0;30041;Nested Loop;5;Outer;;0;526215;131527;5;0.8001627042356322;340522.8;430663.58;44;0.0;0;2920.306;2922.205;0.037;0.038;30042;Merge Join;6;Outer;;0;131527;131527;150000;6.666666666666667e-06;340522.36;343245.24;43;0.0;0;2854.662;2854.663;63.021;65.221;30043;Sort;7;Outer;;0;131527;131527;0;1.0;322526.4;322855.22;24;0.0;0;2723.432;2854.653;0.0;0.0;30049;Sort;7;Inner;;0;150000;150000;0;1.0;17995.95;18370.95;23;0.0;0;0.058;52.212;0.0;0.0;30051;Index Scan;6;Inner;;112600;5;0;0;8.331646174982899e-07;0.43;0.61;9;6001215.0;0
Q18_35_seed_278937054;30072;Incremental Sort;4;Outer;;0;526215;526215;0;1.0;340523.43;445005.33;44;0.0;0;2887.694;2887.696;2885.458;2887.62;0.0;0.0;30073;Nested Loop;5;Outer;;0;526215;131527;5;0.8001627042356322;340522.8;430663.58;44;0.0;0;2885.42;2887.552;0.023;0.023;30074;Merge Join;6;Outer;;0;131527;131527;150000;6.666666666666667e-06;340522.36;343245.24;43;0.0;0;2813.63;2813.631;68.047;70.696;30075;Sort;7;Outer;;0;131527;131527;0;1.0;322526.4;322855.22;24;0.0;0;2678.646;2813.619;0.0;0.0;30081;Sort;7;Inner;;0;150000;150000;0;1.0;17995.95;18370.95;23;0.0;0;0.052;57.97;0.0;0.0;30083;Index Scan;6;Inner;;112600;5;0;0;8.331646174982899e-07;0.43;0.61;9;6001215.0;0
Q18_37_seed_295345116;30104;Incremental Sort;4;Outer;;0;526215;526215;0;1.0;340523.43;445005.33;44;0.0;0;2928.364;2928.366;2927.043;2928.323;0.0;0.0;30105;Nested Loop;5;Outer;;0;526215;131527;5;0.8001627042356322;340522.8;430663.58;44;0.0;0;2927.006;2928.264;0.021;0.022;30106;Merge Join;6;Outer;;0;131527;131527;150000;6.666666666666667e-06;340522.36;343245.24;43;0.0;0;2858.139;2858.141;65.625;67.689;30107;Sort;7;Outer;;0;131527;131527;0;1.0;322526.4;322855.22;24;0.0;0;2738.774;2858.132;0.0;0.0;30113;Sort;7;Inner;;0;150000;150000;0;1.0;17995.95;18370.95;23;0.0;0;0.042;53.19;0.0;0.0;30115;Index Scan;6;Inner;;112600;5;0;0;8.331646174982899e-07;0.43;0.61;9;6001215.0;0
Q18_38_seed_303549147;30120;Incremental Sort;4;Outer;;0;526215;526215;0;1.0;340523.43;445005.33;44;0.0;0;2939.608;2939.61;2937.945;2939.555;0.0;0.0;30121;Nested Loop;5;Outer;;0;526215;131527;5;0.8001627042356322;340522.8;430663.58;44;0.0;0;2937.909;2939.497;0.021;0.022;30122;Merge Join;6;Outer;;0;131527;131527;150000;6.666666666666667e-06;340522.36;343245.24;43;0.0;0;2868.353;2868.355;66.415;68.717;30123;Sort;7;Outer;;0;131527;131527;0;1.0;322526.4;322855.22;24;0.0;0;2749.252;2868.343;0.0;0.0;30129;Sort;7;Inner;;0;150000;150000;0;1.0;17995.95;18370.95;23;0.0;0;0.058;54.583;0.0;0.0;30131;Index Scan;6;Inner;;112600;5;0;0;8.331646174982899e-07;0.43;0.61;9;6001215.0;0
Q18_39_seed_311753178;30136;Incremental Sort;4;Outer;;0;526215;526215;0;1.0;340523.43;445005.33;44;0.0;0;2935.738;2935.74;2933.968;2935.693;0.0;0.0;30137;Nested Loop;5;Outer;;0;526215;131527;5;0.8001627042356322;340522.8;430663.58;44;0.0;0;2933.928;2935.627;0.024;0.025;30138;Merge Join;6;Outer;;0;131527;131527;150000;6.666666666666667e-06;340522.36;343245.24;43;0.0;0;2867.876;2867.878;63.246;65.274;30139;Sort;7;Outer;;0;131527;131527;0;1.0;322526.4;322855.22;24;0.0;0;2732.498;2867.865;0.0;0.0;30145;Sort;7;Inner;;0;150000;150000;0;1.0;17995.95;18370.95;23;0.0;0;0.025;53.596;0.0;0.0;30147;Index Scan;6;Inner;;112600;5;0;0;8.331646174982899e-07;0.43;0.61;9;6001215.0;0
Q18_3_seed_16408062;30152;Incremental Sort;4;Outer;;0;526215;526215;0;1.0;340523.43;445005.33;44;0.0;0;2923.53;2923.531;2921.587;2923.479;0.0;0.0;30153;Nested Loop;5;Outer;;0;526215;131527;5;0.8001627042356322;340522.8;430663.58;44;0.0;0;2921.559;2923.429;0.018;0.019;30154;Merge Join;6;Outer;;0;131527;131527;150000;6.666666666666667e-06;340522.36;343245.24;43;0.0;0;2871.036;2871.037;64.771;67.128;30155;Sort;7;Outer;;0;131527;131527;0;1.0;322526.4;322855.22;24;0.0;0;2768.265;2871.027;0.0;0.0;30161;Sort;7;Inner;;0;150000;150000;0;1.0;17995.95;18370.95;23;0.0;0;0.051;55.535;0.0;0.0;30163;Index Scan;6;Inner;;112600;5;0;0;8.331646174982899e-07;0.43;0.61;9;6001215.0;0
Q18_40_seed_319957209;30168;Incremental Sort;4;Outer;;0;526215;526215;0;1.0;340523.43;445005.33;44;0.0;0;2876.289;2876.291;2874.788;2876.245;0.0;0.0;30169;Nested Loop;5;Outer;;0;526215;131527;5;0.8001627042356322;340522.8;430663.58;44;0.0;0;2874.76;2876.19;0.02;0.021;30170;Merge Join;6;Outer;;0;131527;131527;150000;6.666666666666667e-06;340522.36;343245.24;43;0.0;0;2826.505;2826.506;61.732;63.812;30171;Sort;7;Outer;;0;131527;131527;0;1.0;322526.4;322855.22;24;0.0;0;2707.253;2826.492;0.0;0.0;30177;Sort;7;Inner;;0;150000;150000;0;1.0;17995.95;18370.95;23;0.0;0;0.061;52.662;0.0;0.0;30179;Index Scan;6;Inner;;112600;5;0;0;8.331646174982899e-07;0.43;0.61;9;6001215.0;0
Q18_41_seed_328161240;30184;Incremental Sort;4;Outer;;0;526215;526215;0;1.0;340523.43;445005.33;44;0.0;0;2911.547;2911.548;2909.705;2911.49;0.0;0.0;30185;Nested Loop;5;Outer;;0;526215;131527;5;0.8001627042356322;340522.8;430663.58;44;0.0;0;2909.67;2911.436;0.02;0.021;30186;Merge Join;6;Outer;;0;131527;131527;150000;6.666666666666667e-06;340522.36;343245.24;43;0.0;0;2842.271;2842.273;64.414;66.594;30187;Sort;7;Outer;;0;131527;131527;0;1.0;322526.4;322855.22;24;0.0;0;2693.007;2842.263;0.0;0.0;30193;Sort;7;Inner;;0;150000;150000;0;1.0;17995.95;18370.95;23;0.0;0;0.052;55.08;0.0;0.0;30195;Index Scan;6;Inner;;112600;5;0;0;8.331646174982899e-07;0.43;0.61;9;6001215.0;0
Q18_43_seed_344569302;30216;Incremental Sort;4;Outer;;0;526215;526215;0;1.0;340523.43;445005.33;44;0.0;0;2915.251;2915.253;2913.463;2915.208;0.0;0.0;30217;Nested Loop;5;Outer;;0;526215;131527;5;0.8001627042356322;340522.8;430663.58;44;0.0;0;2913.428;2915.145;0.021;0.022;30218;Merge Join;6;Outer;;0;131527;131527;150000;6.666666666666667e-06;340522.36;343245.24;43;0.0;0;2846.014;2846.015;64.219;66.426;30219;Sort;7;Outer;;0;131527;131527;0;1.0;322526.4;322855.22;24;0.0;0;2747.949;2846.004;0.0;0.0;30225;Sort;7;Inner;;0;150000;150000;0;1.0;17995.95;18370.95;23;0.0;0;0.054;54.701;0.0;0.0;30227;Index Scan;6;Inner;;112600;5;0;0;8.331646174982899e-07;0.43;0.61;9;6001215.0;0
Q18_44_seed_352773333;30232;Incremental Sort;4;Outer;;0;526215;526215;0;1.0;340523.43;445005.33;44;0.0;0;2906.437;2906.439;2903.484;2906.388;0.0;0.0;30233;Nested Loop;5;Outer;;0;526215;131527;5;0.8001627042356322;340522.8;430663.58;44;0.0;0;2903.452;2906.33;0.019;0.02;30234;Merge Join;6;Outer;;0;131527;131527;150000;6.666666666666667e-06;340522.36;343245.24;43;0.0;0;2827.24;2827.241;71.127;75.167;30235;Sort;7;Outer;;0;131527;131527;0;1.0;322526.4;322855.22;24;0.0;0;2711.307;2827.232;0.0;0.0;30241;Sort;7;Inner;;0;150000;150000;0;1.0;17995.95;18370.95;23;0.0;0;0.052;59.569;0.0;0.0;30243;Index Scan;6;Inner;;112600;5;0;0;8.331646174982899e-07;0.43;0.61;9;6001215.0;0
Q18_45_seed_360977364;30248;Incremental Sort;4;Outer;;0;526215;526215;0;1.0;340523.43;445005.33;44;0.0;0;2901.918;2901.919;2899.615;2901.874;0.0;0.0;30249;Nested Loop;5;Outer;;0;526215;131527;5;0.8001627042356322;340522.8;430663.58;44;0.0;0;2899.586;2901.823;0.019;0.02;30250;Merge Join;6;Outer;;0;131527;131527;150000;6.666666666666667e-06;340522.36;343245.24;43;0.0;0;2850.965;2850.966;62.542;64.984;30251;Sort;7;Outer;;0;131527;131527;0;1.0;322526.4;322855.22;24;0.0;0;2736.984;2850.952;0.0;0.0;30257;Sort;7;Inner;;0;150000;150000;0;1.0;17995.95;18370.95;23;0.0;0;0.047;53.466;0.0;0.0;30259;Index Scan;6;Inner;;112600;5;0;0;8.331646174982899e-07;0.43;0.61;9;6001215.0;0
Q18_47_seed_377385426;30280;Incremental Sort;4;Outer;;0;526215;526215;0;1.0;340523.43;445005.33;44;0.0;0;2917.438;2917.439;2915.224;2917.391;0.0;0.0;30281;Nested Loop;5;Outer;;0;526215;131527;5;0.8001627042356322;340522.8;430663.58;44;0.0;0;2915.185;2917.33;0.022;0.023;30282;Merge Join;6;Outer;;0;131527;131527;150000;6.666666666666667e-06;340522.36;343245.24;43;0.0;0;2847.89;2847.891;63.892;66.404;30283;Sort;7;Outer;;0;131527;131527;0;1.0;322526.4;322855.22;24;0.0;0;2732.383;2847.88;0.0;0.0;30289;Sort;7;Inner;;0;150000;150000;0;1.0;17995.95;18370.95;23;0.0;0;0.054;54.185;0.0;0.0;30291;Index Scan;6;Inner;;112600;5;0;0;8.331646174982899e-07;0.43;0.61;9;6001215.0;0
Q18_49_seed_393793488;30312;Incremental Sort;4;Outer;;0;526215;526215;0;1.0;340523.43;445005.33;44;0.0;0;2923.409;2923.411;2919.983;2923.361;0.0;0.0;30313;Nested Loop;5;Outer;;0;526215;131527;5;0.8001627042356322;340522.8;430663.58;44;0.0;0;2919.949;2923.301;0.023;0.024;30314;Merge Join;6;Outer;;0;131527;131527;150000;6.666666666666667e-06;340522.36;343245.24;43;0.0;0;2852.322;2852.323;63.765;66.285;30315;Sort;7;Outer;;0;131527;131527;0;1.0;322526.4;322855.22;24;0.0;0;2719.485;2852.313;0.0;0.0;30321;Sort;7;Inner;;0;150000;150000;0;1.0;17995.95;18370.95;23;0.0;0;0.053;53.489;0.0;0.0;30323;Index Scan;6;Inner;;112600;5;0;0;8.331646174982899e-07;0.43;0.61;9;6001215.0;0
Q18_4_seed_24612093;30328;Incremental Sort;4;Outer;;0;526215;526215;0;1.0;340523.43;445005.33;44;0.0;0;2904.147;2904.15;2902.75;2904.093;0.0;0.0;30329;Nested Loop;5;Outer;;0;526215;131527;5;0.8001627042356322;340522.8;430663.58;44;0.0;0;2902.71;2904.032;0.021;0.022;30330;Merge Join;6;Outer;;0;131527;131527;150000;6.666666666666667e-06;340522.36;343245.24;43;0.0;0;2834.327;2834.328;64.865;67.078;30331;Sort;7;Outer;;0;131527;131527;0;1.0;322526.4;322855.22;24;0.0;0;2688.802;2834.316;0.0;0.0;30337;Sort;7;Inner;;0;150000;150000;0;1.0;17995.95;18370.95;23;0.0;0;0.07;54.5;0.0;0.0;30339;Index Scan;6;Inner;;112600;5;0;0;8.331646174982899e-07;0.43;0.61;9;6001215.0;0
Q18_50_seed_401997519;30344;Incremental Sort;4;Outer;;0;526215;526215;0;1.0;340523.43;445005.33;44;0.0;0;2917.269;2917.27;2915.078;2917.22;0.0;0.0;30345;Nested Loop;5;Outer;;0;526215;131527;5;0.8001627042356322;340522.8;430663.58;44;0.0;0;2915.039;2917.154;0.025;0.026;30346;Merge Join;6;Outer;;0;131527;131527;150000;6.666666666666667e-06;340522.36;343245.24;43;0.0;0;2847.452;2847.453;65.07;67.167;30347;Sort;7;Outer;;0;131527;131527;0;1.0;322526.4;322855.22;24;0.0;0;2719.185;2847.44;0.0;0.0;30353;Sort;7;Inner;;0;150000;150000;0;1.0;17995.95;18370.95;23;0.0;0;0.07;55.67;0.0;0.0;30355;Index Scan;6;Inner;;112600;5;0;0;8.331646174982899e-07;0.43;0.61;9;6001215.0;0
Q18_52_seed_418405581;30376;Incremental Sort;4;Outer;;0;526215;526215;0;1.0;340523.43;445005.33;44;0.0;0;2924.499;2924.501;2922.052;2924.453;0.0;0.0;30377;Nested Loop;5;Outer;;0;526215;131527;5;0.8001627042356322;340522.8;430663.58;44;0.0;0;2922.014;2924.387;0.022;0.023;30378;Merge Join;6;Outer;;0;131527;131527;150000;6.666666666666667e-06;340522.36;343245.24;43;0.0;0;2854.596;2854.598;64.254;66.764;30379;Sort;7;Outer;;0;131527;131527;0;1.0;322526.4;322855.22;24;0.0;0;2725.973;2854.587;0.0;0.0;30385;Sort;7;Inner;;0;150000;150000;0;1.0;17995.95;18370.95;23;0.0;0;0.042;54.681;0.0;0.0;30387;Index Scan;6;Inner;;112600;5;0;0;8.331646174982899e-07;0.43;0.61;9;6001215.0;0
Q18_54_seed_434813643;30408;Incremental Sort;4;Outer;;0;526215;526215;0;1.0;340523.43;445005.33;44;0.0;0;2913.876;2913.878;2911.909;2913.833;0.0;0.0;30409;Nested Loop;5;Outer;;0;526215;131527;5;0.8001627042356322;340522.8;430663.58;44;0.0;0;2911.867;2913.762;0.027;0.028;30410;Merge Join;6;Outer;;0;131527;131527;150000;6.666666666666667e-06;340522.36;343245.24;43;0.0;0;2845.061;2845.062;63.274;65.756;30411;Sort;7;Outer;;0;131527;131527;0;1.0;322526.4;322855.22;24;0.0;0;2705.698;2845.052;0.0;0.0;30417;Sort;7;Inner;;0;150000;150000;0;1.0;17995.95;18370.95;23;0.0;0;0.066;53.571;0.0;0.0;30419;Index Scan;6;Inner;;112600;5;0;0;8.331646174982899e-07;0.43;0.61;9;6001215.0;0
Q18_55_seed_443017674;30424;Incremental Sort;4;Outer;;0;526215;526215;0;1.0;340523.43;445005.33;44;0.0;0;2937.771;2937.772;2934.897;2937.716;0.0;0.0;30425;Nested Loop;5;Outer;;0;526215;131527;5;0.8001627042356322;340522.8;430663.58;44;0.0;0;2934.864;2937.66;0.021;0.021;30426;Merge Join;6;Outer;;0;131527;131527;150000;6.666666666666667e-06;340522.36;343245.24;43;0.0;0;2867.041;2867.042;64.11;67.784;30427;Sort;7;Outer;;0;131527;131527;0;1.0;322526.4;322855.22;24;0.0;0;2733.063;2867.029;0.0;0.0;30433;Sort;7;Inner;;0;150000;150000;0;1.0;17995.95;18370.95;23;0.0;0;0.06;53.238;0.0;0.0;30435;Index Scan;6;Inner;;112600;5;0;0;8.331646174982899e-07;0.43;0.61;9;6001215.0;0
Q18_57_seed_459425736;30456;Incremental Sort;4;Outer;;0;526215;526215;0;1.0;340523.43;445005.33;44;0.0;0;2910.793;2910.794;2908.235;2910.739;0.0;0.0;30457;Nested Loop;5;Outer;;0;526215;131527;5;0.8001627042356322;340522.8;430663.58;44;0.0;0;2908.192;2910.677;0.022;0.023;30458;Merge Join;6;Outer;;0;131527;131527;150000;6.666666666666667e-06;340522.36;343245.24;43;0.0;0;2843.289;2843.291;62.421;64.674;30459;Sort;7;Outer;;0;131527;131527;0;1.0;322526.4;322855.22;24;0.0;0;2698.423;2843.278;0.0;0.0;30465;Sort;7;Inner;;0;150000;150000;0;1.0;17995.95;18370.95;23;0.0;0;0.037;52.701;0.0;0.0;30467;Index Scan;6;Inner;;112600;5;0;0;8.331646174982899e-07;0.43;0.61;9;6001215.0;0
Q18_58_seed_467629767;30472;Incremental Sort;4;Outer;;0;526215;526215;0;1.0;340523.43;445005.33;44;0.0;0;2938.758;2938.759;2936.478;2938.711;0.0;0.0;30473;Nested Loop;5;Outer;;0;526215;131527;5;0.8001627042356322;340522.8;430663.58;44;0.0;0;2936.437;2938.648;0.022;0.024;30474;Merge Join;6;Outer;;0;131527;131527;150000;6.666666666666667e-06;340522.36;343245.24;43;0.0;0;2870.026;2870.027;62.997;65.559;30475;Sort;7;Outer;;0;131527;131527;0;1.0;322526.4;322855.22;24;0.0;0;2754.833;2870.015;0.0;0.0;30481;Sort;7;Inner;;0;150000;150000;0;1.0;17995.95;18370.95;23;0.0;0;0.071;53.381;0.0;0.0;30483;Index Scan;6;Inner;;112600;5;0;0;8.331646174982899e-07;0.43;0.61;9;6001215.0;0
Q18_59_seed_475833798;30488;Incremental Sort;4;Outer;;0;526215;526215;0;1.0;340523.43;445005.33;44;0.0;0;2889.455;2889.456;2888.036;2889.403;0.0;0.0;30489;Nested Loop;5;Outer;;0;526215;131527;5;0.8001627042356322;340522.8;430663.58;44;0.0;0;2888.011;2889.358;0.016;0.017;30490;Merge Join;6;Outer;;0;131527;131527;150000;6.666666666666667e-06;340522.36;343245.24;43;0.0;0;2840.014;2840.015;61.744;63.609;30491;Sort;7;Outer;;0;131527;131527;0;1.0;322526.4;322855.22;24;0.0;0;2752.505;2840.006;0.0;0.0;30497;Sort;7;Inner;;0;150000;150000;0;1.0;17995.95;18370.95;23;0.0;0;0.089;52.71;0.0;0.0;30499;Index Scan;6;Inner;;112600;5;0;0;8.331646174982899e-07;0.43;0.61;9;6001215.0;0
Q18_5_seed_32816124;30504;Incremental Sort;4;Outer;;0;526215;526215;0;1.0;340523.43;445005.33;44;0.0;0;2937.785;2937.786;2936.002;2937.734;0.0;0.0;30505;Nested Loop;5;Outer;;0;526215;131527;5;0.8001627042356322;340522.8;430663.58;44;0.0;0;2935.971;2937.685;0.018;0.019;30506;Merge Join;6;Outer;;0;131527;131527;150000;6.666666666666667e-06;340522.36;343245.24;43;0.0;0;2868.881;2868.882;63.609;65.914;30507;Sort;7;Outer;;0;131527;131527;0;1.0;322526.4;322855.22;24;0.0;0;2749.844;2868.87;0.0;0.0;30513;Sort;7;Inner;;0;150000;150000;0;1.0;17995.95;18370.95;23;0.0;0;0.036;53.718;0.0;0.0;30515;Index Scan;6;Inner;;112600;5;0;0;8.331646174982899e-07;0.43;0.61;9;6001215.0;0
Q18_60_seed_484037829;30520;Incremental Sort;4;Outer;;0;526215;526215;0;1.0;340523.43;445005.33;44;0.0;0;2870.484;2870.485;2868.721;2870.443;0.0;0.0;30521;Nested Loop;5;Outer;;0;526215;131527;5;0.8001627042356322;340522.8;430663.58;44;0.0;0;2868.683;2870.372;0.024;0.025;30522;Merge Join;6;Outer;;0;131527;131527;150000;6.666666666666667e-06;340522.36;343245.24;43;0.0;0;2800.541;2800.542;64.674;66.895;30523;Sort;7;Outer;;0;131527;131527;0;1.0;322526.4;322855.22;24;0.0;0;2654.012;2800.534;0.0;0.0;30529;Sort;7;Inner;;0;150000;150000;0;1.0;17995.95;18370.95;23;0.0;0;0.047;54.058;0.0;0.0;30531;Index Scan;6;Inner;;112600;5;0;0;8.331646174982899e-07;0.43;0.61;9;6001215.0;0
Q18_61_seed_492241860;30536;Incremental Sort;4;Outer;;0;526215;526215;0;1.0;340523.43;445005.33;44;0.0;0;2879.347;2879.349;2876.363;2879.299;0.0;0.0;30537;Nested Loop;5;Outer;;0;526215;131527;5;0.8001627042356322;340522.8;430663.58;44;0.0;0;2876.33;2879.242;0.019;0.02;30538;Merge Join;6;Outer;;0;131527;131527;150000;6.666666666666667e-06;340522.36;343245.24;43;0.0;0;2809.88;2809.882;63.633;66.05;30539;Sort;7;Outer;;0;131527;131527;0;1.0;322526.4;322855.22;24;0.0;0;2688.979;2809.869;0.0;0.0;30545;Sort;7;Inner;;0;150000;150000;0;1.0;17995.95;18370.95;23;0.0;0;0.083;52.902;0.0;0.0;30547;Index Scan;6;Inner;;112600;5;0;0;8.331646174982899e-07;0.43;0.61;9;6001215.0;0
Q18_63_seed_508649922;30568;Incremental Sort;4;Outer;;0;526215;526215;0;1.0;340523.43;445005.33;44;0.0;0;2909.194;2909.196;2907.268;2909.149;0.0;0.0;30569;Nested Loop;5;Outer;;0;526215;131527;5;0.8001627042356322;340522.8;430663.58;44;0.0;0;2907.228;2909.085;0.024;0.024;30570;Merge Join;6;Outer;;0;131527;131527;150000;6.666666666666667e-06;340522.36;343245.24;43;0.0;0;2840.509;2840.51;63.025;65.56;30571;Sort;7;Outer;;0;131527;131527;0;1.0;322526.4;322855.22;24;0.0;0;2716.345;2840.501;0.0;0.0;30577;Sort;7;Inner;;0;150000;150000;0;1.0;17995.95;18370.95;23;0.0;0;0.047;53.513;0.0;0.0;30579;Index Scan;6;Inner;;112600;5;0;0;8.331646174982899e-07;0.43;0.61;9;6001215.0;0
Q18_66_seed_533262015;30616;Incremental Sort;4;Outer;;0;526215;526215;0;1.0;340523.43;445005.33;44;0.0;0;2897.296;2897.298;2894.27;2897.242;0.0;0.0;30617;Nested Loop;5;Outer;;0;526215;131527;5;0.8001627042356322;340522.8;430663.58;44;0.0;0;2894.244;2897.166;0.029;0.03;30618;Merge Join;6;Outer;;0;131527;131527;150000;6.666666666666667e-06;340522.36;343245.24;43;0.0;0;2845.348;2845.349;63.614;66.128;30619;Sort;7;Outer;;0;131527;131527;0;1.0;322526.4;322855.22;24;0.0;0;2753.81;2845.339;0.0;0.0;30625;Sort;7;Inner;;0;150000;150000;0;1.0;17995.95;18370.95;23;0.0;0;0.059;54.08;0.0;0.0;30627;Index Scan;6;Inner;;112600;5;0;0;8.331646174982899e-07;0.43;0.61;9;6001215.0;0
Q18_67_seed_541466046;30632;Incremental Sort;4;Outer;;0;526215;526215;0;1.0;340523.43;445005.33;44;0.0;0;2922.776;2922.778;2919.613;2922.726;0.0;0.0;30633;Nested Loop;5;Outer;;0;526215;131527;5;0.8001627042356322;340522.8;430663.58;44;0.0;0;2919.569;2922.659;0.024;0.025;30634;Merge Join;6;Outer;;0;131527;131527;150000;6.666666666666667e-06;340522.36;343245.24;43;0.0;0;2854.845;2854.847;62.132;64.716;30635;Sort;7;Outer;;0;131527;131527;0;1.0;322526.4;322855.22;24;0.0;0;2707.245;2854.833;0.0;0.0;30641;Sort;7;Inner;;0;150000;150000;0;1.0;17995.95;18370.95;23;0.0;0;0.049;52.65;0.0;0.0;30643;Index Scan;6;Inner;;112600;5;0;0;8.331646174982899e-07;0.43;0.61;9;6001215.0;0
Q18_68_seed_549670077;30648;Incremental Sort;4;Outer;;0;526215;526215;0;1.0;340523.43;445005.33;44;0.0;0;2897.305;2897.307;2894.711;2897.26;0.0;0.0;30649;Nested Loop;5;Outer;;0;526215;131527;5;0.8001627042356322;340522.8;430663.58;44;0.0;0;2894.678;2897.202;0.021;0.022;30650;Merge Join;6;Outer;;0;131527;131527;150000;6.666666666666667e-06;340522.36;343245.24;43;0.0;0;2829.469;2829.47;62.105;64.605;30651;Sort;7;Outer;;0;131527;131527;0;1.0;322526.4;322855.22;24;0.0;0;2723.553;2829.46;0.0;0.0;30657;Sort;7;Inner;;0;150000;150000;0;1.0;17995.95;18370.95;23;0.0;0;0.04;52.743;0.0;0.0;30659;Index Scan;6;Inner;;112600;5;0;0;8.331646174982899e-07;0.43;0.61;9;6001215.0;0
Q18_69_seed_557874108;30664;Incremental Sort;4;Outer;;0;526215;526215;0;1.0;340523.43;445005.33;44;0.0;0;2871.231;2871.233;2868.02;2871.104;0.0;0.0;30665;Nested Loop;5;Outer;;0;526215;131527;5;0.8001627042356322;340522.8;430663.58;44;0.0;0;2867.995;2871.052;0.017;0.018;30666;Merge Join;6;Outer;;0;131527;131527;150000;6.666666666666667e-06;340522.36;343245.24;43;0.0;0;2821.145;2821.146;60.967;63.571;30667;Sort;7;Outer;;0;131527;131527;0;1.0;322526.4;322855.22;24;0.0;0;2701.239;2821.136;0.0;0.0;30673;Sort;7;Inner;;0;150000;150000;0;1.0;17995.95;18370.95;23;0.0;0;0.125;52.301;0.0;0.0;30675;Index Scan;6;Inner;;112600;5;0;0;8.331646174982899e-07;0.43;0.61;9;6001215.0;0
Q18_71_seed_574282170;30712;Incremental Sort;4;Outer;;0;526215;526215;0;1.0;340523.43;445005.33;44;0.0;0;2921.837;2921.839;2920.802;2921.783;0.0;0.0;30713;Nested Loop;5;Outer;;0;526215;131527;5;0.8001627042356322;340522.8;430663.58;44;0.0;0;2920.735;2921.688;0.038;0.039;30714;Merge Join;6;Outer;;0;131527;131527;150000;6.666666666666667e-06;340522.36;343245.24;43;0.0;0;2851.716;2851.717;65.953;67.793;30715;Sort;7;Outer;;0;131527;131527;0;1.0;322526.4;322855.22;24;0.0;0;2719.985;2851.706;0.0;0.0;30721;Sort;7;Inner;;0;150000;150000;0;1.0;17995.95;18370.95;23;0.0;0;0.035;54.679;0.0;0.0;30723;Index Scan;6;Inner;;112600;5;0;0;8.331646174982899e-07;0.43;0.61;9;6001215.0;0
Q18_72_seed_582486201;30728;Incremental Sort;4;Outer;;0;526215;526215;0;1.0;340523.43;445005.33;44;0.0;0;2957.628;2957.63;2954.662;2957.575;0.0;0.0;30729;Nested Loop;5;Outer;;0;526215;131527;5;0.8001627042356322;340522.8;430663.58;44;0.0;0;2954.621;2957.517;0.021;0.022;30730;Merge Join;6;Outer;;0;131527;131527;150000;6.666666666666667e-06;340522.36;343245.24;43;0.0;0;2889.111;2889.112;62.787;65.349;30731;Sort;7;Outer;;0;131527;131527;0;1.0;322526.4;322855.22;24;0.0;0;2757.709;2889.103;0.0;0.0;30737;Sort;7;Inner;;0;150000;150000;0;1.0;17995.95;18370.95;23;0.0;0;0.05;53.164;0.0;0.0;30739;Index Scan;6;Inner;;112600;5;0;0;8.331646174982899e-07;0.43;0.61;9;6001215.0;0
Q18_73_seed_590690232;30744;Incremental Sort;4;Outer;;0;526215;526215;0;1.0;340523.43;445005.33;44;0.0;0;2909.187;2909.189;2907.867;2909.133;0.0;0.0;30745;Nested Loop;5;Outer;;0;526215;131527;5;0.8001627042356322;340522.8;430663.58;44;0.0;0;2907.828;2909.07;0.024;0.025;30746;Merge Join;6;Outer;;0;131527;131527;150000;6.666666666666667e-06;340522.36;343245.24;43;0.0;0;2841.466;2841.468;62.416;64.781;30747;Sort;7;Outer;;0;131527;131527;0;1.0;322526.4;322855.22;24;0.0;0;2714.719;2841.458;0.0;0.0;30753;Sort;7;Inner;;0;150000;150000;0;1.0;17995.95;18370.95;23;0.0;0;0.034;52.984;0.0;0.0;30755;Index Scan;6;Inner;;112600;5;0;0;8.331646174982899e-07;0.43;0.61;9;6001215.0;0
Q18_74_seed_598894263;30760;Incremental Sort;4;Outer;;0;526215;526215;0;1.0;340523.43;445005.33;44;0.0;0;2939.736;2939.738;2937.163;2939.686;0.0;0.0;30761;Nested Loop;5;Outer;;0;526215;131527;5;0.8001627042356322;340522.8;430663.58;44;0.0;0;2937.124;2939.625;0.021;0.022;30762;Merge Join;6;Outer;;0;131527;131527;150000;6.666666666666667e-06;340522.36;343245.24;43;0.0;0;2871.383;2871.384;62.796;65.306;30763;Sort;7;Outer;;0;131527;131527;0;1.0;322526.4;322855.22;24;0.0;0;2750.304;2871.373;0.0;0.0;30769;Sort;7;Inner;;0;150000;150000;0;1.0;17995.95;18370.95;23;0.0;0;0.048;53.218;0.0;0.0;30771;Index Scan;6;Inner;;112600;5;0;0;8.331646174982899e-07;0.43;0.61;9;6001215.0;0
Q18_75_seed_607098294;30776;Incremental Sort;4;Outer;;0;526215;526215;0;1.0;340523.43;445005.33;44;0.0;0;2906.732;2906.734;2904.172;2906.687;0.0;0.0;30777;Nested Loop;5;Outer;;0;526215;131527;5;0.8001627042356322;340522.8;430663.58;44;0.0;0;2904.147;2906.631;0.019;0.02;30778;Merge Join;6;Outer;;0;131527;131527;150000;6.666666666666667e-06;340522.36;343245.24;43;0.0;0;2855.794;2855.795;62.251;64.785;30779;Sort;7;Outer;;0;131527;131527;0;1.0;322526.4;322855.22;24;0.0;0;2743.394;2855.782;0.0;0.0;30785;Sort;7;Inner;;0;150000;150000;0;1.0;17995.95;18370.95;23;0.0;0;0.051;52.635;0.0;0.0;30787;Index Scan;6;Inner;;112600;5;0;0;8.331646174982899e-07;0.43;0.61;9;6001215.0;0
Q18_76_seed_615302325;30792;Incremental Sort;4;Outer;;0;526215;526215;0;1.0;340523.43;445005.33;44;0.0;0;2926.528;2926.53;2924.76;2926.473;0.0;0.0;30793;Nested Loop;5;Outer;;0;526215;131527;5;0.8001627042356322;340522.8;430663.58;44;0.0;0;2924.718;2926.41;0.023;0.024;30794;Merge Join;6;Outer;;0;131527;131527;150000;6.666666666666667e-06;340522.36;343245.24;43;0.0;0;2857.639;2857.64;64.286;66.32;30795;Sort;7;Outer;;0;131527;131527;0;1.0;322526.4;322855.22;24;0.0;0;2720.851;2857.629;0.0;0.0;30801;Sort;7;Inner;;0;150000;150000;0;1.0;17995.95;18370.95;23;0.0;0;0.052;54.467;0.0;0.0;30803;Index Scan;6;Inner;;112600;5;0;0;8.331646174982899e-07;0.43;0.61;9;6001215.0;0
Q18_78_seed_631710387;30824;Incremental Sort;4;Outer;;0;526215;526215;0;1.0;340523.43;445005.33;44;0.0;0;2916.994;2916.996;2913.899;2916.943;0.0;0.0;30825;Nested Loop;5;Outer;;0;526215;131527;5;0.8001627042356322;340522.8;430663.58;44;0.0;0;2913.859;2916.877;0.022;0.023;30826;Merge Join;6;Outer;;0;131527;131527;150000;6.666666666666667e-06;340522.36;343245.24;43;0.0;0;2845.094;2845.095;65.071;67.591;30827;Sort;7;Outer;;0;131527;131527;0;1.0;322526.4;322855.22;24;0.0;0;2733.369;2845.079;0.0;0.0;30833;Sort;7;Inner;;0;150000;150000;0;1.0;17995.95;18370.95;23;0.0;0;0.049;54.069;0.0;0.0;30835;Index Scan;6;Inner;;112600;5;0;0;8.331646174982899e-07;0.43;0.61;9;6001215.0;0
Q18_80_seed_648118449;30872;Incremental Sort;4;Outer;;0;526215;526215;0;1.0;340523.43;445005.33;44;0.0;0;2928.989;2928.991;2926.099;2928.943;0.0;0.0;30873;Nested Loop;5;Outer;;0;526215;131527;5;0.8001627042356322;340522.8;430663.58;44;0.0;0;2926.072;2928.889;0.02;0.02;30874;Merge Join;6;Outer;;0;131527;131527;150000;6.666666666666667e-06;340522.36;343245.24;43;0.0;0;2875.095;2875.096;66.433;68.884;30875;Sort;7;Outer;;0;131527;131527;0;1.0;322526.4;322855.22;24;0.0;0;2757.887;2875.086;0.0;0.0;30881;Sort;7;Inner;;0;150000;150000;0;1.0;17995.95;18370.95;23;0.0;0;0.101;57.475;0.0;0.0;30883;Index Scan;6;Inner;;112600;5;0;0;8.331646174982899e-07;0.43;0.61;9;6001215.0;0
Q18_82_seed_664526511;30904;Incremental Sort;4;Outer;;0;526215;526215;0;1.0;340523.43;445005.33;44;0.0;0;2920.744;2920.746;2918.612;2920.702;0.0;0.0;30905;Nested Loop;5;Outer;;0;526215;131527;5;0.8001627042356322;340522.8;430663.58;44;0.0;0;2918.588;2920.652;0.018;0.019;30906;Merge Join;6;Outer;;0;131527;131527;150000;6.666666666666667e-06;340522.36;343245.24;43;0.0;0;2870.172;2870.174;61.965;64.404;30907;Sort;7;Outer;;0;131527;131527;0;1.0;322526.4;322855.22;24;0.0;0;2757.599;2870.161;0.0;0.0;30913;Sort;7;Inner;;0;150000;150000;0;1.0;17995.95;18370.95;23;0.0;0;0.06;53.011;0.0;0.0;30915;Index Scan;6;Inner;;112600;5;0;0;8.331646174982899e-07;0.43;0.61;9;6001215.0;0
Q18_85_seed_689138604;30952;Incremental Sort;4;Outer;;0;526215;526215;0;1.0;340523.43;445005.33;44;0.0;0;2921.384;2921.386;2919.462;2921.339;0.0;0.0;30953;Nested Loop;5;Outer;;0;526215;131527;5;0.8001627042356322;340522.8;430663.58;44;0.0;0;2919.438;2921.282;0.021;0.022;30954;Merge Join;6;Outer;;0;131527;131527;150000;6.666666666666667e-06;340522.36;343245.24;43;0.0;0;2870.836;2870.837;61.789;64.289;30955;Sort;7;Outer;;0;131527;131527;0;1.0;322526.4;322855.22;24;0.0;0;2761.011;2870.825;0.0;0.0;30961;Sort;7;Inner;;0;150000;150000;0;1.0;17995.95;18370.95;23;0.0;0;0.027;51.514;0.0;0.0;30963;Index Scan;6;Inner;;112600;5;0;0;8.331646174982899e-07;0.43;0.61;9;6001215.0;0
Q18_86_seed_697342635;30968;Incremental Sort;4;Outer;;0;526215;526215;0;1.0;340523.43;445005.33;44;0.0;0;2909.884;2909.886;2907.917;2909.827;0.0;0.0;30969;Nested Loop;5;Outer;;0;526215;131527;5;0.8001627042356322;340522.8;430663.58;44;0.0;0;2907.881;2909.767;0.02;0.021;30970;Merge Join;6;Outer;;0;131527;131527;150000;6.666666666666667e-06;340522.36;343245.24;43;0.0;0;2841.223;2841.225;63.891;66.026;30971;Sort;7;Outer;;0;131527;131527;0;1.0;322526.4;322855.22;24;0.0;0;2723.658;2841.213;0.0;0.0;30977;Sort;7;Inner;;0;150000;150000;0;1.0;17995.95;18370.95;23;0.0;0;0.048;54.11;0.0;0.0;30979;Index Scan;6;Inner;;112600;5;0;0;8.331646174982899e-07;0.43;0.61;9;6001215.0;0
Q18_87_seed_705546666;30984;Incremental Sort;4;Outer;;0;526215;526215;0;1.0;340523.43;445005.33;44;0.0;0;2920.394;2920.397;2918.748;2920.348;0.0;0.0;30985;Nested Loop;5;Outer;;0;526215;131527;5;0.8001627042356322;340522.8;430663.58;44;0.0;0;2918.711;2920.283;0.021;0.022;30986;Merge Join;6;Outer;;0;131527;131527;150000;6.666666666666667e-06;340522.36;343245.24;43;0.0;0;2848.273;2848.275;67.358;69.479;30987;Sort;7;Outer;;0;131527;131527;0;1.0;322526.4;322855.22;24;0.0;0;2722.713;2848.263;0.0;0.0;30993;Sort;7;Inner;;0;150000;150000;0;1.0;17995.95;18370.95;23;0.0;0;0.051;57.635;0.0;0.0;30995;Index Scan;6;Inner;;112600;5;0;0;8.331646174982899e-07;0.43;0.61;9;6001215.0;0
Q18_88_seed_713750697;31000;Incremental Sort;4;Outer;;0;526215;526215;0;1.0;340523.43;445005.33;44;0.0;0;2893.048;2893.05;2891.035;2893.004;0.0;0.0;31001;Nested Loop;5;Outer;;0;526215;131527;5;0.8001627042356322;340522.8;430663.58;44;0.0;0;2890.994;2892.938;0.023;0.025;31002;Merge Join;6;Outer;;0;131527;131527;150000;6.666666666666667e-06;340522.36;343245.24;43;0.0;0;2826.14;2826.141;62.385;64.438;31003;Sort;7;Outer;;0;131527;131527;0;1.0;322526.4;322855.22;24;0.0;0;2711.132;2826.098;0.0;0.0;31009;Sort;7;Inner;;0;150000;150000;0;1.0;17995.95;18370.95;23;0.0;0;0.052;53.135;0.0;0.0;31011;Index Scan;6;Inner;;112600;5;0;0;8.331646174982899e-07;0.43;0.61;9;6001215.0;0
Q18_89_seed_721954728;31016;Incremental Sort;4;Outer;;0;526215;526215;0;1.0;340523.43;445005.33;44;0.0;0;2930.064;2930.066;2928.427;2930.02;0.0;0.0;31017;Nested Loop;5;Outer;;0;526215;131527;5;0.8001627042356322;340522.8;430663.58;44;0.0;0;2928.399;2929.966;0.02;0.021;31018;Merge Join;6;Outer;;0;131527;131527;150000;6.666666666666667e-06;340522.36;343245.24;43;0.0;0;2873.599;2873.6;69.921;72.376;31019;Sort;7;Outer;;0;131527;131527;0;1.0;322526.4;322855.22;24;0.0;0;2763.409;2873.588;0.0;0.0;31025;Sort;7;Inner;;0;150000;150000;0;1.0;17995.95;18370.95;23;0.0;0;0.045;61.061;0.0;0.0;31027;Index Scan;6;Inner;;112600;5;0;0;8.331646174982899e-07;0.43;0.61;9;6001215.0;0
Q18_90_seed_730158759;31048;Incremental Sort;4;Outer;;0;526215;526215;0;1.0;340523.43;445005.33;44;0.0;0;2908.243;2908.245;2906.572;2908.198;0.0;0.0;31049;Nested Loop;5;Outer;;0;526215;131527;5;0.8001627042356322;340522.8;430663.58;44;0.0;0;2906.534;2908.136;0.023;0.024;31050;Merge Join;6;Outer;;0;131527;131527;150000;6.666666666666667e-06;340522.36;343245.24;43;0.0;0;2839.372;2839.374;63.698;65.979;31051;Sort;7;Outer;;0;131527;131527;0;1.0;322526.4;322855.22;24;0.0;0;2695.365;2839.363;0.0;0.0;31057;Sort;7;Inner;;0;150000;150000;0;1.0;17995.95;18370.95;23;0.0;0;0.049;53.214;0.0;0.0;31059;Index Scan;6;Inner;;112600;5;0;0;8.331646174982899e-07;0.43;0.61;9;6001215.0;0
Q18_91_seed_738362790;31064;Incremental Sort;4;Outer;;0;526215;526215;0;1.0;340523.43;445005.33;44;0.0;0;2928.464;2928.466;2927.138;2928.41;0.0;0.0;31065;Nested Loop;5;Outer;;0;526215;131527;5;0.8001627042356322;340522.8;430663.58;44;0.0;0;2926.844;2928.097;0.134;0.135;31066;Merge Join;6;Outer;;0;131527;131527;150000;6.666666666666667e-06;340522.36;343245.24;43;0.0;0;2856.114;2856.115;65.995;68.395;31067;Sort;7;Outer;;0;131527;131527;0;1.0;322526.4;322855.22;24;0.0;0;2725.604;2856.105;0.0;0.0;31073;Sort;7;Inner;;0;150000;150000;0;1.0;17995.95;18370.95;23;0.0;0;0.054;55.122;0.0;0.0;31075;Index Scan;6;Inner;;112600;5;0;0;8.331646174982899e-07;0.43;0.61;9;6001215.0;0
Q18_92_seed_746566821;31080;Incremental Sort;4;Outer;;0;526215;526215;0;1.0;340523.43;445005.33;44;0.0;0;2917.521;2917.522;2915.613;2917.47;0.0;0.0;31081;Nested Loop;5;Outer;;0;526215;131527;5;0.8001627042356322;340522.8;430663.58;44;0.0;0;2915.577;2917.41;0.023;0.023;31082;Merge Join;6;Outer;;0;131527;131527;150000;6.666666666666667e-06;340522.36;343245.24;43;0.0;0;2849.353;2849.355;63.216;65.425;31083;Sort;7;Outer;;0;131527;131527;0;1.0;322526.4;322855.22;24;0.0;0;2706.495;2849.345;0.0;0.0;31089;Sort;7;Inner;;0;150000;150000;0;1.0;17995.95;18370.95;23;0.0;0;0.07;53.33;0.0;0.0;31091;Index Scan;6;Inner;;112600;5;0;0;8.331646174982899e-07;0.43;0.61;9;6001215.0;0
Q18_94_seed_762974883;31112;Incremental Sort;4;Outer;;0;526215;526215;0;1.0;340523.43;445005.33;44;0.0;0;2959.249;2959.25;2956.465;2959.207;0.0;0.0;31113;Nested Loop;5;Outer;;0;526215;131527;5;0.8001627042356322;340522.8;430663.58;44;0.0;0;2956.423;2959.145;0.023;0.024;31114;Merge Join;6;Outer;;0;131527;131527;150000;6.666666666666667e-06;340522.36;343245.24;43;0.0;0;2890.964;2890.965;62.722;65.237;31115;Sort;7;Outer;;0;131527;131527;0;1.0;322526.4;322855.22;24;0.0;0;2751.134;2890.955;0.0;0.0;31121;Sort;7;Inner;;0;150000;150000;0;1.0;17995.95;18370.95;23;0.0;0;0.052;53.131;0.0;0.0;31123;Index Scan;6;Inner;;112600;5;0;0;8.331646174982899e-07;0.43;0.61;9;6001215.0;0
Q18_9_seed_65632248;31208;Incremental Sort;4;Outer;;0;526215;526215;0;1.0;340523.43;445005.33;44;0.0;0;2914.384;2914.385;2911.896;2914.335;0.0;0.0;31209;Nested Loop;5;Outer;;0;526215;131527;5;0.8001627042356322;340522.8;430663.58;44;0.0;0;2911.86;2914.272;0.021;0.022;31210;Merge Join;6;Outer;;0;131527;131527;150000;6.666666666666667e-06;340522.36;343245.24;43;0.0;0;2843.983;2843.984;64.908;67.383;31211;Sort;7;Outer;;0;131527;131527;0;1.0;322526.4;322855.22;24;0.0;0;2721.13;2843.974;0.0;0.0;31217;Sort;7;Inner;;0;150000;150000;0;1.0;17995.95;18370.95;23;0.0;0;0.05;54.506;0.0;0.0;31219;Index Scan;6;Inner;;112600;5;0;0;8.331646174982899e-07;0.43;0.61;9;6001215.0;0
