query_file;HashJoin_node_id;HashJoin_node_type;HashJoin_depth;HashJoin_parent_relationship;HashJoin_subplan_name;HashJoin_np;HashJoin_nt;HashJoin_nt1;HashJoin_nt2;HashJoin_sel;HashJoin_startup_cost;HashJoin_total_cost;HashJoin_plan_width;HashJoin_reltuples;HashJoin_parallel_workers;actual_startup_time;actual_total_time;HashJoin_st1;HashJoin_rt1;HashJoin_st2;HashJoin_rt2;HashJoin_template;NestedLoop_Outer_node_id;NestedLoop_Outer_node_type;NestedLoop_Outer_depth;NestedLoop_Outer_parent_relationship;NestedLoop_Outer_subplan_name;NestedLoop_Outer_np;NestedLoop_Outer_nt;NestedLoop_Outer_nt1;NestedLoop_Outer_nt2;NestedLoop_Outer_sel;NestedLoop_Outer_startup_cost;NestedLoop_Outer_total_cost;NestedLoop_Outer_plan_width;NestedLoop_Outer_reltuples;NestedLoop_Outer_parallel_workers;NestedLoop_Outer_st1;NestedLoop_Outer_rt1;NestedLoop_Outer_st2;NestedLoop_Outer_rt2;NestedLoop_Outer_template;HashJoin_Outer_node_id;HashJoin_Outer_node_type;HashJoin_Outer_depth;HashJoin_Outer_parent_relationship;HashJoin_Outer_subplan_name;HashJoin_Outer_np;HashJoin_Outer_nt;HashJoin_Outer_nt1;HashJoin_Outer_nt2;HashJoin_Outer_sel;HashJoin_Outer_startup_cost;HashJoin_Outer_total_cost;HashJoin_Outer_plan_width;HashJoin_Outer_reltuples;HashJoin_Outer_parallel_workers;HashJoin_Outer_st1;HashJoin_Outer_rt1;HashJoin_Outer_st2;HashJoin_Outer_rt2;HashJoin_Outer_template;Hash_Inner_node_id;Hash_Inner_node_type;Hash_Inner_depth;Hash_Inner_parent_relationship;Hash_Inner_subplan_name;Hash_Inner_np;Hash_Inner_nt;Hash_Inner_nt1;Hash_Inner_nt2;Hash_Inner_sel;Hash_Inner_startup_cost;Hash_Inner_total_cost;Hash_Inner_plan_width;Hash_Inner_reltuples;Hash_Inner_parallel_workers;Hash_Inner_st1;Hash_Inner_rt1;Hash_Inner_st2;Hash_Inner_rt2;Hash_Inner_template;IndexScan_Inner_node_id;IndexScan_Inner_node_type;IndexScan_Inner_depth;IndexScan_Inner_parent_relationship;IndexScan_Inner_subplan_name;IndexScan_Inner_np;IndexScan_Inner_nt;IndexScan_Inner_nt1;IndexScan_Inner_nt2;IndexScan_Inner_sel;IndexScan_Inner_startup_cost;IndexScan_Inner_total_cost;IndexScan_Inner_plan_width;IndexScan_Inner_reltuples;IndexScan_Inner_parallel_workers;IndexScan_Inner_st1;IndexScan_Inner_rt1;IndexScan_Inner_st2;IndexScan_Inner_rt2;IndexScan_Inner_template;SeqScan_Outer_node_id;SeqScan_Outer_node_type;SeqScan_Outer_depth;SeqScan_Outer_parent_relationship;SeqScan_Outer_subplan_name;SeqScan_Outer_np;SeqScan_Outer_nt;SeqScan_Outer_nt1;SeqScan_Outer_nt2;SeqScan_Outer_sel;SeqScan_Outer_startup_cost;SeqScan_Outer_total_cost;SeqScan_Outer_plan_width;SeqScan_Outer_reltuples;SeqScan_Outer_parallel_workers;SeqScan_Outer_st1;SeqScan_Outer_rt1;SeqScan_Outer_st2;SeqScan_Outer_rt2;SeqScan_Outer_template
Q8_101_seed_820403100;13227;Hash Join;3;Outer;;0;769;769;25;0.04;9921.82;70509.96;148;0.0;0;82.571;1232.933;82.494;1232.631;0.013;0.014;Q8;13230;Nested Loop;6;Outer;;0;118013;29497;5;0.800169508763603;4743.52;64785.2;24;0.0;0;35.129;214.609;0.041;0.043;Q8;13229;Hash Join;5;Outer;;0;769;118013;543;1.2000425898080118e-05;9919.98;70271.45;20;0.0;0;35.374;1183.709;40.875;40.875;Q8;13245;Hash;4;Inner;;0;25;25;0;1.0;1.25;1.25;108;0.0;0;0.009;0.01;0.0;0.0;Q8;13244;Index Scan;5;Inner;;223;1;0;0;0.0001;0.29;0.3;8;10000.0;0;0.0;0.0;0.0;0.0;Q8;13246;Seq Scan;5;Outer;;1;25;0;0;1.0;0.0;1.25;108;25.0;0;0.0;0.0;0.0;0.0;Q8
Q8_102_seed_828607131;13250;Hash Join;3;Outer;;0;808;808;25;0.04;9922.16;70522.31;148;0.0;0;71.37;1191.91;71.242;1191.548;0.023;0.024;Q8;13253;Nested Loop;6;Outer;;0;118013;29497;5;0.800169508763603;4743.52;64785.2;24;0.0;0;31.061;206.297;0.038;0.04;Q8;13252;Hash Join;5;Outer;;0;808;118013;570;1.2011760226831982e-05;9920.31;70271.79;20;0.0;0;31.479;1148.243;34.804;34.804;Q8;13268;Hash;4;Inner;;0;25;25;0;1.0;1.25;1.25;108;0.0;0;0.016;0.017;0.0;0.0;Q8;13267;Index Scan;5;Inner;;223;1;0;0;0.0001;0.29;0.3;8;10000.0;0;0.0;0.0;0.0;0.0;Q8;13269;Seq Scan;5;Outer;;1;25;0;0;1.0;0.0;1.25;108;25.0;0;0.0;0.0;0.0;0.0;Q8
Q8_103_seed_836811162;13273;Hash Join;3;Outer;;0;730;730;25;0.04;9921.47;70497.59;148;0.0;0;82.953;1205.766;82.869;1205.455;0.016;0.016;Q8;13276;Nested Loop;6;Outer;;0;118013;29497;5;0.800169508763603;4743.52;64785.2;24;0.0;0;39.736;217.54;0.039;0.041;Q8;13275;Hash Join;5;Outer;;0;730;118013;515;1.2011182904894712e-05;9919.63;70271.1;20;0.0;0;40.15;1156.637;40.672;40.672;Q8;13291;Hash;4;Inner;;0;25;25;0;1.0;1.25;1.25;108;0.0;0;0.009;0.01;0.0;0.0;Q8;13290;Index Scan;5;Inner;;223;1;0;0;0.0001;0.29;0.3;8;10000.0;0;0.0;0.0;0.0;0.0;Q8;13292;Seq Scan;5;Outer;;1;25;0;0;1.0;0.0;1.25;108;25.0;0;0.0;0.0;0.0;0.0;Q8
Q8_105_seed_853219224;13319;Hash Join;3;Outer;;0;782;782;25;0.04;9921.94;70514.07;148;0.0;0;87.541;1233.829;87.468;1233.524;0.015;0.015;Q8;13322;Nested Loop;6;Outer;;0;118013;29497;5;0.800169508763603;4743.52;64785.2;24;0.0;0;37.103;214.189;0.039;0.041;Q8;13321;Hash Join;5;Outer;;0;782;118013;552;1.2004327206889636e-05;9920.09;70271.57;20;0.0;0;37.365;1181.932;43.104;43.104;Q8;13337;Hash;4;Inner;;0;25;25;0;1.0;1.25;1.25;108;0.0;0;0.01;0.011;0.0;0.0;Q8;13336;Index Scan;5;Inner;;223;1;0;0;0.0001;0.29;0.3;8;10000.0;0;0.0;0.0;0.0;0.0;Q8;13338;Seq Scan;5;Outer;;1;25;0;0;1.0;0.0;1.25;108;25.0;0;0.0;0.0;0.0;0.0;Q8
Q8_106_seed_861423255;13342;Hash Join;3;Outer;;0;751;751;25;0.04;9921.66;70504.25;148;0.0;0;73.062;1175.286;72.973;1174.973;0.016;0.016;Q8;13345;Nested Loop;6;Outer;;0;118013;29497;5;0.800169508763603;4743.52;64785.2;24;0.0;0;29.673;204.477;0.038;0.04;Q8;13344;Hash Join;5;Outer;;0;751;118013;530;1.2006991874416136e-05;9919.81;70271.29;20;0.0;0;29.913;1130.404;36.704;36.704;Q8;13360;Hash;4;Inner;;0;25;25;0;1.0;1.25;1.25;108;0.0;0;0.012;0.012;0.0;0.0;Q8;13359;Index Scan;5;Inner;;223;1;0;0;0.0001;0.29;0.3;8;10000.0;0;0.0;0.0;0.0;0.0;Q8;13361;Seq Scan;5;Outer;;1;25;0;0;1.0;0.0;1.25;108;25.0;0;0.0;0.0;0.0;0.0;Q8
Q8_107_seed_869627286;13365;Hash Join;3;Outer;;0;794;794;25;0.04;9922.04;70517.88;148;0.0;0;86.538;1230.7;86.447;1230.365;0.016;0.016;Q8;13368;Nested Loop;6;Outer;;0;118013;29497;5;0.800169508763603;4743.52;64785.2;24;0.0;0;39.587;220.333;0.039;0.041;Q8;13367;Hash Join;5;Outer;;0;794;118013;560;1.2014414876811391e-05;9920.19;70271.67;20;0.0;0;39.837;1179.133;42.832;42.832;Q8;13383;Hash;4;Inner;;0;25;25;0;1.0;1.25;1.25;108;0.0;0;0.011;0.012;0.0;0.0;Q8;13382;Index Scan;5;Inner;;223;1;0;0;0.0001;0.29;0.3;8;10000.0;0;0.0;0.0;0.0;0.0;Q8;13384;Seq Scan;5;Outer;;1;25;0;0;1.0;0.0;1.25;108;25.0;0;0.0;0.0;0.0;0.0;Q8
Q8_108_seed_877831317;13388;Hash Join;3;Outer;;0;784;784;25;0.04;9921.95;70514.7;148;0.0;0;83.538;1232.641;83.464;1232.338;0.013;0.013;Q8;13391;Nested Loop;6;Outer;;0;118013;29497;5;0.800169508763603;4743.52;64785.2;24;0.0;0;40.16;219.286;0.04;0.042;Q8;13390;Hash Join;5;Outer;;0;784;118013;553;1.201326564859246e-05;9920.1;70271.58;20;0.0;0;40.614;1182.762;41.545;41.545;Q8;13406;Hash;4;Inner;;0;25;25;0;1.0;1.25;1.25;108;0.0;0;0.009;0.01;0.0;0.0;Q8;13405;Index Scan;5;Inner;;223;1;0;0;0.0001;0.29;0.3;8;10000.0;0;0.0;0.0;0.0;0.0;Q8;13407;Seq Scan;5;Outer;;1;25;0;0;1.0;0.0;1.25;108;25.0;0;0.0;0.0;0.0;0.0;Q8
Q8_10_seed_73836279;13434;Hash Join;3;Outer;;0;782;782;25;0.04;9921.94;70514.07;148;0.0;0;80.562;1195.126;80.492;1194.814;0.015;0.015;Q8;13437;Nested Loop;6;Outer;;0;118013;29497;5;0.800169508763603;4743.52;64785.2;24;0.0;0;36.453;207.718;0.038;0.04;Q8;13436;Hash Join;5;Outer;;0;782;118013;552;1.2004327206889636e-05;9920.09;70271.57;20;0.0;0;36.615;1147.451;39.249;39.249;Q8;13452;Hash;4;Inner;;0;25;25;0;1.0;1.25;1.25;108;0.0;0;0.009;0.01;0.0;0.0;Q8;13451;Index Scan;5;Inner;;223;1;0;0;0.0001;0.29;0.3;8;10000.0;0;0.0;0.0;0.0;0.0;Q8;13453;Seq Scan;5;Outer;;1;25;0;0;1.0;0.0;1.25;108;25.0;0;0.0;0.0;0.0;0.0;Q8
Q8_113_seed_918851472;13526;Hash Join;3;Outer;;0;834;834;25;0.04;9922.4;70530.56;148;0.0;0;81.034;1203.408;80.929;1203.061;0.034;0.034;Q8;13529;Nested Loop;6;Outer;;0;118013;29497;5;0.800169508763603;4743.52;64785.2;24;0.0;0;35.036;210.063;0.039;0.041;Q8;13528;Hash Join;5;Outer;;0;834;118013;589;1.1998332835968389e-05;9920.55;70272.03;20;0.0;0;35.234;1152.451;41.779;41.779;Q8;13544;Hash;4;Inner;;0;25;25;0;1.0;1.25;1.25;108;0.0;0;0.012;0.013;0.0;0.0;Q8;13543;Index Scan;5;Inner;;223;1;0;0;0.0001;0.29;0.3;8;10000.0;0;0.0;0.0;0.0;0.0;Q8;13545;Seq Scan;5;Outer;;1;25;0;0;1.0;0.0;1.25;108;25.0;0;0.0;0.0;0.0;0.0;Q8
Q8_114_seed_927055503;13549;Hash Join;3;Outer;;0;800;800;25;0.04;9922.1;70519.78;148;0.0;0;81.204;1194.635;81.133;1194.331;0.014;0.015;Q8;13552;Nested Loop;6;Outer;;0;118013;29497;5;0.800169508763603;4743.52;64785.2;24;0.0;0;39.54;213.237;0.039;0.041;Q8;13551;Hash Join;5;Outer;;0;800;118013;565;1.1998078207823062e-05;9920.25;70271.73;20;0.0;0;39.723;1147.435;38.805;38.805;Q8;13567;Hash;4;Inner;;0;25;25;0;1.0;1.25;1.25;108;0.0;0;0.01;0.011;0.0;0.0;Q8;13566;Index Scan;5;Inner;;223;1;0;0;0.0001;0.29;0.3;8;10000.0;0;0.0;0.0;0.0;0.0;Q8;13568;Seq Scan;5;Outer;;1;25;0;0;1.0;0.0;1.25;108;25.0;0;0.0;0.0;0.0;0.0;Q8
Q8_115_seed_935259534;13572;Hash Join;3;Outer;;0;757;757;25;0.04;9921.72;70506.16;148;0.0;0;74.788;1178.226;74.717;1177.928;0.013;0.013;Q8;13575;Nested Loop;6;Outer;;0;118013;29497;5;0.800169508763603;4743.52;64785.2;24;0.0;0;34.539;209.952;0.038;0.04;Q8;13574;Hash Join;5;Outer;;0;757;118013;535;1.1989808504385428e-05;9919.88;70271.35;20;0.0;0;35.056;1134.001;35.769;35.769;Q8;13590;Hash;4;Inner;;0;25;25;0;1.0;1.25;1.25;108;0.0;0;0.009;0.01;0.0;0.0;Q8;13589;Index Scan;5;Inner;;223;1;0;0;0.0001;0.29;0.3;8;10000.0;0;0.0;0.0;0.0;0.0;Q8;13591;Seq Scan;5;Outer;;1;25;0;0;1.0;0.0;1.25;108;25.0;0;0.0;0.0;0.0;0.0;Q8
Q8_116_seed_943463565;13595;Hash Join;3;Outer;;0;805;805;25;0.04;9922.14;70521.36;148;0.0;0;73.074;1250.847;72.991;1250.525;0.014;0.014;Q8;13598;Nested Loop;6;Outer;;0;118013;29497;5;0.800169508763603;4743.52;64785.2;24;0.0;0;31.391;211.416;0.041;0.043;Q8;13597;Hash Join;5;Outer;;0;805;118013;568;1.2009300001921488e-05;9920.29;70271.77;20;0.0;0;31.611;1204.505;37.845;37.845;Q8;13613;Hash;4;Inner;;0;25;25;0;1.0;1.25;1.25;108;0.0;0;0.009;0.01;0.0;0.0;Q8;13612;Index Scan;5;Inner;;223;1;0;0;0.0001;0.29;0.3;8;10000.0;0;0.0;0.0;0.0;0.0;Q8;13614;Seq Scan;5;Outer;;1;25;0;0;1.0;0.0;1.25;108;25.0;0;0.0;0.0;0.0;0.0;Q8
Q8_119_seed_968075658;13664;Hash Join;3;Outer;;0;817;817;25;0.04;9922.25;70525.18;148;0.0;0;82.913;1249.012;82.84;1248.699;0.014;0.015;Q8;13667;Nested Loop;6;Outer;;0;118013;29497;5;0.800169508763603;4743.52;64785.2;24;0.0;0;37.877;218.265;0.041;0.043;Q8;13666;Hash Join;5;Outer;;0;817;118013;577;1.19982081696754e-05;9920.4;70271.88;20;0.0;0;38.137;1198.111;41.716;41.716;Q8;13682;Hash;4;Inner;;0;25;25;0;1.0;1.25;1.25;108;0.0;0;0.011;0.011;0.0;0.0;Q8;13681;Index Scan;5;Inner;;223;1;0;0;0.0001;0.29;0.3;8;10000.0;0;0.0;0.0;0.0;0.0;Q8;13683;Seq Scan;5;Outer;;1;25;0;0;1.0;0.0;1.25;108;25.0;0;0.0;0.0;0.0;0.0;Q8
Q8_11_seed_82040310;13687;Hash Join;3;Outer;;0;809;809;25;0.04;9922.17;70522.63;148;0.0;0;69.884;1202.036;69.808;1201.722;0.013;0.013;Q8;13690;Nested Loop;6;Outer;;0;118013;29497;5;0.800169508763603;4743.52;64785.2;24;0.0;0;31.399;206.482;0.039;0.041;Q8;13689;Hash Join;5;Outer;;0;809;118013;571;1.200556387395535e-05;9920.33;70271.8;20;0.0;0;31.558;1158.094;35.357;35.357;Q8;13705;Hash;4;Inner;;0;25;25;0;1.0;1.25;1.25;108;0.0;0;0.009;0.01;0.0;0.0;Q8;13704;Index Scan;5;Inner;;223;1;0;0;0.0001;0.29;0.3;8;10000.0;0;0.0;0.0;0.0;0.0;Q8;13706;Seq Scan;5;Outer;;1;25;0;0;1.0;0.0;1.25;108;25.0;0;0.0;0.0;0.0;0.0;Q8
Q8_121_seed_984483720;13733;Hash Join;3;Outer;;0;801;801;25;0.04;9922.1;70520.09;148;0.0;0;79.444;1220.76;79.126;1220.211;0.014;0.014;Q8;13736;Nested Loop;6;Outer;;0;118013;29497;5;0.800169508763603;4743.52;64785.2;24;0.0;0;36.459;211.72;0.039;0.042;Q8;13735;Hash Join;5;Outer;;0;801;118013;565;1.201307580558284e-05;9920.25;70271.73;20;0.0;0;36.713;1171.046;40.464;40.464;Q8;13751;Hash;4;Inner;;0;25;25;0;1.0;1.25;1.25;108;0.0;0;0.009;0.01;0.0;0.0;Q8;13750;Index Scan;5;Inner;;223;1;0;0;0.0001;0.29;0.3;8;10000.0;0;0.0;0.0;0.0;0.0;Q8;13752;Seq Scan;5;Outer;;1;25;0;0;1.0;0.0;1.25;108;25.0;0;0.0;0.0;0.0;0.0;Q8
Q8_122_seed_992687751;13756;Hash Join;3;Outer;;0;830;830;25;0.04;9922.36;70529.29;148;0.0;0;78.187;1195.377;78.104;1195.035;0.014;0.014;Q8;13759;Nested Loop;6;Outer;;0;118013;29497;5;0.800169508763603;4743.52;64785.2;24;0.0;0;33.075;211.669;0.038;0.04;Q8;13758;Hash Join;5;Outer;;0;830;118013;586;1.200191718335884e-05;9920.51;70271.99;20;0.0;0;33.231;1145.762;40.176;40.176;Q8;13774;Hash;4;Inner;;0;25;25;0;1.0;1.25;1.25;108;0.0;0;0.009;0.01;0.0;0.0;Q8;13773;Index Scan;5;Inner;;223;1;0;0;0.0001;0.29;0.3;8;10000.0;0;0.0;0.0;0.0;0.0;Q8;13775;Seq Scan;5;Outer;;1;25;0;0;1.0;0.0;1.25;108;25.0;0;0.0;0.0;0.0;0.0;Q8
Q8_123_seed_1000891782;13779;Hash Join;3;Outer;;0;793;793;25;0.04;9922.04;70517.57;148;0.0;0;81.113;1207.23;81.018;1206.896;0.013;0.013;Q8;13782;Nested Loop;6;Outer;;0;118013;29497;5;0.800169508763603;4743.52;64785.2;24;0.0;0;36.077;214.011;0.039;0.041;Q8;13781;Hash Join;5;Outer;;0;793;118013;560;1.1999283371928758e-05;9920.19;70271.67;20;0.0;0;36.348;1156.175;41.513;41.513;Q8;13797;Hash;4;Inner;;0;25;25;0;1.0;1.25;1.25;108;0.0;0;0.009;0.01;0.0;0.0;Q8;13796;Index Scan;5;Inner;;223;1;0;0;0.0001;0.29;0.3;8;10000.0;0;0.0;0.0;0.0;0.0;Q8;13798;Seq Scan;5;Outer;;1;25;0;0;1.0;0.0;1.25;108;25.0;0;0.0;0.0;0.0;0.0;Q8
Q8_125_seed_1017299844;13825;Hash Join;3;Outer;;0;782;782;25;0.04;9921.94;70514.07;148;0.0;0;87.045;1270.967;86.959;1270.633;0.016;0.016;Q8;13828;Nested Loop;6;Outer;;0;118013;29497;5;0.800169508763603;4743.52;64785.2;24;0.0;0;38.597;215.879;0.042;0.044;Q8;13827;Hash Join;5;Outer;;0;782;118013;552;1.2004327206889636e-05;9920.09;70271.57;20;0.0;0;38.844;1220.356;41.895;41.895;Q8;13843;Hash;4;Inner;;0;25;25;0;1.0;1.25;1.25;108;0.0;0;0.012;0.013;0.0;0.0;Q8;13842;Index Scan;5;Inner;;223;1;0;0;0.0001;0.29;0.3;8;10000.0;0;0.0;0.0;0.0;0.0;Q8;13844;Seq Scan;5;Outer;;1;25;0;0;1.0;0.0;1.25;108;25.0;0;0.0;0.0;0.0;0.0;Q8
Q8_126_seed_1025503875;13848;Hash Join;3;Outer;;0;781;781;25;0.04;9921.92;70513.75;148;0.0;0;86.331;1228.18;86.249;1227.863;0.012;0.012;Q8;13851;Nested Loop;6;Outer;;0;118013;29497;5;0.800169508763603;4743.52;64785.2;24;0.0;0;36.85;216.218;0.04;0.042;Q8;13850;Hash Join;5;Outer;;0;781;118013;551;1.2010734982702004e-05;9920.08;70271.55;20;0.0;0;37.127;1172.928;41.426;41.426;Q8;13866;Hash;4;Inner;;0;25;25;0;1.0;1.25;1.25;108;0.0;0;0.008;0.009;0.0;0.0;Q8;13865;Index Scan;5;Inner;;223;1;0;0;0.0001;0.29;0.3;8;10000.0;0;0.0;0.0;0.0;0.0;Q8;13867;Seq Scan;5;Outer;;1;25;0;0;1.0;0.0;1.25;108;25.0;0;0.0;0.0;0.0;0.0;Q8
Q8_12_seed_90244341;13940;Hash Join;3;Outer;;0;779;779;25;0.04;9921.91;70513.12;148;0.0;0;88.362;1234.237;88.294;1233.935;0.012;0.013;Q8;13943;Nested Loop;6;Outer;;0;118013;29497;5;0.800169508763603;4743.52;64785.2;24;0.0;0;38.613;217.438;0.04;0.042;Q8;13942;Hash Join;5;Outer;;0;779;118013;550;1.20017594363641e-05;9920.06;70271.54;20;0.0;0;38.788;1183.503;41.499;41.499;Q8;13958;Hash;4;Inner;;0;25;25;0;1.0;1.25;1.25;108;0.0;0;0.009;0.01;0.0;0.0;Q8;13957;Index Scan;5;Inner;;223;1;0;0;0.0001;0.29;0.3;8;10000.0;0;0.0;0.0;0.0;0.0;Q8;13959;Seq Scan;5;Outer;;1;25;0;0;1.0;0.0;1.25;108;25.0;0;0.0;0.0;0.0;0.0;Q8
Q8_130_seed_1058319999;13963;Hash Join;3;Outer;;0;770;770;25;0.04;9921.84;70510.28;148;0.0;0;84.141;1228.537;84.063;1228.225;0.013;0.013;Q8;13966;Nested Loop;6;Outer;;0;118013;29497;5;0.800169508763603;4743.52;64785.2;24;0.0;0;37.174;214.822;0.04;0.042;Q8;13965;Hash Join;5;Outer;;0;770;118013;544;1.1993942840793711e-05;9919.99;70271.47;20;0.0;0;37.355;1178.076;40.969;40.97;Q8;13981;Hash;4;Inner;;0;25;25;0;1.0;1.25;1.25;108;0.0;0;0.008;0.009;0.0;0.0;Q8;13980;Index Scan;5;Inner;;223;1;0;0;0.0001;0.29;0.3;8;10000.0;0;0.0;0.0;0.0;0.0;Q8;13982;Seq Scan;5;Outer;;1;25;0;0;1.0;0.0;1.25;108;25.0;0;0.0;0.0;0.0;0.0;Q8
Q8_132_seed_1074728061;14009;Hash Join;3;Outer;;0;758;758;25;0.04;9921.72;70506.46;148;0.0;0;76.616;1199.007;76.534;1198.691;0.015;0.015;Q8;14012;Nested Loop;6;Outer;;0;118013;29497;5;0.800169508763603;4743.52;64785.2;24;0.0;0;33.197;207.111;0.039;0.041;Q8;14011;Hash Join;5;Outer;;0;758;118013;535;1.2005647088935474e-05;9919.88;70271.35;20;0.0;0;33.417;1149.294;41.053;41.053;Q8;14027;Hash;4;Inner;;0;25;25;0;1.0;1.25;1.25;108;0.0;0;0.01;0.011;0.0;0.0;Q8;14026;Index Scan;5;Inner;;223;1;0;0;0.0001;0.29;0.3;8;10000.0;0;0.0;0.0;0.0;0.0;Q8;14028;Seq Scan;5;Outer;;1;25;0;0;1.0;0.0;1.25;108;25.0;0;0.0;0.0;0.0;0.0;Q8
Q8_134_seed_1091136123;14055;Hash Join;3;Outer;;0;808;808;25;0.04;9922.16;70522.31;148;0.0;0;83.994;1231.282;83.907;1230.973;0.015;0.016;Q8;14058;Nested Loop;6;Outer;;0;118013;29497;5;0.800169508763603;4743.52;64785.2;24;0.0;0;39.256;213.3;0.04;0.042;Q8;14057;Hash Join;5;Outer;;0;808;118013;570;1.2011760226831982e-05;9920.31;70271.79;20;0.0;0;39.525;1181.356;41.47;41.47;Q8;14073;Hash;4;Inner;;0;25;25;0;1.0;1.25;1.25;108;0.0;0;0.011;0.012;0.0;0.0;Q8;14072;Index Scan;5;Inner;;223;1;0;0;0.0001;0.29;0.3;8;10000.0;0;0.0;0.0;0.0;0.0;Q8;14074;Seq Scan;5;Outer;;1;25;0;0;1.0;0.0;1.25;108;25.0;0;0.0;0.0;0.0;0.0;Q8
Q8_135_seed_1099340154;14078;Hash Join;3;Outer;;0;777;777;25;0.04;9921.9;70512.5;148;0.0;0;81.125;1203.749;81.043;1203.435;0.016;0.016;Q8;14081;Nested Loop;6;Outer;;0;118013;29497;5;0.800169508763603;4743.52;64785.2;24;0.0;0;36.918;215.352;0.039;0.041;Q8;14080;Hash Join;5;Outer;;0;777;118013;549;1.1992751192225326e-05;9920.05;70271.53;20;0.0;0;37.142;1153.566;40.736;40.736;Q8;14096;Hash;4;Inner;;0;25;25;0;1.0;1.25;1.25;108;0.0;0;0.009;0.01;0.0;0.0;Q8;14095;Index Scan;5;Inner;;223;1;0;0;0.0001;0.29;0.3;8;10000.0;0;0.0;0.0;0.0;0.0;Q8;14097;Seq Scan;5;Outer;;1;25;0;0;1.0;0.0;1.25;108;25.0;0;0.0;0.0;0.0;0.0;Q8
Q8_136_seed_1107544185;14101;Hash Join;3;Outer;;0;750;750;25;0.04;9921.66;70503.94;148;0.0;0;81.524;1203.852;81.444;1203.532;0.016;0.018;Q8;14104;Nested Loop;6;Outer;;0;118013;29497;5;0.800169508763603;4743.52;64785.2;24;0.0;0;35.335;212.072;0.04;0.041;Q8;14103;Hash Join;5;Outer;;0;750;118013;530;1.1991003869257127e-05;9919.81;70271.29;20;0.0;0;35.614;1152.884;42.319;42.319;Q8;14119;Hash;4;Inner;;0;25;25;0;1.0;1.25;1.25;108;0.0;0;0.011;0.013;0.0;0.0;Q8;14118;Index Scan;5;Inner;;223;1;0;0;0.0001;0.29;0.3;8;10000.0;0;0.0;0.0;0.0;0.0;Q8;14120;Seq Scan;5;Outer;;1;25;0;0;1.0;0.0;1.25;108;25.0;0;0.0;0.0;0.0;0.0;Q8
Q8_138_seed_1123952247;14147;Hash Join;3;Outer;;0;790;790;25;0.04;9922.01;70516.62;148;0.0;0;82.317;1198.719;82.154;1198.316;0.017;0.017;Q8;14150;Nested Loop;6;Outer;;0;118013;29497;5;0.800169508763603;4743.52;64785.2;24;0.0;0;39.262;216.177;0.039;0.041;Q8;14149;Hash Join;5;Outer;;0;790;118013;558;1.1996734337056056e-05;9920.16;70271.64;20;0.0;0;39.499;1149.194;40.78;40.78;Q8;14165;Hash;4;Inner;;0;25;25;0;1.0;1.25;1.25;108;0.0;0;0.012;0.013;0.0;0.0;Q8;14164;Index Scan;5;Inner;;223;1;0;0;0.0001;0.29;0.3;8;10000.0;0;0.0;0.0;0.0;0.0;Q8;14166;Seq Scan;5;Outer;;1;25;0;0;1.0;0.0;1.25;108;25.0;0;0.0;0.0;0.0;0.0;Q8
Q8_139_seed_1132156278;14170;Hash Join;3;Outer;;0;776;776;25;0.04;9921.89;70512.18;148;0.0;0;86.762;1222.611;86.669;1222.295;0.015;0.015;Q8;14173;Nested Loop;6;Outer;;0;118013;29497;5;0.800169508763603;4743.52;64785.2;24;0.0;0;36.214;213.84;0.039;0.042;Q8;14172;Hash Join;5;Outer;;0;776;118013;548;1.199917292298801e-05;9920.04;70271.52;20;0.0;0;36.472;1173.978;40.112;40.112;Q8;14188;Hash;4;Inner;;0;25;25;0;1.0;1.25;1.25;108;0.0;0;0.01;0.011;0.0;0.0;Q8;14187;Index Scan;5;Inner;;223;1;0;0;0.0001;0.29;0.3;8;10000.0;0;0.0;0.0;0.0;0.0;Q8;14189;Seq Scan;5;Outer;;1;25;0;0;1.0;0.0;1.25;108;25.0;0;0.0;0.0;0.0;0.0;Q8
Q8_13_seed_98448372;14193;Hash Join;3;Outer;;0;756;756;25;0.04;9921.71;70505.84;148;0.0;0;84.47;1197.743;84.402;1197.452;0.014;0.014;Q8;14196;Nested Loop;6;Outer;;0;118013;29497;5;0.800169508763603;4743.52;64785.2;24;0.0;0;38.994;218.698;0.038;0.04;Q8;14195;Hash Join;5;Outer;;0;756;118013;534;1.1996393084479266e-05;9919.86;70271.34;20;0.0;0;39.669;1149.405;39.937;39.937;Q8;14211;Hash;4;Inner;;0;25;25;0;1.0;1.25;1.25;108;0.0;0;0.01;0.011;0.0;0.0;Q8;14210;Index Scan;5;Inner;;223;1;0;0;0.0001;0.29;0.3;8;10000.0;0;0.0;0.0;0.0;0.0;Q8;14212;Seq Scan;5;Outer;;1;25;0;0;1.0;0.0;1.25;108;25.0;0;0.0;0.0;0.0;0.0;Q8
Q8_140_seed_1140360309;14216;Hash Join;3;Outer;;0;784;784;25;0.04;9921.96;70514.71;148;0.0;0;88.382;1249.601;88.31;1249.285;0.013;0.013;Q8;14219;Nested Loop;6;Outer;;0;118013;29497;5;0.800169508763603;4743.52;64785.2;24;0.0;0;40.128;216.6;0.04;0.042;Q8;14218;Hash Join;5;Outer;;0;784;118013;554;1.1991581053558898e-05;9920.11;70271.59;20;0.0;0;40.307;1200.928;39.907;39.907;Q8;14234;Hash;4;Inner;;0;25;25;0;1.0;1.25;1.25;108;0.0;0;0.008;0.009;0.0;0.0;Q8;14233;Index Scan;5;Inner;;223;1;0;0;0.0001;0.29;0.3;8;10000.0;0;0.0;0.0;0.0;0.0;Q8;14235;Seq Scan;5;Outer;;1;25;0;0;1.0;0.0;1.25;108;25.0;0;0.0;0.0;0.0;0.0;Q8
Q8_143_seed_1164972402;14285;Hash Join;3;Outer;;0;748;748;25;0.04;9921.64;70503.3;148;0.0;0;90.043;1225.494;89.95;1225.164;0.018;0.018;Q8;14288;Nested Loop;6;Outer;;0;118013;29497;5;0.800169508763603;4743.52;64785.2;24;0.0;0;39.92;216.876;0.04;0.042;Q8;14287;Hash Join;5;Outer;;0;748;118013;528;1.2004327206889636e-05;9919.79;70271.27;20;0.0;0;40.443;1175.445;40.933;40.933;Q8;14303;Hash;4;Inner;;0;25;25;0;1.0;1.25;1.25;108;0.0;0;0.014;0.015;0.0;0.0;Q8;14302;Index Scan;5;Inner;;223;1;0;0;0.0001;0.29;0.3;8;10000.0;0;0.0;0.0;0.0;0.0;Q8;14304;Seq Scan;5;Outer;;1;25;0;0;1.0;0.0;1.25;108;25.0;0;0.0;0.0;0.0;0.0;Q8
Q8_144_seed_1173176433;14308;Hash Join;3;Outer;;0;790;790;25;0.04;9922.01;70516.62;148;0.0;0;82.556;1224.739;82.48;1224.432;0.017;0.017;Q8;14311;Nested Loop;6;Outer;;0;118013;29497;5;0.800169508763603;4743.52;64785.2;24;0.0;0;38.241;216.533;0.039;0.042;Q8;14310;Hash Join;5;Outer;;0;790;118013;558;1.1996734337056056e-05;9920.16;70271.64;20;0.0;0;39.283;1175.155;40.934;40.934;Q8;14326;Hash;4;Inner;;0;25;25;0;1.0;1.25;1.25;108;0.0;0;0.011;0.012;0.0;0.0;Q8;14325;Index Scan;5;Inner;;223;1;0;0;0.0001;0.29;0.3;8;10000.0;0;0.0;0.0;0.0;0.0;Q8;14327;Seq Scan;5;Outer;;1;25;0;0;1.0;0.0;1.25;108;25.0;0;0.0;0.0;0.0;0.0;Q8
Q8_145_seed_1181380464;14331;Hash Join;3;Outer;;0;781;781;25;0.04;9921.94;70513.76;148;0.0;0;70.702;1219.778;70.631;1219.473;0.015;0.016;Q8;14334;Nested Loop;6;Outer;;0;118013;29497;5;0.800169508763603;4743.52;64785.2;24;0.0;0;32.639;208.31;0.04;0.042;Q8;14333;Hash Join;5;Outer;;0;781;118013;552;1.198897640483479e-05;9920.09;70271.57;20;0.0;0;32.896;1176.659;34.61;34.61;Q8;14349;Hash;4;Inner;;0;25;25;0;1.0;1.25;1.25;108;0.0;0;0.011;0.012;0.0;0.0;Q8;14348;Index Scan;5;Inner;;223;1;0;0;0.0001;0.29;0.3;8;10000.0;0;0.0;0.0;0.0;0.0;Q8;14350;Seq Scan;5;Outer;;1;25;0;0;1.0;0.0;1.25;108;25.0;0;0.0;0.0;0.0;0.0;Q8
Q8_147_seed_1197788526;14377;Hash Join;3;Outer;;0;790;790;25;0.04;9922.01;70516.62;148;0.0;0;86.706;1224.996;86.628;1224.688;0.017;0.017;Q8;14380;Nested Loop;6;Outer;;0;118013;29497;5;0.800169508763603;4743.52;64785.2;24;0.0;0;38.822;216.065;0.04;0.042;Q8;14379;Hash Join;5;Outer;;0;790;118013;558;1.1996734337056056e-05;9920.16;70271.64;20;0.0;0;39.026;1175.81;40.593;40.593;Q8;14395;Hash;4;Inner;;0;25;25;0;1.0;1.25;1.25;108;0.0;0;0.012;0.012;0.0;0.0;Q8;14394;Index Scan;5;Inner;;223;1;0;0;0.0001;0.29;0.3;8;10000.0;0;0.0;0.0;0.0;0.0;Q8;14396;Seq Scan;5;Outer;;1;25;0;0;1.0;0.0;1.25;108;25.0;0;0.0;0.0;0.0;0.0;Q8
Q8_148_seed_1205992557;14400;Hash Join;3;Outer;;0;838;838;25;0.04;9922.44;70531.83;148;0.0;0;84.38;1219.026;84.307;1218.709;0.013;0.013;Q8;14403;Nested Loop;6;Outer;;0;118013;29497;5;0.800169508763603;4743.52;64785.2;24;0.0;0;37.646;217.176;0.04;0.042;Q8;14402;Hash Join;5;Outer;;0;838;118013;592;1.199478481642311e-05;9920.59;70272.07;20;0.0;0;37.881;1170.08;39.956;39.956;Q8;14418;Hash;4;Inner;;0;25;25;0;1.0;1.25;1.25;108;0.0;0;0.008;0.009;0.0;0.0;Q8;14417;Index Scan;5;Inner;;223;1;0;0;0.0001;0.29;0.3;8;10000.0;0;0.0;0.0;0.0;0.0;Q8;14419;Seq Scan;5;Outer;;1;25;0;0;1.0;0.0;1.25;108;25.0;0;0.0;0.0;0.0;0.0;Q8
Q8_149_seed_1214196588;14423;Hash Join;3;Outer;;0;766;766;25;0.04;9921.8;70509.01;148;0.0;0;85.349;1256.229;85.264;1255.912;0.014;0.015;Q8;14426;Nested Loop;6;Outer;;0;118013;29497;5;0.800169508763603;4743.52;64785.2;24;0.0;0;38.811;217.635;0.041;0.043;Q8;14425;Hash Join;5;Outer;;0;766;118013;541;1.199780098790144e-05;9919.95;70271.43;20;0.0;0;40.168;1207.491;39.933;39.933;Q8;14441;Hash;4;Inner;;0;25;25;0;1.0;1.25;1.25;108;0.0;0;0.01;0.011;0.0;0.0;Q8;14440;Index Scan;5;Inner;;223;1;0;0;0.0001;0.29;0.3;8;10000.0;0;0.0;0.0;0.0;0.0;Q8;14442;Seq Scan;5;Outer;;1;25;0;0;1.0;0.0;1.25;108;25.0;0;0.0;0.0;0.0;0.0;Q8
Q8_17_seed_131264496;14538;Hash Join;3;Outer;;0;796;796;25;0.04;9922.06;70518.52;148;0.0;0;76.719;1240.74;76.656;1240.438;0.015;0.015;Q8;14541;Nested Loop;6;Outer;;0;118013;29497;5;0.800169508763603;4743.52;64785.2;24;0.0;0;39.25;217.055;0.04;0.042;Q8;14540;Hash Join;5;Outer;;0;796;118013;562;1.2001814264204502e-05;9920.21;70271.69;20;0.0;0;39.511;1197.566;34.463;34.463;Q8;14556;Hash;4;Inner;;0;25;25;0;1.0;1.25;1.25;108;0.0;0;0.01;0.011;0.0;0.0;Q8;14555;Index Scan;5;Inner;;223;1;0;0;0.0001;0.29;0.3;8;10000.0;0;0.0;0.0;0.0;0.0;Q8;14557;Seq Scan;5;Outer;;1;25;0;0;1.0;0.0;1.25;108;25.0;0;0.0;0.0;0.0;0.0;Q8
Q8_19_seed_147672558;14584;Hash Join;3;Outer;;0;749;749;25;0.04;9921.65;70503.62;148;0.0;0;79.428;1218.419;79.344;1218.093;0.014;0.014;Q8;14587;Nested Loop;6;Outer;;0;118013;29497;5;0.800169508763603;4743.52;64785.2;24;0.0;0;35.309;208.736;0.039;0.041;Q8;14586;Hash Join;5;Outer;;0;749;118013;529;1.199765294512666e-05;9919.8;70271.28;20;0.0;0;35.543;1172.624;37.32;37.32;Q8;14602;Hash;4;Inner;;0;25;25;0;1.0;1.25;1.25;108;0.0;0;0.009;0.01;0.0;0.0;Q8;14601;Index Scan;5;Inner;;223;1;0;0;0.0001;0.29;0.3;8;10000.0;0;0.0;0.0;0.0;0.0;Q8;14603;Seq Scan;5;Outer;;1;25;0;0;1.0;0.0;1.25;108;25.0;0;0.0;0.0;0.0;0.0;Q8
Q8_1_seed_0101000000;14607;Hash Join;3;Outer;;0;732;732;25;0.04;9921.5;70498.23;148;0.0;0;80.987;1226.207;80.91;1225.911;0.013;0.013;Q8;14610;Nested Loop;6;Outer;;0;118013;29497;5;0.800169508763603;4743.52;64785.2;24;0.0;0;36.974;214.131;0.04;0.042;Q8;14609;Hash Join;5;Outer;;0;732;118013;517;1.1997498029960014e-05;9919.65;70271.13;20;0.0;0;37.234;1178.143;39.405;39.405;Q8;14625;Hash;4;Inner;;0;25;25;0;1.0;1.25;1.25;108;0.0;0;0.008;0.009;0.0;0.0;Q8;14624;Index Scan;5;Inner;;223;1;0;0;0.0001;0.29;0.3;8;10000.0;0;0.0;0.0;0.0;0.0;Q8;14626;Seq Scan;5;Outer;;1;25;0;0;1.0;0.0;1.25;108;25.0;0;0.0;0.0;0.0;0.0;Q8
Q8_20_seed_155876589;14630;Hash Join;3;Outer;;0;791;791;25;0.04;9922.02;70516.94;148;0.0;0;81.672;1236.736;81.59;1236.411;0.016;0.016;Q8;14633;Nested Loop;6;Outer;;0;118013;29497;5;0.800169508763603;4743.52;64785.2;24;0.0;0;36.357;217.191;0.04;0.042;Q8;14632;Hash Join;5;Outer;;0;791;118013;559;1.1990431847605644e-05;9920.18;70271.65;20;0.0;0;36.56;1187.984;40.232;40.232;Q8;14648;Hash;4;Inner;;0;25;25;0;1.0;1.25;1.25;108;0.0;0;0.011;0.012;0.0;0.0;Q8;14647;Index Scan;5;Inner;;223;1;0;0;0.0001;0.29;0.3;8;10000.0;0;0.0;0.0;0.0;0.0;Q8;14649;Seq Scan;5;Outer;;1;25;0;0;1.0;0.0;1.25;108;25.0;0;0.0;0.0;0.0;0.0;Q8
Q8_21_seed_164080620;14653;Hash Join;3;Outer;;0;786;786;25;0.04;9921.97;70515.34;148;0.0;0;78.889;1214.118;78.813;1213.799;0.017;0.017;Q8;14656;Nested Loop;6;Outer;;0;118013;29497;5;0.800169508763603;4743.52;64785.2;24;0.0;0;37.98;211.462;0.04;0.042;Q8;14655;Hash Join;5;Outer;;0;786;118013;555;1.2000510250703028e-05;9920.13;70271.6;20;0.0;0;38.148;1167.8;37.706;37.706;Q8;14671;Hash;4;Inner;;0;25;25;0;1.0;1.25;1.25;108;0.0;0;0.011;0.012;0.0;0.0;Q8;14670;Index Scan;5;Inner;;223;1;0;0;0.0001;0.29;0.3;8;10000.0;0;0.0;0.0;0.0;0.0;Q8;14672;Seq Scan;5;Outer;;1;25;0;0;1.0;0.0;1.25;108;25.0;0;0.0;0.0;0.0;0.0;Q8
Q8_23_seed_180488682;14699;Hash Join;3;Outer;;0;793;793;25;0.04;9922.04;70517.57;148;0.0;0;80.566;1202.839;80.492;1202.533;0.013;0.014;Q8;14702;Nested Loop;6;Outer;;0;118013;29497;5;0.800169508763603;4743.52;64785.2;24;0.0;0;38.999;213.68;0.039;0.041;Q8;14701;Hash Join;5;Outer;;0;793;118013;560;1.1999283371928758e-05;9920.19;70271.67;20;0.0;0;39.167;1156.439;37.866;37.866;Q8;14717;Hash;4;Inner;;0;25;25;0;1.0;1.25;1.25;108;0.0;0;0.009;0.01;0.0;0.0;Q8;14716;Index Scan;5;Inner;;223;1;0;0;0.0001;0.29;0.3;8;10000.0;0;0.0;0.0;0.0;0.0;Q8;14718;Seq Scan;5;Outer;;1;25;0;0;1.0;0.0;1.25;108;25.0;0;0.0;0.0;0.0;0.0;Q8
Q8_24_seed_188692713;14722;Hash Join;3;Outer;;0;769;769;25;0.04;9921.82;70509.96;148;0.0;0;77.535;1239.761;77.462;1239.445;0.013;0.014;Q8;14725;Nested Loop;6;Outer;;0;118013;29497;5;0.800169508763603;4743.52;64785.2;24;0.0;0;35.309;218.735;0.041;0.042;Q8;14724;Hash Join;5;Outer;;0;769;118013;543;1.2000425898080118e-05;9919.98;70271.45;20;0.0;0;35.532;1191.888;39.163;39.163;Q8;14740;Hash;4;Inner;;0;25;25;0;1.0;1.25;1.25;108;0.0;0;0.009;0.01;0.0;0.0;Q8;14739;Index Scan;5;Inner;;223;1;0;0;0.0001;0.29;0.3;8;10000.0;0;0.0;0.0;0.0;0.0;Q8;14741;Seq Scan;5;Outer;;1;25;0;0;1.0;0.0;1.25;108;25.0;0;0.0;0.0;0.0;0.0;Q8
Q8_25_seed_196896744;14745;Hash Join;3;Outer;;0;751;751;25;0.04;9921.66;70504.25;148;0.0;0;82.04;1227.029;81.953;1226.712;0.016;0.016;Q8;14748;Nested Loop;6;Outer;;0;118013;29497;5;0.800169508763603;4743.52;64785.2;24;0.0;0;36.014;213.106;0.041;0.042;Q8;14747;Hash Join;5;Outer;;0;751;118013;530;1.2006991874416136e-05;9919.81;70271.29;20;0.0;0;36.176;1178.971;37.001;37.001;Q8;14763;Hash;4;Inner;;0;25;25;0;1.0;1.25;1.25;108;0.0;0;0.01;0.011;0.0;0.0;Q8;14762;Index Scan;5;Inner;;223;1;0;0;0.0001;0.29;0.3;8;10000.0;0;0.0;0.0;0.0;0.0;Q8;14764;Seq Scan;5;Outer;;1;25;0;0;1.0;0.0;1.25;108;25.0;0;0.0;0.0;0.0;0.0;Q8
Q8_29_seed_229712868;14837;Hash Join;3;Outer;;0;788;788;25;0.04;9922.0;70515.99;148;0.0;0;68.023;1190.245;67.941;1189.912;0.016;0.016;Q8;14840;Nested Loop;6;Outer;;0;118013;29497;5;0.800169508763603;4743.52;64785.2;24;0.0;0;31.074;205.861;0.039;0.041;Q8;14839;Hash Join;5;Outer;;0;788;118013;557;1.198784645351657e-05;9920.15;70271.63;20;0.0;0;31.305;1147.872;33.584;33.584;Q8;14855;Hash;4;Inner;;0;25;25;0;1.0;1.25;1.25;108;0.0;0;0.01;0.011;0.0;0.0;Q8;14854;Index Scan;5;Inner;;223;1;0;0;0.0001;0.29;0.3;8;10000.0;0;0.0;0.0;0.0;0.0;Q8;14856;Seq Scan;5;Outer;;1;25;0;0;1.0;0.0;1.25;108;25.0;0;0.0;0.0;0.0;0.0;Q8
Q8_2_seed_8204031;14860;Hash Join;3;Outer;;0;762;762;25;0.04;9921.76;70507.73;148;0.0;0;80.385;1226.948;80.312;1226.644;0.013;0.014;Q8;14863;Nested Loop;6;Outer;;0;118013;29497;5;0.800169508763603;4743.52;64785.2;24;0.0;0;37.214;216.952;0.039;0.041;Q8;14862;Hash Join;5;Outer;;0;762;118013;538;1.200170216267208e-05;9919.91;70271.39;20;0.0;0;37.429;1178.013;40.445;40.445;Q8;14878;Hash;4;Inner;;0;25;25;0;1.0;1.25;1.25;108;0.0;0;0.009;0.01;0.0;0.0;Q8;14877;Index Scan;5;Inner;;223;1;0;0;0.0001;0.29;0.3;8;10000.0;0;0.0;0.0;0.0;0.0;Q8;14879;Seq Scan;5;Outer;;1;25;0;0;1.0;0.0;1.25;108;25.0;0;0.0;0.0;0.0;0.0;Q8
Q8_31_seed_246120930;14906;Hash Join;3;Outer;;0;725;725;25;0.04;9921.44;70496.01;148;0.0;0;87.316;1210.903;87.237;1210.603;0.015;0.015;Q8;14909;Nested Loop;6;Outer;;0;118013;29497;5;0.800169508763603;4743.52;64785.2;24;0.0;0;39.112;216.817;0.039;0.041;Q8;14908;Hash Join;5;Outer;;0;725;118013;512;1.1998810512401175e-05;9919.59;70271.07;20;0.0;0;39.608;1159.221;43.138;43.138;Q8;14924;Hash;4;Inner;;0;25;25;0;1.0;1.25;1.25;108;0.0;0;0.011;0.011;0.0;0.0;Q8;14923;Index Scan;5;Inner;;223;1;0;0;0.0001;0.29;0.3;8;10000.0;0;0.0;0.0;0.0;0.0;Q8;14925;Seq Scan;5;Outer;;1;25;0;0;1.0;0.0;1.25;108;25.0;0;0.0;0.0;0.0;0.0;Q8
Q8_32_seed_254324961;14929;Hash Join;3;Outer;;0;805;805;25;0.04;9922.14;70521.36;148;0.0;0;77.358;1246.472;77.29;1246.141;0.014;0.014;Q8;14932;Nested Loop;6;Outer;;0;118013;29497;5;0.800169508763603;4743.52;64785.2;24;0.0;0;33.833;212.487;0.04;0.042;Q8;14931;Hash Join;5;Outer;;0;805;118013;568;1.2009300001921488e-05;9920.29;70271.77;20;0.0;0;34.076;1195.981;40.229;40.23;Q8;14947;Hash;4;Inner;;0;25;25;0;1.0;1.25;1.25;108;0.0;0;0.01;0.011;0.0;0.0;Q8;14946;Index Scan;5;Inner;;223;1;0;0;0.0001;0.29;0.3;8;10000.0;0;0.0;0.0;0.0;0.0;Q8;14948;Seq Scan;5;Outer;;1;25;0;0;1.0;0.0;1.25;108;25.0;0;0.0;0.0;0.0;0.0;Q8
Q8_34_seed_270733023;14975;Hash Join;3;Outer;;0;782;782;25;0.04;9921.94;70514.07;148;0.0;0;72.342;1172.852;72.264;1172.551;0.019;0.019;Q8;14978;Nested Loop;6;Outer;;0;118013;29497;5;0.800169508763603;4743.52;64785.2;24;0.0;0;34.298;207.293;0.038;0.041;Q8;14977;Hash Join;5;Outer;;0;782;118013;552;1.2004327206889636e-05;9920.09;70271.57;20;0.0;0;34.547;1130.536;34.04;34.04;Q8;14993;Hash;4;Inner;;0;25;25;0;1.0;1.25;1.25;108;0.0;0;0.014;0.014;0.0;0.0;Q8;14992;Index Scan;5;Inner;;223;1;0;0;0.0001;0.29;0.3;8;10000.0;0;0.0;0.0;0.0;0.0;Q8;14994;Seq Scan;5;Outer;;1;25;0;0;1.0;0.0;1.25;108;25.0;0;0.0;0.0;0.0;0.0;Q8
Q8_36_seed_287141085;15021;Hash Join;3;Outer;;0;761;761;25;0.04;9921.75;70507.41;148;0.0;0;81.199;1245.656;81.124;1245.352;0.015;0.015;Q8;15024;Nested Loop;6;Outer;;0;118013;29497;5;0.800169508763603;4743.52;64785.2;24;0.0;0;34.31;215.007;0.041;0.043;Q8;15023;Hash Join;5;Outer;;0;761;118013;537;1.200827210574172e-05;9919.9;70271.38;20;0.0;0;34.512;1194.203;40.566;40.566;Q8;15039;Hash;4;Inner;;0;25;25;0;1.0;1.25;1.25;108;0.0;0;0.01;0.011;0.0;0.0;Q8;15038;Index Scan;5;Inner;;223;1;0;0;0.0001;0.29;0.3;8;10000.0;0;0.0;0.0;0.0;0.0;Q8;15040;Seq Scan;5;Outer;;1;25;0;0;1.0;0.0;1.25;108;25.0;0;0.0;0.0;0.0;0.0;Q8
Q8_38_seed_303549147;15067;Hash Join;3;Outer;;0;810;810;25;0.04;9922.19;70522.95;148;0.0;0;78.051;1211.617;77.981;1211.291;0.014;0.014;Q8;15070;Nested Loop;6;Outer;;0;118013;29497;5;0.800169508763603;4743.52;64785.2;24;0.0;0;34.393;211.175;0.04;0.042;Q8;15069;Hash Join;5;Outer;;0;810;118013;572;1.1999389186648217e-05;9920.34;70271.82;20;0.0;0;34.693;1163.96;38.483;38.483;Q8;15085;Hash;4;Inner;;0;25;25;0;1.0;1.25;1.25;108;0.0;0;0.01;0.011;0.0;0.0;Q8;15084;Index Scan;5;Inner;;223;1;0;0;0.0001;0.29;0.3;8;10000.0;0;0.0;0.0;0.0;0.0;Q8;15086;Seq Scan;5;Outer;;1;25;0;0;1.0;0.0;1.25;108;25.0;0;0.0;0.0;0.0;0.0;Q8
Q8_41_seed_328161240;15159;Hash Join;3;Outer;;0;830;830;25;0.04;9922.36;70529.29;148;0.0;0;81.686;1218.325;81.618;1218.008;0.015;0.015;Q8;15162;Nested Loop;6;Outer;;0;118013;29497;5;0.800169508763603;4743.52;64785.2;24;0.0;0;37.885;213.024;0.04;0.041;Q8;15161;Hash Join;5;Outer;;0;830;118013;586;1.200191718335884e-05;9920.51;70271.99;20;0.0;0;38.057;1168.072;41.478;41.478;Q8;15177;Hash;4;Inner;;0;25;25;0;1.0;1.25;1.25;108;0.0;0;0.011;0.012;0.0;0.0;Q8;15176;Index Scan;5;Inner;;223;1;0;0;0.0001;0.29;0.3;8;10000.0;0;0.0;0.0;0.0;0.0;Q8;15178;Seq Scan;5;Outer;;1;25;0;0;1.0;0.0;1.25;108;25.0;0;0.0;0.0;0.0;0.0;Q8
Q8_42_seed_336365271;15182;Hash Join;3;Outer;;0;793;793;25;0.04;9922.04;70517.57;148;0.0;0;79.396;1250.992;79.328;1250.678;0.013;0.013;Q8;15185;Nested Loop;6;Outer;;0;118013;29497;5;0.800169508763603;4743.52;64785.2;24;0.0;0;37.004;217.488;0.041;0.043;Q8;15184;Hash Join;5;Outer;;0;793;118013;560;1.1999283371928758e-05;9920.19;70271.67;20;0.0;0;37.237;1203.233;38.749;38.749;Q8;15200;Hash;4;Inner;;0;25;25;0;1.0;1.25;1.25;108;0.0;0;0.009;0.01;0.0;0.0;Q8;15199;Index Scan;5;Inner;;223;1;0;0;0.0001;0.29;0.3;8;10000.0;0;0.0;0.0;0.0;0.0;Q8;15201;Seq Scan;5;Outer;;1;25;0;0;1.0;0.0;1.25;108;25.0;0;0.0;0.0;0.0;0.0;Q8
Q8_43_seed_344569302;15205;Hash Join;3;Outer;;0;775;775;25;0.04;9921.87;70511.86;148;0.0;0;75.998;1208.397;75.923;1208.077;0.017;0.017;Q8;15208;Nested Loop;6;Outer;;0;118013;29497;5;0.800169508763603;4743.52;64785.2;24;0.0;0;34.176;211.065;0.039;0.042;Q8;15207;Hash Join;5;Outer;;0;775;118013;547;1.2005618133570663e-05;9920.03;70271.5;20;0.0;0;34.402;1161.039;38.671;38.672;Q8;15223;Hash;4;Inner;;0;25;25;0;1.0;1.25;1.25;108;0.0;0;0.011;0.012;0.0;0.0;Q8;15222;Index Scan;5;Inner;;223;1;0;0;0.0001;0.29;0.3;8;10000.0;0;0.0;0.0;0.0;0.0;Q8;15224;Seq Scan;5;Outer;;1;25;0;0;1.0;0.0;1.25;108;25.0;0;0.0;0.0;0.0;0.0;Q8
Q8_44_seed_352773333;15228;Hash Join;3;Outer;;0;782;782;25;0.04;9921.94;70514.07;148;0.0;0;77.895;1219.648;77.818;1219.325;0.016;0.017;Q8;15231;Nested Loop;6;Outer;;0;118013;29497;5;0.800169508763603;4743.52;64785.2;24;0.0;0;33.589;210.89;0.04;0.042;Q8;15230;Hash Join;5;Outer;;0;782;118013;552;1.2004327206889636e-05;9920.09;70271.57;20;0.0;0;33.777;1171.708;39.284;39.284;Q8;15246;Hash;4;Inner;;0;25;25;0;1.0;1.25;1.25;108;0.0;0;0.012;0.013;0.0;0.0;Q8;15245;Index Scan;5;Inner;;223;1;0;0;0.0001;0.29;0.3;8;10000.0;0;0.0;0.0;0.0;0.0;Q8;15247;Seq Scan;5;Outer;;1;25;0;0;1.0;0.0;1.25;108;25.0;0;0.0;0.0;0.0;0.0;Q8
Q8_46_seed_369181395;15274;Hash Join;3;Outer;;0;769;769;25;0.04;9921.82;70509.96;148;0.0;0;82.698;1208.92;82.567;1208.534;0.02;0.02;Q8;15277;Nested Loop;6;Outer;;0;118013;29497;5;0.800169508763603;4743.52;64785.2;24;0.0;0;36.872;217.433;0.039;0.041;Q8;15276;Hash Join;5;Outer;;0;769;118013;543;1.2000425898080118e-05;9919.98;70271.45;20;0.0;0;37.106;1161.886;38.092;38.092;Q8;15292;Hash;4;Inner;;0;25;25;0;1.0;1.25;1.25;108;0.0;0;0.014;0.015;0.0;0.0;Q8;15291;Index Scan;5;Inner;;223;1;0;0;0.0001;0.29;0.3;8;10000.0;0;0.0;0.0;0.0;0.0;Q8;15293;Seq Scan;5;Outer;;1;25;0;0;1.0;0.0;1.25;108;25.0;0;0.0;0.0;0.0;0.0;Q8
Q8_47_seed_377385426;15297;Hash Join;3;Outer;;0;772;772;25;0.04;9921.85;70510.91;148;0.0;0;72.945;1213.178;72.866;1212.872;0.013;0.013;Q8;15300;Nested Loop;6;Outer;;0;118013;29497;5;0.800169508763603;4743.52;64785.2;24;0.0;0;32.323;208.176;0.04;0.042;Q8;15299;Hash Join;5;Outer;;0;772;118013;545;1.2003031542862987e-05;9920.0;70271.48;20;0.0;0;32.593;1170.592;33.836;33.836;Q8;15315;Hash;4;Inner;;0;25;25;0;1.0;1.25;1.25;108;0.0;0;0.009;0.01;0.0;0.0;Q8;15314;Index Scan;5;Inner;;223;1;0;0;0.0001;0.29;0.3;8;10000.0;0;0.0;0.0;0.0;0.0;Q8;15316;Seq Scan;5;Outer;;1;25;0;0;1.0;0.0;1.25;108;25.0;0;0.0;0.0;0.0;0.0;Q8
Q8_49_seed_393793488;15343;Hash Join;3;Outer;;0;756;756;25;0.04;9921.71;70505.84;148;0.0;0;86.378;1219.687;86.308;1219.377;0.016;0.016;Q8;15346;Nested Loop;6;Outer;;0;118013;29497;5;0.800169508763603;4743.52;64785.2;24;0.0;0;39.115;213.568;0.04;0.042;Q8;15345;Hash Join;5;Outer;;0;756;118013;534;1.1996393084479266e-05;9919.86;70271.34;20;0.0;0;39.343;1170.228;40.696;40.696;Q8;15361;Hash;4;Inner;;0;25;25;0;1.0;1.25;1.25;108;0.0;0;0.01;0.011;0.0;0.0;Q8;15360;Index Scan;5;Inner;;223;1;0;0;0.0001;0.29;0.3;8;10000.0;0;0.0;0.0;0.0;0.0;Q8;15362;Seq Scan;5;Outer;;1;25;0;0;1.0;0.0;1.25;108;25.0;0;0.0;0.0;0.0;0.0;Q8
Q8_4_seed_24612093;15366;Hash Join;3;Outer;;0;827;827;25;0.04;9922.34;70528.34;148;0.0;0;82.83;1228.102;81.796;1226.829;0.014;0.015;Q8;15369;Nested Loop;6;Outer;;0;118013;29497;5;0.800169508763603;4743.52;64785.2;24;0.0;0;36.196;214.289;0.039;0.041;Q8;15368;Hash Join;5;Outer;;0;827;118013;584;1.199949065281756e-05;9920.49;70271.97;20;0.0;0;36.454;1178.252;38.721;38.721;Q8;15384;Hash;4;Inner;;0;25;25;0;1.0;1.25;1.25;108;0.0;0;0.01;0.01;0.0;0.0;Q8;15383;Index Scan;5;Inner;;223;1;0;0;0.0001;0.29;0.3;8;10000.0;0;0.0;0.0;0.0;0.0;Q8;15385;Seq Scan;5;Outer;;1;25;0;0;1.0;0.0;1.25;108;25.0;0;0.0;0.0;0.0;0.0;Q8
Q8_50_seed_401997519;15389;Hash Join;3;Outer;;0;814;814;25;0.04;9922.22;70524.23;148;0.0;0;82.328;1214.292;82.236;1213.944;0.016;0.016;Q8;15392;Nested Loop;6;Outer;;0;118013;29497;5;0.800169508763603;4743.52;64785.2;24;0.0;0;34.383;211.403;0.04;0.042;Q8;15391;Hash Join;5;Outer;;0;814;118013;575;1.1995730757738923e-05;9920.38;70271.85;20;0.0;0;34.616;1164.719;40.616;40.616;Q8;15407;Hash;4;Inner;;0;25;25;0;1.0;1.25;1.25;108;0.0;0;0.011;0.012;0.0;0.0;Q8;15406;Index Scan;5;Inner;;223;1;0;0;0.0001;0.29;0.3;8;10000.0;0;0.0;0.0;0.0;0.0;Q8;15408;Seq Scan;5;Outer;;1;25;0;0;1.0;0.0;1.25;108;25.0;0;0.0;0.0;0.0;0.0;Q8
Q8_51_seed_410201550;15412;Hash Join;3;Outer;;0;838;838;25;0.04;9922.44;70531.83;148;0.0;0;79.213;1209.536;79.138;1209.199;0.013;0.014;Q8;15415;Nested Loop;6;Outer;;0;118013;29497;5;0.800169508763603;4743.52;64785.2;24;0.0;0;31.765;207.496;0.039;0.041;Q8;15414;Hash Join;5;Outer;;0;838;118013;592;1.199478481642311e-05;9920.59;70272.07;20;0.0;0;33.187;1158.504;42.158;42.158;Q8;15430;Hash;4;Inner;;0;25;25;0;1.0;1.25;1.25;108;0.0;0;0.009;0.009;0.0;0.0;Q8;15429;Index Scan;5;Inner;;223;1;0;0;0.0001;0.29;0.3;8;10000.0;0;0.0;0.0;0.0;0.0;Q8;15431;Seq Scan;5;Outer;;1;25;0;0;1.0;0.0;1.25;108;25.0;0;0.0;0.0;0.0;0.0;Q8
Q8_52_seed_418405581;15435;Hash Join;3;Outer;;0;790;790;25;0.04;9922.01;70516.62;148;0.0;0;78.359;1228.568;78.245;1228.2;0.02;0.02;Q8;15438;Nested Loop;6;Outer;;0;118013;29497;5;0.800169508763603;4743.52;64785.2;24;0.0;0;37.005;214.861;0.04;0.042;Q8;15437;Hash Join;5;Outer;;0;790;118013;558;1.1996734337056056e-05;9920.16;70271.64;20;0.0;0;37.18;1180.552;39.181;39.181;Q8;15453;Hash;4;Inner;;0;25;25;0;1.0;1.25;1.25;108;0.0;0;0.014;0.015;0.0;0.0;Q8;15452;Index Scan;5;Inner;;223;1;0;0;0.0001;0.29;0.3;8;10000.0;0;0.0;0.0;0.0;0.0;Q8;15454;Seq Scan;5;Outer;;1;25;0;0;1.0;0.0;1.25;108;25.0;0;0.0;0.0;0.0;0.0;Q8
Q8_53_seed_426609612;15458;Hash Join;3;Outer;;0;803;803;25;0.04;9922.12;70520.73;148;0.0;0;81.471;1194.741;81.379;1194.399;0.016;0.016;Q8;15461;Nested Loop;6;Outer;;0;118013;29497;5;0.800169508763603;4743.52;64785.2;24;0.0;0;38.408;214.869;0.039;0.041;Q8;15460;Hash Join;5;Outer;;0;803;118013;567;1.200059103284454e-05;9920.28;70271.75;20;0.0;0;38.912;1147.029;39.048;39.048;Q8;15476;Hash;4;Inner;;0;25;25;0;1.0;1.25;1.25;108;0.0;0;0.011;0.011;0.0;0.0;Q8;15475;Index Scan;5;Inner;;223;1;0;0;0.0001;0.29;0.3;8;10000.0;0;0.0;0.0;0.0;0.0;Q8;15477;Seq Scan;5;Outer;;1;25;0;0;1.0;0.0;1.25;108;25.0;0;0.0;0.0;0.0;0.0;Q8
Q8_54_seed_434813643;15481;Hash Join;3;Outer;;0;810;810;25;0.04;9922.19;70522.95;148;0.0;0;83.258;1240.134;83.185;1239.81;0.017;0.017;Q8;15484;Nested Loop;6;Outer;;0;118013;29497;5;0.800169508763603;4743.52;64785.2;24;0.0;0;36.968;216.894;0.04;0.042;Q8;15483;Hash Join;5;Outer;;0;810;118013;572;1.1999389186648217e-05;9920.34;70271.82;20;0.0;0;37.409;1190.49;41.012;41.012;Q8;15499;Hash;4;Inner;;0;25;25;0;1.0;1.25;1.25;108;0.0;0;0.012;0.012;0.0;0.0;Q8;15498;Index Scan;5;Inner;;223;1;0;0;0.0001;0.29;0.3;8;10000.0;0;0.0;0.0;0.0;0.0;Q8;15500;Seq Scan;5;Outer;;1;25;0;0;1.0;0.0;1.25;108;25.0;0;0.0;0.0;0.0;0.0;Q8
Q8_55_seed_443017674;15504;Hash Join;3;Outer;;0;750;750;25;0.04;9921.66;70503.94;148;0.0;0;79.656;1261.172;78.802;1260.089;0.014;0.014;Q8;15507;Nested Loop;6;Outer;;0;118013;29497;5;0.800169508763603;4743.52;64785.2;24;0.0;0;36.441;216.013;0.041;0.043;Q8;15506;Hash Join;5;Outer;;0;750;118013;530;1.1991003869257127e-05;9919.81;70271.29;20;0.0;0;36.697;1212.325;39.805;39.805;Q8;15522;Hash;4;Inner;;0;25;25;0;1.0;1.25;1.25;108;0.0;0;0.008;0.009;0.0;0.0;Q8;15521;Index Scan;5;Inner;;223;1;0;0;0.0001;0.29;0.3;8;10000.0;0;0.0;0.0;0.0;0.0;Q8;15523;Seq Scan;5;Outer;;1;25;0;0;1.0;0.0;1.25;108;25.0;0;0.0;0.0;0.0;0.0;Q8
Q8_56_seed_451221705;15527;Hash Join;3;Outer;;0;753;753;25;0.04;9921.69;70504.89;148;0.0;0;82.419;1209.336;82.332;1209.019;0.015;0.015;Q8;15530;Nested Loop;6;Outer;;0;118013;29497;5;0.800169508763603;4743.52;64785.2;24;0.0;0;37.659;212.872;0.04;0.042;Q8;15529;Hash Join;5;Outer;;0;753;118013;532;1.1993708606972e-05;9919.84;70271.32;20;0.0;0;38.546;1161.667;39.591;39.591;Q8;15545;Hash;4;Inner;;0;25;25;0;1.0;1.25;1.25;108;0.0;0;0.011;0.011;0.0;0.0;Q8;15544;Index Scan;5;Inner;;223;1;0;0;0.0001;0.29;0.3;8;10000.0;0;0.0;0.0;0.0;0.0;Q8;15546;Seq Scan;5;Outer;;1;25;0;0;1.0;0.0;1.25;108;25.0;0;0.0;0.0;0.0;0.0;Q8
Q8_57_seed_459425736;15550;Hash Join;3;Outer;;0;790;790;25;0.04;9922.01;70516.62;148;0.0;0;83.398;1206.535;83.318;1206.222;0.015;0.015;Q8;15553;Nested Loop;6;Outer;;0;118013;29497;5;0.800169508763603;4743.52;64785.2;24;0.0;0;38.559;216.136;0.039;0.041;Q8;15552;Hash Join;5;Outer;;0;790;118013;558;1.1996734337056056e-05;9920.16;70271.64;20;0.0;0;39.704;1157.005;41.159;41.159;Q8;15568;Hash;4;Inner;;0;25;25;0;1.0;1.25;1.25;108;0.0;0;0.011;0.012;0.0;0.0;Q8;15567;Index Scan;5;Inner;;223;1;0;0;0.0001;0.29;0.3;8;10000.0;0;0.0;0.0;0.0;0.0;Q8;15569;Seq Scan;5;Outer;;1;25;0;0;1.0;0.0;1.25;108;25.0;0;0.0;0.0;0.0;0.0;Q8
Q8_58_seed_467629767;15573;Hash Join;3;Outer;;0;776;776;25;0.04;9921.89;70512.18;148;0.0;0;87.298;1200.571;87.22;1200.262;0.014;0.014;Q8;15576;Nested Loop;6;Outer;;0;118013;29497;5;0.800169508763603;4743.52;64785.2;24;0.0;0;43.912;223.435;0.038;0.041;Q8;15575;Hash Join;5;Outer;;0;776;118013;548;1.199917292298801e-05;9920.04;70271.52;20;0.0;0;44.139;1152.781;39.472;39.473;Q8;15591;Hash;4;Inner;;0;25;25;0;1.0;1.25;1.25;108;0.0;0;0.009;0.01;0.0;0.0;Q8;15590;Index Scan;5;Inner;;223;1;0;0;0.0001;0.29;0.3;8;10000.0;0;0.0;0.0;0.0;0.0;Q8;15592;Seq Scan;5;Outer;;1;25;0;0;1.0;0.0;1.25;108;25.0;0;0.0;0.0;0.0;0.0;Q8
Q8_5_seed_32816124;15619;Hash Join;3;Outer;;0;796;796;25;0.04;9922.06;70518.52;148;0.0;0;83.711;1230.716;83.64;1230.406;0.017;0.017;Q8;15622;Nested Loop;6;Outer;;0;118013;29497;5;0.800169508763603;4743.52;64785.2;24;0.0;0;39.263;216.569;0.04;0.042;Q8;15621;Hash Join;5;Outer;;0;796;118013;562;1.2001814264204502e-05;9920.21;70271.69;20;0.0;0;39.592;1183.599;38.676;38.676;Q8;15637;Hash;4;Inner;;0;25;25;0;1.0;1.25;1.25;108;0.0;0;0.012;0.013;0.0;0.0;Q8;15636;Index Scan;5;Inner;;223;1;0;0;0.0001;0.29;0.3;8;10000.0;0;0.0;0.0;0.0;0.0;Q8;15638;Seq Scan;5;Outer;;1;25;0;0;1.0;0.0;1.25;108;25.0;0;0.0;0.0;0.0;0.0;Q8
Q8_60_seed_484037829;15642;Hash Join;3;Outer;;0;757;757;25;0.04;9921.72;70506.16;148;0.0;0;84.392;1209.045;84.316;1208.733;0.016;0.016;Q8;15645;Nested Loop;6;Outer;;0;118013;29497;5;0.800169508763603;4743.52;64785.2;24;0.0;0;37.897;214.506;0.04;0.042;Q8;15644;Hash Join;5;Outer;;0;757;118013;535;1.1989808504385428e-05;9919.88;70271.35;20;0.0;0;38.158;1161.145;39.731;39.732;Q8;15660;Hash;4;Inner;;0;25;25;0;1.0;1.25;1.25;108;0.0;0;0.011;0.012;0.0;0.0;Q8;15659;Index Scan;5;Inner;;223;1;0;0;0.0001;0.29;0.3;8;10000.0;0;0.0;0.0;0.0;0.0;Q8;15661;Seq Scan;5;Outer;;1;25;0;0;1.0;0.0;1.25;108;25.0;0;0.0;0.0;0.0;0.0;Q8
Q8_61_seed_492241860;15665;Hash Join;3;Outer;;0;817;817;25;0.04;9922.25;70525.18;148;0.0;0;84.701;1203.211;84.575;1202.853;0.02;0.02;Q8;15668;Nested Loop;6;Outer;;0;118013;29497;5;0.800169508763603;4743.52;64785.2;24;0.0;0;40.137;215.19;0.038;0.04;Q8;15667;Hash Join;5;Outer;;0;817;118013;577;1.19982081696754e-05;9920.4;70271.88;20;0.0;0;41.307;1154.191;40.314;40.314;Q8;15683;Hash;4;Inner;;0;25;25;0;1.0;1.25;1.25;108;0.0;0;0.014;0.015;0.0;0.0;Q8;15682;Index Scan;5;Inner;;223;1;0;0;0.0001;0.29;0.3;8;10000.0;0;0.0;0.0;0.0;0.0;Q8;15684;Seq Scan;5;Outer;;1;25;0;0;1.0;0.0;1.25;108;25.0;0;0.0;0.0;0.0;0.0;Q8
Q8_66_seed_533262015;15780;Hash Join;3;Outer;;0;801;801;25;0.04;9922.1;70520.09;148;0.0;0;76.654;1217.587;76.581;1217.273;0.015;0.016;Q8;15783;Nested Loop;6;Outer;;0;118013;29497;5;0.800169508763603;4743.52;64785.2;24;0.0;0;34.996;212.533;0.04;0.042;Q8;15782;Hash Join;5;Outer;;0;801;118013;565;1.201307580558284e-05;9920.25;70271.73;20;0.0;0;35.221;1170.428;37.649;37.65;Q8;15798;Hash;4;Inner;;0;25;25;0;1.0;1.25;1.25;108;0.0;0;0.011;0.012;0.0;0.0;Q8;15797;Index Scan;5;Inner;;223;1;0;0;0.0001;0.29;0.3;8;10000.0;0;0.0;0.0;0.0;0.0;Q8;15799;Seq Scan;5;Outer;;1;25;0;0;1.0;0.0;1.25;108;25.0;0;0.0;0.0;0.0;0.0;Q8
Q8_68_seed_549670077;15826;Hash Join;3;Outer;;0;798;798;25;0.04;9922.07;70519.14;148;0.0;0;84.078;1213.674;83.976;1213.327;0.015;0.015;Q8;15829;Nested Loop;6;Outer;;0;118013;29497;5;0.800169508763603;4743.52;64785.2;24;0.0;0;36.896;214.056;0.039;0.041;Q8;15828;Hash Join;5;Outer;;0;798;118013;563;1.2010598404887176e-05;9920.23;70271.7;20;0.0;0;37.157;1162.25;42.629;42.629;Q8;15844;Hash;4;Inner;;0;25;25;0;1.0;1.25;1.25;108;0.0;0;0.011;0.011;0.0;0.0;Q8;15843;Index Scan;5;Inner;;223;1;0;0;0.0001;0.29;0.3;8;10000.0;0;0.0;0.0;0.0;0.0;Q8;15845;Seq Scan;5;Outer;;1;25;0;0;1.0;0.0;1.25;108;25.0;0;0.0;0.0;0.0;0.0;Q8
Q8_69_seed_557874108;15849;Hash Join;3;Outer;;0;814;814;25;0.04;9922.22;70524.23;148;0.0;0;68.872;1201.569;68.8;1201.26;0.018;0.018;Q8;15852;Nested Loop;6;Outer;;0;118013;29497;5;0.800169508763603;4743.52;64785.2;24;0.0;0;32.99;204.567;0.04;0.042;Q8;15851;Hash Join;5;Outer;;0;814;118013;575;1.1995730757738923e-05;9920.38;70271.85;20;0.0;0;33.201;1159.512;33.167;33.167;Q8;15867;Hash;4;Inner;;0;25;25;0;1.0;1.25;1.25;108;0.0;0;0.011;0.012;0.0;0.0;Q8;15866;Index Scan;5;Inner;;223;1;0;0;0.0001;0.29;0.3;8;10000.0;0;0.0;0.0;0.0;0.0;Q8;15868;Seq Scan;5;Outer;;1;25;0;0;1.0;0.0;1.25;108;25.0;0;0.0;0.0;0.0;0.0;Q8
Q8_6_seed_41020155;15872;Hash Join;3;Outer;;0;749;749;25;0.04;9921.65;70503.62;148;0.0;0;86.546;1227.053;86.478;1226.76;0.013;0.013;Q8;15875;Nested Loop;6;Outer;;0;118013;29497;5;0.800169508763603;4743.52;64785.2;24;0.0;0;37.645;214.492;0.04;0.042;Q8;15874;Hash Join;5;Outer;;0;749;118013;529;1.199765294512666e-05;9919.8;70271.28;20;0.0;0;38.734;1175.64;42.817;42.817;Q8;15890;Hash;4;Inner;;0;25;25;0;1.0;1.25;1.25;108;0.0;0;0.009;0.01;0.0;0.0;Q8;15889;Index Scan;5;Inner;;223;1;0;0;0.0001;0.29;0.3;8;10000.0;0;0.0;0.0;0.0;0.0;Q8;15891;Seq Scan;5;Outer;;1;25;0;0;1.0;0.0;1.25;108;25.0;0;0.0;0.0;0.0;0.0;Q8
Q8_70_seed_566078139;15895;Hash Join;3;Outer;;0;814;814;25;0.04;9922.22;70524.23;148;0.0;0;76.982;1219.956;76.913;1219.658;0.013;0.013;Q8;15898;Nested Loop;6;Outer;;0;118013;29497;5;0.800169508763603;4743.52;64785.2;24;0.0;0;35.151;213.333;0.039;0.041;Q8;15897;Hash Join;5;Outer;;0;814;118013;575;1.1995730757738923e-05;9920.38;70271.85;20;0.0;0;35.505;1174.797;36.63;36.63;Q8;15913;Hash;4;Inner;;0;25;25;0;1.0;1.25;1.25;108;0.0;0;0.009;0.01;0.0;0.0;Q8;15912;Index Scan;5;Inner;;223;1;0;0;0.0001;0.29;0.3;8;10000.0;0;0.0;0.0;0.0;0.0;Q8;15914;Seq Scan;5;Outer;;1;25;0;0;1.0;0.0;1.25;108;25.0;0;0.0;0.0;0.0;0.0;Q8
Q8_72_seed_582486201;15941;Hash Join;3;Outer;;0;810;810;25;0.04;9922.19;70522.95;148;0.0;0;81.124;1213.079;81.044;1212.755;0.014;0.014;Q8;15944;Nested Loop;6;Outer;;0;118013;29497;5;0.800169508763603;4743.52;64785.2;24;0.0;0;35.102;209.949;0.039;0.041;Q8;15943;Hash Join;5;Outer;;0;810;118013;572;1.1999389186648217e-05;9920.34;70271.82;20;0.0;0;35.331;1162.878;39.735;39.736;Q8;15959;Hash;4;Inner;;0;25;25;0;1.0;1.25;1.25;108;0.0;0;0.009;0.01;0.0;0.0;Q8;15958;Index Scan;5;Inner;;223;1;0;0;0.0001;0.29;0.3;8;10000.0;0;0.0;0.0;0.0;0.0;Q8;15960;Seq Scan;5;Outer;;1;25;0;0;1.0;0.0;1.25;108;25.0;0;0.0;0.0;0.0;0.0;Q8
Q8_73_seed_590690232;15964;Hash Join;3;Outer;;0;790;790;25;0.04;9922.01;70516.62;148;0.0;0;82.555;1207.052;82.414;1206.684;0.015;0.015;Q8;15967;Nested Loop;6;Outer;;0;118013;29497;5;0.800169508763603;4743.52;64785.2;24;0.0;0;36.086;215.809;0.039;0.041;Q8;15966;Hash Join;5;Outer;;0;790;118013;558;1.1996734337056056e-05;9920.16;70271.64;20;0.0;0;36.337;1157.477;40.994;40.994;Q8;15982;Hash;4;Inner;;0;25;25;0;1.0;1.25;1.25;108;0.0;0;0.01;0.011;0.0;0.0;Q8;15981;Index Scan;5;Inner;;223;1;0;0;0.0001;0.29;0.3;8;10000.0;0;0.0;0.0;0.0;0.0;Q8;15983;Seq Scan;5;Outer;;1;25;0;0;1.0;0.0;1.25;108;25.0;0;0.0;0.0;0.0;0.0;Q8
Q8_74_seed_598894263;15987;Hash Join;3;Outer;;0;800;800;25;0.04;9922.1;70519.78;148;0.0;0;81.245;1194.573;81.171;1194.252;0.017;0.017;Q8;15990;Nested Loop;6;Outer;;0;118013;29497;5;0.800169508763603;4743.52;64785.2;24;0.0;0;36.047;221.02;0.038;0.04;Q8;15989;Hash Join;5;Outer;;0;800;118013;565;1.1998078207823062e-05;9920.25;70271.73;20;0.0;0;36.222;1142.555;43.021;43.021;Q8;16005;Hash;4;Inner;;0;25;25;0;1.0;1.25;1.25;108;0.0;0;0.011;0.012;0.0;0.0;Q8;16004;Index Scan;5;Inner;;223;1;0;0;0.0001;0.29;0.3;8;10000.0;0;0.0;0.0;0.0;0.0;Q8;16006;Seq Scan;5;Outer;;1;25;0;0;1.0;0.0;1.25;108;25.0;0;0.0;0.0;0.0;0.0;Q8
Q8_75_seed_607098294;16010;Hash Join;3;Outer;;0;748;748;25;0.04;9921.64;70503.3;148;0.0;0;73.089;1204.233;73.016;1203.927;0.014;0.014;Q8;16013;Nested Loop;6;Outer;;0;118013;29497;5;0.800169508763603;4743.52;64785.2;24;0.0;0;32.036;205.912;0.039;0.042;Q8;16012;Hash Join;5;Outer;;0;748;118013;528;1.2004327206889636e-05;9919.79;70271.27;20;0.0;0;32.284;1158.557;37.253;37.253;Q8;16028;Hash;4;Inner;;0;25;25;0;1.0;1.25;1.25;108;0.0;0;0.01;0.011;0.0;0.0;Q8;16027;Index Scan;5;Inner;;223;1;0;0;0.0001;0.29;0.3;8;10000.0;0;0.0;0.0;0.0;0.0;Q8;16029;Seq Scan;5;Outer;;1;25;0;0;1.0;0.0;1.25;108;25.0;0;0.0;0.0;0.0;0.0;Q8
Q8_76_seed_615302325;16033;Hash Join;3;Outer;;0;769;769;25;0.04;9921.82;70509.96;148;0.0;0;84.704;1240.442;84.628;1240.112;0.018;0.018;Q8;16036;Nested Loop;6;Outer;;0;118013;29497;5;0.800169508763603;4743.52;64785.2;24;0.0;0;39.312;218.567;0.04;0.042;Q8;16035;Hash Join;5;Outer;;0;769;118013;543;1.2000425898080118e-05;9919.98;70271.45;20;0.0;0;39.553;1189.77;41.676;41.676;Q8;16051;Hash;4;Inner;;0;25;25;0;1.0;1.25;1.25;108;0.0;0;0.013;0.013;0.0;0.0;Q8;16050;Index Scan;5;Inner;;223;1;0;0;0.0001;0.29;0.3;8;10000.0;0;0.0;0.0;0.0;0.0;Q8;16052;Seq Scan;5;Outer;;1;25;0;0;1.0;0.0;1.25;108;25.0;0;0.0;0.0;0.0;0.0;Q8
Q8_77_seed_623506356;16056;Hash Join;3;Outer;;0;781;781;25;0.04;9921.94;70513.76;148;0.0;0;90.259;1227.378;90.181;1227.063;0.013;0.014;Q8;16059;Nested Loop;6;Outer;;0;118013;29497;5;0.800169508763603;4743.52;64785.2;24;0.0;0;37.233;216.198;0.039;0.042;Q8;16058;Hash Join;5;Outer;;0;781;118013;552;1.198897640483479e-05;9920.09;70271.57;20;0.0;0;37.456;1171.421;46.115;46.115;Q8;16074;Hash;4;Inner;;0;25;25;0;1.0;1.25;1.25;108;0.0;0;0.009;0.01;0.0;0.0;Q8;16073;Index Scan;5;Inner;;223;1;0;0;0.0001;0.29;0.3;8;10000.0;0;0.0;0.0;0.0;0.0;Q8;16075;Seq Scan;5;Outer;;1;25;0;0;1.0;0.0;1.25;108;25.0;0;0.0;0.0;0.0;0.0;Q8
Q8_78_seed_631710387;16079;Hash Join;3;Outer;;0;809;809;25;0.04;9922.17;70522.63;148;0.0;0;80.358;1227.095;80.282;1226.79;0.014;0.014;Q8;16082;Nested Loop;6;Outer;;0;118013;29497;5;0.800169508763603;4743.52;64785.2;24;0.0;0;35.877;212.192;0.04;0.042;Q8;16081;Hash Join;5;Outer;;0;809;118013;571;1.200556387395535e-05;9920.33;70271.8;20;0.0;0;36.112;1176.564;41.994;41.995;Q8;16097;Hash;4;Inner;;0;25;25;0;1.0;1.25;1.25;108;0.0;0;0.009;0.01;0.0;0.0;Q8;16096;Index Scan;5;Inner;;223;1;0;0;0.0001;0.29;0.3;8;10000.0;0;0.0;0.0;0.0;0.0;Q8;16098;Seq Scan;5;Outer;;1;25;0;0;1.0;0.0;1.25;108;25.0;0;0.0;0.0;0.0;0.0;Q8
Q8_79_seed_639914418;16102;Hash Join;3;Outer;;0;807;807;25;0.04;9922.16;70522.0;148;0.0;0;80.312;1193.035;80.225;1192.715;0.018;0.018;Q8;16105;Nested Loop;6;Outer;;0;118013;29497;5;0.800169508763603;4743.52;64785.2;24;0.0;0;33.797;207.091;0.039;0.041;Q8;16104;Hash Join;5;Outer;;0;807;118013;570;1.199689418694729e-05;9920.31;70271.79;20;0.0;0;34.037;1142.777;41.826;41.826;Q8;16120;Hash;4;Inner;;0;25;25;0;1.0;1.25;1.25;108;0.0;0;0.013;0.014;0.0;0.0;Q8;16119;Index Scan;5;Inner;;223;1;0;0;0.0001;0.29;0.3;8;10000.0;0;0.0;0.0;0.0;0.0;Q8;16121;Seq Scan;5;Outer;;1;25;0;0;1.0;0.0;1.25;108;25.0;0;0.0;0.0;0.0;0.0;Q8
Q8_82_seed_664526511;16194;Hash Join;3;Outer;;0;755;755;25;0.04;9921.7;70505.52;148;0.0;0;83.788;1211.476;83.724;1211.183;0.013;0.013;Q8;16197;Nested Loop;6;Outer;;0;118013;29497;5;0.800169508763603;4743.52;64785.2;24;0.0;0;38.506;213.716;0.039;0.041;Q8;16196;Hash Join;5;Outer;;0;755;118013;533;1.200300237219072e-05;9919.85;70271.33;20;0.0;0;40.053;1163.216;38.587;38.587;Q8;16212;Hash;4;Inner;;0;25;25;0;1.0;1.25;1.25;108;0.0;0;0.009;0.01;0.0;0.0;Q8;16211;Index Scan;5;Inner;;223;1;0;0;0.0001;0.29;0.3;8;10000.0;0;0.0;0.0;0.0;0.0;Q8;16213;Seq Scan;5;Outer;;1;25;0;0;1.0;0.0;1.25;108;25.0;0;0.0;0.0;0.0;0.0;Q8
Q8_85_seed_689138604;16263;Hash Join;3;Outer;;0;766;766;25;0.04;9921.8;70509.01;148;0.0;0;85.034;1232.737;84.949;1232.429;0.015;0.016;Q8;16266;Nested Loop;6;Outer;;0;118013;29497;5;0.800169508763603;4743.52;64785.2;24;0.0;0;40.587;218.497;0.04;0.042;Q8;16265;Hash Join;5;Outer;;0;766;118013;541;1.199780098790144e-05;9919.95;70271.43;20;0.0;0;40.749;1184.395;39.708;39.708;Q8;16281;Hash;4;Inner;;0;25;25;0;1.0;1.25;1.25;108;0.0;0;0.011;0.012;0.0;0.0;Q8;16280;Index Scan;5;Inner;;223;1;0;0;0.0001;0.29;0.3;8;10000.0;0;0.0;0.0;0.0;0.0;Q8;16282;Seq Scan;5;Outer;;1;25;0;0;1.0;0.0;1.25;108;25.0;0;0.0;0.0;0.0;0.0;Q8
Q8_87_seed_705546666;16309;Hash Join;3;Outer;;0;783;783;25;0.04;9921.95;70514.39;148;0.0;0;84.44;1228.31;84.363;1227.989;0.012;0.012;Q8;16312;Nested Loop;6;Outer;;0;118013;29497;5;0.800169508763603;4743.52;64785.2;24;0.0;0;36.622;212.232;0.039;0.042;Q8;16311;Hash Join;5;Outer;;0;783;118013;553;1.1997942605673336e-05;9920.1;70271.58;20;0.0;0;36.794;1176.094;42.87;42.87;Q8;16327;Hash;4;Inner;;0;25;25;0;1.0;1.25;1.25;108;0.0;0;0.008;0.009;0.0;0.0;Q8;16326;Index Scan;5;Inner;;223;1;0;0;0.0001;0.29;0.3;8;10000.0;0;0.0;0.0;0.0;0.0;Q8;16328;Seq Scan;5;Outer;;1;25;0;0;1.0;0.0;1.25;108;25.0;0;0.0;0.0;0.0;0.0;Q8
Q8_89_seed_721954728;16355;Hash Join;3;Outer;;0;800;800;25;0.04;9922.1;70519.78;148;0.0;0;73.315;1197.81;73.232;1197.495;0.015;0.015;Q8;16358;Nested Loop;6;Outer;;0;118013;29497;5;0.800169508763603;4743.52;64785.2;24;0.0;0;32.58;210.466;0.038;0.04;Q8;16357;Hash Join;5;Outer;;0;800;118013;565;1.1998078207823062e-05;9920.25;70271.73;20;0.0;0;33.478;1151.283;35.327;35.327;Q8;16373;Hash;4;Inner;;0;25;25;0;1.0;1.25;1.25;108;0.0;0;0.01;0.011;0.0;0.0;Q8;16372;Index Scan;5;Inner;;223;1;0;0;0.0001;0.29;0.3;8;10000.0;0;0.0;0.0;0.0;0.0;Q8;16374;Seq Scan;5;Outer;;1;25;0;0;1.0;0.0;1.25;108;25.0;0;0.0;0.0;0.0;0.0;Q8
Q8_8_seed_57428217;16378;Hash Join;3;Outer;;0;783;783;25;0.04;9921.95;70514.39;148;0.0;0;84.034;1223.764;83.969;1223.459;0.013;0.014;Q8;16381;Nested Loop;6;Outer;;0;118013;29497;5;0.800169508763603;4743.52;64785.2;24;0.0;0;38.561;213.596;0.04;0.042;Q8;16380;Hash Join;5;Outer;;0;783;118013;553;1.1997942605673336e-05;9920.1;70271.58;20;0.0;0;38.736;1173.952;41.259;41.26;Q8;16396;Hash;4;Inner;;0;25;25;0;1.0;1.25;1.25;108;0.0;0;0.009;0.01;0.0;0.0;Q8;16395;Index Scan;5;Inner;;223;1;0;0;0.0001;0.29;0.3;8;10000.0;0;0.0;0.0;0.0;0.0;Q8;16397;Seq Scan;5;Outer;;1;25;0;0;1.0;0.0;1.25;108;25.0;0;0.0;0.0;0.0;0.0;Q8
Q8_90_seed_730158759;16401;Hash Join;3;Outer;;0;793;793;25;0.04;9922.04;70517.57;148;0.0;0;82.2;1205.408;82.127;1205.099;0.018;0.018;Q8;16404;Nested Loop;6;Outer;;0;118013;29497;5;0.800169508763603;4743.52;64785.2;24;0.0;0;33.287;209.127;0.039;0.041;Q8;16403;Hash Join;5;Outer;;0;793;118013;560;1.1999283371928758e-05;9920.19;70271.67;20;0.0;0;33.493;1154.601;42.162;42.162;Q8;16419;Hash;4;Inner;;0;25;25;0;1.0;1.25;1.25;108;0.0;0;0.013;0.014;0.0;0.0;Q8;16418;Index Scan;5;Inner;;223;1;0;0;0.0001;0.29;0.3;8;10000.0;0;0.0;0.0;0.0;0.0;Q8;16420;Seq Scan;5;Outer;;1;25;0;0;1.0;0.0;1.25;108;25.0;0;0.0;0.0;0.0;0.0;Q8
Q8_91_seed_738362790;16424;Hash Join;3;Outer;;0;782;782;25;0.04;9921.94;70514.07;148;0.0;0;84.088;1197.111;84.009;1196.794;0.016;0.017;Q8;16427;Nested Loop;6;Outer;;0;118013;29497;5;0.800169508763603;4743.52;64785.2;24;0.0;0;37.647;218.047;0.039;0.041;Q8;16426;Hash Join;5;Outer;;0;782;118013;552;1.2004327206889636e-05;9920.09;70271.57;20;0.0;0;37.882;1148.942;39.506;39.506;Q8;16442;Hash;4;Inner;;0;25;25;0;1.0;1.25;1.25;108;0.0;0;0.012;0.012;0.0;0.0;Q8;16441;Index Scan;5;Inner;;223;1;0;0;0.0001;0.29;0.3;8;10000.0;0;0.0;0.0;0.0;0.0;Q8;16443;Seq Scan;5;Outer;;1;25;0;0;1.0;0.0;1.25;108;25.0;0;0.0;0.0;0.0;0.0;Q8
Q8_93_seed_754770852;16470;Hash Join;3;Outer;;0;779;779;25;0.04;9921.91;70513.12;148;0.0;0;72.133;1200.124;72.052;1199.81;0.014;0.014;Q8;16473;Nested Loop;6;Outer;;0;118013;29497;5;0.800169508763603;4743.52;64785.2;24;0.0;0;33.23;209.643;0.039;0.041;Q8;16472;Hash Join;5;Outer;;0;779;118013;550;1.20017594363641e-05;9920.06;70271.54;20;0.0;0;33.48;1157.548;33.942;33.942;Q8;16488;Hash;4;Inner;;0;25;25;0;1.0;1.25;1.25;108;0.0;0;0.009;0.01;0.0;0.0;Q8;16487;Index Scan;5;Inner;;223;1;0;0;0.0001;0.29;0.3;8;10000.0;0;0.0;0.0;0.0;0.0;Q8;16489;Seq Scan;5;Outer;;1;25;0;0;1.0;0.0;1.25;108;25.0;0;0.0;0.0;0.0;0.0;Q8
Q8_95_seed_771178914;16516;Hash Join;3;Outer;;0;788;788;25;0.04;9922.0;70515.99;148;0.0;0;76.66;1198.016;76.591;1197.699;0.017;0.017;Q8;16519;Nested Loop;6;Outer;;0;118013;29497;5;0.800169508763603;4743.52;64785.2;24;0.0;0;37.337;216.663;0.039;0.041;Q8;16518;Hash Join;5;Outer;;0;788;118013;557;1.198784645351657e-05;9920.15;70271.63;20;0.0;0;37.567;1152.769;36.356;36.356;Q8;16534;Hash;4;Inner;;0;25;25;0;1.0;1.25;1.25;108;0.0;0;0.012;0.013;0.0;0.0;Q8;16533;Index Scan;5;Inner;;223;1;0;0;0.0001;0.29;0.3;8;10000.0;0;0.0;0.0;0.0;0.0;Q8;16535;Seq Scan;5;Outer;;1;25;0;0;1.0;0.0;1.25;108;25.0;0;0.0;0.0;0.0;0.0;Q8
Q8_97_seed_787586976;16562;Hash Join;3;Outer;;0;763;763;25;0.04;9921.77;70508.06;148;0.0;0;89.971;1253.983;89.897;1253.676;0.015;0.015;Q8;16565;Nested Loop;6;Outer;;0;118013;29497;5;0.800169508763603;4743.52;64785.2;24;0.0;0;42.088;216.152;0.041;0.043;Q8;16564;Hash Join;5;Outer;;0;763;118013;539;1.199515659786986e-05;9919.93;70271.4;20;0.0;0;42.324;1203.656;41.91;41.91;Q8;16580;Hash;4;Inner;;0;25;25;0;1.0;1.25;1.25;108;0.0;0;0.011;0.012;0.0;0.0;Q8;16579;Index Scan;5;Inner;;223;1;0;0;0.0001;0.29;0.3;8;10000.0;0;0.0;0.0;0.0;0.0;Q8;16581;Seq Scan;5;Outer;;1;25;0;0;1.0;0.0;1.25;108;25.0;0;0.0;0.0;0.0;0.0;Q8
Q8_98_seed_795791007;16585;Hash Join;3;Outer;;0;776;776;25;0.04;9921.89;70512.18;148;0.0;0;85.075;1222.788;84.99;1222.463;0.016;0.016;Q8;16588;Nested Loop;6;Outer;;0;118013;29497;5;0.800169508763603;4743.52;64785.2;24;0.0;0;37.009;213.465;0.039;0.042;Q8;16587;Hash Join;5;Outer;;0;776;118013;548;1.199917292298801e-05;9920.04;70271.52;20;0.0;0;37.283;1172.349;41.256;41.256;Q8;16603;Hash;4;Inner;;0;25;25;0;1.0;1.25;1.25;108;0.0;0;0.011;0.011;0.0;0.0;Q8;16602;Index Scan;5;Inner;;223;1;0;0;0.0001;0.29;0.3;8;10000.0;0;0.0;0.0;0.0;0.0;Q8;16604;Seq Scan;5;Outer;;1;25;0;0;1.0;0.0;1.25;108;25.0;0;0.0;0.0;0.0;0.0;Q8
Q8_99_seed_803995038;16608;Hash Join;3;Outer;;0;786;786;25;0.04;9921.97;70515.34;148;0.0;0;82.631;1224.056;82.554;1223.723;0.014;0.014;Q8;16611;Nested Loop;6;Outer;;0;118013;29497;5;0.800169508763603;4743.52;64785.2;24;0.0;0;35.075;217.895;0.04;0.042;Q8;16610;Hash Join;5;Outer;;0;786;118013;555;1.2000510250703028e-05;9920.13;70271.6;20;0.0;0;35.313;1175.06;40.258;40.258;Q8;16626;Hash;4;Inner;;0;25;25;0;1.0;1.25;1.25;108;0.0;0;0.009;0.01;0.0;0.0;Q8;16625;Index Scan;5;Inner;;223;1;0;0;0.0001;0.29;0.3;8;10000.0;0;0.0;0.0;0.0;0.0;Q8;16627;Seq Scan;5;Outer;;1;25;0;0;1.0;0.0;1.25;108;25.0;0;0.0;0.0;0.0;0.0;Q8
Q8_9_seed_65632248;16631;Hash Join;3;Outer;;0;807;807;25;0.04;9922.16;70522.0;148;0.0;0;83.468;1230.725;83.388;1230.407;0.015;0.015;Q8;16634;Nested Loop;6;Outer;;0;118013;29497;5;0.800169508763603;4743.52;64785.2;24;0.0;0;38.776;217.5;0.04;0.042;Q8;16633;Hash Join;5;Outer;;0;807;118013;570;1.199689418694729e-05;9920.31;70271.79;20;0.0;0;38.962;1182.583;38.642;38.643;Q8;16649;Hash;4;Inner;;0;25;25;0;1.0;1.25;1.25;108;0.0;0;0.011;0.011;0.0;0.0;Q8;16648;Index Scan;5;Inner;;223;1;0;0;0.0001;0.29;0.3;8;10000.0;0;0.0;0.0;0.0;0.0;Q8;16650;Seq Scan;5;Outer;;1;25;0;0;1.0;0.0;1.25;108;25.0;0;0.0;0.0;0.0;0.0;Q8
