query_file;NestedLoop_node_id;NestedLoop_node_type;NestedLoop_depth;NestedLoop_parent_relationship;NestedLoop_subplan_name;NestedLoop_np;NestedLoop_nt;NestedLoop_nt1;NestedLoop_nt2;NestedLoop_sel;NestedLoop_startup_cost;NestedLoop_total_cost;NestedLoop_plan_width;NestedLoop_reltuples;NestedLoop_parallel_workers;actual_startup_time;actual_total_time;NestedLoop_st1;NestedLoop_rt1;NestedLoop_st2;NestedLoop_rt2;HashJoin_Outer_node_id;HashJoin_Outer_node_type;HashJoin_Outer_depth;HashJoin_Outer_parent_relationship;HashJoin_Outer_subplan_name;HashJoin_Outer_np;HashJoin_Outer_nt;HashJoin_Outer_nt1;HashJoin_Outer_nt2;HashJoin_Outer_sel;HashJoin_Outer_startup_cost;HashJoin_Outer_total_cost;HashJoin_Outer_plan_width;HashJoin_Outer_reltuples;HashJoin_Outer_parallel_workers;HashJoin_Outer_st1;HashJoin_Outer_rt1;HashJoin_Outer_st2;HashJoin_Outer_rt2;SeqScan_Outer_node_id;SeqScan_Outer_node_type;SeqScan_Outer_depth;SeqScan_Outer_parent_relationship;SeqScan_Outer_subplan_name;SeqScan_Outer_np;SeqScan_Outer_nt;SeqScan_Outer_nt1;SeqScan_Outer_nt2;SeqScan_Outer_sel;SeqScan_Outer_startup_cost;SeqScan_Outer_total_cost;SeqScan_Outer_plan_width;SeqScan_Outer_reltuples;SeqScan_Outer_parallel_workers;Hash_Inner_node_id;Hash_Inner_node_type;Hash_Inner_depth;Hash_Inner_parent_relationship;Hash_Inner_subplan_name;Hash_Inner_np;Hash_Inner_nt;Hash_Inner_nt1;Hash_Inner_nt2;Hash_Inner_sel;Hash_Inner_startup_cost;Hash_Inner_total_cost;Hash_Inner_plan_width;Hash_Inner_reltuples;Hash_Inner_parallel_workers;Hash_Inner_st1;Hash_Inner_rt1;Hash_Inner_st2;Hash_Inner_rt2;IndexScan_Inner_node_id;IndexScan_Inner_node_type;IndexScan_Inner_depth;IndexScan_Inner_parent_relationship;IndexScan_Inner_subplan_name;IndexScan_Inner_np;IndexScan_Inner_nt;IndexScan_Inner_nt1;IndexScan_Inner_nt2;IndexScan_Inner_sel;IndexScan_Inner_startup_cost;IndexScan_Inner_total_cost;IndexScan_Inner_plan_width;IndexScan_Inner_reltuples;IndexScan_Inner_parallel_workers
Q8_100_seed_812199069;13207;Nested Loop;6;Outer;;0;118013;29497;5;0.800169508763603;4743.52;64785.2;24;0.0;0;35.935;1178.314;35.754;212.396;0.039;0.042;13214;Hash Join;11;Outer;;0;5;25;1;0.2;1.07;2.4;4;0.0;0;0.015;0.016;0.232;0.232;13212;Seq Scan;10;Outer;;3600;62500;0;0;0.4166666666666667;0.0;4225.0;8;150000.0;0;13213;Hash;10;Inner;;0;5;5;0;1.0;2.4;2.4;4;0.0;0;0.255;0.257;0.0;0.0;13218;Index Scan;7;Inner;;112600;5;0;0;8.331646174982899e-07;0.43;0.83;24;6001215.0;0
Q8_101_seed_820403100;13230;Nested Loop;6;Outer;;0;118013;29497;5;0.800169508763603;4743.52;64785.2;24;0.0;0;35.374;1183.709;35.129;214.609;0.041;0.043;13237;Hash Join;11;Outer;;0;5;25;1;0.2;1.07;2.4;4;0.0;0;0.009;0.01;0.207;0.207;13235;Seq Scan;10;Outer;;3600;62500;0;0;0.4166666666666667;0.0;4225.0;8;150000.0;0;13236;Hash;10;Inner;;0;5;5;0;1.0;2.4;2.4;4;0.0;0;0.223;0.225;0.0;0.0;13241;Index Scan;7;Inner;;112600;5;0;0;8.331646174982899e-07;0.43;0.83;24;6001215.0;0
Q8_102_seed_828607131;13253;Nested Loop;6;Outer;;0;118013;29497;5;0.800169508763603;4743.52;64785.2;24;0.0;0;31.479;1148.243;31.061;206.297;0.038;0.04;13260;Hash Join;11;Outer;;0;5;25;1;0.2;1.07;2.4;4;0.0;0;0.009;0.01;2.076;2.077;13258;Seq Scan;10;Outer;;3600;62500;0;0;0.4166666666666667;0.0;4225.0;8;150000.0;0;13259;Hash;10;Inner;;0;5;5;0;1.0;2.4;2.4;4;0.0;0;2.092;2.095;0.0;0.0;13264;Index Scan;7;Inner;;112600;5;0;0;8.331646174982899e-07;0.43;0.83;24;6001215.0;0
Q8_103_seed_836811162;13276;Nested Loop;6;Outer;;0;118013;29497;5;0.800169508763603;4743.52;64785.2;24;0.0;0;40.15;1156.637;39.736;217.54;0.039;0.041;13283;Hash Join;11;Outer;;0;5;25;1;0.2;1.07;2.4;4;0.0;0;0.009;0.009;0.205;0.205;13281;Seq Scan;10;Outer;;3600;62500;0;0;0.4166666666666667;0.0;4225.0;8;150000.0;0;13282;Hash;10;Inner;;0;5;5;0;1.0;2.4;2.4;4;0.0;0;0.22;0.222;0.0;0.0;13287;Index Scan;7;Inner;;112600;5;0;0;8.331646174982899e-07;0.43;0.83;24;6001215.0;0
Q8_104_seed_845015193;13299;Nested Loop;6;Outer;;0;118013;29497;5;0.800169508763603;4743.52;64785.2;24;0.0;0;36.884;1148.726;35.398;210.309;0.038;0.041;13306;Hash Join;11;Outer;;0;5;25;1;0.2;1.07;2.4;4;0.0;0;0.008;0.008;0.058;0.059;13304;Seq Scan;10;Outer;;3600;62500;0;0;0.4166666666666667;0.0;4225.0;8;150000.0;0;13305;Hash;10;Inner;;0;5;5;0;1.0;2.4;2.4;4;0.0;0;0.072;0.074;0.0;0.0;13310;Index Scan;7;Inner;;112600;5;0;0;8.331646174982899e-07;0.43;0.83;24;6001215.0;0
Q8_105_seed_853219224;13322;Nested Loop;6;Outer;;0;118013;29497;5;0.800169508763603;4743.52;64785.2;24;0.0;0;37.365;1181.932;37.103;214.189;0.039;0.041;13329;Hash Join;11;Outer;;0;5;25;1;0.2;1.07;2.4;4;0.0;0;0.008;0.009;0.161;0.161;13327;Seq Scan;10;Outer;;3600;62500;0;0;0.4166666666666667;0.0;4225.0;8;150000.0;0;13328;Hash;10;Inner;;0;5;5;0;1.0;2.4;2.4;4;0.0;0;0.173;0.175;0.0;0.0;13333;Index Scan;7;Inner;;112600;5;0;0;8.331646174982899e-07;0.43;0.83;24;6001215.0;0
Q8_106_seed_861423255;13345;Nested Loop;6;Outer;;0;118013;29497;5;0.800169508763603;4743.52;64785.2;24;0.0;0;29.913;1130.404;29.673;204.477;0.038;0.04;13352;Hash Join;11;Outer;;0;5;25;1;0.2;1.07;2.4;4;0.0;0;0.014;0.014;0.183;0.184;13350;Seq Scan;10;Outer;;3600;62500;0;0;0.4166666666666667;0.0;4225.0;8;150000.0;0;13351;Hash;10;Inner;;0;5;5;0;1.0;2.4;2.4;4;0.0;0;0.204;0.207;0.0;0.0;13356;Index Scan;7;Inner;;112600;5;0;0;8.331646174982899e-07;0.43;0.83;24;6001215.0;0
Q8_107_seed_869627286;13368;Nested Loop;6;Outer;;0;118013;29497;5;0.800169508763603;4743.52;64785.2;24;0.0;0;39.837;1179.133;39.587;220.333;0.039;0.041;13375;Hash Join;11;Outer;;0;5;25;1;0.2;1.07;2.4;4;0.0;0;0.009;0.01;0.18;0.18;13373;Seq Scan;10;Outer;;3600;62500;0;0;0.4166666666666667;0.0;4225.0;8;150000.0;0;13374;Hash;10;Inner;;0;5;5;0;1.0;2.4;2.4;4;0.0;0;0.196;0.198;0.0;0.0;13379;Index Scan;7;Inner;;112600;5;0;0;8.331646174982899e-07;0.43;0.83;24;6001215.0;0
Q8_108_seed_877831317;13391;Nested Loop;6;Outer;;0;118013;29497;5;0.800169508763603;4743.52;64785.2;24;0.0;0;40.614;1182.762;40.16;219.286;0.04;0.042;13398;Hash Join;11;Outer;;0;5;25;1;0.2;1.07;2.4;4;0.0;0;0.009;0.01;0.385;0.385;13396;Seq Scan;10;Outer;;3600;62500;0;0;0.4166666666666667;0.0;4225.0;8;150000.0;0;13397;Hash;10;Inner;;0;5;5;0;1.0;2.4;2.4;4;0.0;0;0.4;0.402;0.0;0.0;13402;Index Scan;7;Inner;;112600;5;0;0;8.331646174982899e-07;0.43;0.83;24;6001215.0;0
Q8_109_seed_886035348;13414;Nested Loop;6;Outer;;0;118013;29497;5;0.800169508763603;4743.52;64785.2;24;0.0;0;36.42;1167.462;36.16;212.465;0.039;0.041;13421;Hash Join;11;Outer;;0;5;25;1;0.2;1.07;2.4;4;0.0;0;0.009;0.01;0.216;0.216;13419;Seq Scan;10;Outer;;3600;62500;0;0;0.4166666666666667;0.0;4225.0;8;150000.0;0;13420;Hash;10;Inner;;0;5;5;0;1.0;2.4;2.4;4;0.0;0;0.23;0.231;0.0;0.0;13425;Index Scan;7;Inner;;112600;5;0;0;8.331646174982899e-07;0.43;0.83;24;6001215.0;0
Q8_10_seed_73836279;13437;Nested Loop;6;Outer;;0;118013;29497;5;0.800169508763603;4743.52;64785.2;24;0.0;0;36.615;1147.451;36.453;207.718;0.038;0.04;13444;Hash Join;11;Outer;;0;5;25;1;0.2;1.07;2.4;4;0.0;0;0.01;0.01;0.143;0.143;13442;Seq Scan;10;Outer;;3600;62500;0;0;0.4166666666666667;0.0;4225.0;8;150000.0;0;13443;Hash;10;Inner;;0;5;5;0;1.0;2.4;2.4;4;0.0;0;0.158;0.16;0.0;0.0;13448;Index Scan;7;Inner;;112600;5;0;0;8.331646174982899e-07;0.43;0.83;24;6001215.0;0
Q8_110_seed_894239379;13460;Nested Loop;6;Outer;;0;118013;29497;5;0.800169508763603;4743.52;64785.2;24;0.0;0;36.371;1176.081;36.102;210.203;0.04;0.042;13467;Hash Join;11;Outer;;0;5;25;1;0.2;1.07;2.4;4;0.0;0;0.011;0.012;0.218;0.219;13465;Seq Scan;10;Outer;;3600;62500;0;0;0.4166666666666667;0.0;4225.0;8;150000.0;0;13466;Hash;10;Inner;;0;5;5;0;1.0;2.4;2.4;4;0.0;0;0.235;0.237;0.0;0.0;13471;Index Scan;7;Inner;;112600;5;0;0;8.331646174982899e-07;0.43;0.83;24;6001215.0;0
Q8_111_seed_902443410;13483;Nested Loop;6;Outer;;0;118013;29497;5;0.800169508763603;4743.52;64785.2;24;0.0;0;38.626;1185.221;37.294;213.782;0.039;0.042;13490;Hash Join;11;Outer;;0;5;25;1;0.2;1.07;2.4;4;0.0;0;0.007;0.008;0.076;0.076;13488;Seq Scan;10;Outer;;3600;62500;0;0;0.4166666666666667;0.0;4225.0;8;150000.0;0;13489;Hash;10;Inner;;0;5;5;0;1.0;2.4;2.4;4;0.0;0;0.088;0.09;0.0;0.0;13494;Index Scan;7;Inner;;112600;5;0;0;8.331646174982899e-07;0.43;0.83;24;6001215.0;0
Q8_112_seed_910647441;13506;Nested Loop;6;Outer;;0;118013;29497;5;0.800169508763603;4743.52;64785.2;24;0.0;0;43.509;1206.031;43.324;222.592;0.041;0.043;13513;Hash Join;11;Outer;;0;5;25;1;0.2;1.07;2.4;4;0.0;0;0.009;0.01;0.211;0.212;13511;Seq Scan;10;Outer;;3600;62500;0;0;0.4166666666666667;0.0;4225.0;8;150000.0;0;13512;Hash;10;Inner;;0;5;5;0;1.0;2.4;2.4;4;0.0;0;0.229;0.232;0.0;0.0;13517;Index Scan;7;Inner;;112600;5;0;0;8.331646174982899e-07;0.43;0.83;24;6001215.0;0
Q8_113_seed_918851472;13529;Nested Loop;6;Outer;;0;118013;29497;5;0.800169508763603;4743.52;64785.2;24;0.0;0;35.234;1152.451;35.036;210.063;0.039;0.041;13536;Hash Join;11;Outer;;0;5;25;1;0.2;1.07;2.4;4;0.0;0;0.012;0.013;0.065;0.065;13534;Seq Scan;10;Outer;;3600;62500;0;0;0.4166666666666667;0.0;4225.0;8;150000.0;0;13535;Hash;10;Inner;;0;5;5;0;1.0;2.4;2.4;4;0.0;0;0.085;0.087;0.0;0.0;13540;Index Scan;7;Inner;;112600;5;0;0;8.331646174982899e-07;0.43;0.83;24;6001215.0;0
Q8_114_seed_927055503;13552;Nested Loop;6;Outer;;0;118013;29497;5;0.800169508763603;4743.52;64785.2;24;0.0;0;39.723;1147.435;39.54;213.237;0.039;0.041;13559;Hash Join;11;Outer;;0;5;25;1;0.2;1.07;2.4;4;0.0;0;0.008;0.009;0.292;0.292;13557;Seq Scan;10;Outer;;3600;62500;0;0;0.4166666666666667;0.0;4225.0;8;150000.0;0;13558;Hash;10;Inner;;0;5;5;0;1.0;2.4;2.4;4;0.0;0;0.305;0.306;0.0;0.0;13563;Index Scan;7;Inner;;112600;5;0;0;8.331646174982899e-07;0.43;0.83;24;6001215.0;0
Q8_115_seed_935259534;13575;Nested Loop;6;Outer;;0;118013;29497;5;0.800169508763603;4743.52;64785.2;24;0.0;0;35.056;1134.001;34.539;209.952;0.038;0.04;13582;Hash Join;11;Outer;;0;5;25;1;0.2;1.07;2.4;4;0.0;0;0.009;0.009;0.119;0.119;13580;Seq Scan;10;Outer;;3600;62500;0;0;0.4166666666666667;0.0;4225.0;8;150000.0;0;13581;Hash;10;Inner;;0;5;5;0;1.0;2.4;2.4;4;0.0;0;0.133;0.135;0.0;0.0;13586;Index Scan;7;Inner;;112600;5;0;0;8.331646174982899e-07;0.43;0.83;24;6001215.0;0
Q8_116_seed_943463565;13598;Nested Loop;6;Outer;;0;118013;29497;5;0.800169508763603;4743.52;64785.2;24;0.0;0;31.611;1204.505;31.391;211.416;0.041;0.043;13605;Hash Join;11;Outer;;0;5;25;1;0.2;1.07;2.4;4;0.0;0;0.009;0.01;0.198;0.199;13603;Seq Scan;10;Outer;;3600;62500;0;0;0.4166666666666667;0.0;4225.0;8;150000.0;0;13604;Hash;10;Inner;;0;5;5;0;1.0;2.4;2.4;4;0.0;0;0.215;0.217;0.0;0.0;13609;Index Scan;7;Inner;;112600;5;0;0;8.331646174982899e-07;0.43;0.83;24;6001215.0;0
Q8_117_seed_951667596;13621;Nested Loop;6;Outer;;0;118013;29497;5;0.800169508763603;4743.52;64785.2;24;0.0;0;37.356;1191.887;37.126;213.426;0.04;0.042;13628;Hash Join;11;Outer;;0;5;25;1;0.2;1.07;2.4;4;0.0;0;0.009;0.01;0.138;0.138;13626;Seq Scan;10;Outer;;3600;62500;0;0;0.4166666666666667;0.0;4225.0;8;150000.0;0;13627;Hash;10;Inner;;0;5;5;0;1.0;2.4;2.4;4;0.0;0;0.158;0.16;0.0;0.0;13632;Index Scan;7;Inner;;112600;5;0;0;8.331646174982899e-07;0.43;0.83;24;6001215.0;0
Q8_118_seed_959871627;13644;Nested Loop;6;Outer;;0;118013;29497;5;0.800169508763603;4743.52;64785.2;24;0.0;0;41.561;1190.231;41.144;220.418;0.039;0.042;13651;Hash Join;11;Outer;;0;5;25;1;0.2;1.07;2.4;4;0.0;0;0.008;0.009;0.229;0.229;13649;Seq Scan;10;Outer;;3600;62500;0;0;0.4166666666666667;0.0;4225.0;8;150000.0;0;13650;Hash;10;Inner;;0;5;5;0;1.0;2.4;2.4;4;0.0;0;0.244;0.245;0.0;0.0;13655;Index Scan;7;Inner;;112600;5;0;0;8.331646174982899e-07;0.43;0.83;24;6001215.0;0
Q8_119_seed_968075658;13667;Nested Loop;6;Outer;;0;118013;29497;5;0.800169508763603;4743.52;64785.2;24;0.0;0;38.137;1198.111;37.877;218.265;0.041;0.043;13674;Hash Join;11;Outer;;0;5;25;1;0.2;1.07;2.4;4;0.0;0;0.015;0.016;0.194;0.194;13672;Seq Scan;10;Outer;;3600;62500;0;0;0.4166666666666667;0.0;4225.0;8;150000.0;0;13673;Hash;10;Inner;;0;5;5;0;1.0;2.4;2.4;4;0.0;0;0.217;0.219;0.0;0.0;13678;Index Scan;7;Inner;;112600;5;0;0;8.331646174982899e-07;0.43;0.83;24;6001215.0;0
Q8_11_seed_82040310;13690;Nested Loop;6;Outer;;0;118013;29497;5;0.800169508763603;4743.52;64785.2;24;0.0;0;31.558;1158.094;31.399;206.482;0.039;0.041;13697;Hash Join;11;Outer;;0;5;25;1;0.2;1.07;2.4;4;0.0;0;0.01;0.011;0.284;0.284;13695;Seq Scan;10;Outer;;3600;62500;0;0;0.4166666666666667;0.0;4225.0;8;150000.0;0;13696;Hash;10;Inner;;0;5;5;0;1.0;2.4;2.4;4;0.0;0;0.3;0.302;0.0;0.0;13701;Index Scan;7;Inner;;112600;5;0;0;8.331646174982899e-07;0.43;0.83;24;6001215.0;0
Q8_120_seed_976279689;13713;Nested Loop;6;Outer;;0;118013;29497;5;0.800169508763603;4743.52;64785.2;24;0.0;0;34.519;1147.584;34.256;211.622;0.039;0.041;13720;Hash Join;11;Outer;;0;5;25;1;0.2;1.07;2.4;4;0.0;0;0.011;0.011;0.165;0.165;13718;Seq Scan;10;Outer;;3600;62500;0;0;0.4166666666666667;0.0;4225.0;8;150000.0;0;13719;Hash;10;Inner;;0;5;5;0;1.0;2.4;2.4;4;0.0;0;0.182;0.184;0.0;0.0;13724;Index Scan;7;Inner;;112600;5;0;0;8.331646174982899e-07;0.43;0.83;24;6001215.0;0
Q8_121_seed_984483720;13736;Nested Loop;6;Outer;;0;118013;29497;5;0.800169508763603;4743.52;64785.2;24;0.0;0;36.713;1171.046;36.459;211.72;0.039;0.042;13743;Hash Join;11;Outer;;0;5;25;1;0.2;1.07;2.4;4;0.0;0;0.009;0.01;0.059;0.059;13741;Seq Scan;10;Outer;;3600;62500;0;0;0.4166666666666667;0.0;4225.0;8;150000.0;0;13742;Hash;10;Inner;;0;5;5;0;1.0;2.4;2.4;4;0.0;0;0.074;0.076;0.0;0.0;13747;Index Scan;7;Inner;;112600;5;0;0;8.331646174982899e-07;0.43;0.83;24;6001215.0;0
Q8_122_seed_992687751;13759;Nested Loop;6;Outer;;0;118013;29497;5;0.800169508763603;4743.52;64785.2;24;0.0;0;33.231;1145.762;33.075;211.669;0.038;0.04;13766;Hash Join;11;Outer;;0;5;25;1;0.2;1.07;2.4;4;0.0;0;0.008;0.009;0.068;0.068;13764;Seq Scan;10;Outer;;3600;62500;0;0;0.4166666666666667;0.0;4225.0;8;150000.0;0;13765;Hash;10;Inner;;0;5;5;0;1.0;2.4;2.4;4;0.0;0;0.081;0.083;0.0;0.0;13770;Index Scan;7;Inner;;112600;5;0;0;8.331646174982899e-07;0.43;0.83;24;6001215.0;0
Q8_123_seed_1000891782;13782;Nested Loop;6;Outer;;0;118013;29497;5;0.800169508763603;4743.52;64785.2;24;0.0;0;36.348;1156.175;36.077;214.011;0.039;0.041;13789;Hash Join;11;Outer;;0;5;25;1;0.2;1.07;2.4;4;0.0;0;0.009;0.01;0.078;0.078;13787;Seq Scan;10;Outer;;3600;62500;0;0;0.4166666666666667;0.0;4225.0;8;150000.0;0;13788;Hash;10;Inner;;0;5;5;0;1.0;2.4;2.4;4;0.0;0;0.093;0.095;0.0;0.0;13793;Index Scan;7;Inner;;112600;5;0;0;8.331646174982899e-07;0.43;0.83;24;6001215.0;0
Q8_124_seed_1009095813;13805;Nested Loop;6;Outer;;0;118013;29497;5;0.800169508763603;4743.52;64785.2;24;0.0;0;34.795;1168.092;34.527;215.036;0.038;0.041;13812;Hash Join;11;Outer;;0;5;25;1;0.2;1.07;2.4;4;0.0;0;0.009;0.009;0.066;0.066;13810;Seq Scan;10;Outer;;3600;62500;0;0;0.4166666666666667;0.0;4225.0;8;150000.0;0;13811;Hash;10;Inner;;0;5;5;0;1.0;2.4;2.4;4;0.0;0;0.081;0.082;0.0;0.0;13816;Index Scan;7;Inner;;112600;5;0;0;8.331646174982899e-07;0.43;0.83;24;6001215.0;0
Q8_125_seed_1017299844;13828;Nested Loop;6;Outer;;0;118013;29497;5;0.800169508763603;4743.52;64785.2;24;0.0;0;38.844;1220.356;38.597;215.879;0.042;0.044;13835;Hash Join;11;Outer;;0;5;25;1;0.2;1.07;2.4;4;0.0;0;0.009;0.01;0.215;0.215;13833;Seq Scan;10;Outer;;3600;62500;0;0;0.4166666666666667;0.0;4225.0;8;150000.0;0;13834;Hash;10;Inner;;0;5;5;0;1.0;2.4;2.4;4;0.0;0;0.229;0.231;0.0;0.0;13839;Index Scan;7;Inner;;112600;5;0;0;8.331646174982899e-07;0.43;0.83;24;6001215.0;0
Q8_126_seed_1025503875;13851;Nested Loop;6;Outer;;0;118013;29497;5;0.800169508763603;4743.52;64785.2;24;0.0;0;37.127;1172.928;36.85;216.218;0.04;0.042;13858;Hash Join;11;Outer;;0;5;25;1;0.2;1.07;2.4;4;0.0;0;0.014;0.014;0.07;0.07;13856;Seq Scan;10;Outer;;3600;62500;0;0;0.4166666666666667;0.0;4225.0;8;150000.0;0;13857;Hash;10;Inner;;0;5;5;0;1.0;2.4;2.4;4;0.0;0;0.089;0.091;0.0;0.0;13862;Index Scan;7;Inner;;112600;5;0;0;8.331646174982899e-07;0.43;0.83;24;6001215.0;0
Q8_127_seed_1033707906;13874;Nested Loop;6;Outer;;0;118013;29497;5;0.800169508763603;4743.52;64785.2;24;0.0;0;39.886;1161.854;39.025;215.803;0.039;0.041;13881;Hash Join;11;Outer;;0;5;25;1;0.2;1.07;2.4;4;0.0;0;0.01;0.011;0.218;0.218;13879;Seq Scan;10;Outer;;3600;62500;0;0;0.4166666666666667;0.0;4225.0;8;150000.0;0;13880;Hash;10;Inner;;0;5;5;0;1.0;2.4;2.4;4;0.0;0;0.236;0.238;0.0;0.0;13885;Index Scan;7;Inner;;112600;5;0;0;8.331646174982899e-07;0.43;0.83;24;6001215.0;0
Q8_128_seed_1041911937;13897;Nested Loop;6;Outer;;0;118013;29497;5;0.800169508763603;4743.52;64785.2;24;0.0;0;36.486;1160.131;35.006;213.111;0.039;0.041;13904;Hash Join;11;Outer;;0;5;25;1;0.2;1.07;2.4;4;0.0;0;0.014;0.014;0.175;0.176;13902;Seq Scan;10;Outer;;3600;62500;0;0;0.4166666666666667;0.0;4225.0;8;150000.0;0;13903;Hash;10;Inner;;0;5;5;0;1.0;2.4;2.4;4;0.0;0;0.196;0.198;0.0;0.0;13908;Index Scan;7;Inner;;112600;5;0;0;8.331646174982899e-07;0.43;0.83;24;6001215.0;0
Q8_129_seed_1050115968;13920;Nested Loop;6;Outer;;0;118013;29497;5;0.800169508763603;4743.52;64785.2;24;0.0;0;37.885;1195.393;37.698;218.257;0.04;0.042;13927;Hash Join;11;Outer;;0;5;25;1;0.2;1.07;2.4;4;0.0;0;0.008;0.008;0.126;0.126;13925;Seq Scan;10;Outer;;3600;62500;0;0;0.4166666666666667;0.0;4225.0;8;150000.0;0;13926;Hash;10;Inner;;0;5;5;0;1.0;2.4;2.4;4;0.0;0;0.14;0.142;0.0;0.0;13931;Index Scan;7;Inner;;112600;5;0;0;8.331646174982899e-07;0.43;0.83;24;6001215.0;0
Q8_12_seed_90244341;13943;Nested Loop;6;Outer;;0;118013;29497;5;0.800169508763603;4743.52;64785.2;24;0.0;0;38.788;1183.503;38.613;217.438;0.04;0.042;13950;Hash Join;11;Outer;;0;5;25;1;0.2;1.07;2.4;4;0.0;0;0.01;0.01;1.382;1.382;13948;Seq Scan;10;Outer;;3600;62500;0;0;0.4166666666666667;0.0;4225.0;8;150000.0;0;13949;Hash;10;Inner;;0;5;5;0;1.0;2.4;2.4;4;0.0;0;1.397;1.399;0.0;0.0;13954;Index Scan;7;Inner;;112600;5;0;0;8.331646174982899e-07;0.43;0.83;24;6001215.0;0
Q8_130_seed_1058319999;13966;Nested Loop;6;Outer;;0;118013;29497;5;0.800169508763603;4743.52;64785.2;24;0.0;0;37.355;1178.076;37.174;214.822;0.04;0.042;13973;Hash Join;11;Outer;;0;5;25;1;0.2;1.07;2.4;4;0.0;0;0.013;0.013;0.062;0.062;13971;Seq Scan;10;Outer;;3600;62500;0;0;0.4166666666666667;0.0;4225.0;8;150000.0;0;13972;Hash;10;Inner;;0;5;5;0;1.0;2.4;2.4;4;0.0;0;0.082;0.084;0.0;0.0;13977;Index Scan;7;Inner;;112600;5;0;0;8.331646174982899e-07;0.43;0.83;24;6001215.0;0
Q8_131_seed_1066524030;13989;Nested Loop;6;Outer;;0;118013;29497;5;0.800169508763603;4743.52;64785.2;24;0.0;0;32.16;1126.763;31.929;207.524;0.037;0.039;13996;Hash Join;11;Outer;;0;5;25;1;0.2;1.07;2.4;4;0.0;0;0.011;0.012;0.171;0.172;13994;Seq Scan;10;Outer;;3600;62500;0;0;0.4166666666666667;0.0;4225.0;8;150000.0;0;13995;Hash;10;Inner;;0;5;5;0;1.0;2.4;2.4;4;0.0;0;0.19;0.192;0.0;0.0;14000;Index Scan;7;Inner;;112600;5;0;0;8.331646174982899e-07;0.43;0.83;24;6001215.0;0
Q8_132_seed_1074728061;14012;Nested Loop;6;Outer;;0;118013;29497;5;0.800169508763603;4743.52;64785.2;24;0.0;0;33.417;1149.294;33.197;207.111;0.039;0.041;14019;Hash Join;11;Outer;;0;5;25;1;0.2;1.07;2.4;4;0.0;0;0.008;0.009;0.131;0.131;14017;Seq Scan;10;Outer;;3600;62500;0;0;0.4166666666666667;0.0;4225.0;8;150000.0;0;14018;Hash;10;Inner;;0;5;5;0;1.0;2.4;2.4;4;0.0;0;0.144;0.146;0.0;0.0;14023;Index Scan;7;Inner;;112600;5;0;0;8.331646174982899e-07;0.43;0.83;24;6001215.0;0
Q8_133_seed_1082932092;14035;Nested Loop;6;Outer;;0;118013;29497;5;0.800169508763603;4743.52;64785.2;24;0.0;0;37.424;1155.563;37.175;212.951;0.039;0.041;14042;Hash Join;11;Outer;;0;5;25;1;0.2;1.07;2.4;4;0.0;0;0.009;0.011;0.181;0.182;14040;Seq Scan;10;Outer;;3600;62500;0;0;0.4166666666666667;0.0;4225.0;8;150000.0;0;14041;Hash;10;Inner;;0;5;5;0;1.0;2.4;2.4;4;0.0;0;0.198;0.201;0.0;0.0;14046;Index Scan;7;Inner;;112600;5;0;0;8.331646174982899e-07;0.43;0.83;24;6001215.0;0
Q8_134_seed_1091136123;14058;Nested Loop;6;Outer;;0;118013;29497;5;0.800169508763603;4743.52;64785.2;24;0.0;0;39.525;1181.356;39.256;213.3;0.04;0.042;14065;Hash Join;11;Outer;;0;5;25;1;0.2;1.07;2.4;4;0.0;0;0.018;0.019;0.173;0.173;14063;Seq Scan;10;Outer;;3600;62500;0;0;0.4166666666666667;0.0;4225.0;8;150000.0;0;14064;Hash;10;Inner;;0;5;5;0;1.0;2.4;2.4;4;0.0;0;0.202;0.204;0.0;0.0;14069;Index Scan;7;Inner;;112600;5;0;0;8.331646174982899e-07;0.43;0.83;24;6001215.0;0
Q8_135_seed_1099340154;14081;Nested Loop;6;Outer;;0;118013;29497;5;0.800169508763603;4743.52;64785.2;24;0.0;0;37.142;1153.566;36.918;215.352;0.039;0.041;14088;Hash Join;11;Outer;;0;5;25;1;0.2;1.07;2.4;4;0.0;0;0.01;0.01;0.132;0.133;14086;Seq Scan;10;Outer;;3600;62500;0;0;0.4166666666666667;0.0;4225.0;8;150000.0;0;14087;Hash;10;Inner;;0;5;5;0;1.0;2.4;2.4;4;0.0;0;0.147;0.149;0.0;0.0;14092;Index Scan;7;Inner;;112600;5;0;0;8.331646174982899e-07;0.43;0.83;24;6001215.0;0
Q8_136_seed_1107544185;14104;Nested Loop;6;Outer;;0;118013;29497;5;0.800169508763603;4743.52;64785.2;24;0.0;0;35.614;1152.884;35.335;212.072;0.04;0.041;14111;Hash Join;11;Outer;;0;5;25;1;0.2;1.07;2.4;4;0.0;0;0.014;0.015;0.079;0.079;14109;Seq Scan;10;Outer;;3600;62500;0;0;0.4166666666666667;0.0;4225.0;8;150000.0;0;14110;Hash;10;Inner;;0;5;5;0;1.0;2.4;2.4;4;0.0;0;0.098;0.1;0.0;0.0;14115;Index Scan;7;Inner;;112600;5;0;0;8.331646174982899e-07;0.43;0.83;24;6001215.0;0
Q8_137_seed_1115748216;14127;Nested Loop;6;Outer;;0;118013;29497;5;0.800169508763603;4743.52;64785.2;24;0.0;0;36.724;1166.834;36.498;213.01;0.039;0.041;14134;Hash Join;11;Outer;;0;5;25;1;0.2;1.07;2.4;4;0.0;0;0.009;0.01;0.219;0.219;14132;Seq Scan;10;Outer;;3600;62500;0;0;0.4166666666666667;0.0;4225.0;8;150000.0;0;14133;Hash;10;Inner;;0;5;5;0;1.0;2.4;2.4;4;0.0;0;0.235;0.237;0.0;0.0;14138;Index Scan;7;Inner;;112600;5;0;0;8.331646174982899e-07;0.43;0.83;24;6001215.0;0
Q8_138_seed_1123952247;14150;Nested Loop;6;Outer;;0;118013;29497;5;0.800169508763603;4743.52;64785.2;24;0.0;0;39.499;1149.194;39.262;216.177;0.039;0.041;14157;Hash Join;11;Outer;;0;5;25;1;0.2;1.07;2.4;4;0.0;0;0.008;0.008;0.167;0.167;14155;Seq Scan;10;Outer;;3600;62500;0;0;0.4166666666666667;0.0;4225.0;8;150000.0;0;14156;Hash;10;Inner;;0;5;5;0;1.0;2.4;2.4;4;0.0;0;0.18;0.182;0.0;0.0;14161;Index Scan;7;Inner;;112600;5;0;0;8.331646174982899e-07;0.43;0.83;24;6001215.0;0
Q8_139_seed_1132156278;14173;Nested Loop;6;Outer;;0;118013;29497;5;0.800169508763603;4743.52;64785.2;24;0.0;0;36.472;1173.978;36.214;213.84;0.039;0.042;14180;Hash Join;11;Outer;;0;5;25;1;0.2;1.07;2.4;4;0.0;0;0.05;0.051;0.158;0.158;14178;Seq Scan;10;Outer;;3600;62500;0;0;0.4166666666666667;0.0;4225.0;8;150000.0;0;14179;Hash;10;Inner;;0;5;5;0;1.0;2.4;2.4;4;0.0;0;0.221;0.223;0.0;0.0;14184;Index Scan;7;Inner;;112600;5;0;0;8.331646174982899e-07;0.43;0.83;24;6001215.0;0
Q8_13_seed_98448372;14196;Nested Loop;6;Outer;;0;118013;29497;5;0.800169508763603;4743.52;64785.2;24;0.0;0;39.669;1149.405;38.994;218.698;0.038;0.04;14203;Hash Join;11;Outer;;0;5;25;1;0.2;1.07;2.4;4;0.0;0;0.012;0.013;0.184;0.184;14201;Seq Scan;10;Outer;;3600;62500;0;0;0.4166666666666667;0.0;4225.0;8;150000.0;0;14202;Hash;10;Inner;;0;5;5;0;1.0;2.4;2.4;4;0.0;0;0.206;0.208;0.0;0.0;14207;Index Scan;7;Inner;;112600;5;0;0;8.331646174982899e-07;0.43;0.83;24;6001215.0;0
Q8_140_seed_1140360309;14219;Nested Loop;6;Outer;;0;118013;29497;5;0.800169508763603;4743.52;64785.2;24;0.0;0;40.307;1200.928;40.128;216.6;0.04;0.042;14226;Hash Join;11;Outer;;0;5;25;1;0.2;1.07;2.4;4;0.0;0;0.008;0.009;0.273;0.273;14224;Seq Scan;10;Outer;;3600;62500;0;0;0.4166666666666667;0.0;4225.0;8;150000.0;0;14225;Hash;10;Inner;;0;5;5;0;1.0;2.4;2.4;4;0.0;0;0.287;0.289;0.0;0.0;14230;Index Scan;7;Inner;;112600;5;0;0;8.331646174982899e-07;0.43;0.83;24;6001215.0;0
Q8_141_seed_1148564340;14242;Nested Loop;6;Outer;;0;118013;29497;5;0.800169508763603;4743.52;64785.2;24;0.0;0;38.49;1222.199;37.798;230.142;0.041;0.043;14249;Hash Join;11;Outer;;0;5;25;1;0.2;1.07;2.4;4;0.0;0;0.008;0.009;0.279;0.28;14247;Seq Scan;10;Outer;;3600;62500;0;0;0.4166666666666667;0.0;4225.0;8;150000.0;0;14248;Hash;10;Inner;;0;5;5;0;1.0;2.4;2.4;4;0.0;0;0.294;0.296;0.0;0.0;14253;Index Scan;7;Inner;;112600;5;0;0;8.331646174982899e-07;0.43;0.83;24;6001215.0;0
Q8_142_seed_1156768371;14265;Nested Loop;6;Outer;;0;118013;29497;5;0.800169508763603;4743.52;64785.2;24;0.0;0;38.184;1174.372;37.966;216.466;0.04;0.042;14272;Hash Join;11;Outer;;0;5;25;1;0.2;1.07;2.4;4;0.0;0;0.009;0.009;0.242;0.242;14270;Seq Scan;10;Outer;;3600;62500;0;0;0.4166666666666667;0.0;4225.0;8;150000.0;0;14271;Hash;10;Inner;;0;5;5;0;1.0;2.4;2.4;4;0.0;0;0.256;0.258;0.0;0.0;14276;Index Scan;7;Inner;;112600;5;0;0;8.331646174982899e-07;0.43;0.83;24;6001215.0;0
Q8_143_seed_1164972402;14288;Nested Loop;6;Outer;;0;118013;29497;5;0.800169508763603;4743.52;64785.2;24;0.0;0;40.443;1175.445;39.92;216.876;0.04;0.042;14295;Hash Join;11;Outer;;0;5;25;1;0.2;1.07;2.4;4;0.0;0;0.009;0.009;0.061;0.061;14293;Seq Scan;10;Outer;;3600;62500;0;0;0.4166666666666667;0.0;4225.0;8;150000.0;0;14294;Hash;10;Inner;;0;5;5;0;1.0;2.4;2.4;4;0.0;0;0.076;0.078;0.0;0.0;14299;Index Scan;7;Inner;;112600;5;0;0;8.331646174982899e-07;0.43;0.83;24;6001215.0;0
Q8_144_seed_1173176433;14311;Nested Loop;6;Outer;;0;118013;29497;5;0.800169508763603;4743.52;64785.2;24;0.0;0;39.283;1175.155;38.241;216.533;0.039;0.042;14318;Hash Join;11;Outer;;0;5;25;1;0.2;1.07;2.4;4;0.0;0;0.008;0.009;0.169;0.169;14316;Seq Scan;10;Outer;;3600;62500;0;0;0.4166666666666667;0.0;4225.0;8;150000.0;0;14317;Hash;10;Inner;;0;5;5;0;1.0;2.4;2.4;4;0.0;0;0.183;0.184;0.0;0.0;14322;Index Scan;7;Inner;;112600;5;0;0;8.331646174982899e-07;0.43;0.83;24;6001215.0;0
Q8_145_seed_1181380464;14334;Nested Loop;6;Outer;;0;118013;29497;5;0.800169508763603;4743.52;64785.2;24;0.0;0;32.896;1176.659;32.639;208.31;0.04;0.042;14341;Hash Join;11;Outer;;0;5;25;1;0.2;1.07;2.4;4;0.0;0;0.008;0.009;0.192;0.192;14339;Seq Scan;10;Outer;;3600;62500;0;0;0.4166666666666667;0.0;4225.0;8;150000.0;0;14340;Hash;10;Inner;;0;5;5;0;1.0;2.4;2.4;4;0.0;0;0.206;0.208;0.0;0.0;14345;Index Scan;7;Inner;;112600;5;0;0;8.331646174982899e-07;0.43;0.83;24;6001215.0;0
Q8_146_seed_1189584495;14357;Nested Loop;6;Outer;;0;118013;29497;5;0.800169508763603;4743.52;64785.2;24;0.0;0;31.141;1172.027;30.913;207.359;0.04;0.041;14364;Hash Join;11;Outer;;0;5;25;1;0.2;1.07;2.4;4;0.0;0;0.01;0.011;0.219;0.219;14362;Seq Scan;10;Outer;;3600;62500;0;0;0.4166666666666667;0.0;4225.0;8;150000.0;0;14363;Hash;10;Inner;;0;5;5;0;1.0;2.4;2.4;4;0.0;0;0.235;0.237;0.0;0.0;14368;Index Scan;7;Inner;;112600;5;0;0;8.331646174982899e-07;0.43;0.83;24;6001215.0;0
Q8_147_seed_1197788526;14380;Nested Loop;6;Outer;;0;118013;29497;5;0.800169508763603;4743.52;64785.2;24;0.0;0;39.026;1175.81;38.822;216.065;0.04;0.042;14387;Hash Join;11;Outer;;0;5;25;1;0.2;1.07;2.4;4;0.0;0;0.015;0.015;0.137;0.137;14385;Seq Scan;10;Outer;;3600;62500;0;0;0.4166666666666667;0.0;4225.0;8;150000.0;0;14386;Hash;10;Inner;;0;5;5;0;1.0;2.4;2.4;4;0.0;0;0.159;0.162;0.0;0.0;14391;Index Scan;7;Inner;;112600;5;0;0;8.331646174982899e-07;0.43;0.83;24;6001215.0;0
Q8_148_seed_1205992557;14403;Nested Loop;6;Outer;;0;118013;29497;5;0.800169508763603;4743.52;64785.2;24;0.0;0;37.881;1170.08;37.646;217.176;0.04;0.042;14410;Hash Join;11;Outer;;0;5;25;1;0.2;1.07;2.4;4;0.0;0;0.009;0.009;0.12;0.12;14408;Seq Scan;10;Outer;;3600;62500;0;0;0.4166666666666667;0.0;4225.0;8;150000.0;0;14409;Hash;10;Inner;;0;5;5;0;1.0;2.4;2.4;4;0.0;0;0.137;0.138;0.0;0.0;14414;Index Scan;7;Inner;;112600;5;0;0;8.331646174982899e-07;0.43;0.83;24;6001215.0;0
Q8_149_seed_1214196588;14426;Nested Loop;6;Outer;;0;118013;29497;5;0.800169508763603;4743.52;64785.2;24;0.0;0;40.168;1207.491;38.811;217.635;0.041;0.043;14433;Hash Join;11;Outer;;0;5;25;1;0.2;1.07;2.4;4;0.0;0;0.008;0.009;0.209;0.209;14431;Seq Scan;10;Outer;;3600;62500;0;0;0.4166666666666667;0.0;4225.0;8;150000.0;0;14432;Hash;10;Inner;;0;5;5;0;1.0;2.4;2.4;4;0.0;0;0.223;0.225;0.0;0.0;14437;Index Scan;7;Inner;;112600;5;0;0;8.331646174982899e-07;0.43;0.83;24;6001215.0;0
Q8_14_seed_106652403;14449;Nested Loop;6;Outer;;0;118013;29497;5;0.800169508763603;4743.52;64785.2;24;0.0;0;33.404;1151.937;33.171;206.493;0.039;0.041;14456;Hash Join;11;Outer;;0;5;25;1;0.2;1.07;2.4;4;0.0;0;0.009;0.009;0.127;0.127;14454;Seq Scan;10;Outer;;3600;62500;0;0;0.4166666666666667;0.0;4225.0;8;150000.0;0;14455;Hash;10;Inner;;0;5;5;0;1.0;2.4;2.4;4;0.0;0;0.141;0.143;0.0;0.0;14460;Index Scan;7;Inner;;112600;5;0;0;8.331646174982899e-07;0.43;0.83;24;6001215.0;0
Q8_150_seed_1231235959;14472;Nested Loop;6;Outer;;0;118013;29497;5;0.800169508763603;4743.52;64785.2;24;0.0;0;33.658;1157.977;33.433;210.452;0.039;0.041;14479;Hash Join;11;Outer;;0;5;25;1;0.2;1.07;2.4;4;0.0;0;0.02;0.021;0.124;0.124;14477;Seq Scan;10;Outer;;3600;62500;0;0;0.4166666666666667;0.0;4225.0;8;150000.0;0;14478;Hash;10;Inner;;0;5;5;0;1.0;2.4;2.4;4;0.0;0;0.154;0.156;0.0;0.0;14483;Index Scan;7;Inner;;112600;5;0;0;8.331646174982899e-07;0.43;0.83;24;6001215.0;0
Q8_15_seed_114856434;14495;Nested Loop;6;Outer;;0;118013;29497;5;0.800169508763603;4743.52;64785.2;24;0.0;0;36.657;1171.351;36.382;214.505;0.04;0.042;14502;Hash Join;11;Outer;;0;5;25;1;0.2;1.07;2.4;4;0.0;0;0.017;0.018;0.185;0.185;14500;Seq Scan;10;Outer;;3600;62500;0;0;0.4166666666666667;0.0;4225.0;8;150000.0;0;14501;Hash;10;Inner;;0;5;5;0;1.0;2.4;2.4;4;0.0;0;0.209;0.211;0.0;0.0;14506;Index Scan;7;Inner;;112600;5;0;0;8.331646174982899e-07;0.43;0.83;24;6001215.0;0
Q8_16_seed_123060465;14518;Nested Loop;6;Outer;;0;118013;29497;5;0.800169508763603;4743.52;64785.2;24;0.0;0;37.7;1161.588;37.436;213.062;0.039;0.041;14525;Hash Join;11;Outer;;0;5;25;1;0.2;1.07;2.4;4;0.0;0;0.015;0.015;0.425;0.426;14523;Seq Scan;10;Outer;;3600;62500;0;0;0.4166666666666667;0.0;4225.0;8;150000.0;0;14524;Hash;10;Inner;;0;5;5;0;1.0;2.4;2.4;4;0.0;0;0.448;0.451;0.0;0.0;14529;Index Scan;7;Inner;;112600;5;0;0;8.331646174982899e-07;0.43;0.83;24;6001215.0;0
Q8_17_seed_131264496;14541;Nested Loop;6;Outer;;0;118013;29497;5;0.800169508763603;4743.52;64785.2;24;0.0;0;39.511;1197.566;39.25;217.055;0.04;0.042;14548;Hash Join;11;Outer;;0;5;25;1;0.2;1.07;2.4;4;0.0;0;0.009;0.01;0.184;0.185;14546;Seq Scan;10;Outer;;3600;62500;0;0;0.4166666666666667;0.0;4225.0;8;150000.0;0;14547;Hash;10;Inner;;0;5;5;0;1.0;2.4;2.4;4;0.0;0;0.199;0.201;0.0;0.0;14552;Index Scan;7;Inner;;112600;5;0;0;8.331646174982899e-07;0.43;0.83;24;6001215.0;0
Q8_18_seed_139468527;14564;Nested Loop;6;Outer;;0;118013;29497;5;0.800169508763603;4743.52;64785.2;24;0.0;0;35.1;1176.415;34.882;214.838;0.04;0.042;14571;Hash Join;11;Outer;;0;5;25;1;0.2;1.07;2.4;4;0.0;0;0.009;0.01;0.155;0.155;14569;Seq Scan;10;Outer;;3600;62500;0;0;0.4166666666666667;0.0;4225.0;8;150000.0;0;14570;Hash;10;Inner;;0;5;5;0;1.0;2.4;2.4;4;0.0;0;0.18;0.182;0.0;0.0;14575;Index Scan;7;Inner;;112600;5;0;0;8.331646174982899e-07;0.43;0.83;24;6001215.0;0
Q8_19_seed_147672558;14587;Nested Loop;6;Outer;;0;118013;29497;5;0.800169508763603;4743.52;64785.2;24;0.0;0;35.543;1172.624;35.309;208.736;0.039;0.041;14594;Hash Join;11;Outer;;0;5;25;1;0.2;1.07;2.4;4;0.0;0;0.008;0.008;2.486;2.486;14592;Seq Scan;10;Outer;;3600;62500;0;0;0.4166666666666667;0.0;4225.0;8;150000.0;0;14593;Hash;10;Inner;;0;5;5;0;1.0;2.4;2.4;4;0.0;0;2.5;2.502;0.0;0.0;14598;Index Scan;7;Inner;;112600;5;0;0;8.331646174982899e-07;0.43;0.83;24;6001215.0;0
Q8_1_seed_0101000000;14610;Nested Loop;6;Outer;;0;118013;29497;5;0.800169508763603;4743.52;64785.2;24;0.0;0;37.234;1178.143;36.974;214.131;0.04;0.042;14617;Hash Join;11;Outer;;0;5;25;1;0.2;1.07;2.4;4;0.0;0;0.012;0.013;0.168;0.168;14615;Seq Scan;10;Outer;;3600;62500;0;0;0.4166666666666667;0.0;4225.0;8;150000.0;0;14616;Hash;10;Inner;;0;5;5;0;1.0;2.4;2.4;4;0.0;0;0.186;0.188;0.0;0.0;14621;Index Scan;7;Inner;;112600;5;0;0;8.331646174982899e-07;0.43;0.83;24;6001215.0;0
Q8_20_seed_155876589;14633;Nested Loop;6;Outer;;0;118013;29497;5;0.800169508763603;4743.52;64785.2;24;0.0;0;36.56;1187.984;36.357;217.191;0.04;0.042;14640;Hash Join;11;Outer;;0;5;25;1;0.2;1.07;2.4;4;0.0;0;0.009;0.009;0.203;0.203;14638;Seq Scan;10;Outer;;3600;62500;0;0;0.4166666666666667;0.0;4225.0;8;150000.0;0;14639;Hash;10;Inner;;0;5;5;0;1.0;2.4;2.4;4;0.0;0;0.216;0.218;0.0;0.0;14644;Index Scan;7;Inner;;112600;5;0;0;8.331646174982899e-07;0.43;0.83;24;6001215.0;0
Q8_21_seed_164080620;14656;Nested Loop;6;Outer;;0;118013;29497;5;0.800169508763603;4743.52;64785.2;24;0.0;0;38.148;1167.8;37.98;211.462;0.04;0.042;14663;Hash Join;11;Outer;;0;5;25;1;0.2;1.07;2.4;4;0.0;0;0.011;0.011;0.197;0.197;14661;Seq Scan;10;Outer;;3600;62500;0;0;0.4166666666666667;0.0;4225.0;8;150000.0;0;14662;Hash;10;Inner;;0;5;5;0;1.0;2.4;2.4;4;0.0;0;0.214;0.216;0.0;0.0;14667;Index Scan;7;Inner;;112600;5;0;0;8.331646174982899e-07;0.43;0.83;24;6001215.0;0
Q8_22_seed_172284651;14679;Nested Loop;6;Outer;;0;118013;29497;5;0.800169508763603;4743.52;64785.2;24;0.0;0;38.903;1154.639;38.638;216.602;0.039;0.041;14686;Hash Join;11;Outer;;0;5;25;1;0.2;1.07;2.4;4;0.0;0;0.009;0.009;0.483;0.484;14684;Seq Scan;10;Outer;;3600;62500;0;0;0.4166666666666667;0.0;4225.0;8;150000.0;0;14685;Hash;10;Inner;;0;5;5;0;1.0;2.4;2.4;4;0.0;0;0.499;0.501;0.0;0.0;14690;Index Scan;7;Inner;;112600;5;0;0;8.331646174982899e-07;0.43;0.83;24;6001215.0;0
Q8_23_seed_180488682;14702;Nested Loop;6;Outer;;0;118013;29497;5;0.800169508763603;4743.52;64785.2;24;0.0;0;39.167;1156.439;38.999;213.68;0.039;0.041;14709;Hash Join;11;Outer;;0;5;25;1;0.2;1.07;2.4;4;0.0;0;0.012;0.013;0.355;0.355;14707;Seq Scan;10;Outer;;3600;62500;0;0;0.4166666666666667;0.0;4225.0;8;150000.0;0;14708;Hash;10;Inner;;0;5;5;0;1.0;2.4;2.4;4;0.0;0;0.373;0.375;0.0;0.0;14713;Index Scan;7;Inner;;112600;5;0;0;8.331646174982899e-07;0.43;0.83;24;6001215.0;0
Q8_24_seed_188692713;14725;Nested Loop;6;Outer;;0;118013;29497;5;0.800169508763603;4743.52;64785.2;24;0.0;0;35.532;1191.888;35.309;218.735;0.041;0.042;14732;Hash Join;11;Outer;;0;5;25;1;0.2;1.07;2.4;4;0.0;0;0.01;0.01;0.234;0.234;14730;Seq Scan;10;Outer;;3600;62500;0;0;0.4166666666666667;0.0;4225.0;8;150000.0;0;14731;Hash;10;Inner;;0;5;5;0;1.0;2.4;2.4;4;0.0;0;0.253;0.255;0.0;0.0;14736;Index Scan;7;Inner;;112600;5;0;0;8.331646174982899e-07;0.43;0.83;24;6001215.0;0
Q8_25_seed_196896744;14748;Nested Loop;6;Outer;;0;118013;29497;5;0.800169508763603;4743.52;64785.2;24;0.0;0;36.176;1178.971;36.014;213.106;0.041;0.042;14755;Hash Join;11;Outer;;0;5;25;1;0.2;1.07;2.4;4;0.0;0;0.009;0.01;0.063;0.063;14753;Seq Scan;10;Outer;;3600;62500;0;0;0.4166666666666667;0.0;4225.0;8;150000.0;0;14754;Hash;10;Inner;;0;5;5;0;1.0;2.4;2.4;4;0.0;0;0.076;0.078;0.0;0.0;14759;Index Scan;7;Inner;;112600;5;0;0;8.331646174982899e-07;0.43;0.83;24;6001215.0;0
Q8_26_seed_205100775;14771;Nested Loop;6;Outer;;0;118013;29497;5;0.800169508763603;4743.52;64785.2;24;0.0;0;37.301;1167.055;37.074;209.828;0.039;0.041;14778;Hash Join;11;Outer;;0;5;25;1;0.2;1.07;2.4;4;0.0;0;0.015;0.016;0.124;0.124;14776;Seq Scan;10;Outer;;3600;62500;0;0;0.4166666666666667;0.0;4225.0;8;150000.0;0;14777;Hash;10;Inner;;0;5;5;0;1.0;2.4;2.4;4;0.0;0;0.147;0.149;0.0;0.0;14782;Index Scan;7;Inner;;112600;5;0;0;8.331646174982899e-07;0.43;0.83;24;6001215.0;0
Q8_27_seed_213304806;14794;Nested Loop;6;Outer;;0;118013;29497;5;0.800169508763603;4743.52;64785.2;24;0.0;0;34.241;1156.387;34.012;212.203;0.039;0.041;14801;Hash Join;11;Outer;;0;5;25;1;0.2;1.07;2.4;4;0.0;0;0.009;0.01;0.207;0.207;14799;Seq Scan;10;Outer;;3600;62500;0;0;0.4166666666666667;0.0;4225.0;8;150000.0;0;14800;Hash;10;Inner;;0;5;5;0;1.0;2.4;2.4;4;0.0;0;0.223;0.225;0.0;0.0;14805;Index Scan;7;Inner;;112600;5;0;0;8.331646174982899e-07;0.43;0.83;24;6001215.0;0
Q8_28_seed_221508837;14817;Nested Loop;6;Outer;;0;118013;29497;5;0.800169508763603;4743.52;64785.2;24;0.0;0;32.381;1141.461;32.228;207.562;0.039;0.041;14824;Hash Join;11;Outer;;0;5;25;1;0.2;1.07;2.4;4;0.0;0;0.009;0.01;0.197;0.197;14822;Seq Scan;10;Outer;;3600;62500;0;0;0.4166666666666667;0.0;4225.0;8;150000.0;0;14823;Hash;10;Inner;;0;5;5;0;1.0;2.4;2.4;4;0.0;0;0.211;0.213;0.0;0.0;14828;Index Scan;7;Inner;;112600;5;0;0;8.331646174982899e-07;0.43;0.83;24;6001215.0;0
Q8_29_seed_229712868;14840;Nested Loop;6;Outer;;0;118013;29497;5;0.800169508763603;4743.52;64785.2;24;0.0;0;31.305;1147.872;31.074;205.861;0.039;0.041;14847;Hash Join;11;Outer;;0;5;25;1;0.2;1.07;2.4;4;0.0;0;0.009;0.01;0.07;0.07;14845;Seq Scan;10;Outer;;3600;62500;0;0;0.4166666666666667;0.0;4225.0;8;150000.0;0;14846;Hash;10;Inner;;0;5;5;0;1.0;2.4;2.4;4;0.0;0;0.084;0.086;0.0;0.0;14851;Index Scan;7;Inner;;112600;5;0;0;8.331646174982899e-07;0.43;0.83;24;6001215.0;0
Q8_2_seed_8204031;14863;Nested Loop;6;Outer;;0;118013;29497;5;0.800169508763603;4743.52;64785.2;24;0.0;0;37.429;1178.013;37.214;216.952;0.039;0.041;14870;Hash Join;11;Outer;;0;5;25;1;0.2;1.07;2.4;4;0.0;0;0.009;0.01;0.205;0.205;14868;Seq Scan;10;Outer;;3600;62500;0;0;0.4166666666666667;0.0;4225.0;8;150000.0;0;14869;Hash;10;Inner;;0;5;5;0;1.0;2.4;2.4;4;0.0;0;0.22;0.222;0.0;0.0;14874;Index Scan;7;Inner;;112600;5;0;0;8.331646174982899e-07;0.43;0.83;24;6001215.0;0
Q8_30_seed_237916899;14886;Nested Loop;6;Outer;;0;118013;29497;5;0.800169508763603;4743.52;64785.2;24;0.0;0;39.15;1191.654;38.914;218.357;0.04;0.042;14893;Hash Join;11;Outer;;0;5;25;1;0.2;1.07;2.4;4;0.0;0;0.01;0.01;0.179;0.18;14891;Seq Scan;10;Outer;;3600;62500;0;0;0.4166666666666667;0.0;4225.0;8;150000.0;0;14892;Hash;10;Inner;;0;5;5;0;1.0;2.4;2.4;4;0.0;0;0.195;0.196;0.0;0.0;14897;Index Scan;7;Inner;;112600;5;0;0;8.331646174982899e-07;0.43;0.83;24;6001215.0;0
Q8_31_seed_246120930;14909;Nested Loop;6;Outer;;0;118013;29497;5;0.800169508763603;4743.52;64785.2;24;0.0;0;39.608;1159.221;39.112;216.817;0.039;0.041;14916;Hash Join;11;Outer;;0;5;25;1;0.2;1.07;2.4;4;0.0;0;0.009;0.009;0.207;0.208;14914;Seq Scan;10;Outer;;3600;62500;0;0;0.4166666666666667;0.0;4225.0;8;150000.0;0;14915;Hash;10;Inner;;0;5;5;0;1.0;2.4;2.4;4;0.0;0;0.224;0.225;0.0;0.0;14920;Index Scan;7;Inner;;112600;5;0;0;8.331646174982899e-07;0.43;0.83;24;6001215.0;0
Q8_32_seed_254324961;14932;Nested Loop;6;Outer;;0;118013;29497;5;0.800169508763603;4743.52;64785.2;24;0.0;0;34.076;1195.981;33.833;212.487;0.04;0.042;14939;Hash Join;11;Outer;;0;5;25;1;0.2;1.07;2.4;4;0.0;0;0.01;0.011;0.06;0.06;14937;Seq Scan;10;Outer;;3600;62500;0;0;0.4166666666666667;0.0;4225.0;8;150000.0;0;14938;Hash;10;Inner;;0;5;5;0;1.0;2.4;2.4;4;0.0;0;0.077;0.079;0.0;0.0;14943;Index Scan;7;Inner;;112600;5;0;0;8.331646174982899e-07;0.43;0.83;24;6001215.0;0
Q8_33_seed_262528992;14955;Nested Loop;6;Outer;;0;118013;29497;5;0.800169508763603;4743.52;64785.2;24;0.0;0;37.696;1180.694;37.31;215.261;0.04;0.042;14962;Hash Join;11;Outer;;0;5;25;1;0.2;1.07;2.4;4;0.0;0;0.009;0.01;0.227;0.227;14960;Seq Scan;10;Outer;;3600;62500;0;0;0.4166666666666667;0.0;4225.0;8;150000.0;0;14961;Hash;10;Inner;;0;5;5;0;1.0;2.4;2.4;4;0.0;0;0.241;0.243;0.0;0.0;14966;Index Scan;7;Inner;;112600;5;0;0;8.331646174982899e-07;0.43;0.83;24;6001215.0;0
Q8_34_seed_270733023;14978;Nested Loop;6;Outer;;0;118013;29497;5;0.800169508763603;4743.52;64785.2;24;0.0;0;34.547;1130.536;34.298;207.293;0.038;0.041;14985;Hash Join;11;Outer;;0;5;25;1;0.2;1.07;2.4;4;0.0;0;0.008;0.009;0.148;0.148;14983;Seq Scan;10;Outer;;3600;62500;0;0;0.4166666666666667;0.0;4225.0;8;150000.0;0;14984;Hash;10;Inner;;0;5;5;0;1.0;2.4;2.4;4;0.0;0;0.162;0.164;0.0;0.0;14989;Index Scan;7;Inner;;112600;5;0;0;8.331646174982899e-07;0.43;0.83;24;6001215.0;0
Q8_35_seed_278937054;15001;Nested Loop;6;Outer;;0;118013;29497;5;0.800169508763603;4743.52;64785.2;24;0.0;0;36.751;1193.426;36.524;216.035;0.041;0.043;15008;Hash Join;11;Outer;;0;5;25;1;0.2;1.07;2.4;4;0.0;0;0.009;0.01;0.296;0.296;15006;Seq Scan;10;Outer;;3600;62500;0;0;0.4166666666666667;0.0;4225.0;8;150000.0;0;15007;Hash;10;Inner;;0;5;5;0;1.0;2.4;2.4;4;0.0;0;0.31;0.312;0.0;0.0;15012;Index Scan;7;Inner;;112600;5;0;0;8.331646174982899e-07;0.43;0.83;24;6001215.0;0
Q8_36_seed_287141085;15024;Nested Loop;6;Outer;;0;118013;29497;5;0.800169508763603;4743.52;64785.2;24;0.0;0;34.512;1194.203;34.31;215.007;0.041;0.043;15031;Hash Join;11;Outer;;0;5;25;1;0.2;1.07;2.4;4;0.0;0;0.008;0.009;0.061;0.062;15029;Seq Scan;10;Outer;;3600;62500;0;0;0.4166666666666667;0.0;4225.0;8;150000.0;0;15030;Hash;10;Inner;;0;5;5;0;1.0;2.4;2.4;4;0.0;0;0.077;0.079;0.0;0.0;15035;Index Scan;7;Inner;;112600;5;0;0;8.331646174982899e-07;0.43;0.83;24;6001215.0;0
Q8_37_seed_295345116;15047;Nested Loop;6;Outer;;0;118013;29497;5;0.800169508763603;4743.52;64785.2;24;0.0;0;37.053;1213.447;36.869;216.401;0.041;0.043;15054;Hash Join;11;Outer;;0;5;25;1;0.2;1.07;2.4;4;0.0;0;0.011;0.011;0.147;0.147;15052;Seq Scan;10;Outer;;3600;62500;0;0;0.4166666666666667;0.0;4225.0;8;150000.0;0;15053;Hash;10;Inner;;0;5;5;0;1.0;2.4;2.4;4;0.0;0;0.165;0.167;0.0;0.0;15058;Index Scan;7;Inner;;112600;5;0;0;8.331646174982899e-07;0.43;0.83;24;6001215.0;0
Q8_38_seed_303549147;15070;Nested Loop;6;Outer;;0;118013;29497;5;0.800169508763603;4743.52;64785.2;24;0.0;0;34.693;1163.96;34.393;211.175;0.04;0.042;15077;Hash Join;11;Outer;;0;5;25;1;0.2;1.07;2.4;4;0.0;0;0.013;0.014;0.073;0.073;15075;Seq Scan;10;Outer;;3600;62500;0;0;0.4166666666666667;0.0;4225.0;8;150000.0;0;15076;Hash;10;Inner;;0;5;5;0;1.0;2.4;2.4;4;0.0;0;0.092;0.094;0.0;0.0;15081;Index Scan;7;Inner;;112600;5;0;0;8.331646174982899e-07;0.43;0.83;24;6001215.0;0
Q8_39_seed_311753178;15093;Nested Loop;6;Outer;;0;118013;29497;5;0.800169508763603;4743.52;64785.2;24;0.0;0;40.834;1176.858;40.58;218.877;0.04;0.042;15100;Hash Join;11;Outer;;0;5;25;1;0.2;1.07;2.4;4;0.0;0;0.009;0.01;0.164;0.165;15098;Seq Scan;10;Outer;;3600;62500;0;0;0.4166666666666667;0.0;4225.0;8;150000.0;0;15099;Hash;10;Inner;;0;5;5;0;1.0;2.4;2.4;4;0.0;0;0.179;0.181;0.0;0.0;15104;Index Scan;7;Inner;;112600;5;0;0;8.331646174982899e-07;0.43;0.83;24;6001215.0;0
Q8_3_seed_16408062;15116;Nested Loop;6;Outer;;0;118013;29497;5;0.800169508763603;4743.52;64785.2;24;0.0;0;44.405;1181.093;44.151;219.51;0.04;0.042;15123;Hash Join;11;Outer;;0;5;25;1;0.2;1.07;2.4;4;0.0;0;0.009;0.01;0.138;0.138;15121;Seq Scan;10;Outer;;3600;62500;0;0;0.4166666666666667;0.0;4225.0;8;150000.0;0;15122;Hash;10;Inner;;0;5;5;0;1.0;2.4;2.4;4;0.0;0;0.152;0.154;0.0;0.0;15127;Index Scan;7;Inner;;112600;5;0;0;8.331646174982899e-07;0.43;0.83;24;6001215.0;0
Q8_40_seed_319957209;15139;Nested Loop;6;Outer;;0;118013;29497;5;0.800169508763603;4743.52;64785.2;24;0.0;0;37.614;1161.859;37.378;212.853;0.04;0.041;15146;Hash Join;11;Outer;;0;5;25;1;0.2;1.07;2.4;4;0.0;0;0.01;0.011;0.236;0.237;15144;Seq Scan;10;Outer;;3600;62500;0;0;0.4166666666666667;0.0;4225.0;8;150000.0;0;15145;Hash;10;Inner;;0;5;5;0;1.0;2.4;2.4;4;0.0;0;0.253;0.255;0.0;0.0;15150;Index Scan;7;Inner;;112600;5;0;0;8.331646174982899e-07;0.43;0.83;24;6001215.0;0
Q8_41_seed_328161240;15162;Nested Loop;6;Outer;;0;118013;29497;5;0.800169508763603;4743.52;64785.2;24;0.0;0;38.057;1168.072;37.885;213.024;0.04;0.041;15169;Hash Join;11;Outer;;0;5;25;1;0.2;1.07;2.4;4;0.0;0;0.039;0.039;0.19;0.19;15167;Seq Scan;10;Outer;;3600;62500;0;0;0.4166666666666667;0.0;4225.0;8;150000.0;0;15168;Hash;10;Inner;;0;5;5;0;1.0;2.4;2.4;4;0.0;0;0.235;0.236;0.0;0.0;15173;Index Scan;7;Inner;;112600;5;0;0;8.331646174982899e-07;0.43;0.83;24;6001215.0;0
Q8_42_seed_336365271;15185;Nested Loop;6;Outer;;0;118013;29497;5;0.800169508763603;4743.52;64785.2;24;0.0;0;37.237;1203.233;37.004;217.488;0.041;0.043;15192;Hash Join;11;Outer;;0;5;25;1;0.2;1.07;2.4;4;0.0;0;0.009;0.009;0.135;0.135;15190;Seq Scan;10;Outer;;3600;62500;0;0;0.4166666666666667;0.0;4225.0;8;150000.0;0;15191;Hash;10;Inner;;0;5;5;0;1.0;2.4;2.4;4;0.0;0;0.148;0.151;0.0;0.0;15196;Index Scan;7;Inner;;112600;5;0;0;8.331646174982899e-07;0.43;0.83;24;6001215.0;0
Q8_43_seed_344569302;15208;Nested Loop;6;Outer;;0;118013;29497;5;0.800169508763603;4743.52;64785.2;24;0.0;0;34.402;1161.039;34.176;211.065;0.039;0.042;15215;Hash Join;11;Outer;;0;5;25;1;0.2;1.07;2.4;4;0.0;0;0.008;0.008;0.202;0.202;15213;Seq Scan;10;Outer;;3600;62500;0;0;0.4166666666666667;0.0;4225.0;8;150000.0;0;15214;Hash;10;Inner;;0;5;5;0;1.0;2.4;2.4;4;0.0;0;0.215;0.217;0.0;0.0;15219;Index Scan;7;Inner;;112600;5;0;0;8.331646174982899e-07;0.43;0.83;24;6001215.0;0
Q8_44_seed_352773333;15231;Nested Loop;6;Outer;;0;118013;29497;5;0.800169508763603;4743.52;64785.2;24;0.0;0;33.777;1171.708;33.589;210.89;0.04;0.042;15238;Hash Join;11;Outer;;0;5;25;1;0.2;1.07;2.4;4;0.0;0;0.008;0.008;0.065;0.066;15236;Seq Scan;10;Outer;;3600;62500;0;0;0.4166666666666667;0.0;4225.0;8;150000.0;0;15237;Hash;10;Inner;;0;5;5;0;1.0;2.4;2.4;4;0.0;0;0.08;0.082;0.0;0.0;15242;Index Scan;7;Inner;;112600;5;0;0;8.331646174982899e-07;0.43;0.83;24;6001215.0;0
Q8_45_seed_360977364;15254;Nested Loop;6;Outer;;0;118013;29497;5;0.800169508763603;4743.52;64785.2;24;0.0;0;38.622;1151.789;38.392;216.844;0.038;0.04;15261;Hash Join;11;Outer;;0;5;25;1;0.2;1.07;2.4;4;0.0;0;0.009;0.01;0.191;0.191;15259;Seq Scan;10;Outer;;3600;62500;0;0;0.4166666666666667;0.0;4225.0;8;150000.0;0;15260;Hash;10;Inner;;0;5;5;0;1.0;2.4;2.4;4;0.0;0;0.205;0.207;0.0;0.0;15265;Index Scan;7;Inner;;112600;5;0;0;8.331646174982899e-07;0.43;0.83;24;6001215.0;0
Q8_46_seed_369181395;15277;Nested Loop;6;Outer;;0;118013;29497;5;0.800169508763603;4743.52;64785.2;24;0.0;0;37.106;1161.886;36.872;217.433;0.039;0.041;15284;Hash Join;11;Outer;;0;5;25;1;0.2;1.07;2.4;4;0.0;0;0.013;0.014;0.071;0.071;15282;Seq Scan;10;Outer;;3600;62500;0;0;0.4166666666666667;0.0;4225.0;8;150000.0;0;15283;Hash;10;Inner;;0;5;5;0;1.0;2.4;2.4;4;0.0;0;0.092;0.094;0.0;0.0;15288;Index Scan;7;Inner;;112600;5;0;0;8.331646174982899e-07;0.43;0.83;24;6001215.0;0
Q8_47_seed_377385426;15300;Nested Loop;6;Outer;;0;118013;29497;5;0.800169508763603;4743.52;64785.2;24;0.0;0;32.593;1170.592;32.323;208.176;0.04;0.042;15307;Hash Join;11;Outer;;0;5;25;1;0.2;1.07;2.4;4;0.0;0;0.01;0.011;0.228;0.228;15305;Seq Scan;10;Outer;;3600;62500;0;0;0.4166666666666667;0.0;4225.0;8;150000.0;0;15306;Hash;10;Inner;;0;5;5;0;1.0;2.4;2.4;4;0.0;0;0.245;0.247;0.0;0.0;15311;Index Scan;7;Inner;;112600;5;0;0;8.331646174982899e-07;0.43;0.83;24;6001215.0;0
Q8_48_seed_385589457;15323;Nested Loop;6;Outer;;0;118013;29497;5;0.800169508763603;4743.52;64785.2;24;0.0;0;40.175;1184.68;39.833;218.705;0.039;0.041;15330;Hash Join;11;Outer;;0;5;25;1;0.2;1.07;2.4;4;0.0;0;0.01;0.01;0.113;0.113;15328;Seq Scan;10;Outer;;3600;62500;0;0;0.4166666666666667;0.0;4225.0;8;150000.0;0;15329;Hash;10;Inner;;0;5;5;0;1.0;2.4;2.4;4;0.0;0;0.127;0.129;0.0;0.0;15334;Index Scan;7;Inner;;112600;5;0;0;8.331646174982899e-07;0.43;0.83;24;6001215.0;0
Q8_49_seed_393793488;15346;Nested Loop;6;Outer;;0;118013;29497;5;0.800169508763603;4743.52;64785.2;24;0.0;0;39.343;1170.228;39.115;213.568;0.04;0.042;15353;Hash Join;11;Outer;;0;5;25;1;0.2;1.07;2.4;4;0.0;0;0.008;0.008;0.2;0.2;15351;Seq Scan;10;Outer;;3600;62500;0;0;0.4166666666666667;0.0;4225.0;8;150000.0;0;15352;Hash;10;Inner;;0;5;5;0;1.0;2.4;2.4;4;0.0;0;0.214;0.216;0.0;0.0;15357;Index Scan;7;Inner;;112600;5;0;0;8.331646174982899e-07;0.43;0.83;24;6001215.0;0
Q8_4_seed_24612093;15369;Nested Loop;6;Outer;;0;118013;29497;5;0.800169508763603;4743.52;64785.2;24;0.0;0;36.454;1178.252;36.196;214.289;0.039;0.041;15376;Hash Join;11;Outer;;0;5;25;1;0.2;1.07;2.4;4;0.0;0;0.009;0.01;0.061;0.061;15374;Seq Scan;10;Outer;;3600;62500;0;0;0.4166666666666667;0.0;4225.0;8;150000.0;0;15375;Hash;10;Inner;;0;5;5;0;1.0;2.4;2.4;4;0.0;0;0.081;0.082;0.0;0.0;15380;Index Scan;7;Inner;;112600;5;0;0;8.331646174982899e-07;0.43;0.83;24;6001215.0;0
Q8_50_seed_401997519;15392;Nested Loop;6;Outer;;0;118013;29497;5;0.800169508763603;4743.52;64785.2;24;0.0;0;34.616;1164.719;34.383;211.403;0.04;0.042;15399;Hash Join;11;Outer;;0;5;25;1;0.2;1.07;2.4;4;0.0;0;0.008;0.008;0.183;0.183;15397;Seq Scan;10;Outer;;3600;62500;0;0;0.4166666666666667;0.0;4225.0;8;150000.0;0;15398;Hash;10;Inner;;0;5;5;0;1.0;2.4;2.4;4;0.0;0;0.196;0.198;0.0;0.0;15403;Index Scan;7;Inner;;112600;5;0;0;8.331646174982899e-07;0.43;0.83;24;6001215.0;0
Q8_51_seed_410201550;15415;Nested Loop;6;Outer;;0;118013;29497;5;0.800169508763603;4743.52;64785.2;24;0.0;0;33.187;1158.504;31.765;207.496;0.039;0.041;15422;Hash Join;11;Outer;;0;5;25;1;0.2;1.07;2.4;4;0.0;0;0.01;0.011;0.186;0.186;15420;Seq Scan;10;Outer;;3600;62500;0;0;0.4166666666666667;0.0;4225.0;8;150000.0;0;15421;Hash;10;Inner;;0;5;5;0;1.0;2.4;2.4;4;0.0;0;0.201;0.203;0.0;0.0;15426;Index Scan;7;Inner;;112600;5;0;0;8.331646174982899e-07;0.43;0.83;24;6001215.0;0
Q8_52_seed_418405581;15438;Nested Loop;6;Outer;;0;118013;29497;5;0.800169508763603;4743.52;64785.2;24;0.0;0;37.18;1180.552;37.005;214.861;0.04;0.042;15445;Hash Join;11;Outer;;0;5;25;1;0.2;1.07;2.4;4;0.0;0;0.014;0.015;0.194;0.195;15443;Seq Scan;10;Outer;;3600;62500;0;0;0.4166666666666667;0.0;4225.0;8;150000.0;0;15444;Hash;10;Inner;;0;5;5;0;1.0;2.4;2.4;4;0.0;0;0.217;0.219;0.0;0.0;15449;Index Scan;7;Inner;;112600;5;0;0;8.331646174982899e-07;0.43;0.83;24;6001215.0;0
Q8_53_seed_426609612;15461;Nested Loop;6;Outer;;0;118013;29497;5;0.800169508763603;4743.52;64785.2;24;0.0;0;38.912;1147.029;38.408;214.869;0.039;0.041;15468;Hash Join;11;Outer;;0;5;25;1;0.2;1.07;2.4;4;0.0;0;0.009;0.01;0.204;0.204;15466;Seq Scan;10;Outer;;3600;62500;0;0;0.4166666666666667;0.0;4225.0;8;150000.0;0;15467;Hash;10;Inner;;0;5;5;0;1.0;2.4;2.4;4;0.0;0;0.219;0.221;0.0;0.0;15472;Index Scan;7;Inner;;112600;5;0;0;8.331646174982899e-07;0.43;0.83;24;6001215.0;0
Q8_54_seed_434813643;15484;Nested Loop;6;Outer;;0;118013;29497;5;0.800169508763603;4743.52;64785.2;24;0.0;0;37.409;1190.49;36.968;216.894;0.04;0.042;15491;Hash Join;11;Outer;;0;5;25;1;0.2;1.07;2.4;4;0.0;0;0.007;0.007;0.224;0.224;15489;Seq Scan;10;Outer;;3600;62500;0;0;0.4166666666666667;0.0;4225.0;8;150000.0;0;15490;Hash;10;Inner;;0;5;5;0;1.0;2.4;2.4;4;0.0;0;0.236;0.238;0.0;0.0;15495;Index Scan;7;Inner;;112600;5;0;0;8.331646174982899e-07;0.43;0.83;24;6001215.0;0
Q8_55_seed_443017674;15507;Nested Loop;6;Outer;;0;118013;29497;5;0.800169508763603;4743.52;64785.2;24;0.0;0;36.697;1212.325;36.441;216.013;0.041;0.043;15514;Hash Join;11;Outer;;0;5;25;1;0.2;1.07;2.4;4;0.0;0;0.009;0.01;0.425;0.426;15512;Seq Scan;10;Outer;;3600;62500;0;0;0.4166666666666667;0.0;4225.0;8;150000.0;0;15513;Hash;10;Inner;;0;5;5;0;1.0;2.4;2.4;4;0.0;0;0.44;0.442;0.0;0.0;15518;Index Scan;7;Inner;;112600;5;0;0;8.331646174982899e-07;0.43;0.83;24;6001215.0;0
Q8_56_seed_451221705;15530;Nested Loop;6;Outer;;0;118013;29497;5;0.800169508763603;4743.52;64785.2;24;0.0;0;38.546;1161.667;37.659;212.872;0.04;0.042;15537;Hash Join;11;Outer;;0;5;25;1;0.2;1.07;2.4;4;0.0;0;0.021;0.021;0.146;0.146;15535;Seq Scan;10;Outer;;3600;62500;0;0;0.4166666666666667;0.0;4225.0;8;150000.0;0;15536;Hash;10;Inner;;0;5;5;0;1.0;2.4;2.4;4;0.0;0;0.176;0.178;0.0;0.0;15541;Index Scan;7;Inner;;112600;5;0;0;8.331646174982899e-07;0.43;0.83;24;6001215.0;0
Q8_57_seed_459425736;15553;Nested Loop;6;Outer;;0;118013;29497;5;0.800169508763603;4743.52;64785.2;24;0.0;0;39.704;1157.005;38.559;216.136;0.039;0.041;15560;Hash Join;11;Outer;;0;5;25;1;0.2;1.07;2.4;4;0.0;0;0.01;0.01;0.159;0.159;15558;Seq Scan;10;Outer;;3600;62500;0;0;0.4166666666666667;0.0;4225.0;8;150000.0;0;15559;Hash;10;Inner;;0;5;5;0;1.0;2.4;2.4;4;0.0;0;0.175;0.177;0.0;0.0;15564;Index Scan;7;Inner;;112600;5;0;0;8.331646174982899e-07;0.43;0.83;24;6001215.0;0
Q8_58_seed_467629767;15576;Nested Loop;6;Outer;;0;118013;29497;5;0.800169508763603;4743.52;64785.2;24;0.0;0;44.139;1152.781;43.912;223.435;0.038;0.041;15583;Hash Join;11;Outer;;0;5;25;1;0.2;1.07;2.4;4;0.0;0;0.01;0.01;0.238;0.238;15581;Seq Scan;10;Outer;;3600;62500;0;0;0.4166666666666667;0.0;4225.0;8;150000.0;0;15582;Hash;10;Inner;;0;5;5;0;1.0;2.4;2.4;4;0.0;0;0.255;0.257;0.0;0.0;15587;Index Scan;7;Inner;;112600;5;0;0;8.331646174982899e-07;0.43;0.83;24;6001215.0;0
Q8_59_seed_475833798;15599;Nested Loop;6;Outer;;0;118013;29497;5;0.800169508763603;4743.52;64785.2;24;0.0;0;38.77;1144.101;38.514;214.401;0.038;0.04;15606;Hash Join;11;Outer;;0;5;25;1;0.2;1.07;2.4;4;0.0;0;0.008;0.009;0.229;0.229;15604;Seq Scan;10;Outer;;3600;62500;0;0;0.4166666666666667;0.0;4225.0;8;150000.0;0;15605;Hash;10;Inner;;0;5;5;0;1.0;2.4;2.4;4;0.0;0;0.244;0.245;0.0;0.0;15610;Index Scan;7;Inner;;112600;5;0;0;8.331646174982899e-07;0.43;0.83;24;6001215.0;0
Q8_5_seed_32816124;15622;Nested Loop;6;Outer;;0;118013;29497;5;0.800169508763603;4743.52;64785.2;24;0.0;0;39.592;1183.599;39.263;216.569;0.04;0.042;15629;Hash Join;11;Outer;;0;5;25;1;0.2;1.07;2.4;4;0.0;0;0.01;0.01;0.212;0.212;15627;Seq Scan;10;Outer;;3600;62500;0;0;0.4166666666666667;0.0;4225.0;8;150000.0;0;15628;Hash;10;Inner;;0;5;5;0;1.0;2.4;2.4;4;0.0;0;0.228;0.23;0.0;0.0;15633;Index Scan;7;Inner;;112600;5;0;0;8.331646174982899e-07;0.43;0.83;24;6001215.0;0
Q8_60_seed_484037829;15645;Nested Loop;6;Outer;;0;118013;29497;5;0.800169508763603;4743.52;64785.2;24;0.0;0;38.158;1161.145;37.897;214.506;0.04;0.042;15652;Hash Join;11;Outer;;0;5;25;1;0.2;1.07;2.4;4;0.0;0;0.009;0.01;0.178;0.179;15650;Seq Scan;10;Outer;;3600;62500;0;0;0.4166666666666667;0.0;4225.0;8;150000.0;0;15651;Hash;10;Inner;;0;5;5;0;1.0;2.4;2.4;4;0.0;0;0.194;0.196;0.0;0.0;15656;Index Scan;7;Inner;;112600;5;0;0;8.331646174982899e-07;0.43;0.83;24;6001215.0;0
Q8_61_seed_492241860;15668;Nested Loop;6;Outer;;0;118013;29497;5;0.800169508763603;4743.52;64785.2;24;0.0;0;41.307;1154.191;40.137;215.19;0.038;0.04;15675;Hash Join;11;Outer;;0;5;25;1;0.2;1.07;2.4;4;0.0;0;0.016;0.017;0.18;0.181;15673;Seq Scan;10;Outer;;3600;62500;0;0;0.4166666666666667;0.0;4225.0;8;150000.0;0;15674;Hash;10;Inner;;0;5;5;0;1.0;2.4;2.4;4;0.0;0;0.207;0.209;0.0;0.0;15679;Index Scan;7;Inner;;112600;5;0;0;8.331646174982899e-07;0.43;0.83;24;6001215.0;0
Q8_62_seed_500445891;15691;Nested Loop;6;Outer;;0;118013;29497;5;0.800169508763603;4743.52;64785.2;24;0.0;0;41.03;1200.897;40.805;223.248;0.04;0.043;15698;Hash Join;11;Outer;;0;5;25;1;0.2;1.07;2.4;4;0.0;0;0.009;0.01;0.207;0.207;15696;Seq Scan;10;Outer;;3600;62500;0;0;0.4166666666666667;0.0;4225.0;8;150000.0;0;15697;Hash;10;Inner;;0;5;5;0;1.0;2.4;2.4;4;0.0;0;0.222;0.224;0.0;0.0;15702;Index Scan;7;Inner;;112600;5;0;0;8.331646174982899e-07;0.43;0.83;24;6001215.0;0
Q8_63_seed_508649922;15714;Nested Loop;6;Outer;;0;118013;29497;5;0.800169508763603;4743.52;64785.2;24;0.0;0;38.773;1158.454;37.297;213.315;0.039;0.041;15721;Hash Join;11;Outer;;0;5;25;1;0.2;1.07;2.4;4;0.0;0;0.046;0.046;0.155;0.156;15719;Seq Scan;10;Outer;;3600;62500;0;0;0.4166666666666667;0.0;4225.0;8;150000.0;0;15720;Hash;10;Inner;;0;5;5;0;1.0;2.4;2.4;4;0.0;0;0.21;0.211;0.0;0.0;15725;Index Scan;7;Inner;;112600;5;0;0;8.331646174982899e-07;0.43;0.83;24;6001215.0;0
Q8_64_seed_516853953;15737;Nested Loop;6;Outer;;0;118013;29497;5;0.800169508763603;4743.52;64785.2;24;0.0;0;39.454;1210.066;39.315;216.879;0.041;0.043;15744;Hash Join;11;Outer;;0;5;25;1;0.2;1.07;2.4;4;0.0;0;0.008;0.008;0.125;0.125;15742;Seq Scan;10;Outer;;3600;62500;0;0;0.4166666666666667;0.0;4225.0;8;150000.0;0;15743;Hash;10;Inner;;0;5;5;0;1.0;2.4;2.4;4;0.0;0;0.137;0.139;0.0;0.0;15748;Index Scan;7;Inner;;112600;5;0;0;8.331646174982899e-07;0.43;0.83;24;6001215.0;0
Q8_65_seed_525057984;15760;Nested Loop;6;Outer;;0;118013;29497;5;0.800169508763603;4743.52;64785.2;24;0.0;0;38.752;1189.322;38.495;215.266;0.04;0.042;15767;Hash Join;11;Outer;;0;5;25;1;0.2;1.07;2.4;4;0.0;0;0.009;0.01;0.224;0.225;15765;Seq Scan;10;Outer;;3600;62500;0;0;0.4166666666666667;0.0;4225.0;8;150000.0;0;15766;Hash;10;Inner;;0;5;5;0;1.0;2.4;2.4;4;0.0;0;0.242;0.244;0.0;0.0;15771;Index Scan;7;Inner;;112600;5;0;0;8.331646174982899e-07;0.43;0.83;24;6001215.0;0
Q8_66_seed_533262015;15783;Nested Loop;6;Outer;;0;118013;29497;5;0.800169508763603;4743.52;64785.2;24;0.0;0;35.221;1170.428;34.996;212.533;0.04;0.042;15790;Hash Join;11;Outer;;0;5;25;1;0.2;1.07;2.4;4;0.0;0;0.012;0.012;0.082;0.082;15788;Seq Scan;10;Outer;;3600;62500;0;0;0.4166666666666667;0.0;4225.0;8;150000.0;0;15789;Hash;10;Inner;;0;5;5;0;1.0;2.4;2.4;4;0.0;0;0.1;0.102;0.0;0.0;15794;Index Scan;7;Inner;;112600;5;0;0;8.331646174982899e-07;0.43;0.83;24;6001215.0;0
Q8_67_seed_541466046;15806;Nested Loop;6;Outer;;0;118013;29497;5;0.800169508763603;4743.52;64785.2;24;0.0;0;38.444;1150.171;38.262;214.214;0.037;0.04;15813;Hash Join;11;Outer;;0;5;25;1;0.2;1.07;2.4;4;0.0;0;0.011;0.011;0.241;0.241;15811;Seq Scan;10;Outer;;3600;62500;0;0;0.4166666666666667;0.0;4225.0;8;150000.0;0;15812;Hash;10;Inner;;0;5;5;0;1.0;2.4;2.4;4;0.0;0;0.26;0.262;0.0;0.0;15817;Index Scan;7;Inner;;112600;5;0;0;8.331646174982899e-07;0.43;0.83;24;6001215.0;0
Q8_68_seed_549670077;15829;Nested Loop;6;Outer;;0;118013;29497;5;0.800169508763603;4743.52;64785.2;24;0.0;0;37.157;1162.25;36.896;214.056;0.039;0.041;15836;Hash Join;11;Outer;;0;5;25;1;0.2;1.07;2.4;4;0.0;0;0.009;0.009;0.199;0.2;15834;Seq Scan;10;Outer;;3600;62500;0;0;0.4166666666666667;0.0;4225.0;8;150000.0;0;15835;Hash;10;Inner;;0;5;5;0;1.0;2.4;2.4;4;0.0;0;0.213;0.215;0.0;0.0;15840;Index Scan;7;Inner;;112600;5;0;0;8.331646174982899e-07;0.43;0.83;24;6001215.0;0
Q8_69_seed_557874108;15852;Nested Loop;6;Outer;;0;118013;29497;5;0.800169508763603;4743.52;64785.2;24;0.0;0;33.201;1159.512;32.99;204.567;0.04;0.042;15859;Hash Join;11;Outer;;0;5;25;1;0.2;1.07;2.4;4;0.0;0;0.008;0.009;0.059;0.059;15857;Seq Scan;10;Outer;;3600;62500;0;0;0.4166666666666667;0.0;4225.0;8;150000.0;0;15858;Hash;10;Inner;;0;5;5;0;1.0;2.4;2.4;4;0.0;0;0.074;0.076;0.0;0.0;15863;Index Scan;7;Inner;;112600;5;0;0;8.331646174982899e-07;0.43;0.83;24;6001215.0;0
Q8_6_seed_41020155;15875;Nested Loop;6;Outer;;0;118013;29497;5;0.800169508763603;4743.52;64785.2;24;0.0;0;38.734;1175.64;37.645;214.492;0.04;0.042;15882;Hash Join;11;Outer;;0;5;25;1;0.2;1.07;2.4;4;0.0;0;0.009;0.01;0.143;0.144;15880;Seq Scan;10;Outer;;3600;62500;0;0;0.4166666666666667;0.0;4225.0;8;150000.0;0;15881;Hash;10;Inner;;0;5;5;0;1.0;2.4;2.4;4;0.0;0;0.16;0.161;0.0;0.0;15886;Index Scan;7;Inner;;112600;5;0;0;8.331646174982899e-07;0.43;0.83;24;6001215.0;0
Q8_70_seed_566078139;15898;Nested Loop;6;Outer;;0;118013;29497;5;0.800169508763603;4743.52;64785.2;24;0.0;0;35.505;1174.797;35.151;213.333;0.039;0.041;15905;Hash Join;11;Outer;;0;5;25;1;0.2;1.07;2.4;4;0.0;0;0.014;0.015;0.297;0.297;15903;Seq Scan;10;Outer;;3600;62500;0;0;0.4166666666666667;0.0;4225.0;8;150000.0;0;15904;Hash;10;Inner;;0;5;5;0;1.0;2.4;2.4;4;0.0;0;0.323;0.325;0.0;0.0;15909;Index Scan;7;Inner;;112600;5;0;0;8.331646174982899e-07;0.43;0.83;24;6001215.0;0
Q8_71_seed_574282170;15921;Nested Loop;6;Outer;;0;118013;29497;5;0.800169508763603;4743.52;64785.2;24;0.0;0;37.148;1169.382;36.922;214.272;0.039;0.042;15928;Hash Join;11;Outer;;0;5;25;1;0.2;1.07;2.4;4;0.0;0;0.008;0.009;0.271;0.271;15926;Seq Scan;10;Outer;;3600;62500;0;0;0.4166666666666667;0.0;4225.0;8;150000.0;0;15927;Hash;10;Inner;;0;5;5;0;1.0;2.4;2.4;4;0.0;0;0.285;0.287;0.0;0.0;15932;Index Scan;7;Inner;;112600;5;0;0;8.331646174982899e-07;0.43;0.83;24;6001215.0;0
Q8_72_seed_582486201;15944;Nested Loop;6;Outer;;0;118013;29497;5;0.800169508763603;4743.52;64785.2;24;0.0;0;35.331;1162.878;35.102;209.949;0.039;0.041;15951;Hash Join;11;Outer;;0;5;25;1;0.2;1.07;2.4;4;0.0;0;0.008;0.009;0.07;0.07;15949;Seq Scan;10;Outer;;3600;62500;0;0;0.4166666666666667;0.0;4225.0;8;150000.0;0;15950;Hash;10;Inner;;0;5;5;0;1.0;2.4;2.4;4;0.0;0;0.084;0.086;0.0;0.0;15955;Index Scan;7;Inner;;112600;5;0;0;8.331646174982899e-07;0.43;0.83;24;6001215.0;0
Q8_73_seed_590690232;15967;Nested Loop;6;Outer;;0;118013;29497;5;0.800169508763603;4743.52;64785.2;24;0.0;0;36.337;1157.477;36.086;215.809;0.039;0.041;15974;Hash Join;11;Outer;;0;5;25;1;0.2;1.07;2.4;4;0.0;0;0.008;0.009;0.145;0.145;15972;Seq Scan;10;Outer;;3600;62500;0;0;0.4166666666666667;0.0;4225.0;8;150000.0;0;15973;Hash;10;Inner;;0;5;5;0;1.0;2.4;2.4;4;0.0;0;0.158;0.16;0.0;0.0;15978;Index Scan;7;Inner;;112600;5;0;0;8.331646174982899e-07;0.43;0.83;24;6001215.0;0
Q8_74_seed_598894263;15990;Nested Loop;6;Outer;;0;118013;29497;5;0.800169508763603;4743.52;64785.2;24;0.0;0;36.222;1142.555;36.047;221.02;0.038;0.04;15997;Hash Join;11;Outer;;0;5;25;1;0.2;1.07;2.4;4;0.0;0;0.007;0.008;0.14;0.14;15995;Seq Scan;10;Outer;;3600;62500;0;0;0.4166666666666667;0.0;4225.0;8;150000.0;0;15996;Hash;10;Inner;;0;5;5;0;1.0;2.4;2.4;4;0.0;0;0.152;0.154;0.0;0.0;16001;Index Scan;7;Inner;;112600;5;0;0;8.331646174982899e-07;0.43;0.83;24;6001215.0;0
Q8_75_seed_607098294;16013;Nested Loop;6;Outer;;0;118013;29497;5;0.800169508763603;4743.52;64785.2;24;0.0;0;32.284;1158.557;32.036;205.912;0.039;0.042;16020;Hash Join;11;Outer;;0;5;25;1;0.2;1.07;2.4;4;0.0;0;0.008;0.008;0.15;0.15;16018;Seq Scan;10;Outer;;3600;62500;0;0;0.4166666666666667;0.0;4225.0;8;150000.0;0;16019;Hash;10;Inner;;0;5;5;0;1.0;2.4;2.4;4;0.0;0;0.163;0.164;0.0;0.0;16024;Index Scan;7;Inner;;112600;5;0;0;8.331646174982899e-07;0.43;0.83;24;6001215.0;0
Q8_76_seed_615302325;16036;Nested Loop;6;Outer;;0;118013;29497;5;0.800169508763603;4743.52;64785.2;24;0.0;0;39.553;1189.77;39.312;218.567;0.04;0.042;16043;Hash Join;11;Outer;;0;5;25;1;0.2;1.07;2.4;4;0.0;0;0.011;0.012;0.112;0.112;16041;Seq Scan;10;Outer;;3600;62500;0;0;0.4166666666666667;0.0;4225.0;8;150000.0;0;16042;Hash;10;Inner;;0;5;5;0;1.0;2.4;2.4;4;0.0;0;0.131;0.132;0.0;0.0;16047;Index Scan;7;Inner;;112600;5;0;0;8.331646174982899e-07;0.43;0.83;24;6001215.0;0
Q8_77_seed_623506356;16059;Nested Loop;6;Outer;;0;118013;29497;5;0.800169508763603;4743.52;64785.2;24;0.0;0;37.456;1171.421;37.233;216.198;0.039;0.042;16066;Hash Join;11;Outer;;0;5;25;1;0.2;1.07;2.4;4;0.0;0;0.009;0.009;0.055;0.055;16064;Seq Scan;10;Outer;;3600;62500;0;0;0.4166666666666667;0.0;4225.0;8;150000.0;0;16065;Hash;10;Inner;;0;5;5;0;1.0;2.4;2.4;4;0.0;0;0.07;0.072;0.0;0.0;16070;Index Scan;7;Inner;;112600;5;0;0;8.331646174982899e-07;0.43;0.83;24;6001215.0;0
Q8_78_seed_631710387;16082;Nested Loop;6;Outer;;0;118013;29497;5;0.800169508763603;4743.52;64785.2;24;0.0;0;36.112;1176.564;35.877;212.192;0.04;0.042;16089;Hash Join;11;Outer;;0;5;25;1;0.2;1.07;2.4;4;0.0;0;0.009;0.01;0.146;0.146;16087;Seq Scan;10;Outer;;3600;62500;0;0;0.4166666666666667;0.0;4225.0;8;150000.0;0;16088;Hash;10;Inner;;0;5;5;0;1.0;2.4;2.4;4;0.0;0;0.16;0.162;0.0;0.0;16093;Index Scan;7;Inner;;112600;5;0;0;8.331646174982899e-07;0.43;0.83;24;6001215.0;0
Q8_79_seed_639914418;16105;Nested Loop;6;Outer;;0;118013;29497;5;0.800169508763603;4743.52;64785.2;24;0.0;0;34.037;1142.777;33.797;207.091;0.039;0.041;16112;Hash Join;11;Outer;;0;5;25;1;0.2;1.07;2.4;4;0.0;0;0.062;0.063;0.13;0.131;16110;Seq Scan;10;Outer;;3600;62500;0;0;0.4166666666666667;0.0;4225.0;8;150000.0;0;16111;Hash;10;Inner;;0;5;5;0;1.0;2.4;2.4;4;0.0;0;0.203;0.205;0.0;0.0;16116;Index Scan;7;Inner;;112600;5;0;0;8.331646174982899e-07;0.43;0.83;24;6001215.0;0
Q8_7_seed_49224186;16128;Nested Loop;6;Outer;;0;118013;29497;5;0.800169508763603;4743.52;64785.2;24;0.0;0;33.418;1138.461;33.197;206.486;0.039;0.041;16135;Hash Join;11;Outer;;0;5;25;1;0.2;1.07;2.4;4;0.0;0;0.009;0.01;0.186;0.186;16133;Seq Scan;10;Outer;;3600;62500;0;0;0.4166666666666667;0.0;4225.0;8;150000.0;0;16134;Hash;10;Inner;;0;5;5;0;1.0;2.4;2.4;4;0.0;0;0.201;0.204;0.0;0.0;16139;Index Scan;7;Inner;;112600;5;0;0;8.331646174982899e-07;0.43;0.83;24;6001215.0;0
Q8_80_seed_648118449;16151;Nested Loop;6;Outer;;0;118013;29497;5;0.800169508763603;4743.52;64785.2;24;0.0;0;34.47;1142.029;34.293;208.369;0.039;0.041;16158;Hash Join;11;Outer;;0;5;25;1;0.2;1.07;2.4;4;0.0;0;0.01;0.011;0.217;0.217;16156;Seq Scan;10;Outer;;3600;62500;0;0;0.4166666666666667;0.0;4225.0;8;150000.0;0;16157;Hash;10;Inner;;0;5;5;0;1.0;2.4;2.4;4;0.0;0;0.235;0.237;0.0;0.0;16162;Index Scan;7;Inner;;112600;5;0;0;8.331646174982899e-07;0.43;0.83;24;6001215.0;0
Q8_81_seed_656322480;16174;Nested Loop;6;Outer;;0;118013;29497;5;0.800169508763603;4743.52;64785.2;24;0.0;0;37.087;1155.767;36.853;212.491;0.039;0.041;16181;Hash Join;11;Outer;;0;5;25;1;0.2;1.07;2.4;4;0.0;0;0.01;0.011;0.205;0.206;16179;Seq Scan;10;Outer;;3600;62500;0;0;0.4166666666666667;0.0;4225.0;8;150000.0;0;16180;Hash;10;Inner;;0;5;5;0;1.0;2.4;2.4;4;0.0;0;0.221;0.222;0.0;0.0;16185;Index Scan;7;Inner;;112600;5;0;0;8.331646174982899e-07;0.43;0.83;24;6001215.0;0
Q8_82_seed_664526511;16197;Nested Loop;6;Outer;;0;118013;29497;5;0.800169508763603;4743.52;64785.2;24;0.0;0;40.053;1163.216;38.506;213.716;0.039;0.041;16204;Hash Join;11;Outer;;0;5;25;1;0.2;1.07;2.4;4;0.0;0;0.011;0.012;0.062;0.062;16202;Seq Scan;10;Outer;;3600;62500;0;0;0.4166666666666667;0.0;4225.0;8;150000.0;0;16203;Hash;10;Inner;;0;5;5;0;1.0;2.4;2.4;4;0.0;0;0.08;0.082;0.0;0.0;16208;Index Scan;7;Inner;;112600;5;0;0;8.331646174982899e-07;0.43;0.83;24;6001215.0;0
Q8_83_seed_672730542;16220;Nested Loop;6;Outer;;0;118013;29497;5;0.800169508763603;4743.52;64785.2;24;0.0;0;39.613;1182.661;39.32;218.699;0.039;0.041;16227;Hash Join;11;Outer;;0;5;25;1;0.2;1.07;2.4;4;0.0;0;0.009;0.01;0.205;0.205;16225;Seq Scan;10;Outer;;3600;62500;0;0;0.4166666666666667;0.0;4225.0;8;150000.0;0;16226;Hash;10;Inner;;0;5;5;0;1.0;2.4;2.4;4;0.0;0;0.222;0.224;0.0;0.0;16231;Index Scan;7;Inner;;112600;5;0;0;8.331646174982899e-07;0.43;0.83;24;6001215.0;0
Q8_84_seed_680934573;16243;Nested Loop;6;Outer;;0;118013;29497;5;0.800169508763603;4743.52;64785.2;24;0.0;0;32.751;1146.948;32.479;207.507;0.039;0.041;16250;Hash Join;11;Outer;;0;5;25;1;0.2;1.07;2.4;4;0.0;0;0.018;0.018;0.155;0.155;16248;Seq Scan;10;Outer;;3600;62500;0;0;0.4166666666666667;0.0;4225.0;8;150000.0;0;16249;Hash;10;Inner;;0;5;5;0;1.0;2.4;2.4;4;0.0;0;0.18;0.182;0.0;0.0;16254;Index Scan;7;Inner;;112600;5;0;0;8.331646174982899e-07;0.43;0.83;24;6001215.0;0
Q8_85_seed_689138604;16266;Nested Loop;6;Outer;;0;118013;29497;5;0.800169508763603;4743.52;64785.2;24;0.0;0;40.749;1184.395;40.587;218.497;0.04;0.042;16273;Hash Join;11;Outer;;0;5;25;1;0.2;1.07;2.4;4;0.0;0;0.009;0.009;0.137;0.137;16271;Seq Scan;10;Outer;;3600;62500;0;0;0.4166666666666667;0.0;4225.0;8;150000.0;0;16272;Hash;10;Inner;;0;5;5;0;1.0;2.4;2.4;4;0.0;0;0.152;0.154;0.0;0.0;16277;Index Scan;7;Inner;;112600;5;0;0;8.331646174982899e-07;0.43;0.83;24;6001215.0;0
Q8_86_seed_697342635;16289;Nested Loop;6;Outer;;0;118013;29497;5;0.800169508763603;4743.52;64785.2;24;0.0;0;34.679;1176.656;34.413;212.749;0.04;0.042;16296;Hash Join;11;Outer;;0;5;25;1;0.2;1.07;2.4;4;0.0;0;0.017;0.017;0.197;0.197;16294;Seq Scan;10;Outer;;3600;62500;0;0;0.4166666666666667;0.0;4225.0;8;150000.0;0;16295;Hash;10;Inner;;0;5;5;0;1.0;2.4;2.4;4;0.0;0;0.224;0.226;0.0;0.0;16300;Index Scan;7;Inner;;112600;5;0;0;8.331646174982899e-07;0.43;0.83;24;6001215.0;0
Q8_87_seed_705546666;16312;Nested Loop;6;Outer;;0;118013;29497;5;0.800169508763603;4743.52;64785.2;24;0.0;0;36.794;1176.094;36.622;212.232;0.039;0.042;16319;Hash Join;11;Outer;;0;5;25;1;0.2;1.07;2.4;4;0.0;0;0.012;0.013;0.252;0.252;16317;Seq Scan;10;Outer;;3600;62500;0;0;0.4166666666666667;0.0;4225.0;8;150000.0;0;16318;Hash;10;Inner;;0;5;5;0;1.0;2.4;2.4;4;0.0;0;0.271;0.273;0.0;0.0;16323;Index Scan;7;Inner;;112600;5;0;0;8.331646174982899e-07;0.43;0.83;24;6001215.0;0
Q8_88_seed_713750697;16335;Nested Loop;6;Outer;;0;118013;29497;5;0.800169508763603;4743.52;64785.2;24;0.0;0;36.822;1157.251;36.591;213.21;0.039;0.041;16342;Hash Join;11;Outer;;0;5;25;1;0.2;1.07;2.4;4;0.0;0;0.01;0.01;0.164;0.164;16340;Seq Scan;10;Outer;;3600;62500;0;0;0.4166666666666667;0.0;4225.0;8;150000.0;0;16341;Hash;10;Inner;;0;5;5;0;1.0;2.4;2.4;4;0.0;0;0.179;0.181;0.0;0.0;16346;Index Scan;7;Inner;;112600;5;0;0;8.331646174982899e-07;0.43;0.83;24;6001215.0;0
Q8_89_seed_721954728;16358;Nested Loop;6;Outer;;0;118013;29497;5;0.800169508763603;4743.52;64785.2;24;0.0;0;33.478;1151.283;32.58;210.466;0.038;0.04;16365;Hash Join;11;Outer;;0;5;25;1;0.2;1.07;2.4;4;0.0;0;0.009;0.01;0.059;0.059;16363;Seq Scan;10;Outer;;3600;62500;0;0;0.4166666666666667;0.0;4225.0;8;150000.0;0;16364;Hash;10;Inner;;0;5;5;0;1.0;2.4;2.4;4;0.0;0;0.075;0.077;0.0;0.0;16369;Index Scan;7;Inner;;112600;5;0;0;8.331646174982899e-07;0.43;0.83;24;6001215.0;0
Q8_8_seed_57428217;16381;Nested Loop;6;Outer;;0;118013;29497;5;0.800169508763603;4743.52;64785.2;24;0.0;0;38.736;1173.952;38.561;213.596;0.04;0.042;16388;Hash Join;11;Outer;;0;5;25;1;0.2;1.07;2.4;4;0.0;0;0.009;0.01;0.211;0.211;16386;Seq Scan;10;Outer;;3600;62500;0;0;0.4166666666666667;0.0;4225.0;8;150000.0;0;16387;Hash;10;Inner;;0;5;5;0;1.0;2.4;2.4;4;0.0;0;0.227;0.229;0.0;0.0;16392;Index Scan;7;Inner;;112600;5;0;0;8.331646174982899e-07;0.43;0.83;24;6001215.0;0
Q8_90_seed_730158759;16404;Nested Loop;6;Outer;;0;118013;29497;5;0.800169508763603;4743.52;64785.2;24;0.0;0;33.493;1154.601;33.287;209.127;0.039;0.041;16411;Hash Join;11;Outer;;0;5;25;1;0.2;1.07;2.4;4;0.0;0;0.013;0.014;0.213;0.213;16409;Seq Scan;10;Outer;;3600;62500;0;0;0.4166666666666667;0.0;4225.0;8;150000.0;0;16410;Hash;10;Inner;;0;5;5;0;1.0;2.4;2.4;4;0.0;0;0.235;0.237;0.0;0.0;16415;Index Scan;7;Inner;;112600;5;0;0;8.331646174982899e-07;0.43;0.83;24;6001215.0;0
Q8_91_seed_738362790;16427;Nested Loop;6;Outer;;0;118013;29497;5;0.800169508763603;4743.52;64785.2;24;0.0;0;37.882;1148.942;37.647;218.047;0.039;0.041;16434;Hash Join;11;Outer;;0;5;25;1;0.2;1.07;2.4;4;0.0;0;0.009;0.009;0.226;0.226;16432;Seq Scan;10;Outer;;3600;62500;0;0;0.4166666666666667;0.0;4225.0;8;150000.0;0;16433;Hash;10;Inner;;0;5;5;0;1.0;2.4;2.4;4;0.0;0;0.241;0.243;0.0;0.0;16438;Index Scan;7;Inner;;112600;5;0;0;8.331646174982899e-07;0.43;0.83;24;6001215.0;0
Q8_92_seed_746566821;16450;Nested Loop;6;Outer;;0;118013;29497;5;0.800169508763603;4743.52;64785.2;24;0.0;0;37.41;1173.535;37.216;210.788;0.04;0.042;16457;Hash Join;11;Outer;;0;5;25;1;0.2;1.07;2.4;4;0.0;0;0.011;0.012;0.172;0.172;16455;Seq Scan;10;Outer;;3600;62500;0;0;0.4166666666666667;0.0;4225.0;8;150000.0;0;16456;Hash;10;Inner;;0;5;5;0;1.0;2.4;2.4;4;0.0;0;0.191;0.193;0.0;0.0;16461;Index Scan;7;Inner;;112600;5;0;0;8.331646174982899e-07;0.43;0.83;24;6001215.0;0
Q8_93_seed_754770852;16473;Nested Loop;6;Outer;;0;118013;29497;5;0.800169508763603;4743.52;64785.2;24;0.0;0;33.48;1157.548;33.23;209.643;0.039;0.041;16480;Hash Join;11;Outer;;0;5;25;1;0.2;1.07;2.4;4;0.0;0;0.01;0.011;0.203;0.204;16478;Seq Scan;10;Outer;;3600;62500;0;0;0.4166666666666667;0.0;4225.0;8;150000.0;0;16479;Hash;10;Inner;;0;5;5;0;1.0;2.4;2.4;4;0.0;0;0.22;0.222;0.0;0.0;16484;Index Scan;7;Inner;;112600;5;0;0;8.331646174982899e-07;0.43;0.83;24;6001215.0;0
Q8_94_seed_762974883;16496;Nested Loop;6;Outer;;0;118013;29497;5;0.800169508763603;4743.52;64785.2;24;0.0;0;36.589;1178.385;36.243;214.61;0.039;0.041;16503;Hash Join;11;Outer;;0;5;25;1;0.2;1.07;2.4;4;0.0;0;0.012;0.013;0.06;0.061;16501;Seq Scan;10;Outer;;3600;62500;0;0;0.4166666666666667;0.0;4225.0;8;150000.0;0;16502;Hash;10;Inner;;0;5;5;0;1.0;2.4;2.4;4;0.0;0;0.08;0.081;0.0;0.0;16507;Index Scan;7;Inner;;112600;5;0;0;8.331646174982899e-07;0.43;0.83;24;6001215.0;0
Q8_95_seed_771178914;16519;Nested Loop;6;Outer;;0;118013;29497;5;0.800169508763603;4743.52;64785.2;24;0.0;0;37.567;1152.769;37.337;216.663;0.039;0.041;16526;Hash Join;11;Outer;;0;5;25;1;0.2;1.07;2.4;4;0.0;0;0.007;0.008;0.201;0.201;16524;Seq Scan;10;Outer;;3600;62500;0;0;0.4166666666666667;0.0;4225.0;8;150000.0;0;16525;Hash;10;Inner;;0;5;5;0;1.0;2.4;2.4;4;0.0;0;0.214;0.216;0.0;0.0;16530;Index Scan;7;Inner;;112600;5;0;0;8.331646174982899e-07;0.43;0.83;24;6001215.0;0
Q8_96_seed_779382945;16542;Nested Loop;6;Outer;;0;118013;29497;5;0.800169508763603;4743.52;64785.2;24;0.0;0;36.02;1181.296;35.785;212.819;0.039;0.042;16549;Hash Join;11;Outer;;0;5;25;1;0.2;1.07;2.4;4;0.0;0;0.009;0.009;0.081;0.081;16547;Seq Scan;10;Outer;;3600;62500;0;0;0.4166666666666667;0.0;4225.0;8;150000.0;0;16548;Hash;10;Inner;;0;5;5;0;1.0;2.4;2.4;4;0.0;0;0.096;0.097;0.0;0.0;16553;Index Scan;7;Inner;;112600;5;0;0;8.331646174982899e-07;0.43;0.83;24;6001215.0;0
Q8_97_seed_787586976;16565;Nested Loop;6;Outer;;0;118013;29497;5;0.800169508763603;4743.52;64785.2;24;0.0;0;42.324;1203.656;42.088;216.152;0.041;0.043;16572;Hash Join;11;Outer;;0;5;25;1;0.2;1.07;2.4;4;0.0;0;0.008;0.008;0.353;0.353;16570;Seq Scan;10;Outer;;3600;62500;0;0;0.4166666666666667;0.0;4225.0;8;150000.0;0;16571;Hash;10;Inner;;0;5;5;0;1.0;2.4;2.4;4;0.0;0;0.366;0.368;0.0;0.0;16576;Index Scan;7;Inner;;112600;5;0;0;8.331646174982899e-07;0.43;0.83;24;6001215.0;0
Q8_98_seed_795791007;16588;Nested Loop;6;Outer;;0;118013;29497;5;0.800169508763603;4743.52;64785.2;24;0.0;0;37.283;1172.349;37.009;213.465;0.039;0.042;16595;Hash Join;11;Outer;;0;5;25;1;0.2;1.07;2.4;4;0.0;0;0.009;0.009;0.136;0.136;16593;Seq Scan;10;Outer;;3600;62500;0;0;0.4166666666666667;0.0;4225.0;8;150000.0;0;16594;Hash;10;Inner;;0;5;5;0;1.0;2.4;2.4;4;0.0;0;0.151;0.153;0.0;0.0;16599;Index Scan;7;Inner;;112600;5;0;0;8.331646174982899e-07;0.43;0.83;24;6001215.0;0
Q8_99_seed_803995038;16611;Nested Loop;6;Outer;;0;118013;29497;5;0.800169508763603;4743.52;64785.2;24;0.0;0;35.313;1175.06;35.075;217.895;0.04;0.042;16618;Hash Join;11;Outer;;0;5;25;1;0.2;1.07;2.4;4;0.0;0;0.009;0.01;0.216;0.217;16616;Seq Scan;10;Outer;;3600;62500;0;0;0.4166666666666667;0.0;4225.0;8;150000.0;0;16617;Hash;10;Inner;;0;5;5;0;1.0;2.4;2.4;4;0.0;0;0.234;0.236;0.0;0.0;16622;Index Scan;7;Inner;;112600;5;0;0;8.331646174982899e-07;0.43;0.83;24;6001215.0;0
Q8_9_seed_65632248;16634;Nested Loop;6;Outer;;0;118013;29497;5;0.800169508763603;4743.52;64785.2;24;0.0;0;38.962;1182.583;38.776;217.5;0.04;0.042;16641;Hash Join;11;Outer;;0;5;25;1;0.2;1.07;2.4;4;0.0;0;0.01;0.011;0.599;0.599;16639;Seq Scan;10;Outer;;3600;62500;0;0;0.4166666666666667;0.0;4225.0;8;150000.0;0;16640;Hash;10;Inner;;0;5;5;0;1.0;2.4;2.4;4;0.0;0;0.616;0.618;0.0;0.0;16645;Index Scan;7;Inner;;112600;5;0;0;8.331646174982899e-07;0.43;0.83;24;6001215.0;0
