query_file;node_id;node_type;depth;parent_relationship;subplan_name;np;nt;nt1;nt2;sel;startup_cost;total_cost;plan_width;reltuples;parallel_workers;actual_startup_time;actual_total_time;template
Q2_100_seed_812199069;756;Hash;3;Inner;;0;160000;160000;0;1.0;30567.96;30567.96;250;0.0;0;332.815;332.817;Q2
Q2_100_seed_812199069;757;Hash Join;4;Outer;;0;160000;800000;2000;0.0001;407.96;30567.96;250;0.0;0;7.228;302.971;Q2
Q2_100_seed_812199069;768;Nested Loop;4;Outer;;0;1;1;4;0.25;0.85;15.88;6;0.0;0;0.028;0.029;Q2
Q2_101_seed_820403100;780;Hash;3;Inner;;0;160000;160000;0;1.0;30567.96;30567.96;250;0.0;0;324.094;324.096;Q2
Q2_101_seed_820403100;781;Hash Join;4;Outer;;0;160000;800000;2000;0.0001;407.96;30567.96;250;0.0;0;6.526;295.422;Q2
Q2_101_seed_820403100;792;Nested Loop;4;Outer;;0;1;1;4;0.25;0.85;15.88;6;0.0;0;0.03;0.032;Q2
Q2_102_seed_828607131;804;Hash;3;Inner;;0;160000;160000;0;1.0;30567.96;30567.96;250;0.0;0;334.925;334.926;Q2
Q2_102_seed_828607131;805;Hash Join;4;Outer;;0;160000;800000;2000;0.0001;407.96;30567.96;250;0.0;0;6.713;305.397;Q2
Q2_102_seed_828607131;816;Nested Loop;4;Outer;;0;1;1;4;0.25;0.85;15.88;6;0.0;0;0.025;0.026;Q2
Q2_103_seed_836811162;828;Hash;3;Inner;;0;160000;160000;0;1.0;30567.96;30567.96;250;0.0;0;328.637;328.639;Q2
Q2_103_seed_836811162;829;Hash Join;4;Outer;;0;160000;800000;2000;0.0001;407.96;30567.96;250;0.0;0;6.564;299.288;Q2
Q2_103_seed_836811162;840;Nested Loop;4;Outer;;0;1;1;4;0.25;0.85;15.88;6;0.0;0;0.029;0.03;Q2
Q2_104_seed_845015193;852;Hash;3;Inner;;0;160000;160000;0;1.0;30567.96;30567.96;250;0.0;0;325.968;325.969;Q2
Q2_104_seed_845015193;853;Hash Join;4;Outer;;0;160000;800000;2000;0.0001;407.96;30567.96;250;0.0;0;6.924;297.064;Q2
Q2_104_seed_845015193;864;Nested Loop;4;Outer;;0;1;1;4;0.25;0.85;15.88;6;0.0;0;0.028;0.029;Q2
Q2_105_seed_853219224;876;Hash;3;Inner;;0;160000;160000;0;1.0;30567.96;30567.96;250;0.0;0;332.119;332.121;Q2
Q2_105_seed_853219224;877;Hash Join;4;Outer;;0;160000;800000;2000;0.0001;407.96;30567.96;250;0.0;0;7.182;301.906;Q2
Q2_105_seed_853219224;888;Nested Loop;4;Outer;;0;1;1;4;0.25;0.85;15.88;6;0.0;0;0.029;0.03;Q2
Q2_106_seed_861423255;900;Hash;3;Inner;;0;160000;160000;0;1.0;30567.96;30567.96;250;0.0;0;326.225;326.227;Q2
Q2_106_seed_861423255;901;Hash Join;4;Outer;;0;160000;800000;2000;0.0001;407.96;30567.96;250;0.0;0;5.701;296.809;Q2
Q2_106_seed_861423255;912;Nested Loop;4;Outer;;0;1;1;4;0.25;0.85;15.88;6;0.0;0;0.029;0.03;Q2
Q2_107_seed_869627286;924;Hash;3;Inner;;0;160000;160000;0;1.0;30567.96;30567.96;250;0.0;0;325.091;325.093;Q2
Q2_107_seed_869627286;925;Hash Join;4;Outer;;0;160000;800000;2000;0.0001;407.96;30567.96;250;0.0;0;6.422;297.279;Q2
Q2_107_seed_869627286;936;Nested Loop;4;Outer;;0;1;1;4;0.25;0.85;15.88;6;0.0;0;0.028;0.029;Q2
Q2_108_seed_877831317;948;Hash;3;Inner;;0;160000;160000;0;1.0;30567.96;30567.96;250;0.0;0;334.425;334.427;Q2
Q2_108_seed_877831317;949;Hash Join;4;Outer;;0;160000;800000;2000;0.0001;407.96;30567.96;250;0.0;0;6.509;306.204;Q2
Q2_108_seed_877831317;960;Nested Loop;4;Outer;;0;1;1;4;0.25;0.85;15.88;6;0.0;0;0.031;0.032;Q2
Q2_10_seed_73836279;996;Hash;3;Inner;;0;160000;160000;0;1.0;30567.96;30567.96;250;0.0;0;333.639;333.641;Q2
Q2_10_seed_73836279;997;Hash Join;4;Outer;;0;160000;800000;2000;0.0001;407.96;30567.96;250;0.0;0;7.391;303.038;Q2
Q2_10_seed_73836279;1008;Nested Loop;4;Outer;;0;1;1;4;0.25;0.85;15.88;6;0.0;0;0.029;0.031;Q2
Q2_110_seed_894239379;1020;Hash;3;Inner;;0;160000;160000;0;1.0;30567.96;30567.96;250;0.0;0;324.886;324.888;Q2
Q2_110_seed_894239379;1021;Hash Join;4;Outer;;0;160000;800000;2000;0.0001;407.96;30567.96;250;0.0;0;7.154;297.193;Q2
Q2_110_seed_894239379;1032;Nested Loop;4;Outer;;0;1;1;4;0.25;0.85;15.88;6;0.0;0;0.03;0.031;Q2
Q2_112_seed_910647441;1068;Hash;3;Inner;;0;160000;160000;0;1.0;30567.96;30567.96;250;0.0;0;327.616;327.617;Q2
Q2_112_seed_910647441;1069;Hash Join;4;Outer;;0;160000;800000;2000;0.0001;407.96;30567.96;250;0.0;0;6.889;298.445;Q2
Q2_112_seed_910647441;1080;Nested Loop;4;Outer;;0;1;1;4;0.25;0.85;15.88;6;0.0;0;0.026;0.027;Q2
Q2_113_seed_918851472;1092;Hash;3;Inner;;0;160000;160000;0;1.0;30567.96;30567.96;250;0.0;0;348.849;348.85;Q2
Q2_113_seed_918851472;1093;Hash Join;4;Outer;;0;160000;800000;2000;0.0001;407.96;30567.96;250;0.0;0;5.703;317.721;Q2
Q2_113_seed_918851472;1104;Nested Loop;4;Outer;;0;1;1;4;0.25;0.85;15.88;6;0.0;0;0.029;0.031;Q2
Q2_114_seed_927055503;1116;Hash;3;Inner;;0;160000;160000;0;1.0;30567.96;30567.96;250;0.0;0;332.327;332.329;Q2
Q2_114_seed_927055503;1117;Hash Join;4;Outer;;0;160000;800000;2000;0.0001;407.96;30567.96;250;0.0;0;5.973;302.099;Q2
Q2_114_seed_927055503;1128;Nested Loop;4;Outer;;0;1;1;4;0.25;0.85;15.88;6;0.0;0;0.027;0.029;Q2
Q2_115_seed_935259534;1140;Hash;3;Inner;;0;160000;160000;0;1.0;30567.96;30567.96;250;0.0;0;327.796;327.798;Q2
Q2_115_seed_935259534;1141;Hash Join;4;Outer;;0;160000;800000;2000;0.0001;407.96;30567.96;250;0.0;0;6.562;298.484;Q2
Q2_115_seed_935259534;1152;Nested Loop;4;Outer;;0;1;1;4;0.25;0.85;15.88;6;0.0;0;0.031;0.033;Q2
Q2_116_seed_943463565;1164;Hash;3;Inner;;0;160000;160000;0;1.0;30567.96;30567.96;250;0.0;0;331.842;331.844;Q2
Q2_116_seed_943463565;1165;Hash Join;4;Outer;;0;160000;800000;2000;0.0001;407.96;30567.96;250;0.0;0;6.214;303.009;Q2
Q2_116_seed_943463565;1176;Nested Loop;4;Outer;;0;1;1;4;0.25;0.85;15.88;6;0.0;0;0.029;0.031;Q2
Q2_119_seed_968075658;1236;Hash;3;Inner;;0;160000;160000;0;1.0;30567.96;30567.96;250;0.0;0;337.404;337.405;Q2
Q2_119_seed_968075658;1237;Hash Join;4;Outer;;0;160000;800000;2000;0.0001;407.96;30567.96;250;0.0;0;5.983;306.56;Q2
Q2_119_seed_968075658;1248;Nested Loop;4;Outer;;0;1;1;4;0.25;0.85;15.88;6;0.0;0;0.029;0.031;Q2
Q2_11_seed_82040310;1260;Hash;3;Inner;;0;160000;160000;0;1.0;30567.96;30567.96;250;0.0;0;327.25;327.252;Q2
Q2_11_seed_82040310;1261;Hash Join;4;Outer;;0;160000;800000;2000;0.0001;407.96;30567.96;250;0.0;0;6.671;297.827;Q2
Q2_11_seed_82040310;1272;Nested Loop;4;Outer;;0;1;1;4;0.25;0.85;15.88;6;0.0;0;0.028;0.03;Q2
Q2_120_seed_976279689;1284;Hash;3;Inner;;0;160000;160000;0;1.0;30567.96;30567.96;250;0.0;0;331.139;331.141;Q2
Q2_120_seed_976279689;1285;Hash Join;4;Outer;;0;160000;800000;2000;0.0001;407.96;30567.96;250;0.0;0;7.416;301.299;Q2
Q2_120_seed_976279689;1296;Nested Loop;4;Outer;;0;1;1;4;0.25;0.85;15.88;6;0.0;0;0.027;0.028;Q2
Q2_121_seed_984483720;1308;Hash;3;Inner;;0;160000;160000;0;1.0;30567.96;30567.96;250;0.0;0;331.018;331.019;Q2
Q2_121_seed_984483720;1309;Hash Join;4;Outer;;0;160000;800000;2000;0.0001;407.96;30567.96;250;0.0;0;7.11;301.455;Q2
Q2_121_seed_984483720;1320;Nested Loop;4;Outer;;0;1;1;4;0.25;0.85;15.88;6;0.0;0;0.026;0.028;Q2
Q2_122_seed_992687751;1332;Hash;3;Inner;;0;160000;160000;0;1.0;30567.96;30567.96;250;0.0;0;332.611;332.612;Q2
Q2_122_seed_992687751;1333;Hash Join;4;Outer;;0;160000;800000;2000;0.0001;407.96;30567.96;250;0.0;0;6.331;302.414;Q2
Q2_122_seed_992687751;1344;Nested Loop;4;Outer;;0;1;1;4;0.25;0.85;15.88;6;0.0;0;0.03;0.032;Q2
Q2_123_seed_1000891782;1356;Hash;3;Inner;;0;160000;160000;0;1.0;30567.96;30567.96;250;0.0;0;329.867;329.869;Q2
Q2_123_seed_1000891782;1357;Hash Join;4;Outer;;0;160000;800000;2000;0.0001;407.96;30567.96;250;0.0;0;6.875;300.861;Q2
Q2_123_seed_1000891782;1368;Nested Loop;4;Outer;;0;1;1;4;0.25;0.85;15.88;6;0.0;0;0.03;0.032;Q2
Q2_125_seed_1017299844;1404;Hash;3;Inner;;0;160000;160000;0;1.0;30567.96;30567.96;250;0.0;0;323.878;323.88;Q2
Q2_125_seed_1017299844;1405;Hash Join;4;Outer;;0;160000;800000;2000;0.0001;407.96;30567.96;250;0.0;0;6.913;295.459;Q2
Q2_125_seed_1017299844;1416;Nested Loop;4;Outer;;0;1;1;4;0.25;0.85;15.88;6;0.0;0;0.031;0.033;Q2
Q2_126_seed_1025503875;1428;Hash;3;Inner;;0;160000;160000;0;1.0;30567.96;30567.96;250;0.0;0;325.222;325.223;Q2
Q2_126_seed_1025503875;1429;Hash Join;4;Outer;;0;160000;800000;2000;0.0001;407.96;30567.96;250;0.0;0;5.794;295.18;Q2
Q2_126_seed_1025503875;1440;Nested Loop;4;Outer;;0;1;1;4;0.25;0.85;15.88;6;0.0;0;0.03;0.032;Q2
Q2_12_seed_90244341;1524;Hash;3;Inner;;0;160000;160000;0;1.0;30567.96;30567.96;250;0.0;0;324.76;324.762;Q2
Q2_12_seed_90244341;1525;Hash Join;4;Outer;;0;160000;800000;2000;0.0001;407.96;30567.96;250;0.0;0;6.797;296.304;Q2
Q2_12_seed_90244341;1536;Nested Loop;4;Outer;;0;1;1;4;0.25;0.85;15.88;6;0.0;0;0.028;0.03;Q2
Q2_130_seed_1058319999;1548;Hash;3;Inner;;0;160000;160000;0;1.0;30567.96;30567.96;250;0.0;0;321.908;321.909;Q2
Q2_130_seed_1058319999;1549;Hash Join;4;Outer;;0;160000;800000;2000;0.0001;407.96;30567.96;250;0.0;0;6.194;293.153;Q2
Q2_130_seed_1058319999;1560;Nested Loop;4;Outer;;0;1;1;4;0.25;0.85;15.88;6;0.0;0;0.029;0.031;Q2
Q2_131_seed_1066524030;1572;Hash;3;Inner;;0;160000;160000;0;1.0;30567.96;30567.96;250;0.0;0;328.256;328.257;Q2
Q2_131_seed_1066524030;1573;Hash Join;4;Outer;;0;160000;800000;2000;0.0001;407.96;30567.96;250;0.0;0;7.62;299.232;Q2
Q2_131_seed_1066524030;1584;Nested Loop;4;Outer;;0;1;1;4;0.25;0.85;15.88;6;0.0;0;0.027;0.029;Q2
Q2_132_seed_1074728061;1596;Hash;3;Inner;;0;160000;160000;0;1.0;30567.96;30567.96;250;0.0;0;332.39;332.391;Q2
Q2_132_seed_1074728061;1597;Hash Join;4;Outer;;0;160000;800000;2000;0.0001;407.96;30567.96;250;0.0;0;6.241;301.029;Q2
Q2_132_seed_1074728061;1608;Nested Loop;4;Outer;;0;1;1;4;0.25;0.85;15.88;6;0.0;0;0.031;0.032;Q2
Q2_134_seed_1091136123;1644;Hash;3;Inner;;0;160000;160000;0;1.0;30567.96;30567.96;250;0.0;0;319.175;319.176;Q2
Q2_134_seed_1091136123;1645;Hash Join;4;Outer;;0;160000;800000;2000;0.0001;407.96;30567.96;250;0.0;0;6.424;290.312;Q2
Q2_134_seed_1091136123;1656;Nested Loop;4;Outer;;0;1;1;4;0.25;0.85;15.88;6;0.0;0;0.031;0.033;Q2
Q2_135_seed_1099340154;1668;Hash;3;Inner;;0;160000;160000;0;1.0;30567.96;30567.96;250;0.0;0;330.521;330.523;Q2
Q2_135_seed_1099340154;1669;Hash Join;4;Outer;;0;160000;800000;2000;0.0001;407.96;30567.96;250;0.0;0;6.466;301.389;Q2
Q2_135_seed_1099340154;1680;Nested Loop;4;Outer;;0;1;1;4;0.25;0.85;15.88;6;0.0;0;0.027;0.029;Q2
Q2_136_seed_1107544185;1692;Hash;3;Inner;;0;160000;160000;0;1.0;30567.96;30567.96;250;0.0;0;331.941;331.942;Q2
Q2_136_seed_1107544185;1693;Hash Join;4;Outer;;0;160000;800000;2000;0.0001;407.96;30567.96;250;0.0;0;6.881;302.02;Q2
Q2_136_seed_1107544185;1704;Nested Loop;4;Outer;;0;1;1;4;0.25;0.85;15.88;6;0.0;0;0.031;0.033;Q2
Q2_137_seed_1115748216;1716;Hash;3;Inner;;0;160000;160000;0;1.0;30567.96;30567.96;250;0.0;0;327.85;327.852;Q2
Q2_137_seed_1115748216;1717;Hash Join;4;Outer;;0;160000;800000;2000;0.0001;407.96;30567.96;250;0.0;0;6.638;297.671;Q2
Q2_137_seed_1115748216;1728;Nested Loop;4;Outer;;0;1;1;4;0.25;0.85;15.88;6;0.0;0;0.029;0.031;Q2
Q2_138_seed_1123952247;1740;Hash;3;Inner;;0;160000;160000;0;1.0;30567.96;30567.96;250;0.0;0;321.708;321.709;Q2
Q2_138_seed_1123952247;1741;Hash Join;4;Outer;;0;160000;800000;2000;0.0001;407.96;30567.96;250;0.0;0;6.26;293.437;Q2
Q2_138_seed_1123952247;1752;Nested Loop;4;Outer;;0;1;1;4;0.25;0.85;15.88;6;0.0;0;0.032;0.034;Q2
Q2_139_seed_1132156278;1764;Hash;3;Inner;;0;160000;160000;0;1.0;30567.96;30567.96;250;0.0;0;333.684;333.686;Q2
Q2_139_seed_1132156278;1765;Hash Join;4;Outer;;0;160000;800000;2000;0.0001;407.96;30567.96;250;0.0;0;5.746;303.758;Q2
Q2_139_seed_1132156278;1776;Nested Loop;4;Outer;;0;1;1;4;0.25;0.85;15.88;6;0.0;0;0.028;0.03;Q2
Q2_13_seed_98448372;1788;Hash;3;Inner;;0;160000;160000;0;1.0;30567.96;30567.96;250;0.0;0;333.692;333.694;Q2
Q2_13_seed_98448372;1789;Hash Join;4;Outer;;0;160000;800000;2000;0.0001;407.96;30567.96;250;0.0;0;6.872;304.427;Q2
Q2_13_seed_98448372;1800;Nested Loop;4;Outer;;0;1;1;4;0.25;0.85;15.88;6;0.0;0;0.03;0.032;Q2
Q2_140_seed_1140360309;1812;Hash;3;Inner;;0;160000;160000;0;1.0;30567.96;30567.96;250;0.0;0;322.837;322.838;Q2
Q2_140_seed_1140360309;1813;Hash Join;4;Outer;;0;160000;800000;2000;0.0001;407.96;30567.96;250;0.0;0;7.236;294.17;Q2
Q2_140_seed_1140360309;1824;Nested Loop;4;Outer;;0;1;1;4;0.25;0.85;15.88;6;0.0;0;0.03;0.031;Q2
Q2_142_seed_1156768371;1860;Hash;3;Inner;;0;160000;160000;0;1.0;30567.96;30567.96;250;0.0;0;335.521;335.522;Q2
Q2_142_seed_1156768371;1861;Hash Join;4;Outer;;0;160000;800000;2000;0.0001;407.96;30567.96;250;0.0;0;7.689;305.029;Q2
Q2_142_seed_1156768371;1872;Nested Loop;4;Outer;;0;1;1;4;0.25;0.85;15.88;6;0.0;0;0.029;0.031;Q2
Q2_143_seed_1164972402;1884;Hash;3;Inner;;0;160000;160000;0;1.0;30567.96;30567.96;250;0.0;0;329.196;329.198;Q2
Q2_143_seed_1164972402;1885;Hash Join;4;Outer;;0;160000;800000;2000;0.0001;407.96;30567.96;250;0.0;0;6.714;300.044;Q2
Q2_143_seed_1164972402;1896;Nested Loop;4;Outer;;0;1;1;4;0.25;0.85;15.88;6;0.0;0;0.029;0.031;Q2
Q2_144_seed_1173176433;1908;Hash;3;Inner;;0;160000;160000;0;1.0;30567.96;30567.96;250;0.0;0;341.887;341.888;Q2
Q2_144_seed_1173176433;1909;Hash Join;4;Outer;;0;160000;800000;2000;0.0001;407.96;30567.96;250;0.0;0;6.855;311.966;Q2
Q2_144_seed_1173176433;1920;Nested Loop;4;Outer;;0;1;1;4;0.25;0.85;15.88;6;0.0;0;0.03;0.031;Q2
Q2_145_seed_1181380464;1932;Hash;3;Inner;;0;160000;160000;0;1.0;30567.96;30567.96;250;0.0;0;329.323;329.324;Q2
Q2_145_seed_1181380464;1933;Hash Join;4;Outer;;0;160000;800000;2000;0.0001;407.96;30567.96;250;0.0;0;5.818;300.272;Q2
Q2_145_seed_1181380464;1944;Nested Loop;4;Outer;;0;1;1;4;0.25;0.85;15.88;6;0.0;0;0.027;0.029;Q2
Q2_146_seed_1189584495;1956;Hash;3;Inner;;0;160000;160000;0;1.0;30567.96;30567.96;250;0.0;0;321.288;321.29;Q2
Q2_146_seed_1189584495;1957;Hash Join;4;Outer;;0;160000;800000;2000;0.0001;407.96;30567.96;250;0.0;0;6.379;292.061;Q2
Q2_146_seed_1189584495;1968;Nested Loop;4;Outer;;0;1;1;4;0.25;0.85;15.88;6;0.0;0;0.028;0.03;Q2
Q2_147_seed_1197788526;1980;Hash;3;Inner;;0;160000;160000;0;1.0;30567.96;30567.96;250;0.0;0;313.923;313.924;Q2
Q2_147_seed_1197788526;1981;Hash Join;4;Outer;;0;160000;800000;2000;0.0001;407.96;30567.96;250;0.0;0;7.885;288.203;Q2
Q2_147_seed_1197788526;1992;Nested Loop;4;Outer;;0;1;1;4;0.25;0.85;15.88;6;0.0;0;0.028;0.03;Q2
Q2_148_seed_1205992557;2004;Hash;3;Inner;;0;160000;160000;0;1.0;30567.96;30567.96;250;0.0;0;330.603;330.604;Q2
Q2_148_seed_1205992557;2005;Hash Join;4;Outer;;0;160000;800000;2000;0.0001;407.96;30567.96;250;0.0;0;5.838;300.288;Q2
Q2_148_seed_1205992557;2016;Nested Loop;4;Outer;;0;1;1;4;0.25;0.85;15.88;6;0.0;0;0.028;0.03;Q2
Q2_149_seed_1214196588;2028;Hash;3;Inner;;0;160000;160000;0;1.0;30567.96;30567.96;250;0.0;0;332.62;332.622;Q2
Q2_149_seed_1214196588;2029;Hash Join;4;Outer;;0;160000;800000;2000;0.0001;407.96;30567.96;250;0.0;0;5.941;302.19;Q2
Q2_149_seed_1214196588;2040;Nested Loop;4;Outer;;0;1;1;4;0.25;0.85;15.88;6;0.0;0;0.03;0.031;Q2
Q2_14_seed_106652403;2052;Hash;3;Inner;;0;160000;160000;0;1.0;30567.96;30567.96;250;0.0;0;333.394;333.395;Q2
Q2_14_seed_106652403;2053;Hash Join;4;Outer;;0;160000;800000;2000;0.0001;407.96;30567.96;250;0.0;0;6.86;304.146;Q2
Q2_14_seed_106652403;2064;Nested Loop;4;Outer;;0;1;1;4;0.25;0.85;15.88;6;0.0;0;0.031;0.032;Q2
Q2_16_seed_123060465;2124;Hash;3;Inner;;0;160000;160000;0;1.0;30567.96;30567.96;250;0.0;0;326.448;326.449;Q2
Q2_16_seed_123060465;2125;Hash Join;4;Outer;;0;160000;800000;2000;0.0001;407.96;30567.96;250;0.0;0;6.982;296.931;Q2
Q2_16_seed_123060465;2136;Nested Loop;4;Outer;;0;1;1;4;0.25;0.85;15.88;6;0.0;0;0.03;0.031;Q2
Q2_17_seed_131264496;2148;Hash;3;Inner;;0;160000;160000;0;1.0;30567.96;30567.96;250;0.0;0;329.489;329.49;Q2
Q2_17_seed_131264496;2149;Hash Join;4;Outer;;0;160000;800000;2000;0.0001;407.96;30567.96;250;0.0;0;6.009;298.779;Q2
Q2_17_seed_131264496;2160;Nested Loop;4;Outer;;0;1;1;4;0.25;0.85;15.88;6;0.0;0;0.03;0.032;Q2
Q2_18_seed_139468527;2172;Hash;3;Inner;;0;160000;160000;0;1.0;30567.96;30567.96;250;0.0;0;324.833;324.834;Q2
Q2_18_seed_139468527;2173;Hash Join;4;Outer;;0;160000;800000;2000;0.0001;407.96;30567.96;250;0.0;0;5.258;295.47;Q2
Q2_18_seed_139468527;2184;Nested Loop;4;Outer;;0;1;1;4;0.25;0.85;15.88;6;0.0;0;0.03;0.032;Q2
Q2_19_seed_147672558;2196;Hash;3;Inner;;0;160000;160000;0;1.0;30567.96;30567.96;250;0.0;0;330.806;330.807;Q2
Q2_19_seed_147672558;2197;Hash Join;4;Outer;;0;160000;800000;2000;0.0001;407.96;30567.96;250;0.0;0;6.219;301.409;Q2
Q2_19_seed_147672558;2208;Nested Loop;4;Outer;;0;1;1;4;0.25;0.85;15.88;6;0.0;0;0.031;0.033;Q2
Q2_1_seed_0101000000;2220;Hash;3;Inner;;0;160000;160000;0;1.0;30567.96;30567.96;250;0.0;0;330.866;330.867;Q2
Q2_1_seed_0101000000;2221;Hash Join;4;Outer;;0;160000;800000;2000;0.0001;407.96;30567.96;250;0.0;0;6.368;301.171;Q2
Q2_1_seed_0101000000;2232;Nested Loop;4;Outer;;0;1;1;4;0.25;0.85;15.88;6;0.0;0;0.03;0.031;Q2
Q2_20_seed_155876589;2244;Hash;3;Inner;;0;160000;160000;0;1.0;30567.96;30567.96;250;0.0;0;329.214;329.216;Q2
Q2_20_seed_155876589;2245;Hash Join;4;Outer;;0;160000;800000;2000;0.0001;407.96;30567.96;250;0.0;0;7.852;299.731;Q2
Q2_20_seed_155876589;2256;Nested Loop;4;Outer;;0;1;1;4;0.25;0.85;15.88;6;0.0;0;0.033;0.034;Q2
Q2_21_seed_164080620;2268;Hash;3;Inner;;0;160000;160000;0;1.0;30567.96;30567.96;250;0.0;0;332.246;332.247;Q2
Q2_21_seed_164080620;2269;Hash Join;4;Outer;;0;160000;800000;2000;0.0001;407.96;30567.96;250;0.0;0;6.627;302.653;Q2
Q2_21_seed_164080620;2280;Nested Loop;4;Outer;;0;1;1;4;0.25;0.85;15.88;6;0.0;0;0.029;0.03;Q2
Q2_23_seed_180488682;2316;Hash;3;Inner;;0;160000;160000;0;1.0;30567.96;30567.96;250;0.0;0;329.549;329.55;Q2
Q2_23_seed_180488682;2317;Hash Join;4;Outer;;0;160000;800000;2000;0.0001;407.96;30567.96;250;0.0;0;7.084;300.251;Q2
Q2_23_seed_180488682;2328;Nested Loop;4;Outer;;0;1;1;4;0.25;0.85;15.88;6;0.0;0;0.03;0.032;Q2
Q2_24_seed_188692713;2340;Hash;3;Inner;;0;160000;160000;0;1.0;30567.96;30567.96;250;0.0;0;326.215;326.216;Q2
Q2_24_seed_188692713;2341;Hash Join;4;Outer;;0;160000;800000;2000;0.0001;407.96;30567.96;250;0.0;0;5.921;297.778;Q2
Q2_24_seed_188692713;2352;Nested Loop;4;Outer;;0;1;1;4;0.25;0.85;15.88;6;0.0;0;0.029;0.03;Q2
Q2_25_seed_196896744;2364;Hash;3;Inner;;0;160000;160000;0;1.0;30567.96;30567.96;250;0.0;0;323.287;323.289;Q2
Q2_25_seed_196896744;2365;Hash Join;4;Outer;;0;160000;800000;2000;0.0001;407.96;30567.96;250;0.0;0;6.801;293.708;Q2
Q2_25_seed_196896744;2376;Nested Loop;4;Outer;;0;1;1;4;0.25;0.85;15.88;6;0.0;0;0.029;0.031;Q2
Q2_28_seed_221508837;2436;Hash;3;Inner;;0;160000;160000;0;1.0;30567.96;30567.96;250;0.0;0;321.244;321.245;Q2
Q2_28_seed_221508837;2437;Hash Join;4;Outer;;0;160000;800000;2000;0.0001;407.96;30567.96;250;0.0;0;6.645;293.594;Q2
Q2_28_seed_221508837;2448;Nested Loop;4;Outer;;0;1;1;4;0.25;0.85;15.88;6;0.0;0;0.029;0.031;Q2
Q2_29_seed_229712868;2460;Hash;3;Inner;;0;160000;160000;0;1.0;30567.96;30567.96;250;0.0;0;330.612;330.614;Q2
Q2_29_seed_229712868;2461;Hash Join;4;Outer;;0;160000;800000;2000;0.0001;407.96;30567.96;250;0.0;0;6.411;300.846;Q2
Q2_29_seed_229712868;2472;Nested Loop;4;Outer;;0;1;1;4;0.25;0.85;15.88;6;0.0;0;0.031;0.033;Q2
Q2_2_seed_8204031;2484;Hash;3;Inner;;0;160000;160000;0;1.0;30567.96;30567.96;250;0.0;0;330.832;330.833;Q2
Q2_2_seed_8204031;2485;Hash Join;4;Outer;;0;160000;800000;2000;0.0001;407.96;30567.96;250;0.0;0;7.069;300.718;Q2
Q2_2_seed_8204031;2496;Nested Loop;4;Outer;;0;1;1;4;0.25;0.85;15.88;6;0.0;0;0.028;0.03;Q2
Q2_31_seed_246120930;2532;Hash;3;Inner;;0;160000;160000;0;1.0;30567.96;30567.96;250;0.0;0;333.47;333.471;Q2
Q2_31_seed_246120930;2533;Hash Join;4;Outer;;0;160000;800000;2000;0.0001;407.96;30567.96;250;0.0;0;6.473;303.901;Q2
Q2_31_seed_246120930;2544;Nested Loop;4;Outer;;0;1;1;4;0.25;0.85;15.88;6;0.0;0;0.03;0.031;Q2
Q2_32_seed_254324961;2556;Hash;3;Inner;;0;160000;160000;0;1.0;30567.96;30567.96;250;0.0;0;328.376;328.378;Q2
Q2_32_seed_254324961;2557;Hash Join;4;Outer;;0;160000;800000;2000;0.0001;407.96;30567.96;250;0.0;0;6.81;298.579;Q2
Q2_32_seed_254324961;2568;Nested Loop;4;Outer;;0;1;1;4;0.25;0.85;15.88;6;0.0;0;0.03;0.032;Q2
Q2_34_seed_270733023;2604;Hash;3;Inner;;0;160000;160000;0;1.0;30567.96;30567.96;250;0.0;0;351.129;351.131;Q2
Q2_34_seed_270733023;2605;Hash Join;4;Outer;;0;160000;800000;2000;0.0001;407.96;30567.96;250;0.0;0;5.527;321.567;Q2
Q2_34_seed_270733023;2616;Nested Loop;4;Outer;;0;1;1;4;0.25;0.85;15.88;6;0.0;0;0.03;0.031;Q2
Q2_36_seed_287141085;2652;Hash;3;Inner;;0;160000;160000;0;1.0;30567.96;30567.96;250;0.0;0;329.987;329.989;Q2
Q2_36_seed_287141085;2653;Hash Join;4;Outer;;0;160000;800000;2000;0.0001;407.96;30567.96;250;0.0;0;6.181;301.313;Q2
Q2_36_seed_287141085;2664;Nested Loop;4;Outer;;0;1;1;4;0.25;0.85;15.88;6;0.0;0;0.028;0.03;Q2
Q2_37_seed_295345116;2676;Hash;3;Inner;;0;160000;160000;0;1.0;30567.96;30567.96;250;0.0;0;317.433;317.434;Q2
Q2_37_seed_295345116;2677;Hash Join;4;Outer;;0;160000;800000;2000;0.0001;407.96;30567.96;250;0.0;0;8.263;291.501;Q2
Q2_37_seed_295345116;2688;Nested Loop;4;Outer;;0;1;1;4;0.25;0.85;15.88;6;0.0;0;0.03;0.032;Q2
Q2_38_seed_303549147;2700;Hash;3;Inner;;0;160000;160000;0;1.0;30567.96;30567.96;250;0.0;0;330.61;330.611;Q2
Q2_38_seed_303549147;2701;Hash Join;4;Outer;;0;160000;800000;2000;0.0001;407.96;30567.96;250;0.0;0;5.838;300.383;Q2
Q2_38_seed_303549147;2712;Nested Loop;4;Outer;;0;1;1;4;0.25;0.85;15.88;6;0.0;0;0.029;0.03;Q2
Q2_3_seed_16408062;2748;Hash;3;Inner;;0;160000;160000;0;1.0;30567.96;30567.96;250;0.0;0;334.186;334.187;Q2
Q2_3_seed_16408062;2749;Hash Join;4;Outer;;0;160000;800000;2000;0.0001;407.96;30567.96;250;0.0;0;6.734;304.496;Q2
Q2_3_seed_16408062;2760;Nested Loop;4;Outer;;0;1;1;4;0.25;0.85;15.88;6;0.0;0;0.03;0.032;Q2
Q2_40_seed_319957209;2772;Hash;3;Inner;;0;160000;160000;0;1.0;30567.96;30567.96;250;0.0;0;326.435;326.436;Q2
Q2_40_seed_319957209;2773;Hash Join;4;Outer;;0;160000;800000;2000;0.0001;407.96;30567.96;250;0.0;0;7.146;296.274;Q2
Q2_40_seed_319957209;2784;Nested Loop;4;Outer;;0;1;1;4;0.25;0.85;15.88;6;0.0;0;0.03;0.032;Q2
Q2_41_seed_328161240;2796;Hash;3;Inner;;0;160000;160000;0;1.0;30567.96;30567.96;250;0.0;0;333.511;333.513;Q2
Q2_41_seed_328161240;2797;Hash Join;4;Outer;;0;160000;800000;2000;0.0001;407.96;30567.96;250;0.0;0;7.235;302.809;Q2
Q2_41_seed_328161240;2808;Nested Loop;4;Outer;;0;1;1;4;0.25;0.85;15.88;6;0.0;0;0.033;0.034;Q2
Q2_42_seed_336365271;2820;Hash;3;Inner;;0;160000;160000;0;1.0;30567.96;30567.96;250;0.0;0;331.023;331.024;Q2
Q2_42_seed_336365271;2821;Hash Join;4;Outer;;0;160000;800000;2000;0.0001;407.96;30567.96;250;0.0;0;5.954;301.314;Q2
Q2_42_seed_336365271;2832;Nested Loop;4;Outer;;0;1;1;4;0.25;0.85;15.88;6;0.0;0;0.03;0.032;Q2
Q2_43_seed_344569302;2844;Hash;3;Inner;;0;160000;160000;0;1.0;30567.96;30567.96;250;0.0;0;329.194;329.195;Q2
Q2_43_seed_344569302;2845;Hash Join;4;Outer;;0;160000;800000;2000;0.0001;407.96;30567.96;250;0.0;0;6.121;300.061;Q2
Q2_43_seed_344569302;2856;Nested Loop;4;Outer;;0;1;1;4;0.25;0.85;15.88;6;0.0;0;0.03;0.031;Q2
Q2_44_seed_352773333;2868;Hash;3;Inner;;0;160000;160000;0;1.0;30567.96;30567.96;250;0.0;0;328.006;328.007;Q2
Q2_44_seed_352773333;2869;Hash Join;4;Outer;;0;160000;800000;2000;0.0001;407.96;30567.96;250;0.0;0;6.07;297.779;Q2
Q2_44_seed_352773333;2880;Nested Loop;4;Outer;;0;1;1;4;0.25;0.85;15.88;6;0.0;0;0.028;0.03;Q2
Q2_45_seed_360977364;2892;Hash;3;Inner;;0;160000;160000;0;1.0;30567.96;30567.96;250;0.0;0;334.052;334.054;Q2
Q2_45_seed_360977364;2893;Hash Join;4;Outer;;0;160000;800000;2000;0.0001;407.96;30567.96;250;0.0;0;6.039;303.561;Q2
Q2_45_seed_360977364;2904;Nested Loop;4;Outer;;0;1;1;4;0.25;0.85;15.88;6;0.0;0;0.031;0.033;Q2
Q2_46_seed_369181395;2916;Hash;3;Inner;;0;160000;160000;0;1.0;30567.96;30567.96;250;0.0;0;329.599;329.601;Q2
Q2_46_seed_369181395;2917;Hash Join;4;Outer;;0;160000;800000;2000;0.0001;407.96;30567.96;250;0.0;0;6.445;299.395;Q2
Q2_46_seed_369181395;2928;Nested Loop;4;Outer;;0;1;1;4;0.25;0.85;15.88;6;0.0;0;0.033;0.034;Q2
Q2_47_seed_377385426;2940;Hash;3;Inner;;0;160000;160000;0;1.0;30567.96;30567.96;250;0.0;0;325.542;325.543;Q2
Q2_47_seed_377385426;2941;Hash Join;4;Outer;;0;160000;800000;2000;0.0001;407.96;30567.96;250;0.0;0;6.766;296.956;Q2
Q2_47_seed_377385426;2952;Nested Loop;4;Outer;;0;1;1;4;0.25;0.85;15.88;6;0.0;0;0.029;0.03;Q2
Q2_48_seed_385589457;2964;Hash;3;Inner;;0;160000;160000;0;1.0;30567.96;30567.96;250;0.0;0;331.119;331.121;Q2
Q2_48_seed_385589457;2965;Hash Join;4;Outer;;0;160000;800000;2000;0.0001;407.96;30567.96;250;0.0;0;6.328;300.879;Q2
Q2_48_seed_385589457;2976;Nested Loop;4;Outer;;0;1;1;4;0.25;0.85;15.88;6;0.0;0;0.03;0.032;Q2
Q2_49_seed_393793488;2988;Hash;3;Inner;;0;160000;160000;0;1.0;30567.96;30567.96;250;0.0;0;330.907;330.908;Q2
Q2_49_seed_393793488;2989;Hash Join;4;Outer;;0;160000;800000;2000;0.0001;407.96;30567.96;250;0.0;0;7.108;301.503;Q2
Q2_49_seed_393793488;3000;Nested Loop;4;Outer;;0;1;1;4;0.25;0.85;15.88;6;0.0;0;0.031;0.032;Q2
Q2_4_seed_24612093;3012;Hash;3;Inner;;0;160000;160000;0;1.0;30567.96;30567.96;250;0.0;0;331.584;331.585;Q2
Q2_4_seed_24612093;3013;Hash Join;4;Outer;;0;160000;800000;2000;0.0001;407.96;30567.96;250;0.0;0;6.764;301.854;Q2
Q2_4_seed_24612093;3024;Nested Loop;4;Outer;;0;1;1;4;0.25;0.85;15.88;6;0.0;0;0.028;0.029;Q2
Q2_50_seed_401997519;3036;Hash;3;Inner;;0;160000;160000;0;1.0;30567.96;30567.96;250;0.0;0;328.622;328.623;Q2
Q2_50_seed_401997519;3037;Hash Join;4;Outer;;0;160000;800000;2000;0.0001;407.96;30567.96;250;0.0;0;6.921;299.311;Q2
Q2_50_seed_401997519;3048;Nested Loop;4;Outer;;0;1;1;4;0.25;0.85;15.88;6;0.0;0;0.029;0.03;Q2
Q2_51_seed_410201550;3060;Hash;3;Inner;;0;160000;160000;0;1.0;30567.96;30567.96;250;0.0;0;327.637;327.638;Q2
Q2_51_seed_410201550;3061;Hash Join;4;Outer;;0;160000;800000;2000;0.0001;407.96;30567.96;250;0.0;0;6.603;299.184;Q2
Q2_51_seed_410201550;3072;Nested Loop;4;Outer;;0;1;1;4;0.25;0.85;15.88;6;0.0;0;0.03;0.032;Q2
Q2_52_seed_418405581;3084;Hash;3;Inner;;0;160000;160000;0;1.0;30567.96;30567.96;250;0.0;0;333.247;333.248;Q2
Q2_52_seed_418405581;3085;Hash Join;4;Outer;;0;160000;800000;2000;0.0001;407.96;30567.96;250;0.0;0;6.329;302.289;Q2
Q2_52_seed_418405581;3096;Nested Loop;4;Outer;;0;1;1;4;0.25;0.85;15.88;6;0.0;0;0.03;0.032;Q2
Q2_53_seed_426609612;3108;Hash;3;Inner;;0;160000;160000;0;1.0;30567.96;30567.96;250;0.0;0;333.053;333.054;Q2
Q2_53_seed_426609612;3109;Hash Join;4;Outer;;0;160000;800000;2000;0.0001;407.96;30567.96;250;0.0;0;6.697;302.537;Q2
Q2_53_seed_426609612;3120;Nested Loop;4;Outer;;0;1;1;4;0.25;0.85;15.88;6;0.0;0;0.031;0.033;Q2
Q2_54_seed_434813643;3132;Hash;3;Inner;;0;160000;160000;0;1.0;30567.96;30567.96;250;0.0;0;327.924;327.926;Q2
Q2_54_seed_434813643;3133;Hash Join;4;Outer;;0;160000;800000;2000;0.0001;407.96;30567.96;250;0.0;0;5.83;297.903;Q2
Q2_54_seed_434813643;3144;Nested Loop;4;Outer;;0;1;1;4;0.25;0.85;15.88;6;0.0;0;0.029;0.031;Q2
Q2_55_seed_443017674;3156;Hash;3;Inner;;0;160000;160000;0;1.0;30567.96;30567.96;250;0.0;0;326.718;326.72;Q2
Q2_55_seed_443017674;3157;Hash Join;4;Outer;;0;160000;800000;2000;0.0001;407.96;30567.96;250;0.0;0;6.383;296.932;Q2
Q2_55_seed_443017674;3168;Nested Loop;4;Outer;;0;1;1;4;0.25;0.85;15.88;6;0.0;0;0.027;0.029;Q2
Q2_56_seed_451221705;3180;Hash;3;Inner;;0;160000;160000;0;1.0;30567.96;30567.96;250;0.0;0;332.089;332.09;Q2
Q2_56_seed_451221705;3181;Hash Join;4;Outer;;0;160000;800000;2000;0.0001;407.96;30567.96;250;0.0;0;5.704;301.874;Q2
Q2_56_seed_451221705;3192;Nested Loop;4;Outer;;0;1;1;4;0.25;0.85;15.88;6;0.0;0;0.03;0.031;Q2
Q2_57_seed_459425736;3204;Hash;3;Inner;;0;160000;160000;0;1.0;30567.96;30567.96;250;0.0;0;325.205;325.206;Q2
Q2_57_seed_459425736;3205;Hash Join;4;Outer;;0;160000;800000;2000;0.0001;407.96;30567.96;250;0.0;0;6.816;296.426;Q2
Q2_57_seed_459425736;3216;Nested Loop;4;Outer;;0;1;1;4;0.25;0.85;15.88;6;0.0;0;0.028;0.03;Q2
Q2_58_seed_467629767;3228;Hash;3;Inner;;0;160000;160000;0;1.0;30567.96;30567.96;250;0.0;0;329.559;329.56;Q2
Q2_58_seed_467629767;3229;Hash Join;4;Outer;;0;160000;800000;2000;0.0001;407.96;30567.96;250;0.0;0;7.08;300.584;Q2
Q2_58_seed_467629767;3240;Nested Loop;4;Outer;;0;1;1;4;0.25;0.85;15.88;6;0.0;0;0.029;0.031;Q2
Q2_5_seed_32816124;3276;Hash;3;Inner;;0;160000;160000;0;1.0;30567.96;30567.96;250;0.0;0;334.615;334.617;Q2
Q2_5_seed_32816124;3277;Hash Join;4;Outer;;0;160000;800000;2000;0.0001;407.96;30567.96;250;0.0;0;7.035;304.703;Q2
Q2_5_seed_32816124;3288;Nested Loop;4;Outer;;0;1;1;4;0.25;0.85;15.88;6;0.0;0;0.032;0.034;Q2
Q2_60_seed_484037829;3300;Hash;3;Inner;;0;160000;160000;0;1.0;30567.96;30567.96;250;0.0;0;329.314;329.316;Q2
Q2_60_seed_484037829;3301;Hash Join;4;Outer;;0;160000;800000;2000;0.0001;407.96;30567.96;250;0.0;0;7.07;299.532;Q2
Q2_60_seed_484037829;3312;Nested Loop;4;Outer;;0;1;1;4;0.25;0.85;15.88;6;0.0;0;0.03;0.032;Q2
Q2_61_seed_492241860;3324;Hash;3;Inner;;0;160000;160000;0;1.0;30567.96;30567.96;250;0.0;0;328.534;328.535;Q2
Q2_61_seed_492241860;3325;Hash Join;4;Outer;;0;160000;800000;2000;0.0001;407.96;30567.96;250;0.0;0;6.285;298.386;Q2
Q2_61_seed_492241860;3336;Nested Loop;4;Outer;;0;1;1;4;0.25;0.85;15.88;6;0.0;0;0.029;0.031;Q2
Q2_63_seed_508649922;3372;Hash;3;Inner;;0;160000;160000;0;1.0;30567.96;30567.96;250;0.0;0;329.666;329.667;Q2
Q2_63_seed_508649922;3373;Hash Join;4;Outer;;0;160000;800000;2000;0.0001;407.96;30567.96;250;0.0;0;6.578;299.792;Q2
Q2_63_seed_508649922;3384;Nested Loop;4;Outer;;0;1;1;4;0.25;0.85;15.88;6;0.0;0;0.03;0.032;Q2
Q2_65_seed_525057984;3420;Hash;3;Inner;;0;160000;160000;0;1.0;30567.96;30567.96;250;0.0;0;334.013;334.015;Q2
Q2_65_seed_525057984;3421;Hash Join;4;Outer;;0;160000;800000;2000;0.0001;407.96;30567.96;250;0.0;0;7.248;303.722;Q2
Q2_65_seed_525057984;3432;Nested Loop;4;Outer;;0;1;1;4;0.25;0.85;15.88;6;0.0;0;0.032;0.034;Q2
Q2_66_seed_533262015;3444;Hash;3;Inner;;0;160000;160000;0;1.0;30567.96;30567.96;250;0.0;0;327.427;327.428;Q2
Q2_66_seed_533262015;3445;Hash Join;4;Outer;;0;160000;800000;2000;0.0001;407.96;30567.96;250;0.0;0;7.296;297.156;Q2
Q2_66_seed_533262015;3456;Nested Loop;4;Outer;;0;1;1;4;0.25;0.85;15.88;6;0.0;0;0.029;0.03;Q2
Q2_67_seed_541466046;3468;Hash;3;Inner;;0;160000;160000;0;1.0;30567.96;30567.96;250;0.0;0;330.177;330.178;Q2
Q2_67_seed_541466046;3469;Hash Join;4;Outer;;0;160000;800000;2000;0.0001;407.96;30567.96;250;0.0;0;6.067;299.732;Q2
Q2_67_seed_541466046;3480;Nested Loop;4;Outer;;0;1;1;4;0.25;0.85;15.88;6;0.0;0;0.03;0.032;Q2
Q2_68_seed_549670077;3492;Hash;3;Inner;;0;160000;160000;0;1.0;30567.96;30567.96;250;0.0;0;332.696;332.697;Q2
Q2_68_seed_549670077;3493;Hash Join;4;Outer;;0;160000;800000;2000;0.0001;407.96;30567.96;250;0.0;0;7.253;302.499;Q2
Q2_68_seed_549670077;3504;Nested Loop;4;Outer;;0;1;1;4;0.25;0.85;15.88;6;0.0;0;0.028;0.03;Q2
Q2_69_seed_557874108;3516;Hash;3;Inner;;0;160000;160000;0;1.0;30567.96;30567.96;250;0.0;0;335.183;335.184;Q2
Q2_69_seed_557874108;3517;Hash Join;4;Outer;;0;160000;800000;2000;0.0001;407.96;30567.96;250;0.0;0;6.26;304.316;Q2
Q2_69_seed_557874108;3528;Nested Loop;4;Outer;;0;1;1;4;0.25;0.85;15.88;6;0.0;0;0.028;0.03;Q2
Q2_6_seed_41020155;3540;Hash;3;Inner;;0;160000;160000;0;1.0;30567.96;30567.96;250;0.0;0;329.827;329.828;Q2
Q2_6_seed_41020155;3541;Hash Join;4;Outer;;0;160000;800000;2000;0.0001;407.96;30567.96;250;0.0;0;6.492;301.274;Q2
Q2_6_seed_41020155;3552;Nested Loop;4;Outer;;0;1;1;4;0.25;0.85;15.88;6;0.0;0;0.029;0.031;Q2
Q2_70_seed_566078139;3564;Hash;3;Inner;;0;160000;160000;0;1.0;30567.96;30567.96;250;0.0;0;326.721;326.722;Q2
Q2_70_seed_566078139;3565;Hash Join;4;Outer;;0;160000;800000;2000;0.0001;407.96;30567.96;250;0.0;0;5.992;297.146;Q2
Q2_70_seed_566078139;3576;Nested Loop;4;Outer;;0;1;1;4;0.25;0.85;15.88;6;0.0;0;0.031;0.033;Q2
Q2_72_seed_582486201;3612;Hash;3;Inner;;0;160000;160000;0;1.0;30567.96;30567.96;250;0.0;0;331.45;331.451;Q2
Q2_72_seed_582486201;3613;Hash Join;4;Outer;;0;160000;800000;2000;0.0001;407.96;30567.96;250;0.0;0;5.832;302.096;Q2
Q2_72_seed_582486201;3624;Nested Loop;4;Outer;;0;1;1;4;0.25;0.85;15.88;6;0.0;0;0.027;0.029;Q2
Q2_73_seed_590690232;3636;Hash;3;Inner;;0;160000;160000;0;1.0;30567.96;30567.96;250;0.0;0;328.499;328.5;Q2
Q2_73_seed_590690232;3637;Hash Join;4;Outer;;0;160000;800000;2000;0.0001;407.96;30567.96;250;0.0;0;6.777;298.898;Q2
Q2_73_seed_590690232;3648;Nested Loop;4;Outer;;0;1;1;4;0.25;0.85;15.88;6;0.0;0;0.03;0.032;Q2
Q2_74_seed_598894263;3660;Hash;3;Inner;;0;160000;160000;0;1.0;30567.96;30567.96;250;0.0;0;335.734;335.736;Q2
Q2_74_seed_598894263;3661;Hash Join;4;Outer;;0;160000;800000;2000;0.0001;407.96;30567.96;250;0.0;0;5.657;307.278;Q2
Q2_74_seed_598894263;3672;Nested Loop;4;Outer;;0;1;1;4;0.25;0.85;15.88;6;0.0;0;0.031;0.032;Q2
Q2_75_seed_607098294;3684;Hash;3;Inner;;0;160000;160000;0;1.0;30567.96;30567.96;250;0.0;0;331.193;331.194;Q2
Q2_75_seed_607098294;3685;Hash Join;4;Outer;;0;160000;800000;2000;0.0001;407.96;30567.96;250;0.0;0;6.913;301.447;Q2
Q2_75_seed_607098294;3696;Nested Loop;4;Outer;;0;1;1;4;0.25;0.85;15.88;6;0.0;0;0.028;0.029;Q2
Q2_76_seed_615302325;3708;Hash;3;Inner;;0;160000;160000;0;1.0;30567.96;30567.96;250;0.0;0;329.447;329.448;Q2
Q2_76_seed_615302325;3709;Hash Join;4;Outer;;0;160000;800000;2000;0.0001;407.96;30567.96;250;0.0;0;6.157;299.299;Q2
Q2_76_seed_615302325;3720;Nested Loop;4;Outer;;0;1;1;4;0.25;0.85;15.88;6;0.0;0;0.031;0.032;Q2
Q2_77_seed_623506356;3732;Hash;3;Inner;;0;160000;160000;0;1.0;30567.96;30567.96;250;0.0;0;323.146;323.147;Q2
Q2_77_seed_623506356;3733;Hash Join;4;Outer;;0;160000;800000;2000;0.0001;407.96;30567.96;250;0.0;0;5.908;295.16;Q2
Q2_77_seed_623506356;3744;Nested Loop;4;Outer;;0;1;1;4;0.25;0.85;15.88;6;0.0;0;0.031;0.032;Q2
Q2_78_seed_631710387;3756;Hash;3;Inner;;0;160000;160000;0;1.0;30567.96;30567.96;250;0.0;0;332.937;332.939;Q2
Q2_78_seed_631710387;3757;Hash Join;4;Outer;;0;160000;800000;2000;0.0001;407.96;30567.96;250;0.0;0;6.36;303.747;Q2
Q2_78_seed_631710387;3768;Nested Loop;4;Outer;;0;1;1;4;0.25;0.85;15.88;6;0.0;0;0.028;0.03;Q2
Q2_79_seed_639914418;3780;Hash;3;Inner;;0;160000;160000;0;1.0;30567.96;30567.96;250;0.0;0;330.472;330.474;Q2
Q2_79_seed_639914418;3781;Hash Join;4;Outer;;0;160000;800000;2000;0.0001;407.96;30567.96;250;0.0;0;7.263;300.851;Q2
Q2_79_seed_639914418;3792;Nested Loop;4;Outer;;0;1;1;4;0.25;0.85;15.88;6;0.0;0;0.031;0.032;Q2
Q2_81_seed_656322480;3852;Hash;3;Inner;;0;160000;160000;0;1.0;30567.96;30567.96;250;0.0;0;330.975;330.977;Q2
Q2_81_seed_656322480;3853;Hash Join;4;Outer;;0;160000;800000;2000;0.0001;407.96;30567.96;250;0.0;0;7.264;301.107;Q2
Q2_81_seed_656322480;3864;Nested Loop;4;Outer;;0;1;1;4;0.25;0.85;15.88;6;0.0;0;0.03;0.032;Q2
Q2_82_seed_664526511;3876;Hash;3;Inner;;0;160000;160000;0;1.0;30567.96;30567.96;250;0.0;0;331.517;331.518;Q2
Q2_82_seed_664526511;3877;Hash Join;4;Outer;;0;160000;800000;2000;0.0001;407.96;30567.96;250;0.0;0;5.751;301.872;Q2
Q2_82_seed_664526511;3888;Nested Loop;4;Outer;;0;1;1;4;0.25;0.85;15.88;6;0.0;0;0.031;0.033;Q2
Q2_85_seed_689138604;3948;Hash;3;Inner;;0;160000;160000;0;1.0;30567.96;30567.96;250;0.0;0;328.048;328.049;Q2
Q2_85_seed_689138604;3949;Hash Join;4;Outer;;0;160000;800000;2000;0.0001;407.96;30567.96;250;0.0;0;7.01;297.826;Q2
Q2_85_seed_689138604;3960;Nested Loop;4;Outer;;0;1;1;4;0.25;0.85;15.88;6;0.0;0;0.03;0.031;Q2
Q2_86_seed_697342635;3972;Hash;3;Inner;;0;160000;160000;0;1.0;30567.96;30567.96;250;0.0;0;327.418;327.419;Q2
Q2_86_seed_697342635;3973;Hash Join;4;Outer;;0;160000;800000;2000;0.0001;407.96;30567.96;250;0.0;0;6.784;298.31;Q2
Q2_86_seed_697342635;3984;Nested Loop;4;Outer;;0;1;1;4;0.25;0.85;15.88;6;0.0;0;0.03;0.031;Q2
Q2_87_seed_705546666;3996;Hash;3;Inner;;0;160000;160000;0;1.0;30567.96;30567.96;250;0.0;0;332.721;332.722;Q2
Q2_87_seed_705546666;3997;Hash Join;4;Outer;;0;160000;800000;2000;0.0001;407.96;30567.96;250;0.0;0;6.174;302.6;Q2
Q2_87_seed_705546666;4008;Nested Loop;4;Outer;;0;1;1;4;0.25;0.85;15.88;6;0.0;0;0.029;0.031;Q2
Q2_88_seed_713750697;4020;Hash;3;Inner;;0;160000;160000;0;1.0;30567.96;30567.96;250;0.0;0;331.439;331.44;Q2
Q2_88_seed_713750697;4021;Hash Join;4;Outer;;0;160000;800000;2000;0.0001;407.96;30567.96;250;0.0;0;6.215;302.405;Q2
Q2_88_seed_713750697;4032;Nested Loop;4;Outer;;0;1;1;4;0.25;0.85;15.88;6;0.0;0;0.03;0.032;Q2
Q2_89_seed_721954728;4044;Hash;3;Inner;;0;160000;160000;0;1.0;30567.96;30567.96;250;0.0;0;327.152;327.153;Q2
Q2_89_seed_721954728;4045;Hash Join;4;Outer;;0;160000;800000;2000;0.0001;407.96;30567.96;250;0.0;0;6.038;297.74;Q2
Q2_89_seed_721954728;4056;Nested Loop;4;Outer;;0;1;1;4;0.25;0.85;15.88;6;0.0;0;0.028;0.029;Q2
Q2_8_seed_57428217;4068;Hash;3;Inner;;0;160000;160000;0;1.0;30567.96;30567.96;250;0.0;0;332.015;332.017;Q2
Q2_8_seed_57428217;4069;Hash Join;4;Outer;;0;160000;800000;2000;0.0001;407.96;30567.96;250;0.0;0;6.211;301.877;Q2
Q2_8_seed_57428217;4080;Nested Loop;4;Outer;;0;1;1;4;0.25;0.85;15.88;6;0.0;0;0.029;0.03;Q2
Q2_90_seed_730158759;4092;Hash;3;Inner;;0;160000;160000;0;1.0;30567.96;30567.96;250;0.0;0;331.893;331.894;Q2
Q2_90_seed_730158759;4093;Hash Join;4;Outer;;0;160000;800000;2000;0.0001;407.96;30567.96;250;0.0;0;6.909;301.38;Q2
Q2_90_seed_730158759;4104;Nested Loop;4;Outer;;0;1;1;4;0.25;0.85;15.88;6;0.0;0;0.029;0.03;Q2
Q2_91_seed_738362790;4116;Hash;3;Inner;;0;160000;160000;0;1.0;30567.96;30567.96;250;0.0;0;333.898;333.899;Q2
Q2_91_seed_738362790;4117;Hash Join;4;Outer;;0;160000;800000;2000;0.0001;407.96;30567.96;250;0.0;0;6.491;303.498;Q2
Q2_91_seed_738362790;4128;Nested Loop;4;Outer;;0;1;1;4;0.25;0.85;15.88;6;0.0;0;0.029;0.031;Q2
Q2_93_seed_754770852;4164;Hash;3;Inner;;0;160000;160000;0;1.0;30567.96;30567.96;250;0.0;0;333.556;333.557;Q2
Q2_93_seed_754770852;4165;Hash Join;4;Outer;;0;160000;800000;2000;0.0001;407.96;30567.96;250;0.0;0;6.184;303.956;Q2
Q2_93_seed_754770852;4176;Nested Loop;4;Outer;;0;1;1;4;0.25;0.85;15.88;6;0.0;0;0.028;0.03;Q2
Q2_95_seed_771178914;4212;Hash;3;Inner;;0;160000;160000;0;1.0;30567.96;30567.96;250;0.0;0;331.83;331.832;Q2
Q2_95_seed_771178914;4213;Hash Join;4;Outer;;0;160000;800000;2000;0.0001;407.96;30567.96;250;0.0;0;6.468;301.986;Q2
Q2_95_seed_771178914;4224;Nested Loop;4;Outer;;0;1;1;4;0.25;0.85;15.88;6;0.0;0;0.03;0.032;Q2
Q2_97_seed_787586976;4260;Hash;3;Inner;;0;160000;160000;0;1.0;30567.96;30567.96;250;0.0;0;335.846;335.847;Q2
Q2_97_seed_787586976;4261;Hash Join;4;Outer;;0;160000;800000;2000;0.0001;407.96;30567.96;250;0.0;0;6.666;306.148;Q2
Q2_97_seed_787586976;4272;Nested Loop;4;Outer;;0;1;1;4;0.25;0.85;15.88;6;0.0;0;0.028;0.03;Q2
Q2_98_seed_795791007;4284;Hash;3;Inner;;0;160000;160000;0;1.0;30567.96;30567.96;250;0.0;0;332.083;332.084;Q2
Q2_98_seed_795791007;4285;Hash Join;4;Outer;;0;160000;800000;2000;0.0001;407.96;30567.96;250;0.0;0;5.595;301.271;Q2
Q2_98_seed_795791007;4296;Nested Loop;4;Outer;;0;1;1;4;0.25;0.85;15.88;6;0.0;0;0.032;0.034;Q2
Q2_99_seed_803995038;4308;Hash;3;Inner;;0;160000;160000;0;1.0;30567.96;30567.96;250;0.0;0;320.649;320.651;Q2
Q2_99_seed_803995038;4309;Hash Join;4;Outer;;0;160000;800000;2000;0.0001;407.96;30567.96;250;0.0;0;6.381;290.869;Q2
Q2_99_seed_803995038;4320;Nested Loop;4;Outer;;0;1;1;4;0.25;0.85;15.88;6;0.0;0;0.031;0.032;Q2
Q2_9_seed_65632248;4332;Hash;3;Inner;;0;160000;160000;0;1.0;30567.96;30567.96;250;0.0;0;324.008;324.009;Q2
Q2_9_seed_65632248;4333;Hash Join;4;Outer;;0;160000;800000;2000;0.0001;407.96;30567.96;250;0.0;0;5.952;294.061;Q2
Q2_9_seed_65632248;4344;Nested Loop;4;Outer;;0;1;1;4;0.25;0.85;15.88;6;0.0;0;0.03;0.032;Q2
