query_file;Limit_node_id;Limit_node_type;Limit_depth;Limit_parent_relationship;Limit_subplan_name;Limit_np;Limit_nt;Limit_nt1;Limit_nt2;Limit_sel;Limit_startup_cost;Limit_total_cost;Limit_plan_width;Limit_reltuples;Limit_parallel_workers;actual_startup_time;actual_total_time;Limit_st1;Limit_rt1;Limit_st2;Limit_rt2;Sort_Outer_node_id;Sort_Outer_node_type;Sort_Outer_depth;Sort_Outer_parent_relationship;Sort_Outer_subplan_name;Sort_Outer_np;Sort_Outer_nt;Sort_Outer_nt1;Sort_Outer_nt2;Sort_Outer_sel;Sort_Outer_startup_cost;Sort_Outer_total_cost;Sort_Outer_plan_width;Sort_Outer_reltuples;Sort_Outer_parallel_workers;Sort_Outer_st1;Sort_Outer_rt1;Sort_Outer_st2;Sort_Outer_rt2;Aggregate_Outer_node_id;Aggregate_Outer_node_type;Aggregate_Outer_depth;Aggregate_Outer_parent_relationship;Aggregate_Outer_subplan_name;Aggregate_Outer_np;Aggregate_Outer_nt;Aggregate_Outer_nt1;Aggregate_Outer_nt2;Aggregate_Outer_sel;Aggregate_Outer_startup_cost;Aggregate_Outer_total_cost;Aggregate_Outer_plan_width;Aggregate_Outer_reltuples;Aggregate_Outer_parallel_workers;Aggregate_Outer_st1;Aggregate_Outer_rt1;Aggregate_Outer_st2;Aggregate_Outer_rt2;GatherMerge_Outer_node_id;GatherMerge_Outer_node_type;GatherMerge_Outer_depth;GatherMerge_Outer_parent_relationship;GatherMerge_Outer_subplan_name;GatherMerge_Outer_np;GatherMerge_Outer_nt;GatherMerge_Outer_nt1;GatherMerge_Outer_nt2;GatherMerge_Outer_sel;GatherMerge_Outer_startup_cost;GatherMerge_Outer_total_cost;GatherMerge_Outer_plan_width;GatherMerge_Outer_reltuples;GatherMerge_Outer_parallel_workers;GatherMerge_Outer_st1;GatherMerge_Outer_rt1;GatherMerge_Outer_st2;GatherMerge_Outer_rt2;IncrementalSort_Outer_node_id;IncrementalSort_Outer_node_type;IncrementalSort_Outer_depth;IncrementalSort_Outer_parent_relationship;IncrementalSort_Outer_subplan_name;IncrementalSort_Outer_np;IncrementalSort_Outer_nt;IncrementalSort_Outer_nt1;IncrementalSort_Outer_nt2;IncrementalSort_Outer_sel;IncrementalSort_Outer_startup_cost;IncrementalSort_Outer_total_cost;IncrementalSort_Outer_plan_width;IncrementalSort_Outer_reltuples;IncrementalSort_Outer_parallel_workers;IncrementalSort_Outer_st1;IncrementalSort_Outer_rt1;IncrementalSort_Outer_st2;IncrementalSort_Outer_rt2;NestedLoop_Outer_node_id;NestedLoop_Outer_node_type;NestedLoop_Outer_depth;NestedLoop_Outer_parent_relationship;NestedLoop_Outer_subplan_name;NestedLoop_Outer_np;NestedLoop_Outer_nt;NestedLoop_Outer_nt1;NestedLoop_Outer_nt2;NestedLoop_Outer_sel;NestedLoop_Outer_startup_cost;NestedLoop_Outer_total_cost;NestedLoop_Outer_plan_width;NestedLoop_Outer_reltuples;NestedLoop_Outer_parallel_workers;NestedLoop_Outer_st1;NestedLoop_Outer_rt1;NestedLoop_Outer_st2;NestedLoop_Outer_rt2;MergeJoin_Outer_node_id;MergeJoin_Outer_node_type;MergeJoin_Outer_depth;MergeJoin_Outer_parent_relationship;MergeJoin_Outer_subplan_name;MergeJoin_Outer_np;MergeJoin_Outer_nt;MergeJoin_Outer_nt1;MergeJoin_Outer_nt2;MergeJoin_Outer_sel;MergeJoin_Outer_startup_cost;MergeJoin_Outer_total_cost;MergeJoin_Outer_plan_width;MergeJoin_Outer_reltuples;MergeJoin_Outer_parallel_workers;MergeJoin_Outer_st1;MergeJoin_Outer_rt1;MergeJoin_Outer_st2;MergeJoin_Outer_rt2;IndexScan_Inner_node_id;IndexScan_Inner_node_type;IndexScan_Inner_depth;IndexScan_Inner_parent_relationship;IndexScan_Inner_subplan_name;IndexScan_Inner_np;IndexScan_Inner_nt;IndexScan_Inner_nt1;IndexScan_Inner_nt2;IndexScan_Inner_sel;IndexScan_Inner_startup_cost;IndexScan_Inner_total_cost;IndexScan_Inner_plan_width;IndexScan_Inner_reltuples;IndexScan_Inner_parallel_workers
Q18_100_seed_812199069;28820;Limit;0;;;0;100;1631266;0;6.130208071522364e-05;732650.26;732650.51;71;0.0;0;3022.024;3028.467;2904.022;2910.465;0.0;0.0;28821;Sort;1;Outer;;0;1631266;1631266;0;1.0;732650.26;736728.42;71;0.0;0;2903.973;2910.423;0.0;0.0;28822;Aggregate;2;Outer;;0;1631266;1631266;0;1.0;341523.47;670304.45;71;0.0;0;2903.962;2910.409;0.0;0.0;28823;Gather Merge;3;Outer;;0;1631266;526215;0;3.0999990498180403;341523.47;637679.13;44;0.0;3;2872.44;2872.442;0.0;0.0;28824;Incremental Sort;4;Outer;;0;526215;526215;0;1.0;340523.43;445005.33;44;0.0;0;2869.642;2872.384;0.0;0.0;28825;Nested Loop;5;Outer;;0;526215;131527;5;0.8001627042356322;340522.8;430663.58;44;0.0;0;2869.611;2872.325;0.022;0.023;28826;Merge Join;6;Outer;;0;131527;131527;150000;6.666666666666667e-06;340522.36;343245.24;43;0.0;0;2816.491;2816.492;69.272;71.662;28835;Index Scan;6;Inner;;112600;5;0;0;8.331646174982899e-07;0.43;0.61;9;6001215.0;0
Q18_101_seed_820403100;28836;Limit;0;;;0;100;1631266;0;6.130208071522364e-05;732650.26;732650.51;71;0.0;0;3062.728;3068.858;2948.039;2954.168;0.0;0.0;28837;Sort;1;Outer;;0;1631266;1631266;0;1.0;732650.26;736728.42;71;0.0;0;2947.983;2954.118;0.0;0.0;28838;Aggregate;2;Outer;;0;1631266;1631266;0;1.0;341523.47;670304.45;71;0.0;0;2947.965;2954.097;0.0;0.0;28839;Gather Merge;3;Outer;;0;1631266;526215;0;3.0999990498180403;341523.47;637679.13;44;0.0;3;2918.847;2918.849;0.0;0.0;28840;Incremental Sort;4;Outer;;0;526215;526215;0;1.0;340523.43;445005.33;44;0.0;0;2916.826;2918.795;0.0;0.0;28841;Nested Loop;5;Outer;;0;526215;131527;5;0.8001627042356322;340522.8;430663.58;44;0.0;0;2916.798;2918.745;0.018;0.019;28842;Merge Join;6;Outer;;0;131527;131527;150000;6.666666666666667e-06;340522.36;343245.24;43;0.0;0;2866.9;2866.901;63.747;66.231;28851;Index Scan;6;Inner;;112600;5;0;0;8.331646174982899e-07;0.43;0.61;9;6001215.0;0
Q18_102_seed_828607131;28852;Limit;0;;;0;100;1631266;0;6.130208071522364e-05;732650.26;732650.51;71;0.0;0;3049.581;3059.25;2930.49;2940.159;0.0;0.0;28853;Sort;1;Outer;;0;1631266;1631266;0;1.0;732650.26;736728.42;71;0.0;0;2930.444;2940.119;0.0;0.0;28854;Aggregate;2;Outer;;0;1631266;1631266;0;1.0;341523.47;670304.45;71;0.0;0;2930.433;2940.105;0.0;0.0;28855;Gather Merge;3;Outer;;0;1631266;526215;0;3.0999990498180403;341523.47;637679.13;44;0.0;3;2919.547;2919.549;0.0;0.0;28856;Incremental Sort;4;Outer;;0;526215;526215;0;1.0;340523.43;445005.33;44;0.0;0;2916.607;2919.502;0.0;0.0;28857;Nested Loop;5;Outer;;0;526215;131527;5;0.8001627042356322;340522.8;430663.58;44;0.0;0;2916.57;2919.444;0.021;0.022;28858;Merge Join;6;Outer;;0;131527;131527;150000;6.666666666666667e-06;340522.36;343245.24;43;0.0;0;2852.107;2852.109;61.668;64.204;28867;Index Scan;6;Inner;;112600;5;0;0;8.331646174982899e-07;0.43;0.61;9;6001215.0;0
Q18_103_seed_836811162;28868;Limit;0;;;0;100;1631266;0;6.130208071522364e-05;732650.26;732650.51;71;0.0;0;3056.055;3062.503;2936.572;2943.02;0.0;0.0;28869;Sort;1;Outer;;0;1631266;1631266;0;1.0;732650.26;736728.42;71;0.0;0;2936.519;2942.974;0.0;0.0;28870;Aggregate;2;Outer;;0;1631266;1631266;0;1.0;341523.47;670304.45;71;0.0;0;2936.509;2942.96;0.0;0.0;28871;Gather Merge;3;Outer;;0;1631266;526215;0;3.0999990498180403;341523.47;637679.13;44;0.0;3;2923.399;2923.401;0.0;0.0;28872;Incremental Sort;4;Outer;;0;526215;526215;0;1.0;340523.43;445005.33;44;0.0;0;2920.587;2923.335;0.0;0.0;28873;Nested Loop;5;Outer;;0;526215;131527;5;0.8001627042356322;340522.8;430663.58;44;0.0;0;2920.543;2923.258;0.026;0.027;28874;Merge Join;6;Outer;;0;131527;131527;150000;6.666666666666667e-06;340522.36;343245.24;43;0.0;0;2851.937;2851.939;65.041;67.632;28883;Index Scan;6;Inner;;112600;5;0;0;8.331646174982899e-07;0.43;0.61;9;6001215.0;0
Q18_105_seed_853219224;28900;Limit;0;;;0;100;1631266;0;6.130208071522364e-05;732650.26;732650.51;71;0.0;0;3037.234;3042.971;2916.939;2922.676;0.0;0.0;28901;Sort;1;Outer;;0;1631266;1631266;0;1.0;732650.26;736728.42;71;0.0;0;2916.89;2922.633;0.0;0.0;28902;Aggregate;2;Outer;;0;1631266;1631266;0;1.0;341523.47;670304.45;71;0.0;0;2916.88;2922.62;0.0;0.0;28903;Gather Merge;3;Outer;;0;1631266;526215;0;3.0999990498180403;341523.47;637679.13;44;0.0;3;2887.344;2887.345;0.0;0.0;28904;Incremental Sort;4;Outer;;0;526215;526215;0;1.0;340523.43;445005.33;44;0.0;0;2884.852;2887.287;0.0;0.0;28905;Nested Loop;5;Outer;;0;526215;131527;5;0.8001627042356322;340522.8;430663.58;44;0.0;0;2884.83;2887.236;0.017;0.018;28906;Merge Join;6;Outer;;0;131527;131527;150000;6.666666666666667e-06;340522.36;343245.24;43;0.0;0;2837.284;2837.285;61.219;63.718;28915;Index Scan;6;Inner;;112600;5;0;0;8.331646174982899e-07;0.43;0.61;9;6001215.0;0
Q18_106_seed_861423255;28916;Limit;0;;;0;100;1631266;0;6.130208071522364e-05;732650.26;732650.51;71;0.0;0;3043.583;3048.386;2927.056;2931.86;0.0;0.0;28917;Sort;1;Outer;;0;1631266;1631266;0;1.0;732650.26;736728.42;71;0.0;0;2927.008;2931.818;0.0;0.0;28918;Aggregate;2;Outer;;0;1631266;1631266;0;1.0;341523.47;670304.45;71;0.0;0;2926.993;2931.799;0.0;0.0;28919;Gather Merge;3;Outer;;0;1631266;526215;0;3.0999990498180403;341523.47;637679.13;44;0.0;3;2911.538;2911.54;0.0;0.0;28920;Incremental Sort;4;Outer;;0;526215;526215;0;1.0;340523.43;445005.33;44;0.0;0;2909.382;2911.482;0.0;0.0;28921;Nested Loop;5;Outer;;0;526215;131527;5;0.8001627042356322;340522.8;430663.58;44;0.0;0;2909.347;2911.427;0.02;0.021;28922;Merge Join;6;Outer;;0;131527;131527;150000;6.666666666666667e-06;340522.36;343245.24;43;0.0;0;2839.568;2839.57;65.838;68.527;28931;Index Scan;6;Inner;;112600;5;0;0;8.331646174982899e-07;0.43;0.61;9;6001215.0;0
Q18_107_seed_869627286;28932;Limit;0;;;0;100;1631266;0;6.130208071522364e-05;732650.26;732650.51;71;0.0;0;3055.89;3062.445;2938.961;2945.515;0.0;0.0;28933;Sort;1;Outer;;0;1631266;1631266;0;1.0;732650.26;736728.42;71;0.0;0;2938.913;2945.473;0.0;0.0;28934;Aggregate;2;Outer;;0;1631266;1631266;0;1.0;341523.47;670304.45;71;0.0;0;2938.874;2945.43;0.0;0.0;28935;Gather Merge;3;Outer;;0;1631266;526215;0;3.0999990498180403;341523.47;637679.13;44;0.0;3;2908.136;2908.137;0.0;0.0;28936;Incremental Sort;4;Outer;;0;526215;526215;0;1.0;340523.43;445005.33;44;0.0;0;2905.62;2908.085;0.0;0.0;28937;Nested Loop;5;Outer;;0;526215;131527;5;0.8001627042356322;340522.8;430663.58;44;0.0;0;2905.592;2908.029;0.02;0.021;28938;Merge Join;6;Outer;;0;131527;131527;150000;6.666666666666667e-06;340522.36;343245.24;43;0.0;0;2853.898;2853.899;66.329;69.241;28947;Index Scan;6;Inner;;112600;5;0;0;8.331646174982899e-07;0.43;0.61;9;6001215.0;0
Q18_108_seed_877831317;28948;Limit;0;;;0;100;1631266;0;6.130208071522364e-05;732650.26;732650.51;71;0.0;0;3016.059;3021.934;2900.353;2906.227;0.0;0.0;28949;Sort;1;Outer;;0;1631266;1631266;0;1.0;732650.26;736728.42;71;0.0;0;2900.29;2906.171;0.0;0.0;28950;Aggregate;2;Outer;;0;1631266;1631266;0;1.0;341523.47;670304.45;71;0.0;0;2900.278;2906.155;0.0;0.0;28951;Gather Merge;3;Outer;;0;1631266;526215;0;3.0999990498180403;341523.47;637679.13;44;0.0;3;2888.08;2888.082;0.0;0.0;28952;Incremental Sort;4;Outer;;0;526215;526215;0;1.0;340523.43;445005.33;44;0.0;0;2886.301;2888.036;0.0;0.0;28953;Nested Loop;5;Outer;;0;526215;131527;5;0.8001627042356322;340522.8;430663.58;44;0.0;0;2886.259;2887.969;0.024;0.025;28954;Merge Join;6;Outer;;0;131527;131527;150000;6.666666666666667e-06;340522.36;343245.24;43;0.0;0;2820.583;2820.585;63.159;65.087;28963;Index Scan;6;Inner;;112600;5;0;0;8.331646174982899e-07;0.43;0.61;9;6001215.0;0
Q18_10_seed_73836279;28980;Limit;0;;;0;100;1631266;0;6.130208071522364e-05;732650.26;732650.51;71;0.0;0;3033.246;3039.521;2916.934;2923.209;0.0;0.0;28981;Sort;1;Outer;;0;1631266;1631266;0;1.0;732650.26;736728.42;71;0.0;0;2916.879;2923.159;0.0;0.0;28982;Aggregate;2;Outer;;0;1631266;1631266;0;1.0;341523.47;670304.45;71;0.0;0;2916.856;2923.133;0.0;0.0;28983;Gather Merge;3;Outer;;0;1631266;526215;0;3.0999990498180403;341523.47;637679.13;44;0.0;3;2886.228;2886.23;0.0;0.0;28984;Incremental Sort;4;Outer;;0;526215;526215;0;1.0;340523.43;445005.33;44;0.0;0;2883.894;2886.181;0.0;0.0;28985;Nested Loop;5;Outer;;0;526215;131527;5;0.8001627042356322;340522.8;430663.58;44;0.0;0;2883.865;2886.124;0.021;0.022;28986;Merge Join;6;Outer;;0;131527;131527;150000;6.666666666666667e-06;340522.36;343245.24;43;0.0;0;2836.123;2836.124;60.911;63.492;28995;Index Scan;6;Inner;;112600;5;0;0;8.331646174982899e-07;0.43;0.61;9;6001215.0;0
Q18_110_seed_894239379;28996;Limit;0;;;0;100;1631266;0;6.130208071522364e-05;732650.26;732650.51;71;0.0;0;3043.435;3049.419;2926.414;2932.397;0.0;0.0;28997;Sort;1;Outer;;0;1631266;1631266;0;1.0;732650.26;736728.42;71;0.0;0;2926.364;2932.354;0.0;0.0;28998;Aggregate;2;Outer;;0;1631266;1631266;0;1.0;341523.47;670304.45;71;0.0;0;2926.351;2932.337;0.0;0.0;28999;Gather Merge;3;Outer;;0;1631266;526215;0;3.0999990498180403;341523.47;637679.13;44;0.0;3;2912.281;2912.283;0.0;0.0;29000;Incremental Sort;4;Outer;;0;526215;526215;0;1.0;340523.43;445005.33;44;0.0;0;2909.987;2912.229;0.0;0.0;29001;Nested Loop;5;Outer;;0;526215;131527;5;0.8001627042356322;340522.8;430663.58;44;0.0;0;2909.946;2912.166;0.023;0.024;29002;Merge Join;6;Outer;;0;131527;131527;150000;6.666666666666667e-06;340522.36;343245.24;43;0.0;0;2842.134;2842.135;64.897;67.48;29011;Index Scan;6;Inner;;112600;5;0;0;8.331646174982899e-07;0.43;0.61;9;6001215.0;0
Q18_112_seed_910647441;29028;Limit;0;;;0;100;1631266;0;6.130208071522364e-05;732650.26;732650.51;71;0.0;0;3008.206;3014.176;2892.0;2897.97;0.0;0.0;29029;Sort;1;Outer;;0;1631266;1631266;0;1.0;732650.26;736728.42;71;0.0;0;2891.946;2897.922;0.0;0.0;29030;Aggregate;2;Outer;;0;1631266;1631266;0;1.0;341523.47;670304.45;71;0.0;0;2891.932;2897.905;0.0;0.0;29031;Gather Merge;3;Outer;;0;1631266;526215;0;3.0999990498180403;341523.47;637679.13;44;0.0;3;2877.948;2877.951;0.0;0.0;29032;Incremental Sort;4;Outer;;0;526215;526215;0;1.0;340523.43;445005.33;44;0.0;0;2875.244;2877.898;0.0;0.0;29033;Nested Loop;5;Outer;;0;526215;131527;5;0.8001627042356322;340522.8;430663.58;44;0.0;0;2875.204;2877.835;0.021;0.022;29034;Merge Join;6;Outer;;0;131527;131527;150000;6.666666666666667e-06;340522.36;343245.24;43;0.0;0;2805.69;2805.692;66.533;69.086;29043;Index Scan;6;Inner;;112600;5;0;0;8.331646174982899e-07;0.43;0.61;9;6001215.0;0
Q18_113_seed_918851472;29044;Limit;0;;;0;100;1631266;0;6.130208071522364e-05;732650.26;732650.51;71;0.0;0;3064.026;3069.946;2947.912;2953.831;0.0;0.0;29045;Sort;1;Outer;;0;1631266;1631266;0;1.0;732650.26;736728.42;71;0.0;0;2947.857;2953.784;0.0;0.0;29046;Aggregate;2;Outer;;0;1631266;1631266;0;1.0;341523.47;670304.45;71;0.0;0;2947.839;2953.762;0.0;0.0;29047;Gather Merge;3;Outer;;0;1631266;526215;0;3.0999990498180403;341523.47;637679.13;44;0.0;3;2919.612;2919.614;0.0;0.0;29048;Incremental Sort;4;Outer;;0;526215;526215;0;1.0;340523.43;445005.33;44;0.0;0;2917.512;2919.564;0.0;0.0;29049;Nested Loop;5;Outer;;0;526215;131527;5;0.8001627042356322;340522.8;430663.58;44;0.0;0;2917.482;2919.509;0.018;0.019;29050;Merge Join;6;Outer;;0;131527;131527;150000;6.666666666666667e-06;340522.36;343245.24;43;0.0;0;2867.801;2867.802;63.643;66.1;29059;Index Scan;6;Inner;;112600;5;0;0;8.331646174982899e-07;0.43;0.61;9;6001215.0;0
Q18_115_seed_935259534;29076;Limit;0;;;0;100;1631266;0;6.130208071522364e-05;732650.26;732650.51;71;0.0;0;3087.464;3097.121;2972.76;2982.417;0.0;0.0;29077;Sort;1;Outer;;0;1631266;1631266;0;1.0;732650.26;736728.42;71;0.0;0;2972.711;2982.375;0.0;0.0;29078;Aggregate;2;Outer;;0;1631266;1631266;0;1.0;341523.47;670304.45;71;0.0;0;2972.69;2982.349;0.0;0.0;29079;Gather Merge;3;Outer;;0;1631266;526215;0;3.0999990498180403;341523.47;637679.13;44;0.0;3;2944.525;2944.527;0.0;0.0;29080;Incremental Sort;4;Outer;;0;526215;526215;0;1.0;340523.43;445005.33;44;0.0;0;2941.458;2944.469;0.0;0.0;29081;Nested Loop;5;Outer;;0;526215;131527;5;0.8001627042356322;340522.8;430663.58;44;0.0;0;2941.43;2944.417;0.02;0.021;29082;Merge Join;6;Outer;;0;131527;131527;150000;6.666666666666667e-06;340522.36;343245.24;43;0.0;0;2894.77;2894.771;60.621;63.188;29091;Index Scan;6;Inner;;112600;5;0;0;8.331646174982899e-07;0.43;0.61;9;6001215.0;0
Q18_116_seed_943463565;29092;Limit;0;;;0;100;1631266;0;6.130208071522364e-05;732650.26;732650.51;71;0.0;0;3050.309;3056.71;2933.964;2940.364;0.0;0.0;29093;Sort;1;Outer;;0;1631266;1631266;0;1.0;732650.26;736728.42;71;0.0;0;2933.915;2940.322;0.0;0.0;29094;Aggregate;2;Outer;;0;1631266;1631266;0;1.0;341523.47;670304.45;71;0.0;0;2933.902;2940.306;0.0;0.0;29095;Gather Merge;3;Outer;;0;1631266;526215;0;3.0999990498180403;341523.47;637679.13;44;0.0;3;2916.832;2916.833;0.0;0.0;29096;Incremental Sort;4;Outer;;0;526215;526215;0;1.0;340523.43;445005.33;44;0.0;0;2914.289;2916.788;0.0;0.0;29097;Nested Loop;5;Outer;;0;526215;131527;5;0.8001627042356322;340522.8;430663.58;44;0.0;0;2913.176;2915.651;0.501;0.502;29098;Merge Join;6;Outer;;0;131527;131527;150000;6.666666666666667e-06;340522.36;343245.24;43;0.0;0;2840.708;2840.71;69.317;71.745;29107;Index Scan;6;Inner;;112600;5;0;0;8.331646174982899e-07;0.43;0.61;9;6001215.0;0
Q18_117_seed_951667596;29108;Limit;0;;;0;100;1631266;0;6.130208071522364e-05;732650.26;732650.51;71;0.0;0;3022.607;3028.616;2911.048;2917.056;0.0;0.0;29109;Sort;1;Outer;;0;1631266;1631266;0;1.0;732650.26;736728.42;71;0.0;0;2911.003;2917.017;0.0;0.0;29110;Aggregate;2;Outer;;0;1631266;1631266;0;1.0;341523.47;670304.45;71;0.0;0;2910.984;2916.994;0.0;0.0;29111;Gather Merge;3;Outer;;0;1631266;526215;0;3.0999990498180403;341523.47;637679.13;44;0.0;3;2867.736;2867.765;0.0;0.0;29112;Incremental Sort;4;Outer;;0;526215;526215;0;1.0;340523.43;445005.33;44;0.0;0;2866.023;2867.719;0.0;0.0;29113;Nested Loop;5;Outer;;0;526215;131527;5;0.8001627042356322;340522.8;430663.58;44;0.0;0;2866.007;2867.684;0.013;0.014;29114;Merge Join;6;Outer;;0;131527;131527;150000;6.666666666666667e-06;340522.36;343245.24;43;0.0;0;2835.152;2835.153;60.214;62.425;29123;Index Scan;6;Inner;;112600;5;0;0;8.331646174982899e-07;0.43;0.61;9;6001215.0;0
Q18_118_seed_959871627;29124;Limit;0;;;0;100;1631266;0;6.130208071522364e-05;732650.26;732650.51;71;0.0;0;3031.113;3037.432;2919.643;2925.961;0.0;0.0;29125;Sort;1;Outer;;0;1631266;1631266;0;1.0;732650.26;736728.42;71;0.0;0;2919.592;2925.917;0.0;0.0;29126;Aggregate;2;Outer;;0;1631266;1631266;0;1.0;341523.47;670304.45;71;0.0;0;2919.574;2925.895;0.0;0.0;29127;Gather Merge;3;Outer;;0;1631266;526215;0;3.0999990498180403;341523.47;637679.13;44;0.0;3;2891.083;2891.085;0.0;0.0;29128;Incremental Sort;4;Outer;;0;526215;526215;0;1.0;340523.43;445005.33;44;0.0;0;2888.961;2891.035;0.0;0.0;29129;Nested Loop;5;Outer;;0;526215;131527;5;0.8001627042356322;340522.8;430663.58;44;0.0;0;2888.937;2890.987;0.018;0.018;29130;Merge Join;6;Outer;;0;131527;131527;150000;6.666666666666667e-06;340522.36;343245.24;43;0.0;0;2841.382;2841.383;61.903;63.854;29139;Index Scan;6;Inner;;112600;5;0;0;8.331646174982899e-07;0.43;0.61;9;6001215.0;0
Q18_11_seed_82040310;29156;Limit;0;;;0;100;1631266;0;6.130208071522364e-05;732650.26;732650.51;71;0.0;0;3015.804;3025.536;2899.518;2909.25;0.0;0.0;29157;Sort;1;Outer;;0;1631266;1631266;0;1.0;732650.26;736728.42;71;0.0;0;2899.472;2909.209;0.0;0.0;29158;Aggregate;2;Outer;;0;1631266;1631266;0;1.0;341523.47;670304.45;71;0.0;0;2899.462;2909.196;0.0;0.0;29159;Gather Merge;3;Outer;;0;1631266;526215;0;3.0999990498180403;341523.47;637679.13;44;0.0;3;2885.774;2885.776;0.0;0.0;29160;Incremental Sort;4;Outer;;0;526215;526215;0;1.0;340523.43;445005.33;44;0.0;0;2882.006;2884.969;0.0;0.0;29161;Nested Loop;5;Outer;;0;526215;131527;5;0.8001627042356322;340522.8;430663.58;44;0.0;0;2881.964;2884.911;0.021;0.022;29162;Merge Join;6;Outer;;0;131527;131527;150000;6.666666666666667e-06;340522.36;343245.24;43;0.0;0;2816.196;2816.198;63.377;65.805;29171;Index Scan;6;Inner;;112600;5;0;0;8.331646174982899e-07;0.43;0.61;9;6001215.0;0
Q18_120_seed_976279689;29172;Limit;0;;;0;100;1631266;0;6.130208071522364e-05;732650.26;732650.51;71;0.0;0;3023.668;3034.585;2908.234;2919.151;0.0;0.0;29173;Sort;1;Outer;;0;1631266;1631266;0;1.0;732650.26;736728.42;71;0.0;0;2908.186;2919.11;0.0;0.0;29174;Aggregate;2;Outer;;0;1631266;1631266;0;1.0;341523.47;670304.45;71;0.0;0;2908.173;2919.093;0.0;0.0;29175;Gather Merge;3;Outer;;0;1631266;526215;0;3.0999990498180403;341523.47;637679.13;44;0.0;3;2896.503;2896.504;0.0;0.0;29176;Incremental Sort;4;Outer;;0;526215;526215;0;1.0;340523.43;445005.33;44;0.0;0;2894.584;2896.456;0.0;0.0;29177;Nested Loop;5;Outer;;0;526215;131527;5;0.8001627042356322;340522.8;430663.58;44;0.0;0;2894.543;2896.397;0.02;0.022;29178;Merge Join;6;Outer;;0;131527;131527;150000;6.666666666666667e-06;340522.36;343245.24;43;0.0;0;2829.207;2829.208;62.84;64.809;29187;Index Scan;6;Inner;;112600;5;0;0;8.331646174982899e-07;0.43;0.61;9;6001215.0;0
Q18_121_seed_984483720;29188;Limit;0;;;0;100;1631266;0;6.130208071522364e-05;732650.26;732650.51;71;0.0;0;3003.683;3009.883;2887.494;2893.693;0.0;0.0;29189;Sort;1;Outer;;0;1631266;1631266;0;1.0;732650.26;736728.42;71;0.0;0;2887.447;2893.653;0.0;0.0;29190;Aggregate;2;Outer;;0;1631266;1631266;0;1.0;341523.47;670304.45;71;0.0;0;2887.434;2893.637;0.0;0.0;29191;Gather Merge;3;Outer;;0;1631266;526215;0;3.0999990498180403;341523.47;637679.13;44;0.0;3;2869.941;2869.943;0.0;0.0;29192;Incremental Sort;4;Outer;;0;526215;526215;0;1.0;340523.43;445005.33;44;0.0;0;2867.739;2869.897;0.0;0.0;29193;Nested Loop;5;Outer;;0;526215;131527;5;0.8001627042356322;340522.8;430663.58;44;0.0;0;2867.707;2869.839;0.019;0.02;29194;Merge Join;6;Outer;;0;131527;131527;150000;6.666666666666667e-06;340522.36;343245.24;43;0.0;0;2793.769;2793.77;70.101;72.618;29203;Index Scan;6;Inner;;112600;5;0;0;8.331646174982899e-07;0.43;0.61;9;6001215.0;0
Q18_125_seed_1017299844;29252;Limit;0;;;0;100;1631266;0;6.130208071522364e-05;732650.26;732650.51;71;0.0;0;3048.047;3054.151;2933.124;2939.227;0.0;0.0;29253;Sort;1;Outer;;0;1631266;1631266;0;1.0;732650.26;736728.42;71;0.0;0;2933.075;2939.185;0.0;0.0;29254;Aggregate;2;Outer;;0;1631266;1631266;0;1.0;341523.47;670304.45;71;0.0;0;2933.055;2939.161;0.0;0.0;29255;Gather Merge;3;Outer;;0;1631266;526215;0;3.0999990498180403;341523.47;637679.13;44;0.0;3;2918.157;2918.159;0.0;0.0;29256;Incremental Sort;4;Outer;;0;526215;526215;0;1.0;340523.43;445005.33;44;0.0;0;2916.184;2918.112;0.0;0.0;29257;Nested Loop;5;Outer;;0;526215;131527;5;0.8001627042356322;340522.8;430663.58;44;0.0;0;2916.142;2918.034;0.03;0.031;29258;Merge Join;6;Outer;;0;131527;131527;150000;6.666666666666667e-06;340522.36;343245.24;43;0.0;0;2848.263;2848.264;65.381;67.375;29267;Index Scan;6;Inner;;112600;5;0;0;8.331646174982899e-07;0.43;0.61;9;6001215.0;0
Q18_127_seed_1033707906;29284;Limit;0;;;0;100;1631266;0;6.130208071522364e-05;732650.26;732650.51;71;0.0;0;3058.543;3064.921;2944.499;2950.876;0.0;0.0;29285;Sort;1;Outer;;0;1631266;1631266;0;1.0;732650.26;736728.42;71;0.0;0;2944.45;2950.834;0.0;0.0;29286;Aggregate;2;Outer;;0;1631266;1631266;0;1.0;341523.47;670304.45;71;0.0;0;2944.438;2950.818;0.0;0.0;29287;Gather Merge;3;Outer;;0;1631266;526215;0;3.0999990498180403;341523.47;637679.13;44;0.0;3;2929.771;2929.773;0.0;0.0;29288;Incremental Sort;4;Outer;;0;526215;526215;0;1.0;340523.43;445005.33;44;0.0;0;2927.3;2929.73;0.0;0.0;29289;Nested Loop;5;Outer;;0;526215;131527;5;0.8001627042356322;340522.8;430663.58;44;0.0;0;2927.262;2929.671;0.022;0.023;29290;Merge Join;6;Outer;;0;131527;131527;150000;6.666666666666667e-06;340522.36;343245.24;43;0.0;0;2862.891;2862.893;62.018;64.217;29299;Index Scan;6;Inner;;112600;5;0;0;8.331646174982899e-07;0.43;0.61;9;6001215.0;0
Q18_128_seed_1041911937;29300;Limit;0;;;0;100;1631266;0;6.130208071522364e-05;732650.26;732650.51;71;0.0;0;3025.543;3032.241;2914.413;2921.111;0.0;0.0;29301;Sort;1;Outer;;0;1631266;1631266;0;1.0;732650.26;736728.42;71;0.0;0;2914.354;2921.063;0.0;0.0;29302;Aggregate;2;Outer;;0;1631266;1631266;0;1.0;341523.47;670304.45;71;0.0;0;2914.344;2921.047;0.0;0.0;29303;Gather Merge;3;Outer;;0;1631266;526215;0;3.0999990498180403;341523.47;637679.13;44;0.0;3;2902.591;2902.593;0.0;0.0;29304;Incremental Sort;4;Outer;;0;526215;526215;0;1.0;340523.43;445005.33;44;0.0;0;2900.041;2902.543;0.0;0.0;29305;Nested Loop;5;Outer;;0;526215;131527;5;0.8001627042356322;340522.8;430663.58;44;0.0;0;2900.002;2902.48;0.022;0.024;29306;Merge Join;6;Outer;;0;131527;131527;150000;6.666666666666667e-06;340522.36;343245.24;43;0.0;0;2835.356;2835.358;62.203;64.454;29315;Index Scan;6;Inner;;112600;5;0;0;8.331646174982899e-07;0.43;0.61;9;6001215.0;0
Q18_129_seed_1050115968;29316;Limit;0;;;0;100;1631266;0;6.130208071522364e-05;732650.26;732650.51;71;0.0;0;3035.961;3046.274;2917.448;2927.761;0.0;0.0;29317;Sort;1;Outer;;0;1631266;1631266;0;1.0;732650.26;736728.42;71;0.0;0;2917.4;2927.721;0.0;0.0;29318;Aggregate;2;Outer;;0;1631266;1631266;0;1.0;341523.47;670304.45;71;0.0;0;2917.367;2927.683;0.0;0.0;29319;Gather Merge;3;Outer;;0;1631266;526215;0;3.0999990498180403;341523.47;637679.13;44;0.0;3;2888.073;2888.075;0.0;0.0;29320;Incremental Sort;4;Outer;;0;526215;526215;0;1.0;340523.43;445005.33;44;0.0;0;2884.937;2888.028;0.0;0.0;29321;Nested Loop;5;Outer;;0;526215;131527;5;0.8001627042356322;340522.8;430663.58;44;0.0;0;2884.909;2887.973;0.018;0.019;29322;Merge Join;6;Outer;;0;131527;131527;150000;6.666666666666667e-06;340522.36;343245.24;43;0.0;0;2837.175;2837.176;62.059;64.69;29331;Index Scan;6;Inner;;112600;5;0;0;8.331646174982899e-07;0.43;0.61;9;6001215.0;0
Q18_12_seed_90244341;29332;Limit;0;;;0;100;1631266;0;6.130208071522364e-05;732650.26;732650.51;71;0.0;0;3028.898;3033.851;2911.721;2916.674;0.0;0.0;29333;Sort;1;Outer;;0;1631266;1631266;0;1.0;732650.26;736728.42;71;0.0;0;2911.669;2916.629;0.0;0.0;29334;Aggregate;2;Outer;;0;1631266;1631266;0;1.0;341523.47;670304.45;71;0.0;0;2911.657;2916.612;0.0;0.0;29335;Gather Merge;3;Outer;;0;1631266;526215;0;3.0999990498180403;341523.47;637679.13;44;0.0;3;2897.034;2897.035;0.0;0.0;29336;Incremental Sort;4;Outer;;0;526215;526215;0;1.0;340523.43;445005.33;44;0.0;0;2894.902;2896.983;0.0;0.0;29337;Nested Loop;5;Outer;;0;526215;131527;5;0.8001627042356322;340522.8;430663.58;44;0.0;0;2894.867;2896.923;0.022;0.023;29338;Merge Join;6;Outer;;0;131527;131527;150000;6.666666666666667e-06;340522.36;343245.24;43;0.0;0;2827.676;2827.677;63.664;66.106;29347;Index Scan;6;Inner;;112600;5;0;0;8.331646174982899e-07;0.43;0.61;9;6001215.0;0
Q18_130_seed_1058319999;29348;Limit;0;;;0;100;1631266;0;6.130208071522364e-05;732650.26;732650.51;71;0.0;0;3026.532;3035.642;2915.404;2924.514;0.0;0.0;29349;Sort;1;Outer;;0;1631266;1631266;0;1.0;732650.26;736728.42;71;0.0;0;2915.355;2924.474;0.0;0.0;29350;Aggregate;2;Outer;;0;1631266;1631266;0;1.0;341523.47;670304.45;71;0.0;0;2915.343;2924.457;0.0;0.0;29351;Gather Merge;3;Outer;;0;1631266;526215;0;3.0999990498180403;341523.47;637679.13;44;0.0;3;2901.852;2901.853;0.0;0.0;29352;Incremental Sort;4;Outer;;0;526215;526215;0;1.0;340523.43;445005.33;44;0.0;0;2899.356;2901.806;0.0;0.0;29353;Nested Loop;5;Outer;;0;526215;131527;5;0.8001627042356322;340522.8;430663.58;44;0.0;0;2899.315;2901.741;0.021;0.021;29354;Merge Join;6;Outer;;0;131527;131527;150000;6.666666666666667e-06;340522.36;343245.24;43;0.0;0;2834.984;2834.985;61.889;64.125;29363;Index Scan;6;Inner;;112600;5;0;0;8.331646174982899e-07;0.43;0.61;9;6001215.0;0
Q18_132_seed_1074728061;29380;Limit;0;;;0;100;1631266;0;6.130208071522364e-05;732650.26;732650.51;71;0.0;0;3038.176;3044.71;2922.026;2928.561;0.0;0.0;29381;Sort;1;Outer;;0;1631266;1631266;0;1.0;732650.26;736728.42;71;0.0;0;2921.974;2928.514;0.0;0.0;29382;Aggregate;2;Outer;;0;1631266;1631266;0;1.0;341523.47;670304.45;71;0.0;0;2921.952;2928.488;0.0;0.0;29383;Gather Merge;3;Outer;;0;1631266;526215;0;3.0999990498180403;341523.47;637679.13;44;0.0;3;2892.883;2892.885;0.0;0.0;29384;Incremental Sort;4;Outer;;0;526215;526215;0;1.0;340523.43;445005.33;44;0.0;0;2890.92;2892.835;0.0;0.0;29385;Nested Loop;5;Outer;;0;526215;131527;5;0.8001627042356322;340522.8;430663.58;44;0.0;0;2890.889;2892.782;0.019;0.02;29386;Merge Join;6;Outer;;0;131527;131527;150000;6.666666666666667e-06;340522.36;343245.24;43;0.0;0;2842.387;2842.388;62.959;64.885;29395;Index Scan;6;Inner;;112600;5;0;0;8.331646174982899e-07;0.43;0.61;9;6001215.0;0
Q18_133_seed_1082932092;29396;Limit;0;;;0;100;1631266;0;6.130208071522364e-05;732650.26;732650.51;71;0.0;0;3034.14;3040.063;2922.887;2928.81;0.0;0.0;29397;Sort;1;Outer;;0;1631266;1631266;0;1.0;732650.26;736728.42;71;0.0;0;2922.834;2928.764;0.0;0.0;29398;Aggregate;2;Outer;;0;1631266;1631266;0;1.0;341523.47;670304.45;71;0.0;0;2922.817;2928.743;0.0;0.0;29399;Gather Merge;3;Outer;;0;1631266;526215;0;3.0999990498180403;341523.47;637679.13;44;0.0;3;2893.642;2893.644;0.0;0.0;29400;Incremental Sort;4;Outer;;0;526215;526215;0;1.0;340523.43;445005.33;44;0.0;0;2891.438;2893.593;0.0;0.0;29401;Nested Loop;5;Outer;;0;526215;131527;5;0.8001627042356322;340522.8;430663.58;44;0.0;0;2891.414;2893.545;0.018;0.019;29402;Merge Join;6;Outer;;0;131527;131527;150000;6.666666666666667e-06;340522.36;343245.24;43;0.0;0;2841.984;2841.985;63.753;66.074;29411;Index Scan;6;Inner;;112600;5;0;0;8.331646174982899e-07;0.43;0.61;9;6001215.0;0
Q18_135_seed_1099340154;29428;Limit;0;;;0;100;1631266;0;6.130208071522364e-05;732650.26;732650.51;71;0.0;0;3123.248;3127.694;3007.499;3011.945;0.0;0.0;29429;Sort;1;Outer;;0;1631266;1631266;0;1.0;732650.26;736728.42;71;0.0;0;3007.448;3011.901;0.0;0.0;29430;Aggregate;2;Outer;;0;1631266;1631266;0;1.0;341523.47;670304.45;71;0.0;0;3007.436;3011.885;0.0;0.0;29431;Gather Merge;3;Outer;;0;1631266;526215;0;3.0999990498180403;341523.47;637679.13;44;0.0;3;2976.101;2976.103;0.0;0.0;29432;Incremental Sort;4;Outer;;0;526215;526215;0;1.0;340523.43;445005.33;44;0.0;0;2973.336;2976.063;0.0;0.0;29433;Nested Loop;5;Outer;;0;526215;131527;5;0.8001627042356322;340522.8;430663.58;44;0.0;0;2973.309;2976.013;0.018;0.019;29434;Merge Join;6;Outer;;0;131527;131527;150000;6.666666666666667e-06;340522.36;343245.24;43;0.0;0;2922.149;2922.151;66.718;69.073;29443;Index Scan;6;Inner;;112600;5;0;0;8.331646174982899e-07;0.43;0.61;9;6001215.0;0
Q18_136_seed_1107544185;29444;Limit;0;;;0;100;1631266;0;6.130208071522364e-05;732650.26;732650.51;71;0.0;0;3036.429;3045.826;2922.458;2931.854;0.0;0.0;29445;Sort;1;Outer;;0;1631266;1631266;0;1.0;732650.26;736728.42;71;0.0;0;2922.401;2931.806;0.0;0.0;29446;Aggregate;2;Outer;;0;1631266;1631266;0;1.0;341523.47;670304.45;71;0.0;0;2922.365;2931.764;0.0;0.0;29447;Gather Merge;3;Outer;;0;1631266;526215;0;3.0999990498180403;341523.47;637679.13;44;0.0;3;2894.627;2894.629;0.0;0.0;29448;Incremental Sort;4;Outer;;0;526215;526215;0;1.0;340523.43;445005.33;44;0.0;0;2892.167;2894.581;0.0;0.0;29449;Nested Loop;5;Outer;;0;526215;131527;5;0.8001627042356322;340522.8;430663.58;44;0.0;0;2892.14;2894.532;0.018;0.019;29450;Merge Join;6;Outer;;0;131527;131527;150000;6.666666666666667e-06;340522.36;343245.24;43;0.0;0;2844.705;2844.707;60.933;63.456;29459;Index Scan;6;Inner;;112600;5;0;0;8.331646174982899e-07;0.43;0.61;9;6001215.0;0
Q18_141_seed_1148564340;29540;Limit;0;;;0;100;1631266;0;6.130208071522364e-05;732650.26;732650.51;71;0.0;0;3043.028;3047.247;2931.231;2935.45;0.0;0.0;29541;Sort;1;Outer;;0;1631266;1631266;0;1.0;732650.26;736728.42;71;0.0;0;2931.074;2935.405;0.0;0.0;29542;Aggregate;2;Outer;;0;1631266;1631266;0;1.0;341523.47;670304.45;71;0.0;0;2931.06;2935.388;0.0;0.0;29543;Gather Merge;3;Outer;;0;1631266;526215;0;3.0999990498180403;341523.47;637679.13;44;0.0;3;2899.264;2899.292;0.0;0.0;29544;Incremental Sort;4;Outer;;0;526215;526215;0;1.0;340523.43;445005.33;44;0.0;0;2898.249;2899.23;0.0;0.0;29545;Nested Loop;5;Outer;;0;526215;131527;5;0.8001627042356322;340522.8;430663.58;44;0.0;0;2898.227;2899.187;0.015;0.016;29546;Merge Join;6;Outer;;0;131527;131527;150000;6.666666666666667e-06;340522.36;343245.24;43;0.0;0;2847.472;2847.474;66.252;67.493;29555;Index Scan;6;Inner;;112600;5;0;0;8.331646174982899e-07;0.43;0.61;9;6001215.0;0
Q18_142_seed_1156768371;29556;Limit;0;;;0;100;1631266;0;6.130208071522364e-05;732650.26;732650.51;71;0.0;0;3023.389;3029.613;2908.139;2914.362;0.0;0.0;29557;Sort;1;Outer;;0;1631266;1631266;0;1.0;732650.26;736728.42;71;0.0;0;2908.086;2914.318;0.0;0.0;29558;Aggregate;2;Outer;;0;1631266;1631266;0;1.0;341523.47;670304.45;71;0.0;0;2908.065;2914.293;0.0;0.0;29559;Gather Merge;3;Outer;;0;1631266;526215;0;3.0999990498180403;341523.47;637679.13;44;0.0;3;2894.226;2894.228;0.0;0.0;29560;Incremental Sort;4;Outer;;0;526215;526215;0;1.0;340523.43;445005.33;44;0.0;0;2892.778;2894.171;0.0;0.0;29561;Nested Loop;5;Outer;;0;526215;131527;5;0.8001627042356322;340522.8;430663.58;44;0.0;0;2892.736;2894.104;0.024;0.025;29562;Merge Join;6;Outer;;0;131527;131527;150000;6.666666666666667e-06;340522.36;343245.24;43;0.0;0;2824.274;2824.276;64.951;67.148;29571;Index Scan;6;Inner;;112600;5;0;0;8.331646174982899e-07;0.43;0.61;9;6001215.0;0
Q18_143_seed_1164972402;29572;Limit;0;;;0;100;1631266;0;6.130208071522364e-05;732650.26;732650.51;71;0.0;0;3041.237;3047.686;2925.254;2931.701;0.0;0.0;29573;Sort;1;Outer;;0;1631266;1631266;0;1.0;732650.26;736728.42;71;0.0;0;2925.203;2931.657;0.0;0.0;29574;Aggregate;2;Outer;;0;1631266;1631266;0;1.0;341523.47;670304.45;71;0.0;0;2925.188;2931.639;0.0;0.0;29575;Gather Merge;3;Outer;;0;1631266;526215;0;3.0999990498180403;341523.47;637679.13;44;0.0;3;2910.879;2910.881;0.0;0.0;29576;Incremental Sort;4;Outer;;0;526215;526215;0;1.0;340523.43;445005.33;44;0.0;0;2909.058;2910.837;0.0;0.0;29577;Nested Loop;5;Outer;;0;526215;131527;5;0.8001627042356322;340522.8;430663.58;44;0.0;0;2909.023;2910.78;0.021;0.022;29578;Merge Join;6;Outer;;0;131527;131527;150000;6.666666666666667e-06;340522.36;343245.24;43;0.0;0;2840.334;2840.335;66.453;68.287;29587;Index Scan;6;Inner;;112600;5;0;0;8.331646174982899e-07;0.43;0.61;9;6001215.0;0
Q18_145_seed_1181380464;29604;Limit;0;;;0;100;1631266;0;6.130208071522364e-05;732650.26;732650.51;71;0.0;0;3045.778;3053.265;2934.841;2942.328;0.0;0.0;29605;Sort;1;Outer;;0;1631266;1631266;0;1.0;732650.26;736728.42;71;0.0;0;2934.797;2942.29;0.0;0.0;29606;Aggregate;2;Outer;;0;1631266;1631266;0;1.0;341523.47;670304.45;71;0.0;0;2934.772;2942.261;0.0;0.0;29607;Gather Merge;3;Outer;;0;1631266;526215;0;3.0999990498180403;341523.47;637679.13;44;0.0;3;2923.509;2923.51;0.0;0.0;29608;Incremental Sort;4;Outer;;0;526215;526215;0;1.0;340523.43;445005.33;44;0.0;0;2920.713;2923.466;0.0;0.0;29609;Nested Loop;5;Outer;;0;526215;131527;5;0.8001627042356322;340522.8;430663.58;44;0.0;0;2920.664;2923.396;0.026;0.027;29610;Merge Join;6;Outer;;0;131527;131527;150000;6.666666666666667e-06;340522.36;343245.24;43;0.0;0;2855.945;2855.946;62.316;64.688;29619;Index Scan;6;Inner;;112600;5;0;0;8.331646174982899e-07;0.43;0.61;9;6001215.0;0
Q18_146_seed_1189584495;29620;Limit;0;;;0;100;1631266;0;6.130208071522364e-05;732650.26;732650.51;71;0.0;0;3021.256;3026.861;2909.55;2915.155;0.0;0.0;29621;Sort;1;Outer;;0;1631266;1631266;0;1.0;732650.26;736728.42;71;0.0;0;2909.505;2915.115;0.0;0.0;29622;Aggregate;2;Outer;;0;1631266;1631266;0;1.0;341523.47;670304.45;71;0.0;0;2909.493;2915.1;0.0;0.0;29623;Gather Merge;3;Outer;;0;1631266;526215;0;3.0999990498180403;341523.47;637679.13;44;0.0;3;2896.553;2896.555;0.0;0.0;29624;Incremental Sort;4;Outer;;0;526215;526215;0;1.0;340523.43;445005.33;44;0.0;0;2894.658;2896.503;0.0;0.0;29625;Nested Loop;5;Outer;;0;526215;131527;5;0.8001627042356322;340522.8;430663.58;44;0.0;0;2894.617;2896.443;0.021;0.022;29626;Merge Join;6;Outer;;0;131527;131527;150000;6.666666666666667e-06;340522.36;343245.24;43;0.0;0;2828.168;2828.169;63.299;65.552;29635;Index Scan;6;Inner;;112600;5;0;0;8.331646174982899e-07;0.43;0.61;9;6001215.0;0
Q18_148_seed_1205992557;29652;Limit;0;;;0;100;1631266;0;6.130208071522364e-05;732650.26;732650.51;71;0.0;0;3040.278;3049.327;2923.904;2932.952;0.0;0.0;29653;Sort;1;Outer;;0;1631266;1631266;0;1.0;732650.26;736728.42;71;0.0;0;2923.853;2932.908;0.0;0.0;29654;Aggregate;2;Outer;;0;1631266;1631266;0;1.0;341523.47;670304.45;71;0.0;0;2923.841;2932.893;0.0;0.0;29655;Gather Merge;3;Outer;;0;1631266;526215;0;3.0999990498180403;341523.47;637679.13;44;0.0;3;2912.226;2912.228;0.0;0.0;29656;Incremental Sort;4;Outer;;0;526215;526215;0;1.0;340523.43;445005.33;44;0.0;0;2909.741;2912.169;0.0;0.0;29657;Nested Loop;5;Outer;;0;526215;131527;5;0.8001627042356322;340522.8;430663.58;44;0.0;0;2909.686;2912.092;0.019;0.02;29658;Merge Join;6;Outer;;0;131527;131527;150000;6.666666666666667e-06;340522.36;343245.24;43;0.0;0;2844.321;2844.322;62.322;64.848;29667;Index Scan;6;Inner;;112600;5;0;0;8.331646174982899e-07;0.43;0.61;9;6001215.0;0
Q18_149_seed_1214196588;29668;Limit;0;;;0;100;1631266;0;6.130208071522364e-05;732650.26;732650.51;71;0.0;0;3034.727;3041.059;2925.886;2932.218;0.0;0.0;29669;Sort;1;Outer;;0;1631266;1631266;0;1.0;732650.26;736728.42;71;0.0;0;2925.836;2932.175;0.0;0.0;29670;Aggregate;2;Outer;;0;1631266;1631266;0;1.0;341523.47;670304.45;71;0.0;0;2925.817;2932.152;0.0;0.0;29671;Gather Merge;3;Outer;;0;1631266;526215;0;3.0999990498180403;341523.47;637679.13;44;0.0;3;2913.75;2913.751;0.0;0.0;29672;Incremental Sort;4;Outer;;0;526215;526215;0;1.0;340523.43;445005.33;44;0.0;0;2911.52;2913.706;0.0;0.0;29673;Nested Loop;5;Outer;;0;526215;131527;5;0.8001627042356322;340522.8;430663.58;44;0.0;0;2911.485;2913.651;0.02;0.021;29674;Merge Join;6;Outer;;0;131527;131527;150000;6.666666666666667e-06;340522.36;343245.24;43;0.0;0;2842.62;2842.621;64.806;67.942;29683;Index Scan;6;Inner;;112600;5;0;0;8.331646174982899e-07;0.43;0.61;9;6001215.0;0
Q18_14_seed_106652403;29684;Limit;0;;;0;100;1631266;0;6.130208071522364e-05;732650.26;732650.51;71;0.0;0;3044.681;3051.081;2931.949;2938.348;0.0;0.0;29685;Sort;1;Outer;;0;1631266;1631266;0;1.0;732650.26;736728.42;71;0.0;0;2931.904;2938.31;0.0;0.0;29686;Aggregate;2;Outer;;0;1631266;1631266;0;1.0;341523.47;670304.45;71;0.0;0;2931.892;2938.294;0.0;0.0;29687;Gather Merge;3;Outer;;0;1631266;526215;0;3.0999990498180403;341523.47;637679.13;44;0.0;3;2919.611;2919.613;0.0;0.0;29688;Incremental Sort;4;Outer;;0;526215;526215;0;1.0;340523.43;445005.33;44;0.0;0;2918.147;2919.567;0.0;0.0;29689;Nested Loop;5;Outer;;0;526215;131527;5;0.8001627042356322;340522.8;430663.58;44;0.0;0;2918.11;2919.508;0.021;0.022;29690;Merge Join;6;Outer;;0;131527;131527;150000;6.666666666666667e-06;340522.36;343245.24;43;0.0;0;2851.449;2851.45;63.505;65.568;29699;Index Scan;6;Inner;;112600;5;0;0;8.331646174982899e-07;0.43;0.61;9;6001215.0;0
Q18_150_seed_1231235959;29700;Limit;0;;;0;100;1631266;0;6.130208071522364e-05;732650.26;732650.51;71;0.0;0;3068.784;3075.103;2952.77;2959.088;0.0;0.0;29701;Sort;1;Outer;;0;1631266;1631266;0;1.0;732650.26;736728.42;71;0.0;0;2952.724;2959.05;0.0;0.0;29702;Aggregate;2;Outer;;0;1631266;1631266;0;1.0;341523.47;670304.45;71;0.0;0;2952.711;2959.032;0.0;0.0;29703;Gather Merge;3;Outer;;0;1631266;526215;0;3.0999990498180403;341523.47;637679.13;44;0.0;3;2940.492;2940.493;0.0;0.0;29704;Incremental Sort;4;Outer;;0;526215;526215;0;1.0;340523.43;445005.33;44;0.0;0;2938.857;2940.439;0.0;0.0;29705;Nested Loop;5;Outer;;0;526215;131527;5;0.8001627042356322;340522.8;430663.58;44;0.0;0;2938.818;2940.382;0.021;0.021;29706;Merge Join;6;Outer;;0;131527;131527;150000;6.666666666666667e-06;340522.36;343245.24;43;0.0;0;2873.373;2873.374;62.284;64.426;29715;Index Scan;6;Inner;;112600;5;0;0;8.331646174982899e-07;0.43;0.61;9;6001215.0;0
Q18_16_seed_123060465;29732;Limit;0;;;0;100;1631266;0;6.130208071522364e-05;732650.26;732650.51;71;0.0;0;3045.278;3051.789;2924.992;2931.501;0.0;0.0;29733;Sort;1;Outer;;0;1631266;1631266;0;1.0;732650.26;736728.42;71;0.0;0;2924.934;2931.452;0.0;0.0;29734;Aggregate;2;Outer;;0;1631266;1631266;0;1.0;341523.47;670304.45;71;0.0;0;2924.917;2931.431;0.0;0.0;29735;Gather Merge;3;Outer;;0;1631266;526215;0;3.0999990498180403;341523.47;637679.13;44;0.0;3;2896.663;2896.665;0.0;0.0;29736;Incremental Sort;4;Outer;;0;526215;526215;0;1.0;340523.43;445005.33;44;0.0;0;2894.173;2896.607;0.0;0.0;29737;Nested Loop;5;Outer;;0;526215;131527;5;0.8001627042356322;340522.8;430663.58;44;0.0;0;2894.149;2896.555;0.02;0.02;29738;Merge Join;6;Outer;;0;131527;131527;150000;6.666666666666667e-06;340522.36;343245.24;43;0.0;0;2844.762;2844.763;63.62;66.121;29747;Index Scan;6;Inner;;112600;5;0;0;8.331646174982899e-07;0.43;0.61;9;6001215.0;0
Q18_17_seed_131264496;29748;Limit;0;;;0;100;1631266;0;6.130208071522364e-05;732650.26;732650.51;71;0.0;0;3005.77;3012.092;2891.243;2897.565;0.0;0.0;29749;Sort;1;Outer;;0;1631266;1631266;0;1.0;732650.26;736728.42;71;0.0;0;2891.194;2897.523;0.0;0.0;29750;Aggregate;2;Outer;;0;1631266;1631266;0;1.0;341523.47;670304.45;71;0.0;0;2891.179;2897.504;0.0;0.0;29751;Gather Merge;3;Outer;;0;1631266;526215;0;3.0999990498180403;341523.47;637679.13;44;0.0;3;2878.193;2878.194;0.0;0.0;29752;Incremental Sort;4;Outer;;0;526215;526215;0;1.0;340523.43;445005.33;44;0.0;0;2874.841;2878.141;0.0;0.0;29753;Nested Loop;5;Outer;;0;526215;131527;5;0.8001627042356322;340522.8;430663.58;44;0.0;0;2874.801;2878.077;0.021;0.021;29754;Merge Join;6;Outer;;0;131527;131527;150000;6.666666666666667e-06;340522.36;343245.24;43;0.0;0;2807.755;2807.756;64.259;67.203;29763;Index Scan;6;Inner;;112600;5;0;0;8.331646174982899e-07;0.43;0.61;9;6001215.0;0
Q18_18_seed_139468527;29764;Limit;0;;;0;100;1631266;0;6.130208071522364e-05;732650.26;732650.51;71;0.0;0;3032.208;3039.054;2915.305;2922.15;0.0;0.0;29765;Sort;1;Outer;;0;1631266;1631266;0;1.0;732650.26;736728.42;71;0.0;0;2915.255;2922.107;0.0;0.0;29766;Aggregate;2;Outer;;0;1631266;1631266;0;1.0;341523.47;670304.45;71;0.0;0;2915.241;2922.089;0.0;0.0;29767;Gather Merge;3;Outer;;0;1631266;526215;0;3.0999990498180403;341523.47;637679.13;44;0.0;3;2885.85;2885.852;0.0;0.0;29768;Incremental Sort;4;Outer;;0;526215;526215;0;1.0;340523.43;445005.33;44;0.0;0;2883.996;2885.805;0.0;0.0;29769;Nested Loop;5;Outer;;0;526215;131527;5;0.8001627042356322;340522.8;430663.58;44;0.0;0;2883.973;2885.756;0.016;0.017;29770;Merge Join;6;Outer;;0;131527;131527;150000;6.666666666666667e-06;340522.36;343245.24;43;0.0;0;2829.836;2829.837;68.803;71.462;29779;Index Scan;6;Inner;;112600;5;0;0;8.331646174982899e-07;0.43;0.61;9;6001215.0;0
Q18_19_seed_147672558;29780;Limit;0;;;0;100;1631266;0;6.130208071522364e-05;732650.26;732650.51;71;0.0;0;3032.818;3038.751;2918.524;2924.457;0.0;0.0;29781;Sort;1;Outer;;0;1631266;1631266;0;1.0;732650.26;736728.42;71;0.0;0;2918.475;2924.413;0.0;0.0;29782;Aggregate;2;Outer;;0;1631266;1631266;0;1.0;341523.47;670304.45;71;0.0;0;2918.463;2924.398;0.0;0.0;29783;Gather Merge;3;Outer;;0;1631266;526215;0;3.0999990498180403;341523.47;637679.13;44;0.0;3;2891.694;2891.696;0.0;0.0;29784;Incremental Sort;4;Outer;;0;526215;526215;0;1.0;340523.43;445005.33;44;0.0;0;2889.529;2891.649;0.0;0.0;29785;Nested Loop;5;Outer;;0;526215;131527;5;0.8001627042356322;340522.8;430663.58;44;0.0;0;2889.5;2891.596;0.019;0.02;29786;Merge Join;6;Outer;;0;131527;131527;150000;6.666666666666667e-06;340522.36;343245.24;43;0.0;0;2841.952;2841.953;61.169;63.477;29795;Index Scan;6;Inner;;112600;5;0;0;8.331646174982899e-07;0.43;0.61;9;6001215.0;0
Q18_1_seed_0101000000;29796;Limit;0;;;0;100;1631266;0;6.130208071522364e-05;732650.26;732650.51;71;0.0;0;3045.951;3055.207;2935.477;2944.733;0.0;0.0;29797;Sort;1;Outer;;0;1631266;1631266;0;1.0;732650.26;736728.42;71;0.0;0;2935.432;2944.694;0.0;0.0;29798;Aggregate;2;Outer;;0;1631266;1631266;0;1.0;341523.47;670304.45;71;0.0;0;2935.422;2944.68;0.0;0.0;29799;Gather Merge;3;Outer;;0;1631266;526215;0;3.0999990498180403;341523.47;637679.13;44;0.0;3;2923.738;2923.74;0.0;0.0;29800;Incremental Sort;4;Outer;;0;526215;526215;0;1.0;340523.43;445005.33;44;0.0;0;2921.243;2923.692;0.0;0.0;29801;Nested Loop;5;Outer;;0;526215;131527;5;0.8001627042356322;340522.8;430663.58;44;0.0;0;2921.204;2923.628;0.023;0.024;29802;Merge Join;6;Outer;;0;131527;131527;150000;6.666666666666667e-06;340522.36;343245.24;43;0.0;0;2854.96;2854.961;63.243;65.726;29811;Index Scan;6;Inner;;112600;5;0;0;8.331646174982899e-07;0.43;0.61;9;6001215.0;0
Q18_20_seed_155876589;29812;Limit;0;;;0;100;1631266;0;6.130208071522364e-05;732650.26;732650.51;71;0.0;0;3033.929;3041.496;2915.642;2923.208;0.0;0.0;29813;Sort;1;Outer;;0;1631266;1631266;0;1.0;732650.26;736728.42;71;0.0;0;2915.576;2923.149;0.0;0.0;29814;Aggregate;2;Outer;;0;1631266;1631266;0;1.0;341523.47;670304.45;71;0.0;0;2915.565;2923.135;0.0;0.0;29815;Gather Merge;3;Outer;;0;1631266;526215;0;3.0999990498180403;341523.47;637679.13;44;0.0;3;2903.849;2903.851;0.0;0.0;29816;Incremental Sort;4;Outer;;0;526215;526215;0;1.0;340523.43;445005.33;44;0.0;0;2901.719;2903.806;0.0;0.0;29817;Nested Loop;5;Outer;;0;526215;131527;5;0.8001627042356322;340522.8;430663.58;44;0.0;0;2901.677;2903.741;0.023;0.024;29818;Merge Join;6;Outer;;0;131527;131527;150000;6.666666666666667e-06;340522.36;343245.24;43;0.0;0;2836.05;2836.051;62.344;64.792;29827;Index Scan;6;Inner;;112600;5;0;0;8.331646174982899e-07;0.43;0.61;9;6001215.0;0
Q18_21_seed_164080620;29828;Limit;0;;;0;100;1631266;0;6.130208071522364e-05;732650.26;732650.51;71;0.0;0;3016.389;3024.909;2907.547;2916.067;0.0;0.0;29829;Sort;1;Outer;;0;1631266;1631266;0;1.0;732650.26;736728.42;71;0.0;0;2907.501;2916.028;0.0;0.0;29830;Aggregate;2;Outer;;0;1631266;1631266;0;1.0;341523.47;670304.45;71;0.0;0;2907.49;2916.013;0.0;0.0;29831;Gather Merge;3;Outer;;0;1631266;526215;0;3.0999990498180403;341523.47;637679.13;44;0.0;3;2897.224;2897.226;0.0;0.0;29832;Incremental Sort;4;Outer;;0;526215;526215;0;1.0;340523.43;445005.33;44;0.0;0;2895.178;2897.175;0.0;0.0;29833;Nested Loop;5;Outer;;0;526215;131527;5;0.8001627042356322;340522.8;430663.58;44;0.0;0;2895.135;2897.11;0.024;0.025;29834;Merge Join;6;Outer;;0;131527;131527;150000;6.666666666666667e-06;340522.36;343245.24;43;0.0;0;2829.25;2829.251;62.795;65.078;29843;Index Scan;6;Inner;;112600;5;0;0;8.331646174982899e-07;0.43;0.61;9;6001215.0;0
Q18_23_seed_180488682;29860;Limit;0;;;0;100;1631266;0;6.130208071522364e-05;732650.26;732650.51;71;0.0;0;3041.449;3047.003;2923.209;2928.763;0.0;0.0;29861;Sort;1;Outer;;0;1631266;1631266;0;1.0;732650.26;736728.42;71;0.0;0;2923.161;2928.721;0.0;0.0;29862;Aggregate;2;Outer;;0;1631266;1631266;0;1.0;341523.47;670304.45;71;0.0;0;2923.148;2928.705;0.0;0.0;29863;Gather Merge;3;Outer;;0;1631266;526215;0;3.0999990498180403;341523.47;637679.13;44;0.0;3;2908.216;2908.218;0.0;0.0;29864;Incremental Sort;4;Outer;;0;526215;526215;0;1.0;340523.43;445005.33;44;0.0;0;2906.933;2908.171;0.0;0.0;29865;Nested Loop;5;Outer;;0;526215;131527;5;0.8001627042356322;340522.8;430663.58;44;0.0;0;2906.898;2908.114;0.021;0.022;29866;Merge Join;6;Outer;;0;131527;131527;150000;6.666666666666667e-06;340522.36;343245.24;43;0.0;0;2838.784;2838.785;64.682;66.739;29875;Index Scan;6;Inner;;112600;5;0;0;8.331646174982899e-07;0.43;0.61;9;6001215.0;0
Q18_24_seed_188692713;29876;Limit;0;;;0;100;1631266;0;6.130208071522364e-05;732650.26;732650.51;71;0.0;0;3026.432;3036.05;2914.746;2924.364;0.0;0.0;29877;Sort;1;Outer;;0;1631266;1631266;0;1.0;732650.26;736728.42;71;0.0;0;2914.692;2924.324;0.0;0.0;29878;Aggregate;2;Outer;;0;1631266;1631266;0;1.0;341523.47;670304.45;71;0.0;0;2914.673;2924.295;0.0;0.0;29879;Gather Merge;3;Outer;;0;1631266;526215;0;3.0999990498180403;341523.47;637679.13;44;0.0;3;2903.69;2903.693;0.0;0.0;29880;Incremental Sort;4;Outer;;0;526215;526215;0;1.0;340523.43;445005.33;44;0.0;0;2901.329;2903.635;0.0;0.0;29881;Nested Loop;5;Outer;;0;526215;131527;5;0.8001627042356322;340522.8;430663.58;44;0.0;0;2901.29;2903.572;0.023;0.024;29882;Merge Join;6;Outer;;0;131527;131527;150000;6.666666666666667e-06;340522.36;343245.24;43;0.0;0;2835.34;2835.342;62.898;65.328;29891;Index Scan;6;Inner;;112600;5;0;0;8.331646174982899e-07;0.43;0.61;9;6001215.0;0
Q18_27_seed_213304806;29924;Limit;0;;;0;100;1631266;0;6.130208071522364e-05;732650.26;732650.51;71;0.0;0;3037.677;3043.816;2925.52;2931.658;0.0;0.0;29925;Sort;1;Outer;;0;1631266;1631266;0;1.0;732650.26;736728.42;71;0.0;0;2925.47;2931.615;0.0;0.0;29926;Aggregate;2;Outer;;0;1631266;1631266;0;1.0;341523.47;670304.45;71;0.0;0;2925.458;2931.599;0.0;0.0;29927;Gather Merge;3;Outer;;0;1631266;526215;0;3.0999990498180403;341523.47;637679.13;44;0.0;3;2911.645;2911.647;0.0;0.0;29928;Incremental Sort;4;Outer;;0;526215;526215;0;1.0;340523.43;445005.33;44;0.0;0;2909.381;2911.595;0.0;0.0;29929;Nested Loop;5;Outer;;0;526215;131527;5;0.8001627042356322;340522.8;430663.58;44;0.0;0;2909.342;2911.531;0.021;0.022;29930;Merge Join;6;Outer;;0;131527;131527;150000;6.666666666666667e-06;340522.36;343245.24;43;0.0;0;2838.57;2838.572;65.976;68.585;29939;Index Scan;6;Inner;;112600;5;0;0;8.331646174982899e-07;0.43;0.61;9;6001215.0;0
Q18_30_seed_237916899;29988;Limit;0;;;0;100;1631266;0;6.130208071522364e-05;732650.26;732650.51;71;0.0;0;3036.889;3042.969;2920.26;2926.34;0.0;0.0;29989;Sort;1;Outer;;0;1631266;1631266;0;1.0;732650.26;736728.42;71;0.0;0;2920.208;2926.294;0.0;0.0;29990;Aggregate;2;Outer;;0;1631266;1631266;0;1.0;341523.47;670304.45;71;0.0;0;2920.193;2926.276;0.0;0.0;29991;Gather Merge;3;Outer;;0;1631266;526215;0;3.0999990498180403;341523.47;637679.13;44;0.0;3;2891.697;2891.699;0.0;0.0;29992;Incremental Sort;4;Outer;;0;526215;526215;0;1.0;340523.43;445005.33;44;0.0;0;2889.757;2891.648;0.0;0.0;29993;Nested Loop;5;Outer;;0;526215;131527;5;0.8001627042356322;340522.8;430663.58;44;0.0;0;2889.731;2891.597;0.018;0.019;29994;Merge Join;6;Outer;;0;131527;131527;150000;6.666666666666667e-06;340522.36;343245.24;43;0.0;0;2840.487;2840.488;64.116;65.962;30003;Index Scan;6;Inner;;112600;5;0;0;8.331646174982899e-07;0.43;0.61;9;6001215.0;0
Q18_32_seed_254324961;30020;Limit;0;;;0;100;1631266;0;6.130208071522364e-05;732650.26;732650.51;71;0.0;0;3046.898;3053.435;2926.391;2932.928;0.0;0.0;30021;Sort;1;Outer;;0;1631266;1631266;0;1.0;732650.26;736728.42;71;0.0;0;2926.34;2932.884;0.0;0.0;30022;Aggregate;2;Outer;;0;1631266;1631266;0;1.0;341523.47;670304.45;71;0.0;0;2926.327;2932.866;0.0;0.0;30023;Gather Merge;3;Outer;;0;1631266;526215;0;3.0999990498180403;341523.47;637679.13;44;0.0;3;2897.32;2897.322;0.0;0.0;30024;Incremental Sort;4;Outer;;0;526215;526215;0;1.0;340523.43;445005.33;44;0.0;0;2895.278;2897.272;0.0;0.0;30025;Nested Loop;5;Outer;;0;526215;131527;5;0.8001627042356322;340522.8;430663.58;44;0.0;0;2895.248;2897.222;0.018;0.018;30026;Merge Join;6;Outer;;0;131527;131527;150000;6.666666666666667e-06;340522.36;343245.24;43;0.0;0;2845.504;2845.505;63.779;66.179;30035;Index Scan;6;Inner;;112600;5;0;0;8.331646174982899e-07;0.43;0.61;9;6001215.0;0
Q18_33_seed_262528992;30036;Limit;0;;;0;100;1631266;0;6.130208071522364e-05;732650.26;732650.51;71;0.0;0;3048.556;3054.589;2937.166;2943.199;0.0;0.0;30037;Sort;1;Outer;;0;1631266;1631266;0;1.0;732650.26;736728.42;71;0.0;0;2937.113;2943.154;0.0;0.0;30038;Aggregate;2;Outer;;0;1631266;1631266;0;1.0;341523.47;670304.45;71;0.0;0;2937.093;2943.129;0.0;0.0;30039;Gather Merge;3;Outer;;0;1631266;526215;0;3.0999990498180403;341523.47;637679.13;44;0.0;3;2922.343;2922.345;0.0;0.0;30040;Incremental Sort;4;Outer;;0;526215;526215;0;1.0;340523.43;445005.33;44;0.0;0;2920.354;2922.297;0.0;0.0;30041;Nested Loop;5;Outer;;0;526215;131527;5;0.8001627042356322;340522.8;430663.58;44;0.0;0;2920.306;2922.205;0.037;0.038;30042;Merge Join;6;Outer;;0;131527;131527;150000;6.666666666666667e-06;340522.36;343245.24;43;0.0;0;2854.662;2854.663;63.021;65.221;30051;Index Scan;6;Inner;;112600;5;0;0;8.331646174982899e-07;0.43;0.61;9;6001215.0;0
Q18_35_seed_278937054;30068;Limit;0;;;0;100;1631266;0;6.130208071522364e-05;732650.26;732650.51;71;0.0;0;3014.054;3022.573;2899.461;2907.98;0.0;0.0;30069;Sort;1;Outer;;0;1631266;1631266;0;1.0;732650.26;736728.42;71;0.0;0;2899.413;2907.938;0.0;0.0;30070;Aggregate;2;Outer;;0;1631266;1631266;0;1.0;341523.47;670304.45;71;0.0;0;2899.395;2907.917;0.0;0.0;30071;Gather Merge;3;Outer;;0;1631266;526215;0;3.0999990498180403;341523.47;637679.13;44;0.0;3;2887.694;2887.696;0.0;0.0;30072;Incremental Sort;4;Outer;;0;526215;526215;0;1.0;340523.43;445005.33;44;0.0;0;2885.458;2887.62;0.0;0.0;30073;Nested Loop;5;Outer;;0;526215;131527;5;0.8001627042356322;340522.8;430663.58;44;0.0;0;2885.42;2887.552;0.023;0.023;30074;Merge Join;6;Outer;;0;131527;131527;150000;6.666666666666667e-06;340522.36;343245.24;43;0.0;0;2813.63;2813.631;68.047;70.696;30083;Index Scan;6;Inner;;112600;5;0;0;8.331646174982899e-07;0.43;0.61;9;6001215.0;0
Q18_37_seed_295345116;30100;Limit;0;;;0;100;1631266;0;6.130208071522364e-05;732650.26;732650.51;71;0.0;0;3057.198;3064.743;2940.511;2948.056;0.0;0.0;30101;Sort;1;Outer;;0;1631266;1631266;0;1.0;732650.26;736728.42;71;0.0;0;2940.459;2948.01;0.0;0.0;30102;Aggregate;2;Outer;;0;1631266;1631266;0;1.0;341523.47;670304.45;71;0.0;0;2940.449;2947.996;0.0;0.0;30103;Gather Merge;3;Outer;;0;1631266;526215;0;3.0999990498180403;341523.47;637679.13;44;0.0;3;2928.364;2928.366;0.0;0.0;30104;Incremental Sort;4;Outer;;0;526215;526215;0;1.0;340523.43;445005.33;44;0.0;0;2927.043;2928.323;0.0;0.0;30105;Nested Loop;5;Outer;;0;526215;131527;5;0.8001627042356322;340522.8;430663.58;44;0.0;0;2927.006;2928.264;0.021;0.022;30106;Merge Join;6;Outer;;0;131527;131527;150000;6.666666666666667e-06;340522.36;343245.24;43;0.0;0;2858.139;2858.141;65.625;67.689;30115;Index Scan;6;Inner;;112600;5;0;0;8.331646174982899e-07;0.43;0.61;9;6001215.0;0
Q18_38_seed_303549147;30116;Limit;0;;;0;100;1631266;0;6.130208071522364e-05;732650.26;732650.51;71;0.0;0;3072.501;3078.474;2954.269;2960.242;0.0;0.0;30117;Sort;1;Outer;;0;1631266;1631266;0;1.0;732650.26;736728.42;71;0.0;0;2954.221;2960.201;0.0;0.0;30118;Aggregate;2;Outer;;0;1631266;1631266;0;1.0;341523.47;670304.45;71;0.0;0;2954.207;2960.183;0.0;0.0;30119;Gather Merge;3;Outer;;0;1631266;526215;0;3.0999990498180403;341523.47;637679.13;44;0.0;3;2939.608;2939.61;0.0;0.0;30120;Incremental Sort;4;Outer;;0;526215;526215;0;1.0;340523.43;445005.33;44;0.0;0;2937.945;2939.555;0.0;0.0;30121;Nested Loop;5;Outer;;0;526215;131527;5;0.8001627042356322;340522.8;430663.58;44;0.0;0;2937.909;2939.497;0.021;0.022;30122;Merge Join;6;Outer;;0;131527;131527;150000;6.666666666666667e-06;340522.36;343245.24;43;0.0;0;2868.353;2868.355;66.415;68.717;30131;Index Scan;6;Inner;;112600;5;0;0;8.331646174982899e-07;0.43;0.61;9;6001215.0;0
Q18_39_seed_311753178;30132;Limit;0;;;0;100;1631266;0;6.130208071522364e-05;732650.26;732650.51;71;0.0;0;3059.559;3065.465;2948.619;2954.524;0.0;0.0;30133;Sort;1;Outer;;0;1631266;1631266;0;1.0;732650.26;736728.42;71;0.0;0;2948.569;2954.481;0.0;0.0;30134;Aggregate;2;Outer;;0;1631266;1631266;0;1.0;341523.47;670304.45;71;0.0;0;2948.558;2954.466;0.0;0.0;30135;Gather Merge;3;Outer;;0;1631266;526215;0;3.0999990498180403;341523.47;637679.13;44;0.0;3;2935.738;2935.74;0.0;0.0;30136;Incremental Sort;4;Outer;;0;526215;526215;0;1.0;340523.43;445005.33;44;0.0;0;2933.968;2935.693;0.0;0.0;30137;Nested Loop;5;Outer;;0;526215;131527;5;0.8001627042356322;340522.8;430663.58;44;0.0;0;2933.928;2935.627;0.024;0.025;30138;Merge Join;6;Outer;;0;131527;131527;150000;6.666666666666667e-06;340522.36;343245.24;43;0.0;0;2867.876;2867.878;63.246;65.274;30147;Index Scan;6;Inner;;112600;5;0;0;8.331646174982899e-07;0.43;0.61;9;6001215.0;0
Q18_3_seed_16408062;30148;Limit;0;;;0;100;1631266;0;6.130208071522364e-05;732650.26;732650.51;71;0.0;0;3063.362;3069.134;2952.227;2957.998;0.0;0.0;30149;Sort;1;Outer;;0;1631266;1631266;0;1.0;732650.26;736728.42;71;0.0;0;2952.174;2957.952;0.0;0.0;30150;Aggregate;2;Outer;;0;1631266;1631266;0;1.0;341523.47;670304.45;71;0.0;0;2952.163;2957.937;0.0;0.0;30151;Gather Merge;3;Outer;;0;1631266;526215;0;3.0999990498180403;341523.47;637679.13;44;0.0;3;2923.53;2923.531;0.0;0.0;30152;Incremental Sort;4;Outer;;0;526215;526215;0;1.0;340523.43;445005.33;44;0.0;0;2921.587;2923.479;0.0;0.0;30153;Nested Loop;5;Outer;;0;526215;131527;5;0.8001627042356322;340522.8;430663.58;44;0.0;0;2921.559;2923.429;0.018;0.019;30154;Merge Join;6;Outer;;0;131527;131527;150000;6.666666666666667e-06;340522.36;343245.24;43;0.0;0;2871.036;2871.037;64.771;67.128;30163;Index Scan;6;Inner;;112600;5;0;0;8.331646174982899e-07;0.43;0.61;9;6001215.0;0
Q18_40_seed_319957209;30164;Limit;0;;;0;100;1631266;0;6.130208071522364e-05;732650.26;732650.51;71;0.0;0;3019.577;3026.23;2905.117;2911.769;0.0;0.0;30165;Sort;1;Outer;;0;1631266;1631266;0;1.0;732650.26;736728.42;71;0.0;0;2905.068;2911.726;0.0;0.0;30166;Aggregate;2;Outer;;0;1631266;1631266;0;1.0;341523.47;670304.45;71;0.0;0;2905.046;2911.699;0.0;0.0;30167;Gather Merge;3;Outer;;0;1631266;526215;0;3.0999990498180403;341523.47;637679.13;44;0.0;3;2876.289;2876.291;0.0;0.0;30168;Incremental Sort;4;Outer;;0;526215;526215;0;1.0;340523.43;445005.33;44;0.0;0;2874.788;2876.245;0.0;0.0;30169;Nested Loop;5;Outer;;0;526215;131527;5;0.8001627042356322;340522.8;430663.58;44;0.0;0;2874.76;2876.19;0.02;0.021;30170;Merge Join;6;Outer;;0;131527;131527;150000;6.666666666666667e-06;340522.36;343245.24;43;0.0;0;2826.505;2826.506;61.732;63.812;30179;Index Scan;6;Inner;;112600;5;0;0;8.331646174982899e-07;0.43;0.61;9;6001215.0;0
Q18_41_seed_328161240;30180;Limit;0;;;0;100;1631266;0;6.130208071522364e-05;732650.26;732650.51;71;0.0;0;3040.616;3047.82;2923.716;2930.92;0.0;0.0;30181;Sort;1;Outer;;0;1631266;1631266;0;1.0;732650.26;736728.42;71;0.0;0;2923.669;2930.878;0.0;0.0;30182;Aggregate;2;Outer;;0;1631266;1631266;0;1.0;341523.47;670304.45;71;0.0;0;2923.655;2930.861;0.0;0.0;30183;Gather Merge;3;Outer;;0;1631266;526215;0;3.0999990498180403;341523.47;637679.13;44;0.0;3;2911.547;2911.548;0.0;0.0;30184;Incremental Sort;4;Outer;;0;526215;526215;0;1.0;340523.43;445005.33;44;0.0;0;2909.705;2911.49;0.0;0.0;30185;Nested Loop;5;Outer;;0;526215;131527;5;0.8001627042356322;340522.8;430663.58;44;0.0;0;2909.67;2911.436;0.02;0.021;30186;Merge Join;6;Outer;;0;131527;131527;150000;6.666666666666667e-06;340522.36;343245.24;43;0.0;0;2842.271;2842.273;64.414;66.594;30195;Index Scan;6;Inner;;112600;5;0;0;8.331646174982899e-07;0.43;0.61;9;6001215.0;0
Q18_43_seed_344569302;30212;Limit;0;;;0;100;1631266;0;6.130208071522364e-05;732650.26;732650.51;71;0.0;0;3046.213;3051.382;2927.563;2932.731;0.0;0.0;30213;Sort;1;Outer;;0;1631266;1631266;0;1.0;732650.26;736728.42;71;0.0;0;2927.506;2932.681;0.0;0.0;30214;Aggregate;2;Outer;;0;1631266;1631266;0;1.0;341523.47;670304.45;71;0.0;0;2927.495;2932.666;0.0;0.0;30215;Gather Merge;3;Outer;;0;1631266;526215;0;3.0999990498180403;341523.47;637679.13;44;0.0;3;2915.251;2915.253;0.0;0.0;30216;Incremental Sort;4;Outer;;0;526215;526215;0;1.0;340523.43;445005.33;44;0.0;0;2913.463;2915.208;0.0;0.0;30217;Nested Loop;5;Outer;;0;526215;131527;5;0.8001627042356322;340522.8;430663.58;44;0.0;0;2913.428;2915.145;0.021;0.022;30218;Merge Join;6;Outer;;0;131527;131527;150000;6.666666666666667e-06;340522.36;343245.24;43;0.0;0;2846.014;2846.015;64.219;66.426;30227;Index Scan;6;Inner;;112600;5;0;0;8.331646174982899e-07;0.43;0.61;9;6001215.0;0
Q18_44_seed_352773333;30228;Limit;0;;;0;100;1631266;0;6.130208071522364e-05;732650.26;732650.51;71;0.0;0;3035.72;3038.778;2927.013;2930.071;0.0;0.0;30229;Sort;1;Outer;;0;1631266;1631266;0;1.0;732650.26;736728.42;71;0.0;0;2926.967;2930.032;0.0;0.0;30230;Aggregate;2;Outer;;0;1631266;1631266;0;1.0;341523.47;670304.45;71;0.0;0;2926.952;2930.013;0.0;0.0;30231;Gather Merge;3;Outer;;0;1631266;526215;0;3.0999990498180403;341523.47;637679.13;44;0.0;3;2906.437;2906.439;0.0;0.0;30232;Incremental Sort;4;Outer;;0;526215;526215;0;1.0;340523.43;445005.33;44;0.0;0;2903.484;2906.388;0.0;0.0;30233;Nested Loop;5;Outer;;0;526215;131527;5;0.8001627042356322;340522.8;430663.58;44;0.0;0;2903.452;2906.33;0.019;0.02;30234;Merge Join;6;Outer;;0;131527;131527;150000;6.666666666666667e-06;340522.36;343245.24;43;0.0;0;2827.24;2827.241;71.127;75.167;30243;Index Scan;6;Inner;;112600;5;0;0;8.331646174982899e-07;0.43;0.61;9;6001215.0;0
Q18_45_seed_360977364;30244;Limit;0;;;0;100;1631266;0;6.130208071522364e-05;732650.26;732650.51;71;0.0;0;3040.461;3046.601;2929.977;2936.117;0.0;0.0;30245;Sort;1;Outer;;0;1631266;1631266;0;1.0;732650.26;736728.42;71;0.0;0;2929.923;2936.069;0.0;0.0;30246;Aggregate;2;Outer;;0;1631266;1631266;0;1.0;341523.47;670304.45;71;0.0;0;2929.912;2936.054;0.0;0.0;30247;Gather Merge;3;Outer;;0;1631266;526215;0;3.0999990498180403;341523.47;637679.13;44;0.0;3;2901.918;2901.919;0.0;0.0;30248;Incremental Sort;4;Outer;;0;526215;526215;0;1.0;340523.43;445005.33;44;0.0;0;2899.615;2901.874;0.0;0.0;30249;Nested Loop;5;Outer;;0;526215;131527;5;0.8001627042356322;340522.8;430663.58;44;0.0;0;2899.586;2901.823;0.019;0.02;30250;Merge Join;6;Outer;;0;131527;131527;150000;6.666666666666667e-06;340522.36;343245.24;43;0.0;0;2850.965;2850.966;62.542;64.984;30259;Index Scan;6;Inner;;112600;5;0;0;8.331646174982899e-07;0.43;0.61;9;6001215.0;0
Q18_47_seed_377385426;30276;Limit;0;;;0;100;1631266;0;6.130208071522364e-05;732650.26;732650.51;71;0.0;0;3049.531;3057.58;2931.586;2939.634;0.0;0.0;30277;Sort;1;Outer;;0;1631266;1631266;0;1.0;732650.26;736728.42;71;0.0;0;2931.53;2939.587;0.0;0.0;30278;Aggregate;2;Outer;;0;1631266;1631266;0;1.0;341523.47;670304.45;71;0.0;0;2931.515;2939.567;0.0;0.0;30279;Gather Merge;3;Outer;;0;1631266;526215;0;3.0999990498180403;341523.47;637679.13;44;0.0;3;2917.438;2917.439;0.0;0.0;30280;Incremental Sort;4;Outer;;0;526215;526215;0;1.0;340523.43;445005.33;44;0.0;0;2915.224;2917.391;0.0;0.0;30281;Nested Loop;5;Outer;;0;526215;131527;5;0.8001627042356322;340522.8;430663.58;44;0.0;0;2915.185;2917.33;0.022;0.023;30282;Merge Join;6;Outer;;0;131527;131527;150000;6.666666666666667e-06;340522.36;343245.24;43;0.0;0;2847.89;2847.891;63.892;66.404;30291;Index Scan;6;Inner;;112600;5;0;0;8.331646174982899e-07;0.43;0.61;9;6001215.0;0
Q18_49_seed_393793488;30308;Limit;0;;;0;100;1631266;0;6.130208071522364e-05;732650.26;732650.51;71;0.0;0;3056.601;3062.614;2938.001;2944.013;0.0;0.0;30309;Sort;1;Outer;;0;1631266;1631266;0;1.0;732650.26;736728.42;71;0.0;0;2937.953;2943.971;0.0;0.0;30310;Aggregate;2;Outer;;0;1631266;1631266;0;1.0;341523.47;670304.45;71;0.0;0;2937.936;2943.951;0.0;0.0;30311;Gather Merge;3;Outer;;0;1631266;526215;0;3.0999990498180403;341523.47;637679.13;44;0.0;3;2923.409;2923.411;0.0;0.0;30312;Incremental Sort;4;Outer;;0;526215;526215;0;1.0;340523.43;445005.33;44;0.0;0;2919.983;2923.361;0.0;0.0;30313;Nested Loop;5;Outer;;0;526215;131527;5;0.8001627042356322;340522.8;430663.58;44;0.0;0;2919.949;2923.301;0.023;0.024;30314;Merge Join;6;Outer;;0;131527;131527;150000;6.666666666666667e-06;340522.36;343245.24;43;0.0;0;2852.322;2852.323;63.765;66.285;30323;Index Scan;6;Inner;;112600;5;0;0;8.331646174982899e-07;0.43;0.61;9;6001215.0;0
Q18_4_seed_24612093;30324;Limit;0;;;0;100;1631266;0;6.130208071522364e-05;732650.26;732650.51;71;0.0;0;3034.719;3041.229;2919.305;2925.815;0.0;0.0;30325;Sort;1;Outer;;0;1631266;1631266;0;1.0;732650.26;736728.42;71;0.0;0;2919.26;2925.776;0.0;0.0;30326;Aggregate;2;Outer;;0;1631266;1631266;0;1.0;341523.47;670304.45;71;0.0;0;2919.248;2925.76;0.0;0.0;30327;Gather Merge;3;Outer;;0;1631266;526215;0;3.0999990498180403;341523.47;637679.13;44;0.0;3;2904.147;2904.15;0.0;0.0;30328;Incremental Sort;4;Outer;;0;526215;526215;0;1.0;340523.43;445005.33;44;0.0;0;2902.75;2904.093;0.0;0.0;30329;Nested Loop;5;Outer;;0;526215;131527;5;0.8001627042356322;340522.8;430663.58;44;0.0;0;2902.71;2904.032;0.021;0.022;30330;Merge Join;6;Outer;;0;131527;131527;150000;6.666666666666667e-06;340522.36;343245.24;43;0.0;0;2834.327;2834.328;64.865;67.078;30339;Index Scan;6;Inner;;112600;5;0;0;8.331646174982899e-07;0.43;0.61;9;6001215.0;0
Q18_50_seed_401997519;30340;Limit;0;;;0;100;1631266;0;6.130208071522364e-05;732650.26;732650.51;71;0.0;0;3046.993;3054.417;2929.089;2936.513;0.0;0.0;30341;Sort;1;Outer;;0;1631266;1631266;0;1.0;732650.26;736728.42;71;0.0;0;2929.044;2936.473;0.0;0.0;30342;Aggregate;2;Outer;;0;1631266;1631266;0;1.0;341523.47;670304.45;71;0.0;0;2929.034;2936.46;0.0;0.0;30343;Gather Merge;3;Outer;;0;1631266;526215;0;3.0999990498180403;341523.47;637679.13;44;0.0;3;2917.269;2917.27;0.0;0.0;30344;Incremental Sort;4;Outer;;0;526215;526215;0;1.0;340523.43;445005.33;44;0.0;0;2915.078;2917.22;0.0;0.0;30345;Nested Loop;5;Outer;;0;526215;131527;5;0.8001627042356322;340522.8;430663.58;44;0.0;0;2915.039;2917.154;0.025;0.026;30346;Merge Join;6;Outer;;0;131527;131527;150000;6.666666666666667e-06;340522.36;343245.24;43;0.0;0;2847.452;2847.453;65.07;67.167;30355;Index Scan;6;Inner;;112600;5;0;0;8.331646174982899e-07;0.43;0.61;9;6001215.0;0
Q18_52_seed_418405581;30372;Limit;0;;;0;100;1631266;0;6.130208071522364e-05;732650.26;732650.51;71;0.0;0;3056.837;3063.921;2936.589;2943.673;0.0;0.0;30373;Sort;1;Outer;;0;1631266;1631266;0;1.0;732650.26;736728.42;71;0.0;0;2936.533;2943.624;0.0;0.0;30374;Aggregate;2;Outer;;0;1631266;1631266;0;1.0;341523.47;670304.45;71;0.0;0;2936.521;2943.608;0.0;0.0;30375;Gather Merge;3;Outer;;0;1631266;526215;0;3.0999990498180403;341523.47;637679.13;44;0.0;3;2924.499;2924.501;0.0;0.0;30376;Incremental Sort;4;Outer;;0;526215;526215;0;1.0;340523.43;445005.33;44;0.0;0;2922.052;2924.453;0.0;0.0;30377;Nested Loop;5;Outer;;0;526215;131527;5;0.8001627042356322;340522.8;430663.58;44;0.0;0;2922.014;2924.387;0.022;0.023;30378;Merge Join;6;Outer;;0;131527;131527;150000;6.666666666666667e-06;340522.36;343245.24;43;0.0;0;2854.596;2854.598;64.254;66.764;30387;Index Scan;6;Inner;;112600;5;0;0;8.331646174982899e-07;0.43;0.61;9;6001215.0;0
Q18_54_seed_434813643;30404;Limit;0;;;0;100;1631266;0;6.130208071522364e-05;732650.26;732650.51;71;0.0;0;3037.523;3047.07;2924.236;2933.782;0.0;0.0;30405;Sort;1;Outer;;0;1631266;1631266;0;1.0;732650.26;736728.42;71;0.0;0;2924.19;2933.742;0.0;0.0;30406;Aggregate;2;Outer;;0;1631266;1631266;0;1.0;341523.47;670304.45;71;0.0;0;2924.177;2933.725;0.0;0.0;30407;Gather Merge;3;Outer;;0;1631266;526215;0;3.0999990498180403;341523.47;637679.13;44;0.0;3;2913.876;2913.878;0.0;0.0;30408;Incremental Sort;4;Outer;;0;526215;526215;0;1.0;340523.43;445005.33;44;0.0;0;2911.909;2913.833;0.0;0.0;30409;Nested Loop;5;Outer;;0;526215;131527;5;0.8001627042356322;340522.8;430663.58;44;0.0;0;2911.867;2913.762;0.027;0.028;30410;Merge Join;6;Outer;;0;131527;131527;150000;6.666666666666667e-06;340522.36;343245.24;43;0.0;0;2845.061;2845.062;63.274;65.756;30419;Index Scan;6;Inner;;112600;5;0;0;8.331646174982899e-07;0.43;0.61;9;6001215.0;0
Q18_55_seed_443017674;30420;Limit;0;;;0;100;1631266;0;6.130208071522364e-05;732650.26;732650.51;71;0.0;0;3066.646;3072.486;2951.42;2957.26;0.0;0.0;30421;Sort;1;Outer;;0;1631266;1631266;0;1.0;732650.26;736728.42;71;0.0;0;2951.369;2957.217;0.0;0.0;30422;Aggregate;2;Outer;;0;1631266;1631266;0;1.0;341523.47;670304.45;71;0.0;0;2951.358;2957.201;0.0;0.0;30423;Gather Merge;3;Outer;;0;1631266;526215;0;3.0999990498180403;341523.47;637679.13;44;0.0;3;2937.771;2937.772;0.0;0.0;30424;Incremental Sort;4;Outer;;0;526215;526215;0;1.0;340523.43;445005.33;44;0.0;0;2934.897;2937.716;0.0;0.0;30425;Nested Loop;5;Outer;;0;526215;131527;5;0.8001627042356322;340522.8;430663.58;44;0.0;0;2934.864;2937.66;0.021;0.021;30426;Merge Join;6;Outer;;0;131527;131527;150000;6.666666666666667e-06;340522.36;343245.24;43;0.0;0;2867.041;2867.042;64.11;67.784;30435;Index Scan;6;Inner;;112600;5;0;0;8.331646174982899e-07;0.43;0.61;9;6001215.0;0
Q18_57_seed_459425736;30452;Limit;0;;;0;100;1631266;0;6.130208071522364e-05;732650.26;732650.51;71;0.0;0;3036.659;3045.576;2923.007;2931.923;0.0;0.0;30453;Sort;1;Outer;;0;1631266;1631266;0;1.0;732650.26;736728.42;71;0.0;0;2922.953;2931.876;0.0;0.0;30454;Aggregate;2;Outer;;0;1631266;1631266;0;1.0;341523.47;670304.45;71;0.0;0;2922.939;2931.859;0.0;0.0;30455;Gather Merge;3;Outer;;0;1631266;526215;0;3.0999990498180403;341523.47;637679.13;44;0.0;3;2910.793;2910.794;0.0;0.0;30456;Incremental Sort;4;Outer;;0;526215;526215;0;1.0;340523.43;445005.33;44;0.0;0;2908.235;2910.739;0.0;0.0;30457;Nested Loop;5;Outer;;0;526215;131527;5;0.8001627042356322;340522.8;430663.58;44;0.0;0;2908.192;2910.677;0.022;0.023;30458;Merge Join;6;Outer;;0;131527;131527;150000;6.666666666666667e-06;340522.36;343245.24;43;0.0;0;2843.289;2843.291;62.421;64.674;30467;Index Scan;6;Inner;;112600;5;0;0;8.331646174982899e-07;0.43;0.61;9;6001215.0;0
Q18_58_seed_467629767;30468;Limit;0;;;0;100;1631266;0;6.130208071522364e-05;732650.26;732650.51;71;0.0;0;3061.071;3070.081;2949.367;2958.377;0.0;0.0;30469;Sort;1;Outer;;0;1631266;1631266;0;1.0;732650.26;736728.42;71;0.0;0;2949.325;2958.341;0.0;0.0;30470;Aggregate;2;Outer;;0;1631266;1631266;0;1.0;341523.47;670304.45;71;0.0;0;2949.307;2958.32;0.0;0.0;30471;Gather Merge;3;Outer;;0;1631266;526215;0;3.0999990498180403;341523.47;637679.13;44;0.0;3;2938.758;2938.759;0.0;0.0;30472;Incremental Sort;4;Outer;;0;526215;526215;0;1.0;340523.43;445005.33;44;0.0;0;2936.478;2938.711;0.0;0.0;30473;Nested Loop;5;Outer;;0;526215;131527;5;0.8001627042356322;340522.8;430663.58;44;0.0;0;2936.437;2938.648;0.022;0.024;30474;Merge Join;6;Outer;;0;131527;131527;150000;6.666666666666667e-06;340522.36;343245.24;43;0.0;0;2870.026;2870.027;62.997;65.559;30483;Index Scan;6;Inner;;112600;5;0;0;8.331646174982899e-07;0.43;0.61;9;6001215.0;0
Q18_59_seed_475833798;30484;Limit;0;;;0;100;1631266;0;6.130208071522364e-05;732650.26;732650.51;71;0.0;0;3037.429;3042.774;2920.137;2925.482;0.0;0.0;30485;Sort;1;Outer;;0;1631266;1631266;0;1.0;732650.26;736728.42;71;0.0;0;2920.093;2925.444;0.0;0.0;30486;Aggregate;2;Outer;;0;1631266;1631266;0;1.0;341523.47;670304.45;71;0.0;0;2920.075;2925.423;0.0;0.0;30487;Gather Merge;3;Outer;;0;1631266;526215;0;3.0999990498180403;341523.47;637679.13;44;0.0;3;2889.455;2889.456;0.0;0.0;30488;Incremental Sort;4;Outer;;0;526215;526215;0;1.0;340523.43;445005.33;44;0.0;0;2888.036;2889.403;0.0;0.0;30489;Nested Loop;5;Outer;;0;526215;131527;5;0.8001627042356322;340522.8;430663.58;44;0.0;0;2888.011;2889.358;0.016;0.017;30490;Merge Join;6;Outer;;0;131527;131527;150000;6.666666666666667e-06;340522.36;343245.24;43;0.0;0;2840.014;2840.015;61.744;63.609;30499;Index Scan;6;Inner;;112600;5;0;0;8.331646174982899e-07;0.43;0.61;9;6001215.0;0
Q18_5_seed_32816124;30500;Limit;0;;;0;100;1631266;0;6.130208071522364e-05;732650.26;732650.51;71;0.0;0;3062.692;3070.018;2951.318;2958.644;0.0;0.0;30501;Sort;1;Outer;;0;1631266;1631266;0;1.0;732650.26;736728.42;71;0.0;0;2951.268;2958.602;0.0;0.0;30502;Aggregate;2;Outer;;0;1631266;1631266;0;1.0;341523.47;670304.45;71;0.0;0;2951.255;2958.584;0.0;0.0;30503;Gather Merge;3;Outer;;0;1631266;526215;0;3.0999990498180403;341523.47;637679.13;44;0.0;3;2937.785;2937.786;0.0;0.0;30504;Incremental Sort;4;Outer;;0;526215;526215;0;1.0;340523.43;445005.33;44;0.0;0;2936.002;2937.734;0.0;0.0;30505;Nested Loop;5;Outer;;0;526215;131527;5;0.8001627042356322;340522.8;430663.58;44;0.0;0;2935.971;2937.685;0.018;0.019;30506;Merge Join;6;Outer;;0;131527;131527;150000;6.666666666666667e-06;340522.36;343245.24;43;0.0;0;2868.881;2868.882;63.609;65.914;30515;Index Scan;6;Inner;;112600;5;0;0;8.331646174982899e-07;0.43;0.61;9;6001215.0;0
Q18_60_seed_484037829;30516;Limit;0;;;0;100;1631266;0;6.130208071522364e-05;732650.26;732650.51;71;0.0;0;2998.28;3005.816;2884.528;2892.063;0.0;0.0;30517;Sort;1;Outer;;0;1631266;1631266;0;1.0;732650.26;736728.42;71;0.0;0;2884.476;2892.019;0.0;0.0;30518;Aggregate;2;Outer;;0;1631266;1631266;0;1.0;341523.47;670304.45;71;0.0;0;2884.464;2892.003;0.0;0.0;30519;Gather Merge;3;Outer;;0;1631266;526215;0;3.0999990498180403;341523.47;637679.13;44;0.0;3;2870.484;2870.485;0.0;0.0;30520;Incremental Sort;4;Outer;;0;526215;526215;0;1.0;340523.43;445005.33;44;0.0;0;2868.721;2870.443;0.0;0.0;30521;Nested Loop;5;Outer;;0;526215;131527;5;0.8001627042356322;340522.8;430663.58;44;0.0;0;2868.683;2870.372;0.024;0.025;30522;Merge Join;6;Outer;;0;131527;131527;150000;6.666666666666667e-06;340522.36;343245.24;43;0.0;0;2800.541;2800.542;64.674;66.895;30531;Index Scan;6;Inner;;112600;5;0;0;8.331646174982899e-07;0.43;0.61;9;6001215.0;0
Q18_61_seed_492241860;30532;Limit;0;;;0;100;1631266;0;6.130208071522364e-05;732650.26;732650.51;71;0.0;0;3012.614;3018.73;2893.053;2899.168;0.0;0.0;30533;Sort;1;Outer;;0;1631266;1631266;0;1.0;732650.26;736728.42;71;0.0;0;2893.0;2899.122;0.0;0.0;30534;Aggregate;2;Outer;;0;1631266;1631266;0;1.0;341523.47;670304.45;71;0.0;0;2892.984;2899.103;0.0;0.0;30535;Gather Merge;3;Outer;;0;1631266;526215;0;3.0999990498180403;341523.47;637679.13;44;0.0;3;2879.347;2879.349;0.0;0.0;30536;Incremental Sort;4;Outer;;0;526215;526215;0;1.0;340523.43;445005.33;44;0.0;0;2876.363;2879.299;0.0;0.0;30537;Nested Loop;5;Outer;;0;526215;131527;5;0.8001627042356322;340522.8;430663.58;44;0.0;0;2876.33;2879.242;0.019;0.02;30538;Merge Join;6;Outer;;0;131527;131527;150000;6.666666666666667e-06;340522.36;343245.24;43;0.0;0;2809.88;2809.882;63.633;66.05;30547;Index Scan;6;Inner;;112600;5;0;0;8.331646174982899e-07;0.43;0.61;9;6001215.0;0
Q18_63_seed_508649922;30564;Limit;0;;;0;100;1631266;0;6.130208071522364e-05;732650.26;732650.51;71;0.0;0;3044.628;3053.518;2924.019;2932.909;0.0;0.0;30565;Sort;1;Outer;;0;1631266;1631266;0;1.0;732650.26;736728.42;71;0.0;0;2923.971;2932.868;0.0;0.0;30566;Aggregate;2;Outer;;0;1631266;1631266;0;1.0;341523.47;670304.45;71;0.0;0;2923.958;2932.851;0.0;0.0;30567;Gather Merge;3;Outer;;0;1631266;526215;0;3.0999990498180403;341523.47;637679.13;44;0.0;3;2909.194;2909.196;0.0;0.0;30568;Incremental Sort;4;Outer;;0;526215;526215;0;1.0;340523.43;445005.33;44;0.0;0;2907.268;2909.149;0.0;0.0;30569;Nested Loop;5;Outer;;0;526215;131527;5;0.8001627042356322;340522.8;430663.58;44;0.0;0;2907.228;2909.085;0.024;0.024;30570;Merge Join;6;Outer;;0;131527;131527;150000;6.666666666666667e-06;340522.36;343245.24;43;0.0;0;2840.509;2840.51;63.025;65.56;30579;Index Scan;6;Inner;;112600;5;0;0;8.331646174982899e-07;0.43;0.61;9;6001215.0;0
Q18_66_seed_533262015;30612;Limit;0;;;0;100;1631266;0;6.130208071522364e-05;732650.26;732650.51;71;0.0;0;3042.959;3052.218;2927.023;2936.282;0.0;0.0;30613;Sort;1;Outer;;0;1631266;1631266;0;1.0;732650.26;736728.42;71;0.0;0;2926.975;2936.24;0.0;0.0;30614;Aggregate;2;Outer;;0;1631266;1631266;0;1.0;341523.47;670304.45;71;0.0;0;2926.951;2936.213;0.0;0.0;30615;Gather Merge;3;Outer;;0;1631266;526215;0;3.0999990498180403;341523.47;637679.13;44;0.0;3;2897.296;2897.298;0.0;0.0;30616;Incremental Sort;4;Outer;;0;526215;526215;0;1.0;340523.43;445005.33;44;0.0;0;2894.27;2897.242;0.0;0.0;30617;Nested Loop;5;Outer;;0;526215;131527;5;0.8001627042356322;340522.8;430663.58;44;0.0;0;2894.244;2897.166;0.029;0.03;30618;Merge Join;6;Outer;;0;131527;131527;150000;6.666666666666667e-06;340522.36;343245.24;43;0.0;0;2845.348;2845.349;63.614;66.128;30627;Index Scan;6;Inner;;112600;5;0;0;8.331646174982899e-07;0.43;0.61;9;6001215.0;0
Q18_67_seed_541466046;30628;Limit;0;;;0;100;1631266;0;6.130208071522364e-05;732650.26;732650.51;71;0.0;0;3055.996;3065.131;2933.664;2942.798;0.0;0.0;30629;Sort;1;Outer;;0;1631266;1631266;0;1.0;732650.26;736728.42;71;0.0;0;2933.613;2942.754;0.0;0.0;30630;Aggregate;2;Outer;;0;1631266;1631266;0;1.0;341523.47;670304.45;71;0.0;0;2933.603;2942.74;0.0;0.0;30631;Gather Merge;3;Outer;;0;1631266;526215;0;3.0999990498180403;341523.47;637679.13;44;0.0;3;2922.776;2922.778;0.0;0.0;30632;Incremental Sort;4;Outer;;0;526215;526215;0;1.0;340523.43;445005.33;44;0.0;0;2919.613;2922.726;0.0;0.0;30633;Nested Loop;5;Outer;;0;526215;131527;5;0.8001627042356322;340522.8;430663.58;44;0.0;0;2919.569;2922.659;0.024;0.025;30634;Merge Join;6;Outer;;0;131527;131527;150000;6.666666666666667e-06;340522.36;343245.24;43;0.0;0;2854.845;2854.847;62.132;64.716;30643;Index Scan;6;Inner;;112600;5;0;0;8.331646174982899e-07;0.43;0.61;9;6001215.0;0
Q18_68_seed_549670077;30644;Limit;0;;;0;100;1631266;0;6.130208071522364e-05;732650.26;732650.51;71;0.0;0;3021.076;3030.525;2908.107;2917.556;0.0;0.0;30645;Sort;1;Outer;;0;1631266;1631266;0;1.0;732650.26;736728.42;71;0.0;0;2908.047;2917.504;0.0;0.0;30646;Aggregate;2;Outer;;0;1631266;1631266;0;1.0;341523.47;670304.45;71;0.0;0;2908.035;2917.487;0.0;0.0;30647;Gather Merge;3;Outer;;0;1631266;526215;0;3.0999990498180403;341523.47;637679.13;44;0.0;3;2897.305;2897.307;0.0;0.0;30648;Incremental Sort;4;Outer;;0;526215;526215;0;1.0;340523.43;445005.33;44;0.0;0;2894.711;2897.26;0.0;0.0;30649;Nested Loop;5;Outer;;0;526215;131527;5;0.8001627042356322;340522.8;430663.58;44;0.0;0;2894.678;2897.202;0.021;0.022;30650;Merge Join;6;Outer;;0;131527;131527;150000;6.666666666666667e-06;340522.36;343245.24;43;0.0;0;2829.469;2829.47;62.105;64.605;30659;Index Scan;6;Inner;;112600;5;0;0;8.331646174982899e-07;0.43;0.61;9;6001215.0;0
Q18_69_seed_557874108;30660;Limit;0;;;0;100;1631266;0;6.130208071522364e-05;732650.26;732650.51;71;0.0;0;3020.173;3026.239;2900.869;2906.935;0.0;0.0;30661;Sort;1;Outer;;0;1631266;1631266;0;1.0;732650.26;736728.42;71;0.0;0;2900.821;2906.894;0.0;0.0;30662;Aggregate;2;Outer;;0;1631266;1631266;0;1.0;341523.47;670304.45;71;0.0;0;2900.807;2906.876;0.0;0.0;30663;Gather Merge;3;Outer;;0;1631266;526215;0;3.0999990498180403;341523.47;637679.13;44;0.0;3;2871.231;2871.233;0.0;0.0;30664;Incremental Sort;4;Outer;;0;526215;526215;0;1.0;340523.43;445005.33;44;0.0;0;2868.02;2871.104;0.0;0.0;30665;Nested Loop;5;Outer;;0;526215;131527;5;0.8001627042356322;340522.8;430663.58;44;0.0;0;2867.995;2871.052;0.017;0.018;30666;Merge Join;6;Outer;;0;131527;131527;150000;6.666666666666667e-06;340522.36;343245.24;43;0.0;0;2821.145;2821.146;60.967;63.571;30675;Index Scan;6;Inner;;112600;5;0;0;8.331646174982899e-07;0.43;0.61;9;6001215.0;0
Q18_71_seed_574282170;30708;Limit;0;;;0;100;1631266;0;6.130208071522364e-05;732650.26;732650.51;71;0.0;0;3053.817;3060.102;2936.346;2942.631;0.0;0.0;30709;Sort;1;Outer;;0;1631266;1631266;0;1.0;732650.26;736728.42;71;0.0;0;2936.288;2942.581;0.0;0.0;30710;Aggregate;2;Outer;;0;1631266;1631266;0;1.0;341523.47;670304.45;71;0.0;0;2936.277;2942.565;0.0;0.0;30711;Gather Merge;3;Outer;;0;1631266;526215;0;3.0999990498180403;341523.47;637679.13;44;0.0;3;2921.837;2921.839;0.0;0.0;30712;Incremental Sort;4;Outer;;0;526215;526215;0;1.0;340523.43;445005.33;44;0.0;0;2920.802;2921.783;0.0;0.0;30713;Nested Loop;5;Outer;;0;526215;131527;5;0.8001627042356322;340522.8;430663.58;44;0.0;0;2920.735;2921.688;0.038;0.039;30714;Merge Join;6;Outer;;0;131527;131527;150000;6.666666666666667e-06;340522.36;343245.24;43;0.0;0;2851.716;2851.717;65.953;67.793;30723;Index Scan;6;Inner;;112600;5;0;0;8.331646174982899e-07;0.43;0.61;9;6001215.0;0
Q18_72_seed_582486201;30724;Limit;0;;;0;100;1631266;0;6.130208071522364e-05;732650.26;732650.51;71;0.0;0;3084.308;3093.053;2969.228;2977.973;0.0;0.0;30725;Sort;1;Outer;;0;1631266;1631266;0;1.0;732650.26;736728.42;71;0.0;0;2969.18;2977.932;0.0;0.0;30726;Aggregate;2;Outer;;0;1631266;1631266;0;1.0;341523.47;670304.45;71;0.0;0;2969.17;2977.917;0.0;0.0;30727;Gather Merge;3;Outer;;0;1631266;526215;0;3.0999990498180403;341523.47;637679.13;44;0.0;3;2957.628;2957.63;0.0;0.0;30728;Incremental Sort;4;Outer;;0;526215;526215;0;1.0;340523.43;445005.33;44;0.0;0;2954.662;2957.575;0.0;0.0;30729;Nested Loop;5;Outer;;0;526215;131527;5;0.8001627042356322;340522.8;430663.58;44;0.0;0;2954.621;2957.517;0.021;0.022;30730;Merge Join;6;Outer;;0;131527;131527;150000;6.666666666666667e-06;340522.36;343245.24;43;0.0;0;2889.111;2889.112;62.787;65.349;30739;Index Scan;6;Inner;;112600;5;0;0;8.331646174982899e-07;0.43;0.61;9;6001215.0;0
Q18_73_seed_590690232;30740;Limit;0;;;0;100;1631266;0;6.130208071522364e-05;732650.26;732650.51;71;0.0;0;3043.196;3051.789;2921.112;2929.705;0.0;0.0;30741;Sort;1;Outer;;0;1631266;1631266;0;1.0;732650.26;736728.42;71;0.0;0;2921.06;2929.661;0.0;0.0;30742;Aggregate;2;Outer;;0;1631266;1631266;0;1.0;341523.47;670304.45;71;0.0;0;2921.046;2929.642;0.0;0.0;30743;Gather Merge;3;Outer;;0;1631266;526215;0;3.0999990498180403;341523.47;637679.13;44;0.0;3;2909.187;2909.189;0.0;0.0;30744;Incremental Sort;4;Outer;;0;526215;526215;0;1.0;340523.43;445005.33;44;0.0;0;2907.867;2909.133;0.0;0.0;30745;Nested Loop;5;Outer;;0;526215;131527;5;0.8001627042356322;340522.8;430663.58;44;0.0;0;2907.828;2909.07;0.024;0.025;30746;Merge Join;6;Outer;;0;131527;131527;150000;6.666666666666667e-06;340522.36;343245.24;43;0.0;0;2841.466;2841.468;62.416;64.781;30755;Index Scan;6;Inner;;112600;5;0;0;8.331646174982899e-07;0.43;0.61;9;6001215.0;0
Q18_74_seed_598894263;30756;Limit;0;;;0;100;1631266;0;6.130208071522364e-05;732650.26;732650.51;71;0.0;0;3069.422;3079.193;2950.931;2960.702;0.0;0.0;30757;Sort;1;Outer;;0;1631266;1631266;0;1.0;732650.26;736728.42;71;0.0;0;2950.882;2960.659;0.0;0.0;30758;Aggregate;2;Outer;;0;1631266;1631266;0;1.0;341523.47;670304.45;71;0.0;0;2950.871;2960.645;0.0;0.0;30759;Gather Merge;3;Outer;;0;1631266;526215;0;3.0999990498180403;341523.47;637679.13;44;0.0;3;2939.736;2939.738;0.0;0.0;30760;Incremental Sort;4;Outer;;0;526215;526215;0;1.0;340523.43;445005.33;44;0.0;0;2937.163;2939.686;0.0;0.0;30761;Nested Loop;5;Outer;;0;526215;131527;5;0.8001627042356322;340522.8;430663.58;44;0.0;0;2937.124;2939.625;0.021;0.022;30762;Merge Join;6;Outer;;0;131527;131527;150000;6.666666666666667e-06;340522.36;343245.24;43;0.0;0;2871.383;2871.384;62.796;65.306;30771;Index Scan;6;Inner;;112600;5;0;0;8.331646174982899e-07;0.43;0.61;9;6001215.0;0
Q18_75_seed_607098294;30772;Limit;0;;;0;100;1631266;0;6.130208071522364e-05;732650.26;732650.51;71;0.0;0;3055.047;3065.36;2934.466;2944.778;0.0;0.0;30773;Sort;1;Outer;;0;1631266;1631266;0;1.0;732650.26;736728.42;71;0.0;0;2934.418;2944.736;0.0;0.0;30774;Aggregate;2;Outer;;0;1631266;1631266;0;1.0;341523.47;670304.45;71;0.0;0;2934.387;2944.702;0.0;0.0;30775;Gather Merge;3;Outer;;0;1631266;526215;0;3.0999990498180403;341523.47;637679.13;44;0.0;3;2906.732;2906.734;0.0;0.0;30776;Incremental Sort;4;Outer;;0;526215;526215;0;1.0;340523.43;445005.33;44;0.0;0;2904.172;2906.687;0.0;0.0;30777;Nested Loop;5;Outer;;0;526215;131527;5;0.8001627042356322;340522.8;430663.58;44;0.0;0;2904.147;2906.631;0.019;0.02;30778;Merge Join;6;Outer;;0;131527;131527;150000;6.666666666666667e-06;340522.36;343245.24;43;0.0;0;2855.794;2855.795;62.251;64.785;30787;Index Scan;6;Inner;;112600;5;0;0;8.331646174982899e-07;0.43;0.61;9;6001215.0;0
Q18_76_seed_615302325;30788;Limit;0;;;0;100;1631266;0;6.130208071522364e-05;732650.26;732650.51;71;0.0;0;3054.562;3060.835;2940.23;2946.503;0.0;0.0;30789;Sort;1;Outer;;0;1631266;1631266;0;1.0;732650.26;736728.42;71;0.0;0;2940.177;2946.456;0.0;0.0;30790;Aggregate;2;Outer;;0;1631266;1631266;0;1.0;341523.47;670304.45;71;0.0;0;2940.165;2946.44;0.0;0.0;30791;Gather Merge;3;Outer;;0;1631266;526215;0;3.0999990498180403;341523.47;637679.13;44;0.0;3;2926.528;2926.53;0.0;0.0;30792;Incremental Sort;4;Outer;;0;526215;526215;0;1.0;340523.43;445005.33;44;0.0;0;2924.76;2926.473;0.0;0.0;30793;Nested Loop;5;Outer;;0;526215;131527;5;0.8001627042356322;340522.8;430663.58;44;0.0;0;2924.718;2926.41;0.023;0.024;30794;Merge Join;6;Outer;;0;131527;131527;150000;6.666666666666667e-06;340522.36;343245.24;43;0.0;0;2857.639;2857.64;64.286;66.32;30803;Index Scan;6;Inner;;112600;5;0;0;8.331646174982899e-07;0.43;0.61;9;6001215.0;0
Q18_78_seed_631710387;30820;Limit;0;;;0;100;1631266;0;6.130208071522364e-05;732650.26;732650.51;71;0.0;0;3043.211;3048.089;2931.33;2936.208;0.0;0.0;30821;Sort;1;Outer;;0;1631266;1631266;0;1.0;732650.26;736728.42;71;0.0;0;2931.277;2936.162;0.0;0.0;30822;Aggregate;2;Outer;;0;1631266;1631266;0;1.0;341523.47;670304.45;71;0.0;0;2931.266;2936.147;0.0;0.0;30823;Gather Merge;3;Outer;;0;1631266;526215;0;3.0999990498180403;341523.47;637679.13;44;0.0;3;2916.994;2916.996;0.0;0.0;30824;Incremental Sort;4;Outer;;0;526215;526215;0;1.0;340523.43;445005.33;44;0.0;0;2913.899;2916.943;0.0;0.0;30825;Nested Loop;5;Outer;;0;526215;131527;5;0.8001627042356322;340522.8;430663.58;44;0.0;0;2913.859;2916.877;0.022;0.023;30826;Merge Join;6;Outer;;0;131527;131527;150000;6.666666666666667e-06;340522.36;343245.24;43;0.0;0;2845.094;2845.095;65.071;67.591;30835;Index Scan;6;Inner;;112600;5;0;0;8.331646174982899e-07;0.43;0.61;9;6001215.0;0
Q18_80_seed_648118449;30868;Limit;0;;;0;100;1631266;0;6.130208071522364e-05;732650.26;732650.51;71;0.0;0;3075.16;3080.798;2957.149;2962.787;0.0;0.0;30869;Sort;1;Outer;;0;1631266;1631266;0;1.0;732650.26;736728.42;71;0.0;0;2957.103;2962.748;0.0;0.0;30870;Aggregate;2;Outer;;0;1631266;1631266;0;1.0;341523.47;670304.45;71;0.0;0;2957.086;2962.727;0.0;0.0;30871;Gather Merge;3;Outer;;0;1631266;526215;0;3.0999990498180403;341523.47;637679.13;44;0.0;3;2928.989;2928.991;0.0;0.0;30872;Incremental Sort;4;Outer;;0;526215;526215;0;1.0;340523.43;445005.33;44;0.0;0;2926.099;2928.943;0.0;0.0;30873;Nested Loop;5;Outer;;0;526215;131527;5;0.8001627042356322;340522.8;430663.58;44;0.0;0;2926.072;2928.889;0.02;0.02;30874;Merge Join;6;Outer;;0;131527;131527;150000;6.666666666666667e-06;340522.36;343245.24;43;0.0;0;2875.095;2875.096;66.433;68.884;30883;Index Scan;6;Inner;;112600;5;0;0;8.331646174982899e-07;0.43;0.61;9;6001215.0;0
Q18_82_seed_664526511;30900;Limit;0;;;0;100;1631266;0;6.130208071522364e-05;732650.26;732650.51;71;0.0;0;3061.299;3067.338;2948.565;2954.604;0.0;0.0;30901;Sort;1;Outer;;0;1631266;1631266;0;1.0;732650.26;736728.42;71;0.0;0;2948.515;2954.562;0.0;0.0;30902;Aggregate;2;Outer;;0;1631266;1631266;0;1.0;341523.47;670304.45;71;0.0;0;2948.504;2954.547;0.0;0.0;30903;Gather Merge;3;Outer;;0;1631266;526215;0;3.0999990498180403;341523.47;637679.13;44;0.0;3;2920.744;2920.746;0.0;0.0;30904;Incremental Sort;4;Outer;;0;526215;526215;0;1.0;340523.43;445005.33;44;0.0;0;2918.612;2920.702;0.0;0.0;30905;Nested Loop;5;Outer;;0;526215;131527;5;0.8001627042356322;340522.8;430663.58;44;0.0;0;2918.588;2920.652;0.018;0.019;30906;Merge Join;6;Outer;;0;131527;131527;150000;6.666666666666667e-06;340522.36;343245.24;43;0.0;0;2870.172;2870.174;61.965;64.404;30915;Index Scan;6;Inner;;112600;5;0;0;8.331646174982899e-07;0.43;0.61;9;6001215.0;0
Q18_85_seed_689138604;30948;Limit;0;;;0;100;1631266;0;6.130208071522364e-05;732650.26;732650.51;71;0.0;0;3060.831;3069.836;2948.827;2957.832;0.0;0.0;30949;Sort;1;Outer;;0;1631266;1631266;0;1.0;732650.26;736728.42;71;0.0;0;2948.781;2957.791;0.0;0.0;30950;Aggregate;2;Outer;;0;1631266;1631266;0;1.0;341523.47;670304.45;71;0.0;0;2948.763;2957.769;0.0;0.0;30951;Gather Merge;3;Outer;;0;1631266;526215;0;3.0999990498180403;341523.47;637679.13;44;0.0;3;2921.384;2921.386;0.0;0.0;30952;Incremental Sort;4;Outer;;0;526215;526215;0;1.0;340523.43;445005.33;44;0.0;0;2919.462;2921.339;0.0;0.0;30953;Nested Loop;5;Outer;;0;526215;131527;5;0.8001627042356322;340522.8;430663.58;44;0.0;0;2919.438;2921.282;0.021;0.022;30954;Merge Join;6;Outer;;0;131527;131527;150000;6.666666666666667e-06;340522.36;343245.24;43;0.0;0;2870.836;2870.837;61.789;64.289;30963;Index Scan;6;Inner;;112600;5;0;0;8.331646174982899e-07;0.43;0.61;9;6001215.0;0
Q18_86_seed_697342635;30964;Limit;0;;;0;100;1631266;0;6.130208071522364e-05;732650.26;732650.51;71;0.0;0;3037.802;3044.119;2921.345;2927.662;0.0;0.0;30965;Sort;1;Outer;;0;1631266;1631266;0;1.0;732650.26;736728.42;71;0.0;0;2921.296;2927.621;0.0;0.0;30966;Aggregate;2;Outer;;0;1631266;1631266;0;1.0;341523.47;670304.45;71;0.0;0;2921.283;2927.603;0.0;0.0;30967;Gather Merge;3;Outer;;0;1631266;526215;0;3.0999990498180403;341523.47;637679.13;44;0.0;3;2909.884;2909.886;0.0;0.0;30968;Incremental Sort;4;Outer;;0;526215;526215;0;1.0;340523.43;445005.33;44;0.0;0;2907.917;2909.827;0.0;0.0;30969;Nested Loop;5;Outer;;0;526215;131527;5;0.8001627042356322;340522.8;430663.58;44;0.0;0;2907.881;2909.767;0.02;0.021;30970;Merge Join;6;Outer;;0;131527;131527;150000;6.666666666666667e-06;340522.36;343245.24;43;0.0;0;2841.223;2841.225;63.891;66.026;30979;Index Scan;6;Inner;;112600;5;0;0;8.331646174982899e-07;0.43;0.61;9;6001215.0;0
Q18_87_seed_705546666;30980;Limit;0;;;0;100;1631266;0;6.130208071522364e-05;732650.26;732650.51;71;0.0;0;3049.872;3059.296;2933.956;2943.38;0.0;0.0;30981;Sort;1;Outer;;0;1631266;1631266;0;1.0;732650.26;736728.42;71;0.0;0;2933.904;2943.335;0.0;0.0;30982;Aggregate;2;Outer;;0;1631266;1631266;0;1.0;341523.47;670304.45;71;0.0;0;2933.886;2943.313;0.0;0.0;30983;Gather Merge;3;Outer;;0;1631266;526215;0;3.0999990498180403;341523.47;637679.13;44;0.0;3;2920.394;2920.397;0.0;0.0;30984;Incremental Sort;4;Outer;;0;526215;526215;0;1.0;340523.43;445005.33;44;0.0;0;2918.748;2920.348;0.0;0.0;30985;Nested Loop;5;Outer;;0;526215;131527;5;0.8001627042356322;340522.8;430663.58;44;0.0;0;2918.711;2920.283;0.021;0.022;30986;Merge Join;6;Outer;;0;131527;131527;150000;6.666666666666667e-06;340522.36;343245.24;43;0.0;0;2848.273;2848.275;67.358;69.479;30995;Index Scan;6;Inner;;112600;5;0;0;8.331646174982899e-07;0.43;0.61;9;6001215.0;0
Q18_88_seed_713750697;30996;Limit;0;;;0;100;1631266;0;6.130208071522364e-05;732650.26;732650.51;71;0.0;0;3024.939;3031.282;2905.551;2911.893;0.0;0.0;30997;Sort;1;Outer;;0;1631266;1631266;0;1.0;732650.26;736728.42;71;0.0;0;2905.5;2911.849;0.0;0.0;30998;Aggregate;2;Outer;;0;1631266;1631266;0;1.0;341523.47;670304.45;71;0.0;0;2905.487;2911.832;0.0;0.0;30999;Gather Merge;3;Outer;;0;1631266;526215;0;3.0999990498180403;341523.47;637679.13;44;0.0;3;2893.048;2893.05;0.0;0.0;31000;Incremental Sort;4;Outer;;0;526215;526215;0;1.0;340523.43;445005.33;44;0.0;0;2891.035;2893.004;0.0;0.0;31001;Nested Loop;5;Outer;;0;526215;131527;5;0.8001627042356322;340522.8;430663.58;44;0.0;0;2890.994;2892.938;0.023;0.025;31002;Merge Join;6;Outer;;0;131527;131527;150000;6.666666666666667e-06;340522.36;343245.24;43;0.0;0;2826.14;2826.141;62.385;64.438;31011;Index Scan;6;Inner;;112600;5;0;0;8.331646174982899e-07;0.43;0.61;9;6001215.0;0
Q18_89_seed_721954728;31012;Limit;0;;;0;100;1631266;0;6.130208071522364e-05;732650.26;732650.51;71;0.0;0;3078.97;3084.829;2959.241;2965.1;0.0;0.0;31013;Sort;1;Outer;;0;1631266;1631266;0;1.0;732650.26;736728.42;71;0.0;0;2959.188;2965.055;0.0;0.0;31014;Aggregate;2;Outer;;0;1631266;1631266;0;1.0;341523.47;670304.45;71;0.0;0;2959.175;2965.038;0.0;0.0;31015;Gather Merge;3;Outer;;0;1631266;526215;0;3.0999990498180403;341523.47;637679.13;44;0.0;3;2930.064;2930.066;0.0;0.0;31016;Incremental Sort;4;Outer;;0;526215;526215;0;1.0;340523.43;445005.33;44;0.0;0;2928.427;2930.02;0.0;0.0;31017;Nested Loop;5;Outer;;0;526215;131527;5;0.8001627042356322;340522.8;430663.58;44;0.0;0;2928.399;2929.966;0.02;0.021;31018;Merge Join;6;Outer;;0;131527;131527;150000;6.666666666666667e-06;340522.36;343245.24;43;0.0;0;2873.599;2873.6;69.921;72.376;31027;Index Scan;6;Inner;;112600;5;0;0;8.331646174982899e-07;0.43;0.61;9;6001215.0;0
Q18_90_seed_730158759;31044;Limit;0;;;0;100;1631266;0;6.130208071522364e-05;732650.26;732650.51;71;0.0;0;3040.186;3045.312;2921.281;2926.407;0.0;0.0;31045;Sort;1;Outer;;0;1631266;1631266;0;1.0;732650.26;736728.42;71;0.0;0;2921.233;2926.365;0.0;0.0;31046;Aggregate;2;Outer;;0;1631266;1631266;0;1.0;341523.47;670304.45;71;0.0;0;2921.222;2926.351;0.0;0.0;31047;Gather Merge;3;Outer;;0;1631266;526215;0;3.0999990498180403;341523.47;637679.13;44;0.0;3;2908.243;2908.245;0.0;0.0;31048;Incremental Sort;4;Outer;;0;526215;526215;0;1.0;340523.43;445005.33;44;0.0;0;2906.572;2908.198;0.0;0.0;31049;Nested Loop;5;Outer;;0;526215;131527;5;0.8001627042356322;340522.8;430663.58;44;0.0;0;2906.534;2908.136;0.023;0.024;31050;Merge Join;6;Outer;;0;131527;131527;150000;6.666666666666667e-06;340522.36;343245.24;43;0.0;0;2839.372;2839.374;63.698;65.979;31059;Index Scan;6;Inner;;112600;5;0;0;8.331646174982899e-07;0.43;0.61;9;6001215.0;0
Q18_91_seed_738362790;31060;Limit;0;;;0;100;1631266;0;6.130208071522364e-05;732650.26;732650.51;71;0.0;0;3053.66;3060.145;2941.952;2948.437;0.0;0.0;31061;Sort;1;Outer;;0;1631266;1631266;0;1.0;732650.26;736728.42;71;0.0;0;2941.899;2948.391;0.0;0.0;31062;Aggregate;2;Outer;;0;1631266;1631266;0;1.0;341523.47;670304.45;71;0.0;0;2941.884;2948.372;0.0;0.0;31063;Gather Merge;3;Outer;;0;1631266;526215;0;3.0999990498180403;341523.47;637679.13;44;0.0;3;2928.464;2928.466;0.0;0.0;31064;Incremental Sort;4;Outer;;0;526215;526215;0;1.0;340523.43;445005.33;44;0.0;0;2927.138;2928.41;0.0;0.0;31065;Nested Loop;5;Outer;;0;526215;131527;5;0.8001627042356322;340522.8;430663.58;44;0.0;0;2926.844;2928.097;0.134;0.135;31066;Merge Join;6;Outer;;0;131527;131527;150000;6.666666666666667e-06;340522.36;343245.24;43;0.0;0;2856.114;2856.115;65.995;68.395;31075;Index Scan;6;Inner;;112600;5;0;0;8.331646174982899e-07;0.43;0.61;9;6001215.0;0
Q18_92_seed_746566821;31076;Limit;0;;;0;100;1631266;0;6.130208071522364e-05;732650.26;732650.51;71;0.0;0;3044.836;3051.987;2930.654;2937.805;0.0;0.0;31077;Sort;1;Outer;;0;1631266;1631266;0;1.0;732650.26;736728.42;71;0.0;0;2930.608;2937.765;0.0;0.0;31078;Aggregate;2;Outer;;0;1631266;1631266;0;1.0;341523.47;670304.45;71;0.0;0;2930.596;2937.749;0.0;0.0;31079;Gather Merge;3;Outer;;0;1631266;526215;0;3.0999990498180403;341523.47;637679.13;44;0.0;3;2917.521;2917.522;0.0;0.0;31080;Incremental Sort;4;Outer;;0;526215;526215;0;1.0;340523.43;445005.33;44;0.0;0;2915.613;2917.47;0.0;0.0;31081;Nested Loop;5;Outer;;0;526215;131527;5;0.8001627042356322;340522.8;430663.58;44;0.0;0;2915.577;2917.41;0.023;0.023;31082;Merge Join;6;Outer;;0;131527;131527;150000;6.666666666666667e-06;340522.36;343245.24;43;0.0;0;2849.353;2849.355;63.216;65.425;31091;Index Scan;6;Inner;;112600;5;0;0;8.331646174982899e-07;0.43;0.61;9;6001215.0;0
Q18_94_seed_762974883;31108;Limit;0;;;0;100;1631266;0;6.130208071522364e-05;732650.26;732650.51;71;0.0;0;3080.805;3089.971;2969.786;2978.951;0.0;0.0;31109;Sort;1;Outer;;0;1631266;1631266;0;1.0;732650.26;736728.42;71;0.0;0;2969.736;2978.909;0.0;0.0;31110;Aggregate;2;Outer;;0;1631266;1631266;0;1.0;341523.47;670304.45;71;0.0;0;2969.725;2978.893;0.0;0.0;31111;Gather Merge;3;Outer;;0;1631266;526215;0;3.0999990498180403;341523.47;637679.13;44;0.0;3;2959.249;2959.25;0.0;0.0;31112;Incremental Sort;4;Outer;;0;526215;526215;0;1.0;340523.43;445005.33;44;0.0;0;2956.465;2959.207;0.0;0.0;31113;Nested Loop;5;Outer;;0;526215;131527;5;0.8001627042356322;340522.8;430663.58;44;0.0;0;2956.423;2959.145;0.023;0.024;31114;Merge Join;6;Outer;;0;131527;131527;150000;6.666666666666667e-06;340522.36;343245.24;43;0.0;0;2890.964;2890.965;62.722;65.237;31123;Index Scan;6;Inner;;112600;5;0;0;8.331646174982899e-07;0.43;0.61;9;6001215.0;0
Q18_9_seed_65632248;31204;Limit;0;;;0;100;1631266;0;6.130208071522364e-05;732650.26;732650.51;71;0.0;0;3043.115;3049.783;2927.41;2934.078;0.0;0.0;31205;Sort;1;Outer;;0;1631266;1631266;0;1.0;732650.26;736728.42;71;0.0;0;2927.362;2934.037;0.0;0.0;31206;Aggregate;2;Outer;;0;1631266;1631266;0;1.0;341523.47;670304.45;71;0.0;0;2927.346;2934.017;0.0;0.0;31207;Gather Merge;3;Outer;;0;1631266;526215;0;3.0999990498180403;341523.47;637679.13;44;0.0;3;2914.384;2914.385;0.0;0.0;31208;Incremental Sort;4;Outer;;0;526215;526215;0;1.0;340523.43;445005.33;44;0.0;0;2911.896;2914.335;0.0;0.0;31209;Nested Loop;5;Outer;;0;526215;131527;5;0.8001627042356322;340522.8;430663.58;44;0.0;0;2911.86;2914.272;0.021;0.022;31210;Merge Join;6;Outer;;0;131527;131527;150000;6.666666666666667e-06;340522.36;343245.24;43;0.0;0;2843.983;2843.984;64.908;67.383;31219;Index Scan;6;Inner;;112600;5;0;0;8.331646174982899e-07;0.43;0.61;9;6001215.0;0
