query_file;node_id;node_type;depth;parent_relationship;subplan_name;np;nt;nt1;nt2;sel;startup_cost;total_cost;plan_width;reltuples;parallel_workers;actual_startup_time;actual_total_time;st1;rt1;st2;rt2
Q18_100_seed_812199069;28823;Gather Merge;3;Outer;;0;1631266;526215;0;3.0999990498180403;341523.47;637679.13;44;0.0;3;2903.962;2910.409;2872.44;2872.442;0.0;0.0
Q18_100_seed_812199069;28824;Incremental Sort;4;Outer;;0;526215;526215;0;1.0;340523.43;445005.33;44;0.0;0;2872.44;2872.442;2869.642;2872.384;0.0;0.0
Q18_101_seed_820403100;28839;Gather Merge;3;Outer;;0;1631266;526215;0;3.0999990498180403;341523.47;637679.13;44;0.0;3;2947.965;2954.097;2918.847;2918.849;0.0;0.0
Q18_101_seed_820403100;28840;Incremental Sort;4;Outer;;0;526215;526215;0;1.0;340523.43;445005.33;44;0.0;0;2918.847;2918.849;2916.826;2918.795;0.0;0.0
Q18_102_seed_828607131;28855;Gather Merge;3;Outer;;0;1631266;526215;0;3.0999990498180403;341523.47;637679.13;44;0.0;3;2930.433;2940.105;2919.547;2919.549;0.0;0.0
Q18_102_seed_828607131;28856;Incremental Sort;4;Outer;;0;526215;526215;0;1.0;340523.43;445005.33;44;0.0;0;2919.547;2919.549;2916.607;2919.502;0.0;0.0
Q18_103_seed_836811162;28871;Gather Merge;3;Outer;;0;1631266;526215;0;3.0999990498180403;341523.47;637679.13;44;0.0;3;2936.509;2942.96;2923.399;2923.401;0.0;0.0
Q18_103_seed_836811162;28872;Incremental Sort;4;Outer;;0;526215;526215;0;1.0;340523.43;445005.33;44;0.0;0;2923.399;2923.401;2920.587;2923.335;0.0;0.0
Q18_104_seed_845015193;28887;Gather Merge;3;Outer;;0;1631266;526215;0;3.0999990498180403;341523.47;637679.13;44;0.0;3;2944.368;2950.876;2931.477;2931.479;0.0;0.0
Q18_104_seed_845015193;28888;Incremental Sort;4;Outer;;0;526215;526215;0;1.0;340523.43;445005.33;44;0.0;0;2931.477;2931.479;2929.616;2931.427;0.0;0.0
Q18_105_seed_853219224;28903;Gather Merge;3;Outer;;0;1631266;526215;0;3.0999990498180403;341523.47;637679.13;44;0.0;3;2916.88;2922.62;2887.344;2887.345;0.0;0.0
Q18_105_seed_853219224;28904;Incremental Sort;4;Outer;;0;526215;526215;0;1.0;340523.43;445005.33;44;0.0;0;2887.344;2887.345;2884.852;2887.287;0.0;0.0
Q18_106_seed_861423255;28919;Gather Merge;3;Outer;;0;1631266;526215;0;3.0999990498180403;341523.47;637679.13;44;0.0;3;2926.993;2931.799;2911.538;2911.54;0.0;0.0
Q18_106_seed_861423255;28920;Incremental Sort;4;Outer;;0;526215;526215;0;1.0;340523.43;445005.33;44;0.0;0;2911.538;2911.54;2909.382;2911.482;0.0;0.0
Q18_107_seed_869627286;28935;Gather Merge;3;Outer;;0;1631266;526215;0;3.0999990498180403;341523.47;637679.13;44;0.0;3;2938.874;2945.43;2908.136;2908.137;0.0;0.0
Q18_107_seed_869627286;28936;Incremental Sort;4;Outer;;0;526215;526215;0;1.0;340523.43;445005.33;44;0.0;0;2908.136;2908.137;2905.62;2908.085;0.0;0.0
Q18_108_seed_877831317;28951;Gather Merge;3;Outer;;0;1631266;526215;0;3.0999990498180403;341523.47;637679.13;44;0.0;3;2900.278;2906.155;2888.08;2888.082;0.0;0.0
Q18_108_seed_877831317;28952;Incremental Sort;4;Outer;;0;526215;526215;0;1.0;340523.43;445005.33;44;0.0;0;2888.08;2888.082;2886.301;2888.036;0.0;0.0
Q18_109_seed_886035348;28967;Gather Merge;3;Outer;;0;1631266;526215;0;3.0999990498180403;341523.47;637679.13;44;0.0;3;2908.185;2914.079;2880.211;2880.212;0.0;0.0
Q18_109_seed_886035348;28968;Incremental Sort;4;Outer;;0;526215;526215;0;1.0;340523.43;445005.33;44;0.0;0;2880.211;2880.212;2878.269;2880.153;0.0;0.0
Q18_10_seed_73836279;28983;Gather Merge;3;Outer;;0;1631266;526215;0;3.0999990498180403;341523.47;637679.13;44;0.0;3;2916.856;2923.133;2886.228;2886.23;0.0;0.0
Q18_10_seed_73836279;28984;Incremental Sort;4;Outer;;0;526215;526215;0;1.0;340523.43;445005.33;44;0.0;0;2886.228;2886.23;2883.894;2886.181;0.0;0.0
Q18_110_seed_894239379;28999;Gather Merge;3;Outer;;0;1631266;526215;0;3.0999990498180403;341523.47;637679.13;44;0.0;3;2926.351;2932.337;2912.281;2912.283;0.0;0.0
Q18_110_seed_894239379;29000;Incremental Sort;4;Outer;;0;526215;526215;0;1.0;340523.43;445005.33;44;0.0;0;2912.281;2912.283;2909.987;2912.229;0.0;0.0
Q18_111_seed_902443410;29015;Gather Merge;3;Outer;;0;1631266;526215;0;3.0999990498180403;341523.47;637679.13;44;0.0;3;2922.977;2930.4;2910.403;2910.405;0.0;0.0
Q18_111_seed_902443410;29016;Incremental Sort;4;Outer;;0;526215;526215;0;1.0;340523.43;445005.33;44;0.0;0;2910.403;2910.405;2907.828;2910.351;0.0;0.0
Q18_112_seed_910647441;29031;Gather Merge;3;Outer;;0;1631266;526215;0;3.0999990498180403;341523.47;637679.13;44;0.0;3;2891.932;2897.905;2877.948;2877.951;0.0;0.0
Q18_112_seed_910647441;29032;Incremental Sort;4;Outer;;0;526215;526215;0;1.0;340523.43;445005.33;44;0.0;0;2877.948;2877.951;2875.244;2877.898;0.0;0.0
Q18_113_seed_918851472;29047;Gather Merge;3;Outer;;0;1631266;526215;0;3.0999990498180403;341523.47;637679.13;44;0.0;3;2947.839;2953.762;2919.612;2919.614;0.0;0.0
Q18_113_seed_918851472;29048;Incremental Sort;4;Outer;;0;526215;526215;0;1.0;340523.43;445005.33;44;0.0;0;2919.612;2919.614;2917.512;2919.564;0.0;0.0
Q18_114_seed_927055503;29063;Gather Merge;3;Outer;;0;1631266;526215;0;3.0999990498180403;341523.47;637679.13;44;0.0;3;2916.466;2922.898;2903.382;2903.383;0.0;0.0
Q18_114_seed_927055503;29064;Incremental Sort;4;Outer;;0;526215;526215;0;1.0;340523.43;445005.33;44;0.0;0;2903.382;2903.383;2900.723;2903.335;0.0;0.0
Q18_115_seed_935259534;29079;Gather Merge;3;Outer;;0;1631266;526215;0;3.0999990498180403;341523.47;637679.13;44;0.0;3;2972.69;2982.349;2944.525;2944.527;0.0;0.0
Q18_115_seed_935259534;29080;Incremental Sort;4;Outer;;0;526215;526215;0;1.0;340523.43;445005.33;44;0.0;0;2944.525;2944.527;2941.458;2944.469;0.0;0.0
Q18_116_seed_943463565;29095;Gather Merge;3;Outer;;0;1631266;526215;0;3.0999990498180403;341523.47;637679.13;44;0.0;3;2933.902;2940.306;2916.832;2916.833;0.0;0.0
Q18_116_seed_943463565;29096;Incremental Sort;4;Outer;;0;526215;526215;0;1.0;340523.43;445005.33;44;0.0;0;2916.832;2916.833;2914.289;2916.788;0.0;0.0
Q18_117_seed_951667596;29111;Gather Merge;3;Outer;;0;1631266;526215;0;3.0999990498180403;341523.47;637679.13;44;0.0;3;2910.984;2916.994;2867.736;2867.765;0.0;0.0
Q18_117_seed_951667596;29112;Incremental Sort;4;Outer;;0;526215;526215;0;1.0;340523.43;445005.33;44;0.0;0;2867.736;2867.765;2866.023;2867.719;0.0;0.0
Q18_118_seed_959871627;29127;Gather Merge;3;Outer;;0;1631266;526215;0;3.0999990498180403;341523.47;637679.13;44;0.0;3;2919.574;2925.895;2891.083;2891.085;0.0;0.0
Q18_118_seed_959871627;29128;Incremental Sort;4;Outer;;0;526215;526215;0;1.0;340523.43;445005.33;44;0.0;0;2891.083;2891.085;2888.961;2891.035;0.0;0.0
Q18_119_seed_968075658;29143;Gather Merge;3;Outer;;0;1631266;526215;0;3.0999990498180403;341523.47;637679.13;44;0.0;3;2918.058;2924.64;2886.516;2886.519;0.0;0.0
Q18_119_seed_968075658;29144;Incremental Sort;4;Outer;;0;526215;526215;0;1.0;340523.43;445005.33;44;0.0;0;2886.516;2886.519;2884.242;2886.46;0.0;0.0
Q18_11_seed_82040310;29159;Gather Merge;3;Outer;;0;1631266;526215;0;3.0999990498180403;341523.47;637679.13;44;0.0;3;2899.462;2909.196;2885.774;2885.776;0.0;0.0
Q18_11_seed_82040310;29160;Incremental Sort;4;Outer;;0;526215;526215;0;1.0;340523.43;445005.33;44;0.0;0;2885.774;2885.776;2882.006;2884.969;0.0;0.0
Q18_120_seed_976279689;29175;Gather Merge;3;Outer;;0;1631266;526215;0;3.0999990498180403;341523.47;637679.13;44;0.0;3;2908.173;2919.093;2896.503;2896.504;0.0;0.0
Q18_120_seed_976279689;29176;Incremental Sort;4;Outer;;0;526215;526215;0;1.0;340523.43;445005.33;44;0.0;0;2896.503;2896.504;2894.584;2896.456;0.0;0.0
Q18_121_seed_984483720;29191;Gather Merge;3;Outer;;0;1631266;526215;0;3.0999990498180403;341523.47;637679.13;44;0.0;3;2887.434;2893.637;2869.941;2869.943;0.0;0.0
Q18_121_seed_984483720;29192;Incremental Sort;4;Outer;;0;526215;526215;0;1.0;340523.43;445005.33;44;0.0;0;2869.941;2869.943;2867.739;2869.897;0.0;0.0
Q18_122_seed_992687751;29207;Gather Merge;3;Outer;;0;1631266;526215;0;3.0999990498180403;341523.47;637679.13;44;0.0;3;2907.077;2914.899;2894.371;2894.373;0.0;0.0
Q18_122_seed_992687751;29208;Incremental Sort;4;Outer;;0;526215;526215;0;1.0;340523.43;445005.33;44;0.0;0;2894.371;2894.373;2892.109;2894.326;0.0;0.0
Q18_123_seed_1000891782;29223;Gather Merge;3;Outer;;0;1631266;526215;0;3.0999990498180403;341523.47;637679.13;44;0.0;3;2969.956;2979.547;2958.772;2958.774;0.0;0.0
Q18_123_seed_1000891782;29224;Incremental Sort;4;Outer;;0;526215;526215;0;1.0;340523.43;445005.33;44;0.0;0;2958.772;2958.774;2955.741;2958.724;0.0;0.0
Q18_124_seed_1009095813;29239;Gather Merge;3;Outer;;0;1631266;526215;0;3.0999990498180403;341523.47;637679.13;44;0.0;3;2951.034;2963.004;2939.676;2939.678;0.0;0.0
Q18_124_seed_1009095813;29240;Incremental Sort;4;Outer;;0;526215;526215;0;1.0;340523.43;445005.33;44;0.0;0;2939.676;2939.678;2936.641;2939.631;0.0;0.0
Q18_125_seed_1017299844;29255;Gather Merge;3;Outer;;0;1631266;526215;0;3.0999990498180403;341523.47;637679.13;44;0.0;3;2933.055;2939.161;2918.157;2918.159;0.0;0.0
Q18_125_seed_1017299844;29256;Incremental Sort;4;Outer;;0;526215;526215;0;1.0;340523.43;445005.33;44;0.0;0;2918.157;2918.159;2916.184;2918.112;0.0;0.0
Q18_126_seed_1025503875;29271;Gather Merge;3;Outer;;0;1631266;526215;0;3.0999990498180403;341523.47;637679.13;44;0.0;3;2917.245;2925.115;2906.256;2906.258;0.0;0.0
Q18_126_seed_1025503875;29272;Incremental Sort;4;Outer;;0;526215;526215;0;1.0;340523.43;445005.33;44;0.0;0;2906.256;2906.258;2903.281;2906.209;0.0;0.0
Q18_127_seed_1033707906;29287;Gather Merge;3;Outer;;0;1631266;526215;0;3.0999990498180403;341523.47;637679.13;44;0.0;3;2944.438;2950.818;2929.771;2929.773;0.0;0.0
Q18_127_seed_1033707906;29288;Incremental Sort;4;Outer;;0;526215;526215;0;1.0;340523.43;445005.33;44;0.0;0;2929.771;2929.773;2927.3;2929.73;0.0;0.0
Q18_128_seed_1041911937;29303;Gather Merge;3;Outer;;0;1631266;526215;0;3.0999990498180403;341523.47;637679.13;44;0.0;3;2914.344;2921.047;2902.591;2902.593;0.0;0.0
Q18_128_seed_1041911937;29304;Incremental Sort;4;Outer;;0;526215;526215;0;1.0;340523.43;445005.33;44;0.0;0;2902.591;2902.593;2900.041;2902.543;0.0;0.0
Q18_129_seed_1050115968;29319;Gather Merge;3;Outer;;0;1631266;526215;0;3.0999990498180403;341523.47;637679.13;44;0.0;3;2917.367;2927.683;2888.073;2888.075;0.0;0.0
Q18_129_seed_1050115968;29320;Incremental Sort;4;Outer;;0;526215;526215;0;1.0;340523.43;445005.33;44;0.0;0;2888.073;2888.075;2884.937;2888.028;0.0;0.0
Q18_12_seed_90244341;29335;Gather Merge;3;Outer;;0;1631266;526215;0;3.0999990498180403;341523.47;637679.13;44;0.0;3;2911.657;2916.612;2897.034;2897.035;0.0;0.0
Q18_12_seed_90244341;29336;Incremental Sort;4;Outer;;0;526215;526215;0;1.0;340523.43;445005.33;44;0.0;0;2897.034;2897.035;2894.902;2896.983;0.0;0.0
Q18_130_seed_1058319999;29351;Gather Merge;3;Outer;;0;1631266;526215;0;3.0999990498180403;341523.47;637679.13;44;0.0;3;2915.343;2924.457;2901.852;2901.853;0.0;0.0
Q18_130_seed_1058319999;29352;Incremental Sort;4;Outer;;0;526215;526215;0;1.0;340523.43;445005.33;44;0.0;0;2901.852;2901.853;2899.356;2901.806;0.0;0.0
Q18_131_seed_1066524030;29367;Gather Merge;3;Outer;;0;1631266;526215;0;3.0999990498180403;341523.47;637679.13;44;0.0;3;2949.664;2960.846;2938.631;2938.632;0.0;0.0
Q18_131_seed_1066524030;29368;Incremental Sort;4;Outer;;0;526215;526215;0;1.0;340523.43;445005.33;44;0.0;0;2938.631;2938.632;2935.405;2938.59;0.0;0.0
Q18_132_seed_1074728061;29383;Gather Merge;3;Outer;;0;1631266;526215;0;3.0999990498180403;341523.47;637679.13;44;0.0;3;2921.952;2928.488;2892.883;2892.885;0.0;0.0
Q18_132_seed_1074728061;29384;Incremental Sort;4;Outer;;0;526215;526215;0;1.0;340523.43;445005.33;44;0.0;0;2892.883;2892.885;2890.92;2892.835;0.0;0.0
Q18_133_seed_1082932092;29399;Gather Merge;3;Outer;;0;1631266;526215;0;3.0999990498180403;341523.47;637679.13;44;0.0;3;2922.817;2928.743;2893.642;2893.644;0.0;0.0
Q18_133_seed_1082932092;29400;Incremental Sort;4;Outer;;0;526215;526215;0;1.0;340523.43;445005.33;44;0.0;0;2893.642;2893.644;2891.438;2893.593;0.0;0.0
Q18_134_seed_1091136123;29415;Gather Merge;3;Outer;;0;1631266;526215;0;3.0999990498180403;341523.47;637679.13;44;0.0;3;2915.717;2922.582;2904.488;2904.49;0.0;0.0
Q18_134_seed_1091136123;29416;Incremental Sort;4;Outer;;0;526215;526215;0;1.0;340523.43;445005.33;44;0.0;0;2904.488;2904.49;2901.913;2904.437;0.0;0.0
Q18_135_seed_1099340154;29431;Gather Merge;3;Outer;;0;1631266;526215;0;3.0999990498180403;341523.47;637679.13;44;0.0;3;3007.436;3011.885;2976.101;2976.103;0.0;0.0
Q18_135_seed_1099340154;29432;Incremental Sort;4;Outer;;0;526215;526215;0;1.0;340523.43;445005.33;44;0.0;0;2976.101;2976.103;2973.336;2976.063;0.0;0.0
Q18_136_seed_1107544185;29447;Gather Merge;3;Outer;;0;1631266;526215;0;3.0999990498180403;341523.47;637679.13;44;0.0;3;2922.365;2931.764;2894.627;2894.629;0.0;0.0
Q18_136_seed_1107544185;29448;Incremental Sort;4;Outer;;0;526215;526215;0;1.0;340523.43;445005.33;44;0.0;0;2894.627;2894.629;2892.167;2894.581;0.0;0.0
Q18_137_seed_1115748216;29463;Gather Merge;3;Outer;;0;1631266;526215;0;3.0999990498180403;341523.47;637679.13;44;0.0;3;2912.579;2919.02;2882.64;2882.641;0.0;0.0
Q18_137_seed_1115748216;29464;Incremental Sort;4;Outer;;0;526215;526215;0;1.0;340523.43;445005.33;44;0.0;0;2882.64;2882.641;2881.443;2882.595;0.0;0.0
Q18_138_seed_1123952247;29479;Gather Merge;3;Outer;;0;1631266;526215;0;3.0999990498180403;341523.47;637679.13;44;0.0;3;2919.085;2925.174;2890.775;2890.777;0.0;0.0
Q18_138_seed_1123952247;29480;Incremental Sort;4;Outer;;0;526215;526215;0;1.0;340523.43;445005.33;44;0.0;0;2890.775;2890.777;2888.685;2890.725;0.0;0.0
Q18_139_seed_1132156278;29495;Gather Merge;3;Outer;;0;1631266;526215;0;3.0999990498180403;341523.47;637679.13;44;0.0;3;2898.22;2904.157;2885.351;2885.353;0.0;0.0
Q18_139_seed_1132156278;29496;Incremental Sort;4;Outer;;0;526215;526215;0;1.0;340523.43;445005.33;44;0.0;0;2885.351;2885.353;2882.705;2885.303;0.0;0.0
Q18_13_seed_98448372;29511;Gather Merge;3;Outer;;0;1631266;526215;0;3.0999990498180403;341523.47;637679.13;44;0.0;3;2914.216;2923.248;2902.912;2902.914;0.0;0.0
Q18_13_seed_98448372;29512;Incremental Sort;4;Outer;;0;526215;526215;0;1.0;340523.43;445005.33;44;0.0;0;2902.912;2902.914;2900.708;2902.868;0.0;0.0
Q18_140_seed_1140360309;29527;Gather Merge;3;Outer;;0;1631266;526215;0;3.0999990498180403;341523.47;637679.13;44;0.0;3;2921.382;2929.415;2906.826;2906.828;0.0;0.0
Q18_140_seed_1140360309;29528;Incremental Sort;4;Outer;;0;526215;526215;0;1.0;340523.43;445005.33;44;0.0;0;2906.826;2906.828;2904.389;2906.78;0.0;0.0
Q18_141_seed_1148564340;29543;Gather Merge;3;Outer;;0;1631266;526215;0;3.0999990498180403;341523.47;637679.13;44;0.0;3;2931.06;2935.388;2899.264;2899.292;0.0;0.0
Q18_141_seed_1148564340;29544;Incremental Sort;4;Outer;;0;526215;526215;0;1.0;340523.43;445005.33;44;0.0;0;2899.264;2899.292;2898.249;2899.23;0.0;0.0
Q18_142_seed_1156768371;29559;Gather Merge;3;Outer;;0;1631266;526215;0;3.0999990498180403;341523.47;637679.13;44;0.0;3;2908.065;2914.293;2894.226;2894.228;0.0;0.0
Q18_142_seed_1156768371;29560;Incremental Sort;4;Outer;;0;526215;526215;0;1.0;340523.43;445005.33;44;0.0;0;2894.226;2894.228;2892.778;2894.171;0.0;0.0
Q18_143_seed_1164972402;29575;Gather Merge;3;Outer;;0;1631266;526215;0;3.0999990498180403;341523.47;637679.13;44;0.0;3;2925.188;2931.639;2910.879;2910.881;0.0;0.0
Q18_143_seed_1164972402;29576;Incremental Sort;4;Outer;;0;526215;526215;0;1.0;340523.43;445005.33;44;0.0;0;2910.879;2910.881;2909.058;2910.837;0.0;0.0
Q18_144_seed_1173176433;29591;Gather Merge;3;Outer;;0;1631266;526215;0;3.0999990498180403;341523.47;637679.13;44;0.0;3;2942.348;2948.655;2927.607;2927.608;0.0;0.0
Q18_144_seed_1173176433;29592;Incremental Sort;4;Outer;;0;526215;526215;0;1.0;340523.43;445005.33;44;0.0;0;2927.607;2927.608;2925.817;2927.561;0.0;0.0
Q18_145_seed_1181380464;29607;Gather Merge;3;Outer;;0;1631266;526215;0;3.0999990498180403;341523.47;637679.13;44;0.0;3;2934.772;2942.261;2923.509;2923.51;0.0;0.0
Q18_145_seed_1181380464;29608;Incremental Sort;4;Outer;;0;526215;526215;0;1.0;340523.43;445005.33;44;0.0;0;2923.509;2923.51;2920.713;2923.466;0.0;0.0
Q18_146_seed_1189584495;29623;Gather Merge;3;Outer;;0;1631266;526215;0;3.0999990498180403;341523.47;637679.13;44;0.0;3;2909.493;2915.1;2896.553;2896.555;0.0;0.0
Q18_146_seed_1189584495;29624;Incremental Sort;4;Outer;;0;526215;526215;0;1.0;340523.43;445005.33;44;0.0;0;2896.553;2896.555;2894.658;2896.503;0.0;0.0
Q18_147_seed_1197788526;29639;Gather Merge;3;Outer;;0;1631266;526215;0;3.0999990498180403;341523.47;637679.13;44;0.0;3;2937.303;2942.038;2921.227;2921.229;0.0;0.0
Q18_147_seed_1197788526;29640;Incremental Sort;4;Outer;;0;526215;526215;0;1.0;340523.43;445005.33;44;0.0;0;2921.227;2921.229;2918.062;2921.181;0.0;0.0
Q18_148_seed_1205992557;29655;Gather Merge;3;Outer;;0;1631266;526215;0;3.0999990498180403;341523.47;637679.13;44;0.0;3;2923.841;2932.893;2912.226;2912.228;0.0;0.0
Q18_148_seed_1205992557;29656;Incremental Sort;4;Outer;;0;526215;526215;0;1.0;340523.43;445005.33;44;0.0;0;2912.226;2912.228;2909.741;2912.169;0.0;0.0
Q18_149_seed_1214196588;29671;Gather Merge;3;Outer;;0;1631266;526215;0;3.0999990498180403;341523.47;637679.13;44;0.0;3;2925.817;2932.152;2913.75;2913.751;0.0;0.0
Q18_149_seed_1214196588;29672;Incremental Sort;4;Outer;;0;526215;526215;0;1.0;340523.43;445005.33;44;0.0;0;2913.75;2913.751;2911.52;2913.706;0.0;0.0
Q18_14_seed_106652403;29687;Gather Merge;3;Outer;;0;1631266;526215;0;3.0999990498180403;341523.47;637679.13;44;0.0;3;2931.892;2938.294;2919.611;2919.613;0.0;0.0
Q18_14_seed_106652403;29688;Incremental Sort;4;Outer;;0;526215;526215;0;1.0;340523.43;445005.33;44;0.0;0;2919.611;2919.613;2918.147;2919.567;0.0;0.0
Q18_150_seed_1231235959;29703;Gather Merge;3;Outer;;0;1631266;526215;0;3.0999990498180403;341523.47;637679.13;44;0.0;3;2952.711;2959.032;2940.492;2940.493;0.0;0.0
Q18_150_seed_1231235959;29704;Incremental Sort;4;Outer;;0;526215;526215;0;1.0;340523.43;445005.33;44;0.0;0;2940.492;2940.493;2938.857;2940.439;0.0;0.0
Q18_15_seed_114856434;29719;Gather Merge;3;Outer;;0;1631266;526215;0;3.0999990498180403;341523.47;637679.13;44;0.0;3;2941.94;2948.048;2926.979;2926.981;0.0;0.0
Q18_15_seed_114856434;29720;Incremental Sort;4;Outer;;0;526215;526215;0;1.0;340523.43;445005.33;44;0.0;0;2926.979;2926.981;2923.677;2926.933;0.0;0.0
Q18_16_seed_123060465;29735;Gather Merge;3;Outer;;0;1631266;526215;0;3.0999990498180403;341523.47;637679.13;44;0.0;3;2924.917;2931.431;2896.663;2896.665;0.0;0.0
Q18_16_seed_123060465;29736;Incremental Sort;4;Outer;;0;526215;526215;0;1.0;340523.43;445005.33;44;0.0;0;2896.663;2896.665;2894.173;2896.607;0.0;0.0
Q18_17_seed_131264496;29751;Gather Merge;3;Outer;;0;1631266;526215;0;3.0999990498180403;341523.47;637679.13;44;0.0;3;2891.179;2897.504;2878.193;2878.194;0.0;0.0
Q18_17_seed_131264496;29752;Incremental Sort;4;Outer;;0;526215;526215;0;1.0;340523.43;445005.33;44;0.0;0;2878.193;2878.194;2874.841;2878.141;0.0;0.0
Q18_18_seed_139468527;29767;Gather Merge;3;Outer;;0;1631266;526215;0;3.0999990498180403;341523.47;637679.13;44;0.0;3;2915.241;2922.089;2885.85;2885.852;0.0;0.0
Q18_18_seed_139468527;29768;Incremental Sort;4;Outer;;0;526215;526215;0;1.0;340523.43;445005.33;44;0.0;0;2885.85;2885.852;2883.996;2885.805;0.0;0.0
Q18_19_seed_147672558;29783;Gather Merge;3;Outer;;0;1631266;526215;0;3.0999990498180403;341523.47;637679.13;44;0.0;3;2918.463;2924.398;2891.694;2891.696;0.0;0.0
Q18_19_seed_147672558;29784;Incremental Sort;4;Outer;;0;526215;526215;0;1.0;340523.43;445005.33;44;0.0;0;2891.694;2891.696;2889.529;2891.649;0.0;0.0
Q18_1_seed_0101000000;29799;Gather Merge;3;Outer;;0;1631266;526215;0;3.0999990498180403;341523.47;637679.13;44;0.0;3;2935.422;2944.68;2923.738;2923.74;0.0;0.0
Q18_1_seed_0101000000;29800;Incremental Sort;4;Outer;;0;526215;526215;0;1.0;340523.43;445005.33;44;0.0;0;2923.738;2923.74;2921.243;2923.692;0.0;0.0
Q18_20_seed_155876589;29815;Gather Merge;3;Outer;;0;1631266;526215;0;3.0999990498180403;341523.47;637679.13;44;0.0;3;2915.565;2923.135;2903.849;2903.851;0.0;0.0
Q18_20_seed_155876589;29816;Incremental Sort;4;Outer;;0;526215;526215;0;1.0;340523.43;445005.33;44;0.0;0;2903.849;2903.851;2901.719;2903.806;0.0;0.0
Q18_21_seed_164080620;29831;Gather Merge;3;Outer;;0;1631266;526215;0;3.0999990498180403;341523.47;637679.13;44;0.0;3;2907.49;2916.013;2897.224;2897.226;0.0;0.0
Q18_21_seed_164080620;29832;Incremental Sort;4;Outer;;0;526215;526215;0;1.0;340523.43;445005.33;44;0.0;0;2897.224;2897.226;2895.178;2897.175;0.0;0.0
Q18_22_seed_172284651;29847;Gather Merge;3;Outer;;0;1631266;526215;0;3.0999990498180403;341523.47;637679.13;44;0.0;3;2909.66;2919.137;2896.549;2896.551;0.0;0.0
Q18_22_seed_172284651;29848;Incremental Sort;4;Outer;;0;526215;526215;0;1.0;340523.43;445005.33;44;0.0;0;2896.549;2896.551;2894.247;2896.502;0.0;0.0
Q18_23_seed_180488682;29863;Gather Merge;3;Outer;;0;1631266;526215;0;3.0999990498180403;341523.47;637679.13;44;0.0;3;2923.148;2928.705;2908.216;2908.218;0.0;0.0
Q18_23_seed_180488682;29864;Incremental Sort;4;Outer;;0;526215;526215;0;1.0;340523.43;445005.33;44;0.0;0;2908.216;2908.218;2906.933;2908.171;0.0;0.0
Q18_24_seed_188692713;29879;Gather Merge;3;Outer;;0;1631266;526215;0;3.0999990498180403;341523.47;637679.13;44;0.0;3;2914.673;2924.295;2903.69;2903.693;0.0;0.0
Q18_24_seed_188692713;29880;Incremental Sort;4;Outer;;0;526215;526215;0;1.0;340523.43;445005.33;44;0.0;0;2903.69;2903.693;2901.329;2903.635;0.0;0.0
Q18_25_seed_196896744;29895;Gather Merge;3;Outer;;0;1631266;526215;0;3.0999990498180403;341523.47;637679.13;44;0.0;3;2929.036;2935.563;2899.742;2899.744;0.0;0.0
Q18_25_seed_196896744;29896;Incremental Sort;4;Outer;;0;526215;526215;0;1.0;340523.43;445005.33;44;0.0;0;2899.742;2899.744;2896.593;2899.689;0.0;0.0
Q18_26_seed_205100775;29911;Gather Merge;3;Outer;;0;1631266;526215;0;3.0999990498180403;341523.47;637679.13;44;0.0;3;2896.822;2902.679;2868.077;2868.096;0.0;0.0
Q18_26_seed_205100775;29912;Incremental Sort;4;Outer;;0;526215;526215;0;1.0;340523.43;445005.33;44;0.0;0;2868.077;2868.096;2866.006;2868.048;0.0;0.0
Q18_27_seed_213304806;29927;Gather Merge;3;Outer;;0;1631266;526215;0;3.0999990498180403;341523.47;637679.13;44;0.0;3;2925.458;2931.599;2911.645;2911.647;0.0;0.0
Q18_27_seed_213304806;29928;Incremental Sort;4;Outer;;0;526215;526215;0;1.0;340523.43;445005.33;44;0.0;0;2911.645;2911.647;2909.381;2911.595;0.0;0.0
Q18_28_seed_221508837;29943;Gather Merge;3;Outer;;0;1631266;526215;0;3.0999990498180403;341523.47;637679.13;44;0.0;3;2944.181;2950.394;2916.844;2916.846;0.0;0.0
Q18_28_seed_221508837;29944;Incremental Sort;4;Outer;;0;526215;526215;0;1.0;340523.43;445005.33;44;0.0;0;2916.844;2916.846;2914.454;2916.794;0.0;0.0
Q18_29_seed_229712868;29959;Gather Merge;3;Outer;;0;1631266;526215;0;3.0999990498180403;341523.47;637679.13;44;0.0;3;2940.289;2949.336;2928.165;2928.167;0.0;0.0
Q18_29_seed_229712868;29960;Incremental Sort;4;Outer;;0;526215;526215;0;1.0;340523.43;445005.33;44;0.0;0;2928.165;2928.167;2925.245;2928.115;0.0;0.0
Q18_2_seed_8204031;29975;Gather Merge;3;Outer;;0;1631266;526215;0;3.0999990498180403;341523.47;637679.13;44;0.0;3;2938.596;2944.561;2908.812;2908.814;0.0;0.0
Q18_2_seed_8204031;29976;Incremental Sort;4;Outer;;0;526215;526215;0;1.0;340523.43;445005.33;44;0.0;0;2908.812;2908.814;2905.523;2908.765;0.0;0.0
Q18_30_seed_237916899;29991;Gather Merge;3;Outer;;0;1631266;526215;0;3.0999990498180403;341523.47;637679.13;44;0.0;3;2920.193;2926.276;2891.697;2891.699;0.0;0.0
Q18_30_seed_237916899;29992;Incremental Sort;4;Outer;;0;526215;526215;0;1.0;340523.43;445005.33;44;0.0;0;2891.697;2891.699;2889.757;2891.648;0.0;0.0
Q18_31_seed_246120930;30007;Gather Merge;3;Outer;;0;1631266;526215;0;3.0999990498180403;341523.47;637679.13;44;0.0;3;2920.386;2929.595;2910.126;2910.127;0.0;0.0
Q18_31_seed_246120930;30008;Incremental Sort;4;Outer;;0;526215;526215;0;1.0;340523.43;445005.33;44;0.0;0;2910.126;2910.127;2907.585;2910.079;0.0;0.0
Q18_32_seed_254324961;30023;Gather Merge;3;Outer;;0;1631266;526215;0;3.0999990498180403;341523.47;637679.13;44;0.0;3;2926.327;2932.866;2897.32;2897.322;0.0;0.0
Q18_32_seed_254324961;30024;Incremental Sort;4;Outer;;0;526215;526215;0;1.0;340523.43;445005.33;44;0.0;0;2897.32;2897.322;2895.278;2897.272;0.0;0.0
Q18_33_seed_262528992;30039;Gather Merge;3;Outer;;0;1631266;526215;0;3.0999990498180403;341523.47;637679.13;44;0.0;3;2937.093;2943.129;2922.343;2922.345;0.0;0.0
Q18_33_seed_262528992;30040;Incremental Sort;4;Outer;;0;526215;526215;0;1.0;340523.43;445005.33;44;0.0;0;2922.343;2922.345;2920.354;2922.297;0.0;0.0
Q18_34_seed_270733023;30055;Gather Merge;3;Outer;;0;1631266;526215;0;3.0999990498180403;341523.47;637679.13;44;0.0;3;2948.791;2957.71;2937.393;2937.395;0.0;0.0
Q18_34_seed_270733023;30056;Incremental Sort;4;Outer;;0;526215;526215;0;1.0;340523.43;445005.33;44;0.0;0;2937.393;2937.395;2934.131;2937.345;0.0;0.0
Q18_35_seed_278937054;30071;Gather Merge;3;Outer;;0;1631266;526215;0;3.0999990498180403;341523.47;637679.13;44;0.0;3;2899.395;2907.917;2887.694;2887.696;0.0;0.0
Q18_35_seed_278937054;30072;Incremental Sort;4;Outer;;0;526215;526215;0;1.0;340523.43;445005.33;44;0.0;0;2887.694;2887.696;2885.458;2887.62;0.0;0.0
Q18_36_seed_287141085;30087;Gather Merge;3;Outer;;0;1631266;526215;0;3.0999990498180403;341523.47;637679.13;44;0.0;3;2908.074;2919.103;2897.436;2897.437;0.0;0.0
Q18_36_seed_287141085;30088;Incremental Sort;4;Outer;;0;526215;526215;0;1.0;340523.43;445005.33;44;0.0;0;2897.436;2897.437;2895.767;2897.381;0.0;0.0
Q18_37_seed_295345116;30103;Gather Merge;3;Outer;;0;1631266;526215;0;3.0999990498180403;341523.47;637679.13;44;0.0;3;2940.449;2947.996;2928.364;2928.366;0.0;0.0
Q18_37_seed_295345116;30104;Incremental Sort;4;Outer;;0;526215;526215;0;1.0;340523.43;445005.33;44;0.0;0;2928.364;2928.366;2927.043;2928.323;0.0;0.0
Q18_38_seed_303549147;30119;Gather Merge;3;Outer;;0;1631266;526215;0;3.0999990498180403;341523.47;637679.13;44;0.0;3;2954.207;2960.183;2939.608;2939.61;0.0;0.0
Q18_38_seed_303549147;30120;Incremental Sort;4;Outer;;0;526215;526215;0;1.0;340523.43;445005.33;44;0.0;0;2939.608;2939.61;2937.945;2939.555;0.0;0.0
Q18_39_seed_311753178;30135;Gather Merge;3;Outer;;0;1631266;526215;0;3.0999990498180403;341523.47;637679.13;44;0.0;3;2948.558;2954.466;2935.738;2935.74;0.0;0.0
Q18_39_seed_311753178;30136;Incremental Sort;4;Outer;;0;526215;526215;0;1.0;340523.43;445005.33;44;0.0;0;2935.738;2935.74;2933.968;2935.693;0.0;0.0
Q18_3_seed_16408062;30151;Gather Merge;3;Outer;;0;1631266;526215;0;3.0999990498180403;341523.47;637679.13;44;0.0;3;2952.163;2957.937;2923.53;2923.531;0.0;0.0
Q18_3_seed_16408062;30152;Incremental Sort;4;Outer;;0;526215;526215;0;1.0;340523.43;445005.33;44;0.0;0;2923.53;2923.531;2921.587;2923.479;0.0;0.0
Q18_40_seed_319957209;30167;Gather Merge;3;Outer;;0;1631266;526215;0;3.0999990498180403;341523.47;637679.13;44;0.0;3;2905.046;2911.699;2876.289;2876.291;0.0;0.0
Q18_40_seed_319957209;30168;Incremental Sort;4;Outer;;0;526215;526215;0;1.0;340523.43;445005.33;44;0.0;0;2876.289;2876.291;2874.788;2876.245;0.0;0.0
Q18_41_seed_328161240;30183;Gather Merge;3;Outer;;0;1631266;526215;0;3.0999990498180403;341523.47;637679.13;44;0.0;3;2923.655;2930.861;2911.547;2911.548;0.0;0.0
Q18_41_seed_328161240;30184;Incremental Sort;4;Outer;;0;526215;526215;0;1.0;340523.43;445005.33;44;0.0;0;2911.547;2911.548;2909.705;2911.49;0.0;0.0
Q18_42_seed_336365271;30199;Gather Merge;3;Outer;;0;1631266;526215;0;3.0999990498180403;341523.47;637679.13;44;0.0;3;2899.455;2908.93;2889.001;2889.003;0.0;0.0
Q18_42_seed_336365271;30200;Incremental Sort;4;Outer;;0;526215;526215;0;1.0;340523.43;445005.33;44;0.0;0;2889.001;2889.003;2886.787;2888.942;0.0;0.0
Q18_43_seed_344569302;30215;Gather Merge;3;Outer;;0;1631266;526215;0;3.0999990498180403;341523.47;637679.13;44;0.0;3;2927.495;2932.666;2915.251;2915.253;0.0;0.0
Q18_43_seed_344569302;30216;Incremental Sort;4;Outer;;0;526215;526215;0;1.0;340523.43;445005.33;44;0.0;0;2915.251;2915.253;2913.463;2915.208;0.0;0.0
Q18_44_seed_352773333;30231;Gather Merge;3;Outer;;0;1631266;526215;0;3.0999990498180403;341523.47;637679.13;44;0.0;3;2926.952;2930.013;2906.437;2906.439;0.0;0.0
Q18_44_seed_352773333;30232;Incremental Sort;4;Outer;;0;526215;526215;0;1.0;340523.43;445005.33;44;0.0;0;2906.437;2906.439;2903.484;2906.388;0.0;0.0
Q18_45_seed_360977364;30247;Gather Merge;3;Outer;;0;1631266;526215;0;3.0999990498180403;341523.47;637679.13;44;0.0;3;2929.912;2936.054;2901.918;2901.919;0.0;0.0
Q18_45_seed_360977364;30248;Incremental Sort;4;Outer;;0;526215;526215;0;1.0;340523.43;445005.33;44;0.0;0;2901.918;2901.919;2899.615;2901.874;0.0;0.0
Q18_46_seed_369181395;30263;Gather Merge;3;Outer;;0;1631266;526215;0;3.0999990498180403;341523.47;637679.13;44;0.0;3;2949.823;2956.171;2935.082;2935.084;0.0;0.0
Q18_46_seed_369181395;30264;Incremental Sort;4;Outer;;0;526215;526215;0;1.0;340523.43;445005.33;44;0.0;0;2935.082;2935.084;2933.76;2935.029;0.0;0.0
Q18_47_seed_377385426;30279;Gather Merge;3;Outer;;0;1631266;526215;0;3.0999990498180403;341523.47;637679.13;44;0.0;3;2931.515;2939.567;2917.438;2917.439;0.0;0.0
Q18_47_seed_377385426;30280;Incremental Sort;4;Outer;;0;526215;526215;0;1.0;340523.43;445005.33;44;0.0;0;2917.438;2917.439;2915.224;2917.391;0.0;0.0
Q18_48_seed_385589457;30295;Gather Merge;3;Outer;;0;1631266;526215;0;3.0999990498180403;341523.47;637679.13;44;0.0;3;2918.946;2924.883;2903.021;2903.023;0.0;0.0
Q18_48_seed_385589457;30296;Incremental Sort;4;Outer;;0;526215;526215;0;1.0;340523.43;445005.33;44;0.0;0;2903.021;2903.023;2901.227;2902.977;0.0;0.0
Q18_49_seed_393793488;30311;Gather Merge;3;Outer;;0;1631266;526215;0;3.0999990498180403;341523.47;637679.13;44;0.0;3;2937.936;2943.951;2923.409;2923.411;0.0;0.0
Q18_49_seed_393793488;30312;Incremental Sort;4;Outer;;0;526215;526215;0;1.0;340523.43;445005.33;44;0.0;0;2923.409;2923.411;2919.983;2923.361;0.0;0.0
Q18_4_seed_24612093;30327;Gather Merge;3;Outer;;0;1631266;526215;0;3.0999990498180403;341523.47;637679.13;44;0.0;3;2919.248;2925.76;2904.147;2904.15;0.0;0.0
Q18_4_seed_24612093;30328;Incremental Sort;4;Outer;;0;526215;526215;0;1.0;340523.43;445005.33;44;0.0;0;2904.147;2904.15;2902.75;2904.093;0.0;0.0
Q18_50_seed_401997519;30343;Gather Merge;3;Outer;;0;1631266;526215;0;3.0999990498180403;341523.47;637679.13;44;0.0;3;2929.034;2936.46;2917.269;2917.27;0.0;0.0
Q18_50_seed_401997519;30344;Incremental Sort;4;Outer;;0;526215;526215;0;1.0;340523.43;445005.33;44;0.0;0;2917.269;2917.27;2915.078;2917.22;0.0;0.0
Q18_51_seed_410201550;30359;Gather Merge;3;Outer;;0;1631266;526215;0;3.0999990498180403;341523.47;637679.13;44;0.0;3;2984.934;2991.915;2973.845;2973.847;0.0;0.0
Q18_51_seed_410201550;30360;Incremental Sort;4;Outer;;0;526215;526215;0;1.0;340523.43;445005.33;44;0.0;0;2973.845;2973.847;2970.899;2973.788;0.0;0.0
Q18_52_seed_418405581;30375;Gather Merge;3;Outer;;0;1631266;526215;0;3.0999990498180403;341523.47;637679.13;44;0.0;3;2936.521;2943.608;2924.499;2924.501;0.0;0.0
Q18_52_seed_418405581;30376;Incremental Sort;4;Outer;;0;526215;526215;0;1.0;340523.43;445005.33;44;0.0;0;2924.499;2924.501;2922.052;2924.453;0.0;0.0
Q18_53_seed_426609612;30391;Gather Merge;3;Outer;;0;1631266;526215;0;3.0999990498180403;341523.47;637679.13;44;0.0;3;2920.376;2926.814;2906.858;2906.86;0.0;0.0
Q18_53_seed_426609612;30392;Incremental Sort;4;Outer;;0;526215;526215;0;1.0;340523.43;445005.33;44;0.0;0;2906.858;2906.86;2904.132;2906.812;0.0;0.0
Q18_54_seed_434813643;30407;Gather Merge;3;Outer;;0;1631266;526215;0;3.0999990498180403;341523.47;637679.13;44;0.0;3;2924.177;2933.725;2913.876;2913.878;0.0;0.0
Q18_54_seed_434813643;30408;Incremental Sort;4;Outer;;0;526215;526215;0;1.0;340523.43;445005.33;44;0.0;0;2913.876;2913.878;2911.909;2913.833;0.0;0.0
Q18_55_seed_443017674;30423;Gather Merge;3;Outer;;0;1631266;526215;0;3.0999990498180403;341523.47;637679.13;44;0.0;3;2951.358;2957.201;2937.771;2937.772;0.0;0.0
Q18_55_seed_443017674;30424;Incremental Sort;4;Outer;;0;526215;526215;0;1.0;340523.43;445005.33;44;0.0;0;2937.771;2937.772;2934.897;2937.716;0.0;0.0
Q18_56_seed_451221705;30439;Gather Merge;3;Outer;;0;1631266;526215;0;3.0999990498180403;341523.47;637679.13;44;0.0;3;2914.87;2920.906;2886.871;2886.873;0.0;0.0
Q18_56_seed_451221705;30440;Incremental Sort;4;Outer;;0;526215;526215;0;1.0;340523.43;445005.33;44;0.0;0;2886.871;2886.873;2885.21;2886.828;0.0;0.0
Q18_57_seed_459425736;30455;Gather Merge;3;Outer;;0;1631266;526215;0;3.0999990498180403;341523.47;637679.13;44;0.0;3;2922.939;2931.859;2910.793;2910.794;0.0;0.0
Q18_57_seed_459425736;30456;Incremental Sort;4;Outer;;0;526215;526215;0;1.0;340523.43;445005.33;44;0.0;0;2910.793;2910.794;2908.235;2910.739;0.0;0.0
Q18_58_seed_467629767;30471;Gather Merge;3;Outer;;0;1631266;526215;0;3.0999990498180403;341523.47;637679.13;44;0.0;3;2949.307;2958.32;2938.758;2938.759;0.0;0.0
Q18_58_seed_467629767;30472;Incremental Sort;4;Outer;;0;526215;526215;0;1.0;340523.43;445005.33;44;0.0;0;2938.758;2938.759;2936.478;2938.711;0.0;0.0
Q18_59_seed_475833798;30487;Gather Merge;3;Outer;;0;1631266;526215;0;3.0999990498180403;341523.47;637679.13;44;0.0;3;2920.075;2925.423;2889.455;2889.456;0.0;0.0
Q18_59_seed_475833798;30488;Incremental Sort;4;Outer;;0;526215;526215;0;1.0;340523.43;445005.33;44;0.0;0;2889.455;2889.456;2888.036;2889.403;0.0;0.0
Q18_5_seed_32816124;30503;Gather Merge;3;Outer;;0;1631266;526215;0;3.0999990498180403;341523.47;637679.13;44;0.0;3;2951.255;2958.584;2937.785;2937.786;0.0;0.0
Q18_5_seed_32816124;30504;Incremental Sort;4;Outer;;0;526215;526215;0;1.0;340523.43;445005.33;44;0.0;0;2937.785;2937.786;2936.002;2937.734;0.0;0.0
Q18_60_seed_484037829;30519;Gather Merge;3;Outer;;0;1631266;526215;0;3.0999990498180403;341523.47;637679.13;44;0.0;3;2884.464;2892.003;2870.484;2870.485;0.0;0.0
Q18_60_seed_484037829;30520;Incremental Sort;4;Outer;;0;526215;526215;0;1.0;340523.43;445005.33;44;0.0;0;2870.484;2870.485;2868.721;2870.443;0.0;0.0
Q18_61_seed_492241860;30535;Gather Merge;3;Outer;;0;1631266;526215;0;3.0999990498180403;341523.47;637679.13;44;0.0;3;2892.984;2899.103;2879.347;2879.349;0.0;0.0
Q18_61_seed_492241860;30536;Incremental Sort;4;Outer;;0;526215;526215;0;1.0;340523.43;445005.33;44;0.0;0;2879.347;2879.349;2876.363;2879.299;0.0;0.0
Q18_62_seed_500445891;30551;Gather Merge;3;Outer;;0;1631266;526215;0;3.0999990498180403;341523.47;637679.13;44;0.0;3;2908.677;2914.713;2879.318;2879.32;0.0;0.0
Q18_62_seed_500445891;30552;Incremental Sort;4;Outer;;0;526215;526215;0;1.0;340523.43;445005.33;44;0.0;0;2879.318;2879.32;2877.033;2879.262;0.0;0.0
Q18_63_seed_508649922;30567;Gather Merge;3;Outer;;0;1631266;526215;0;3.0999990498180403;341523.47;637679.13;44;0.0;3;2923.958;2932.851;2909.194;2909.196;0.0;0.0
Q18_63_seed_508649922;30568;Incremental Sort;4;Outer;;0;526215;526215;0;1.0;340523.43;445005.33;44;0.0;0;2909.194;2909.196;2907.268;2909.149;0.0;0.0
Q18_64_seed_516853953;30583;Gather Merge;3;Outer;;0;1631266;526215;0;3.0999990498180403;341523.47;637679.13;44;0.0;3;2913.728;2922.052;2902.002;2902.004;0.0;0.0
Q18_64_seed_516853953;30584;Incremental Sort;4;Outer;;0;526215;526215;0;1.0;340523.43;445005.33;44;0.0;0;2902.002;2902.004;2899.519;2901.948;0.0;0.0
Q18_65_seed_525057984;30599;Gather Merge;3;Outer;;0;1631266;526215;0;3.0999990498180403;341523.47;637679.13;44;0.0;3;2940.441;2945.805;2926.109;2926.111;0.0;0.0
Q18_65_seed_525057984;30600;Incremental Sort;4;Outer;;0;526215;526215;0;1.0;340523.43;445005.33;44;0.0;0;2926.109;2926.111;2924.353;2926.053;0.0;0.0
Q18_66_seed_533262015;30615;Gather Merge;3;Outer;;0;1631266;526215;0;3.0999990498180403;341523.47;637679.13;44;0.0;3;2926.951;2936.213;2897.296;2897.298;0.0;0.0
Q18_66_seed_533262015;30616;Incremental Sort;4;Outer;;0;526215;526215;0;1.0;340523.43;445005.33;44;0.0;0;2897.296;2897.298;2894.27;2897.242;0.0;0.0
Q18_67_seed_541466046;30631;Gather Merge;3;Outer;;0;1631266;526215;0;3.0999990498180403;341523.47;637679.13;44;0.0;3;2933.603;2942.74;2922.776;2922.778;0.0;0.0
Q18_67_seed_541466046;30632;Incremental Sort;4;Outer;;0;526215;526215;0;1.0;340523.43;445005.33;44;0.0;0;2922.776;2922.778;2919.613;2922.726;0.0;0.0
Q18_68_seed_549670077;30647;Gather Merge;3;Outer;;0;1631266;526215;0;3.0999990498180403;341523.47;637679.13;44;0.0;3;2908.035;2917.487;2897.305;2897.307;0.0;0.0
Q18_68_seed_549670077;30648;Incremental Sort;4;Outer;;0;526215;526215;0;1.0;340523.43;445005.33;44;0.0;0;2897.305;2897.307;2894.711;2897.26;0.0;0.0
Q18_69_seed_557874108;30663;Gather Merge;3;Outer;;0;1631266;526215;0;3.0999990498180403;341523.47;637679.13;44;0.0;3;2900.807;2906.876;2871.231;2871.233;0.0;0.0
Q18_69_seed_557874108;30664;Incremental Sort;4;Outer;;0;526215;526215;0;1.0;340523.43;445005.33;44;0.0;0;2871.231;2871.233;2868.02;2871.104;0.0;0.0
Q18_6_seed_41020155;30679;Gather Merge;3;Outer;;0;1631266;526215;0;3.0999990498180403;341523.47;637679.13;44;0.0;3;2931.23;2937.561;2903.201;2903.203;0.0;0.0
Q18_6_seed_41020155;30680;Incremental Sort;4;Outer;;0;526215;526215;0;1.0;340523.43;445005.33;44;0.0;0;2903.201;2903.203;2901.068;2903.149;0.0;0.0
Q18_70_seed_566078139;30695;Gather Merge;3;Outer;;0;1631266;526215;0;3.0999990498180403;341523.47;637679.13;44;0.0;3;2937.229;2943.546;2921.976;2921.977;0.0;0.0
Q18_70_seed_566078139;30696;Incremental Sort;4;Outer;;0;526215;526215;0;1.0;340523.43;445005.33;44;0.0;0;2921.976;2921.977;2918.608;2921.924;0.0;0.0
Q18_71_seed_574282170;30711;Gather Merge;3;Outer;;0;1631266;526215;0;3.0999990498180403;341523.47;637679.13;44;0.0;3;2936.277;2942.565;2921.837;2921.839;0.0;0.0
Q18_71_seed_574282170;30712;Incremental Sort;4;Outer;;0;526215;526215;0;1.0;340523.43;445005.33;44;0.0;0;2921.837;2921.839;2920.802;2921.783;0.0;0.0
Q18_72_seed_582486201;30727;Gather Merge;3;Outer;;0;1631266;526215;0;3.0999990498180403;341523.47;637679.13;44;0.0;3;2969.17;2977.917;2957.628;2957.63;0.0;0.0
Q18_72_seed_582486201;30728;Incremental Sort;4;Outer;;0;526215;526215;0;1.0;340523.43;445005.33;44;0.0;0;2957.628;2957.63;2954.662;2957.575;0.0;0.0
Q18_73_seed_590690232;30743;Gather Merge;3;Outer;;0;1631266;526215;0;3.0999990498180403;341523.47;637679.13;44;0.0;3;2921.046;2929.642;2909.187;2909.189;0.0;0.0
Q18_73_seed_590690232;30744;Incremental Sort;4;Outer;;0;526215;526215;0;1.0;340523.43;445005.33;44;0.0;0;2909.187;2909.189;2907.867;2909.133;0.0;0.0
Q18_74_seed_598894263;30759;Gather Merge;3;Outer;;0;1631266;526215;0;3.0999990498180403;341523.47;637679.13;44;0.0;3;2950.871;2960.645;2939.736;2939.738;0.0;0.0
Q18_74_seed_598894263;30760;Incremental Sort;4;Outer;;0;526215;526215;0;1.0;340523.43;445005.33;44;0.0;0;2939.736;2939.738;2937.163;2939.686;0.0;0.0
Q18_75_seed_607098294;30775;Gather Merge;3;Outer;;0;1631266;526215;0;3.0999990498180403;341523.47;637679.13;44;0.0;3;2934.387;2944.702;2906.732;2906.734;0.0;0.0
Q18_75_seed_607098294;30776;Incremental Sort;4;Outer;;0;526215;526215;0;1.0;340523.43;445005.33;44;0.0;0;2906.732;2906.734;2904.172;2906.687;0.0;0.0
Q18_76_seed_615302325;30791;Gather Merge;3;Outer;;0;1631266;526215;0;3.0999990498180403;341523.47;637679.13;44;0.0;3;2940.165;2946.44;2926.528;2926.53;0.0;0.0
Q18_76_seed_615302325;30792;Incremental Sort;4;Outer;;0;526215;526215;0;1.0;340523.43;445005.33;44;0.0;0;2926.528;2926.53;2924.76;2926.473;0.0;0.0
Q18_77_seed_623506356;30807;Gather Merge;3;Outer;;0;1631266;526215;0;3.0999990498180403;341523.47;637679.13;44;0.0;3;2924.878;2934.741;2912.934;2912.936;0.0;0.0
Q18_77_seed_623506356;30808;Incremental Sort;4;Outer;;0;526215;526215;0;1.0;340523.43;445005.33;44;0.0;0;2912.934;2912.936;2910.594;2912.886;0.0;0.0
Q18_78_seed_631710387;30823;Gather Merge;3;Outer;;0;1631266;526215;0;3.0999990498180403;341523.47;637679.13;44;0.0;3;2931.266;2936.147;2916.994;2916.996;0.0;0.0
Q18_78_seed_631710387;30824;Incremental Sort;4;Outer;;0;526215;526215;0;1.0;340523.43;445005.33;44;0.0;0;2916.994;2916.996;2913.899;2916.943;0.0;0.0
Q18_79_seed_639914418;30839;Gather Merge;3;Outer;;0;1631266;526215;0;3.0999990498180403;341523.47;637679.13;44;0.0;3;2917.005;2926.488;2904.26;2904.262;0.0;0.0
Q18_79_seed_639914418;30840;Incremental Sort;4;Outer;;0;526215;526215;0;1.0;340523.43;445005.33;44;0.0;0;2904.26;2904.262;2901.554;2904.211;0.0;0.0
Q18_7_seed_49224186;30855;Gather Merge;3;Outer;;0;1631266;526215;0;3.0999990498180403;341523.47;637679.13;44;0.0;3;2925.059;2931.374;2910.467;2910.468;0.0;0.0
Q18_7_seed_49224186;30856;Incremental Sort;4;Outer;;0;526215;526215;0;1.0;340523.43;445005.33;44;0.0;0;2910.467;2910.468;2908.007;2910.419;0.0;0.0
Q18_80_seed_648118449;30871;Gather Merge;3;Outer;;0;1631266;526215;0;3.0999990498180403;341523.47;637679.13;44;0.0;3;2957.086;2962.727;2928.989;2928.991;0.0;0.0
Q18_80_seed_648118449;30872;Incremental Sort;4;Outer;;0;526215;526215;0;1.0;340523.43;445005.33;44;0.0;0;2928.989;2928.991;2926.099;2928.943;0.0;0.0
Q18_81_seed_656322480;30887;Gather Merge;3;Outer;;0;1631266;526215;0;3.0999990498180403;341523.47;637679.13;44;0.0;3;2932.087;2937.563;2901.187;2901.189;0.0;0.0
Q18_81_seed_656322480;30888;Incremental Sort;4;Outer;;0;526215;526215;0;1.0;340523.43;445005.33;44;0.0;0;2901.187;2901.189;2899.058;2901.132;0.0;0.0
Q18_82_seed_664526511;30903;Gather Merge;3;Outer;;0;1631266;526215;0;3.0999990498180403;341523.47;637679.13;44;0.0;3;2948.504;2954.547;2920.744;2920.746;0.0;0.0
Q18_82_seed_664526511;30904;Incremental Sort;4;Outer;;0;526215;526215;0;1.0;340523.43;445005.33;44;0.0;0;2920.744;2920.746;2918.612;2920.702;0.0;0.0
Q18_83_seed_672730542;30919;Gather Merge;3;Outer;;0;1631266;526215;0;3.0999990498180403;341523.47;637679.13;44;0.0;3;2941.029;2946.297;2926.698;2926.699;0.0;0.0
Q18_83_seed_672730542;30920;Incremental Sort;4;Outer;;0;526215;526215;0;1.0;340523.43;445005.33;44;0.0;0;2926.698;2926.699;2923.122;2926.651;0.0;0.0
Q18_84_seed_680934573;30935;Gather Merge;3;Outer;;0;1631266;526215;0;3.0999990498180403;341523.47;637679.13;44;0.0;3;2929.564;2935.338;2898.901;2898.903;0.0;0.0
Q18_84_seed_680934573;30936;Incremental Sort;4;Outer;;0;526215;526215;0;1.0;340523.43;445005.33;44;0.0;0;2898.901;2898.903;2896.601;2898.857;0.0;0.0
Q18_85_seed_689138604;30951;Gather Merge;3;Outer;;0;1631266;526215;0;3.0999990498180403;341523.47;637679.13;44;0.0;3;2948.763;2957.769;2921.384;2921.386;0.0;0.0
Q18_85_seed_689138604;30952;Incremental Sort;4;Outer;;0;526215;526215;0;1.0;340523.43;445005.33;44;0.0;0;2921.384;2921.386;2919.462;2921.339;0.0;0.0
Q18_86_seed_697342635;30967;Gather Merge;3;Outer;;0;1631266;526215;0;3.0999990498180403;341523.47;637679.13;44;0.0;3;2921.283;2927.603;2909.884;2909.886;0.0;0.0
Q18_86_seed_697342635;30968;Incremental Sort;4;Outer;;0;526215;526215;0;1.0;340523.43;445005.33;44;0.0;0;2909.884;2909.886;2907.917;2909.827;0.0;0.0
Q18_87_seed_705546666;30983;Gather Merge;3;Outer;;0;1631266;526215;0;3.0999990498180403;341523.47;637679.13;44;0.0;3;2933.886;2943.313;2920.394;2920.397;0.0;0.0
Q18_87_seed_705546666;30984;Incremental Sort;4;Outer;;0;526215;526215;0;1.0;340523.43;445005.33;44;0.0;0;2920.394;2920.397;2918.748;2920.348;0.0;0.0
Q18_88_seed_713750697;30999;Gather Merge;3;Outer;;0;1631266;526215;0;3.0999990498180403;341523.47;637679.13;44;0.0;3;2905.487;2911.832;2893.048;2893.05;0.0;0.0
Q18_88_seed_713750697;31000;Incremental Sort;4;Outer;;0;526215;526215;0;1.0;340523.43;445005.33;44;0.0;0;2893.048;2893.05;2891.035;2893.004;0.0;0.0
Q18_89_seed_721954728;31015;Gather Merge;3;Outer;;0;1631266;526215;0;3.0999990498180403;341523.47;637679.13;44;0.0;3;2959.175;2965.038;2930.064;2930.066;0.0;0.0
Q18_89_seed_721954728;31016;Incremental Sort;4;Outer;;0;526215;526215;0;1.0;340523.43;445005.33;44;0.0;0;2930.064;2930.066;2928.427;2930.02;0.0;0.0
Q18_8_seed_57428217;31031;Gather Merge;3;Outer;;0;1631266;526215;0;3.0999990498180403;341523.47;637679.13;44;0.0;3;2922.304;2928.456;2906.261;2906.262;0.0;0.0
Q18_8_seed_57428217;31032;Incremental Sort;4;Outer;;0;526215;526215;0;1.0;340523.43;445005.33;44;0.0;0;2906.261;2906.262;2904.663;2906.207;0.0;0.0
Q18_90_seed_730158759;31047;Gather Merge;3;Outer;;0;1631266;526215;0;3.0999990498180403;341523.47;637679.13;44;0.0;3;2921.222;2926.351;2908.243;2908.245;0.0;0.0
Q18_90_seed_730158759;31048;Incremental Sort;4;Outer;;0;526215;526215;0;1.0;340523.43;445005.33;44;0.0;0;2908.243;2908.245;2906.572;2908.198;0.0;0.0
Q18_91_seed_738362790;31063;Gather Merge;3;Outer;;0;1631266;526215;0;3.0999990498180403;341523.47;637679.13;44;0.0;3;2941.884;2948.372;2928.464;2928.466;0.0;0.0
Q18_91_seed_738362790;31064;Incremental Sort;4;Outer;;0;526215;526215;0;1.0;340523.43;445005.33;44;0.0;0;2928.464;2928.466;2927.138;2928.41;0.0;0.0
Q18_92_seed_746566821;31079;Gather Merge;3;Outer;;0;1631266;526215;0;3.0999990498180403;341523.47;637679.13;44;0.0;3;2930.596;2937.749;2917.521;2917.522;0.0;0.0
Q18_92_seed_746566821;31080;Incremental Sort;4;Outer;;0;526215;526215;0;1.0;340523.43;445005.33;44;0.0;0;2917.521;2917.522;2915.613;2917.47;0.0;0.0
Q18_93_seed_754770852;31095;Gather Merge;3;Outer;;0;1631266;526215;0;3.0999990498180403;341523.47;637679.13;44;0.0;3;2906.665;2916.276;2893.316;2893.318;0.0;0.0
Q18_93_seed_754770852;31096;Incremental Sort;4;Outer;;0;526215;526215;0;1.0;340523.43;445005.33;44;0.0;0;2893.316;2893.318;2890.34;2893.27;0.0;0.0
Q18_94_seed_762974883;31111;Gather Merge;3;Outer;;0;1631266;526215;0;3.0999990498180403;341523.47;637679.13;44;0.0;3;2969.725;2978.893;2959.249;2959.25;0.0;0.0
Q18_94_seed_762974883;31112;Incremental Sort;4;Outer;;0;526215;526215;0;1.0;340523.43;445005.33;44;0.0;0;2959.249;2959.25;2956.465;2959.207;0.0;0.0
Q18_95_seed_771178914;31127;Gather Merge;3;Outer;;0;1631266;526215;0;3.0999990498180403;341523.47;637679.13;44;0.0;3;2964.342;2970.747;2953.295;2953.297;0.0;0.0
Q18_95_seed_771178914;31128;Incremental Sort;4;Outer;;0;526215;526215;0;1.0;340523.43;445005.33;44;0.0;0;2953.295;2953.297;2951.705;2953.253;0.0;0.0
Q18_96_seed_779382945;31143;Gather Merge;3;Outer;;0;1631266;526215;0;3.0999990498180403;341523.47;637679.13;44;0.0;3;2934.616;2943.356;2922.452;2922.453;0.0;0.0
Q18_96_seed_779382945;31144;Incremental Sort;4;Outer;;0;526215;526215;0;1.0;340523.43;445005.33;44;0.0;0;2922.452;2922.453;2920.046;2922.401;0.0;0.0
Q18_97_seed_787586976;31159;Gather Merge;3;Outer;;0;1631266;526215;0;3.0999990498180403;341523.47;637679.13;44;0.0;3;2939.968;2946.23;2926.495;2926.496;0.0;0.0
Q18_97_seed_787586976;31160;Incremental Sort;4;Outer;;0;526215;526215;0;1.0;340523.43;445005.33;44;0.0;0;2926.495;2926.496;2924.985;2926.449;0.0;0.0
Q18_98_seed_795791007;31175;Gather Merge;3;Outer;;0;1631266;526215;0;3.0999990498180403;341523.47;637679.13;44;0.0;3;2937.518;2946.222;2926.079;2926.081;0.0;0.0
Q18_98_seed_795791007;31176;Incremental Sort;4;Outer;;0;526215;526215;0;1.0;340523.43;445005.33;44;0.0;0;2926.079;2926.081;2924.659;2925.99;0.0;0.0
Q18_99_seed_803995038;31191;Gather Merge;3;Outer;;0;1631266;526215;0;3.0999990498180403;341523.47;637679.13;44;0.0;3;2907.452;2913.176;2878.735;2878.736;0.0;0.0
Q18_99_seed_803995038;31192;Incremental Sort;4;Outer;;0;526215;526215;0;1.0;340523.43;445005.33;44;0.0;0;2878.735;2878.736;2876.545;2878.684;0.0;0.0
Q18_9_seed_65632248;31207;Gather Merge;3;Outer;;0;1631266;526215;0;3.0999990498180403;341523.47;637679.13;44;0.0;3;2927.346;2934.017;2914.384;2914.385;0.0;0.0
Q18_9_seed_65632248;31208;Incremental Sort;4;Outer;;0;526215;526215;0;1.0;340523.43;445005.33;44;0.0;0;2914.384;2914.385;2911.896;2914.335;0.0;0.0
