query_file;Aggregate_node_id;Aggregate_node_type;Aggregate_depth;Aggregate_parent_relationship;Aggregate_subplan_name;Aggregate_np;Aggregate_nt;Aggregate_nt1;Aggregate_nt2;Aggregate_sel;Aggregate_startup_cost;Aggregate_total_cost;Aggregate_plan_width;Aggregate_reltuples;Aggregate_parallel_workers;actual_startup_time;actual_total_time;Aggregate_st1;Aggregate_rt1;Aggregate_st2;Aggregate_rt2;Aggregate_template;GatherMerge_Outer_node_id;GatherMerge_Outer_node_type;GatherMerge_Outer_depth;GatherMerge_Outer_parent_relationship;GatherMerge_Outer_subplan_name;GatherMerge_Outer_np;GatherMerge_Outer_nt;GatherMerge_Outer_nt1;GatherMerge_Outer_nt2;GatherMerge_Outer_sel;GatherMerge_Outer_startup_cost;GatherMerge_Outer_total_cost;GatherMerge_Outer_plan_width;GatherMerge_Outer_reltuples;GatherMerge_Outer_parallel_workers;GatherMerge_Outer_st1;GatherMerge_Outer_rt1;GatherMerge_Outer_st2;GatherMerge_Outer_rt2;GatherMerge_Outer_template;Aggregate_Outer_node_id;Aggregate_Outer_node_type;Aggregate_Outer_depth;Aggregate_Outer_parent_relationship;Aggregate_Outer_subplan_name;Aggregate_Outer_np;Aggregate_Outer_nt;Aggregate_Outer_nt1;Aggregate_Outer_nt2;Aggregate_Outer_sel;Aggregate_Outer_startup_cost;Aggregate_Outer_total_cost;Aggregate_Outer_plan_width;Aggregate_Outer_reltuples;Aggregate_Outer_parallel_workers;Aggregate_Outer_st1;Aggregate_Outer_rt1;Aggregate_Outer_st2;Aggregate_Outer_rt2;Aggregate_Outer_template;Sort_Outer_node_id;Sort_Outer_node_type;Sort_Outer_depth;Sort_Outer_parent_relationship;Sort_Outer_subplan_name;Sort_Outer_np;Sort_Outer_nt;Sort_Outer_nt1;Sort_Outer_nt2;Sort_Outer_sel;Sort_Outer_startup_cost;Sort_Outer_total_cost;Sort_Outer_plan_width;Sort_Outer_reltuples;Sort_Outer_parallel_workers;Sort_Outer_st1;Sort_Outer_rt1;Sort_Outer_st2;Sort_Outer_rt2;Sort_Outer_template;HashJoin_Outer_node_id;HashJoin_Outer_node_type;HashJoin_Outer_depth;HashJoin_Outer_parent_relationship;HashJoin_Outer_subplan_name;HashJoin_Outer_np;HashJoin_Outer_nt;HashJoin_Outer_nt1;HashJoin_Outer_nt2;HashJoin_Outer_sel;HashJoin_Outer_startup_cost;HashJoin_Outer_total_cost;HashJoin_Outer_plan_width;HashJoin_Outer_reltuples;HashJoin_Outer_parallel_workers;HashJoin_Outer_st1;HashJoin_Outer_rt1;HashJoin_Outer_st2;HashJoin_Outer_rt2;HashJoin_Outer_template;NestedLoop_Outer_node_id;NestedLoop_Outer_node_type;NestedLoop_Outer_depth;NestedLoop_Outer_parent_relationship;NestedLoop_Outer_subplan_name;NestedLoop_Outer_np;NestedLoop_Outer_nt;NestedLoop_Outer_nt1;NestedLoop_Outer_nt2;NestedLoop_Outer_sel;NestedLoop_Outer_startup_cost;NestedLoop_Outer_total_cost;NestedLoop_Outer_plan_width;NestedLoop_Outer_reltuples;NestedLoop_Outer_parallel_workers;NestedLoop_Outer_st1;NestedLoop_Outer_rt1;NestedLoop_Outer_st2;NestedLoop_Outer_rt2;NestedLoop_Outer_template;SeqScan_Outer_node_id;SeqScan_Outer_node_type;SeqScan_Outer_depth;SeqScan_Outer_parent_relationship;SeqScan_Outer_subplan_name;SeqScan_Outer_np;SeqScan_Outer_nt;SeqScan_Outer_nt1;SeqScan_Outer_nt2;SeqScan_Outer_sel;SeqScan_Outer_startup_cost;SeqScan_Outer_total_cost;SeqScan_Outer_plan_width;SeqScan_Outer_reltuples;SeqScan_Outer_parallel_workers;SeqScan_Outer_st1;SeqScan_Outer_rt1;SeqScan_Outer_st2;SeqScan_Outer_rt2;SeqScan_Outer_template;Hash_Inner_node_id;Hash_Inner_node_type;Hash_Inner_depth;Hash_Inner_parent_relationship;Hash_Inner_subplan_name;Hash_Inner_np;Hash_Inner_nt;Hash_Inner_nt1;Hash_Inner_nt2;Hash_Inner_sel;Hash_Inner_startup_cost;Hash_Inner_total_cost;Hash_Inner_plan_width;Hash_Inner_reltuples;Hash_Inner_parallel_workers;Hash_Inner_st1;Hash_Inner_rt1;Hash_Inner_st2;Hash_Inner_rt2;Hash_Inner_template;IndexScan_Inner_node_id;IndexScan_Inner_node_type;IndexScan_Inner_depth;IndexScan_Inner_parent_relationship;IndexScan_Inner_subplan_name;IndexScan_Inner_np;IndexScan_Inner_nt;IndexScan_Inner_nt1;IndexScan_Inner_nt2;IndexScan_Inner_sel;IndexScan_Inner_startup_cost;IndexScan_Inner_total_cost;IndexScan_Inner_plan_width;IndexScan_Inner_reltuples;IndexScan_Inner_parallel_workers;IndexScan_Inner_st1;IndexScan_Inner_rt1;IndexScan_Inner_st2;IndexScan_Inner_rt2;IndexScan_Inner_template
Q5_101_seed_820403100;6922;Aggregate;1;Outer;;0;25;75;0;0.3333333333333333;57960.2;57999.73;136;0.0;0;1060.844;1063.102;1060.785;1063.094;0.0;0.0;Q5;6923;Gather Merge;2;Outer;;0;75;25;0;3.0;57960.2;57998.85;136;0.0;3;1057.788;1058.018;0.0;0.0;Q5;6924;Aggregate;3;Outer;;0;25;2362;0;0.010584250635055;56960.16;56990.0;136;0.0;0;1057.719;1057.755;0.0;0.0;Q5;6925;Sort;4;Outer;;0;2362;2362;0;1.0;56960.16;56966.07;116;0.0;0;41.415;1057.25;0.0;0.0;Q5;6931;Hash Join;9;Outer;;0;12500;62500;5;0.04;2.46;4586.84;116;0.0;0;0.579;30.88;0.073;0.073;Q5;6927;Nested Loop;6;Outer;;0;59037;14756;5;0.8001761995120629;4743.52;56044.88;128;0.0;0;34.708;213.732;0.068;0.073;Q5;6940;Seq Scan;7;Outer;;223;10000;0;0;1.0;0.0;323.0;8;10000.0;0;0.0;0.0;0.0;0.0;Q5;6939;Hash;6;Inner;;0;10000;10000;0;1.0;323.0;323.0;8;0.0;0;0.086;3.228;0.0;0.0;Q5;6938;Index Scan;7;Inner;;112600;5;0;0;8.331646174982899e-07;0.43;1.14;20;6001215.0;0;0.0;0.0;0.0;0.0;Q5
Q5_102_seed_828607131;6942;Aggregate;1;Outer;;0;25;75;0;0.3333333333333333;57870.66;57909.89;136;0.0;0;1065.104;1067.267;1065.044;1067.259;0.0;0.0;Q5;6943;Gather Merge;2;Outer;;0;75;25;0;3.0;57870.66;57909.01;136;0.0;3;1062.113;1062.34;0.0;0.0;Q5;6944;Aggregate;3;Outer;;0;25;2338;0;0.0106928999144568;56870.62;56900.16;136;0.0;0;1062.044;1062.08;0.0;0.0;Q5;6945;Sort;4;Outer;;0;2338;2338;0;1.0;56870.62;56876.47;116;0.0;0;42.917;1061.574;0.0;0.0;Q5;6951;Hash Join;9;Outer;;0;12500;62500;5;0.04;2.46;4586.84;116;0.0;0;0.099;33.154;0.087;0.088;Q5;6947;Nested Loop;6;Outer;;0;58459;14612;5;0.8001505611825896;4743.52;55959.89;128;0.0;0;36.486;215.197;0.069;0.073;Q5;6960;Seq Scan;7;Outer;;223;10000;0;0;1.0;0.0;323.0;8;10000.0;0;0.0;0.0;0.0;0.0;Q5;6959;Hash;6;Inner;;0;10000;10000;0;1.0;323.0;323.0;8;0.0;0;0.091;2.926;0.0;0.0;Q5;6958;Index Scan;7;Inner;;112600;5;0;0;8.331646174982899e-07;0.43;1.15;20;6001215.0;0;0.0;0.0;0.0;0.0;Q5
Q5_103_seed_836811162;6962;Aggregate;1;Outer;;0;25;75;0;0.3333333333333333;57960.2;57999.73;136;0.0;0;1081.209;1083.318;1081.15;1083.309;0.0;0.0;Q5;6963;Gather Merge;2;Outer;;0;75;25;0;3.0;57960.2;57998.85;136;0.0;3;1078.01;1078.222;0.0;0.0;Q5;6964;Aggregate;3;Outer;;0;25;2362;0;0.010584250635055;56960.16;56990.0;136;0.0;0;1077.94;1077.975;0.0;0.0;Q5;6965;Sort;4;Outer;;0;2362;2362;0;1.0;56960.16;56966.07;116;0.0;0;42.023;1077.493;0.0;0.0;Q5;6971;Hash Join;9;Outer;;0;12500;62500;5;0.04;2.46;4586.84;116;0.0;0;0.154;35.509;0.18;0.181;Q5;6967;Nested Loop;6;Outer;;0;59037;14756;5;0.8001761995120629;4743.52;56044.88;128;0.0;0;38.188;221.91;0.07;0.074;Q5;6980;Seq Scan;7;Outer;;223;10000;0;0;1.0;0.0;323.0;8;10000.0;0;0.0;0.0;0.0;0.0;Q5;6979;Hash;6;Inner;;0;10000;10000;0;1.0;323.0;323.0;8;0.0;0;0.094;2.171;0.0;0.0;Q5;6978;Index Scan;7;Inner;;112600;5;0;0;8.331646174982899e-07;0.43;1.14;20;6001215.0;0;0.0;0.0;0.0;0.0;Q5
Q5_105_seed_853219224;7002;Aggregate;1;Outer;;0;25;75;0;0.3333333333333333;57960.2;57999.73;136;0.0;0;1067.223;1068.893;1067.166;1068.884;0.0;0.0;Q5;7003;Gather Merge;2;Outer;;0;75;25;0;3.0;57960.2;57998.85;136;0.0;3;1063.062;1063.267;0.0;0.0;Q5;7004;Aggregate;3;Outer;;0;25;2362;0;0.010584250635055;56960.16;56990.0;136;0.0;0;1063.001;1063.035;0.0;0.0;Q5;7005;Sort;4;Outer;;0;2362;2362;0;1.0;56960.16;56966.07;116;0.0;0;40.139;1062.551;0.0;0.0;Q5;7011;Hash Join;9;Outer;;0;12500;62500;5;0.04;2.46;4586.84;116;0.0;0;0.521;31.324;0.071;0.072;Q5;7007;Nested Loop;6;Outer;;0;59037;14756;5;0.8001761995120629;4743.52;56044.88;128;0.0;0;34.867;217.049;0.069;0.073;Q5;7020;Seq Scan;7;Outer;;223;10000;0;0;1.0;0.0;323.0;8;10000.0;0;0.0;0.0;0.0;0.0;Q5;7019;Hash;6;Inner;;0;10000;10000;0;1.0;323.0;323.0;8;0.0;0;0.08;3.225;0.0;0.0;Q5;7018;Index Scan;7;Inner;;112600;5;0;0;8.331646174982899e-07;0.43;1.14;20;6001215.0;0;0.0;0.0;0.0;0.0;Q5
Q5_106_seed_861423255;7022;Aggregate;1;Outer;;0;25;75;0;0.3333333333333333;57870.66;57909.89;136;0.0;0;1091.305;1091.678;1091.251;1091.669;0.0;0.0;Q5;7023;Gather Merge;2;Outer;;0;75;25;0;3.0;57870.66;57909.01;136;0.0;3;1086.303;1086.547;0.0;0.0;Q5;7024;Aggregate;3;Outer;;0;25;2338;0;0.0106928999144568;56870.62;56900.16;136;0.0;0;1086.23;1086.267;0.0;0.0;Q5;7025;Sort;4;Outer;;0;2338;2338;0;1.0;56870.62;56876.47;116;0.0;0;41.986;1085.786;0.0;0.0;Q5;7031;Hash Join;9;Outer;;0;12500;62500;5;0.04;2.46;4586.84;116;0.0;0;0.32;32.71;0.074;0.075;Q5;7027;Nested Loop;6;Outer;;0;58459;14612;5;0.8001505611825896;4743.52;55959.89;128;0.0;0;35.222;217.828;0.071;0.075;Q5;7040;Seq Scan;7;Outer;;223;10000;0;0;1.0;0.0;323.0;8;10000.0;0;0.0;0.0;0.0;0.0;Q5;7039;Hash;6;Inner;;0;10000;10000;0;1.0;323.0;323.0;8;0.0;0;0.087;4.781;0.0;0.0;Q5;7038;Index Scan;7;Inner;;112600;5;0;0;8.331646174982899e-07;0.43;1.15;20;6001215.0;0;0.0;0.0;0.0;0.0;Q5
Q5_107_seed_869627286;7042;Aggregate;1;Outer;;0;25;75;0;0.3333333333333333;57960.2;57999.73;136;0.0;0;1041.134;1043.167;1041.077;1043.159;0.0;0.0;Q5;7043;Gather Merge;2;Outer;;0;75;25;0;3.0;57960.2;57998.85;136;0.0;3;1037.775;1038.003;0.0;0.0;Q5;7044;Aggregate;3;Outer;;0;25;2362;0;0.010584250635055;56960.16;56990.0;136;0.0;0;1037.713;1037.749;0.0;0.0;Q5;7045;Sort;4;Outer;;0;2362;2362;0;1.0;56960.16;56966.07;116;0.0;0;35.974;1037.268;0.0;0.0;Q5;7051;Hash Join;9;Outer;;0;12500;62500;5;0.04;2.46;4586.84;116;0.0;0;0.543;29.184;0.105;0.105;Q5;7047;Nested Loop;6;Outer;;0;59037;14756;5;0.8001761995120629;4743.52;56044.88;128;0.0;0;31.985;208.146;0.068;0.072;Q5;7060;Seq Scan;7;Outer;;223;10000;0;0;1.0;0.0;323.0;8;10000.0;0;0.0;0.0;0.0;0.0;Q5;7059;Hash;6;Inner;;0;10000;10000;0;1.0;323.0;323.0;8;0.0;0;0.067;2.203;0.0;0.0;Q5;7058;Index Scan;7;Inner;;112600;5;0;0;8.331646174982899e-07;0.43;1.14;20;6001215.0;0;0.0;0.0;0.0;0.0;Q5
Q5_108_seed_877831317;7062;Aggregate;1;Outer;;0;25;75;0;0.3333333333333333;57870.66;57909.89;136;0.0;0;1086.726;1088.904;1086.664;1088.891;0.0;0.0;Q5;7063;Gather Merge;2;Outer;;0;75;25;0;3.0;57870.66;57909.01;136;0.0;3;1083.556;1083.765;0.0;0.0;Q5;7064;Aggregate;3;Outer;;0;25;2338;0;0.0106928999144568;56870.62;56900.16;136;0.0;0;1083.495;1083.529;0.0;0.0;Q5;7065;Sort;4;Outer;;0;2338;2338;0;1.0;56870.62;56876.47;116;0.0;0;42.795;1083.023;0.0;0.0;Q5;7071;Hash Join;9;Outer;;0;12500;62500;5;0.04;2.46;4586.84;116;0.0;0;0.131;34.329;0.112;0.112;Q5;7067;Nested Loop;6;Outer;;0;58459;14612;5;0.8001505611825896;4743.52;55959.89;128;0.0;0;37.615;219.53;0.071;0.075;Q5;7080;Seq Scan;7;Outer;;223;10000;0;0;1.0;0.0;323.0;8;10000.0;0;0.0;0.0;0.0;0.0;Q5;7079;Hash;6;Inner;;0;10000;10000;0;1.0;323.0;323.0;8;0.0;0;0.084;2.493;0.0;0.0;Q5;7078;Index Scan;7;Inner;;112600;5;0;0;8.331646174982899e-07;0.43;1.15;20;6001215.0;0;0.0;0.0;0.0;0.0;Q5
Q5_10_seed_73836279;7102;Aggregate;1;Outer;;0;25;75;0;0.3333333333333333;57870.66;57909.89;136;0.0;0;1053.235;1055.371;1053.137;1055.362;0.0;0.0;Q5;7103;Gather Merge;2;Outer;;0;75;25;0;3.0;57870.66;57909.01;136;0.0;3;1050.776;1051.035;0.0;0.0;Q5;7104;Aggregate;3;Outer;;0;25;2338;0;0.0106928999144568;56870.62;56900.16;136;0.0;0;1050.704;1050.74;0.0;0.0;Q5;7105;Sort;4;Outer;;0;2338;2338;0;1.0;56870.62;56876.47;116;0.0;0;40.743;1050.231;0.0;0.0;Q5;7111;Hash Join;9;Outer;;0;12500;62500;5;0.04;2.46;4586.84;116;0.0;0;0.613;31.578;0.075;0.075;Q5;7107;Nested Loop;6;Outer;;0;58459;14612;5;0.8001505611825896;4743.52;55959.89;128;0.0;0;36.041;214.399;0.068;0.072;Q5;7120;Seq Scan;7;Outer;;223;10000;0;0;1.0;0.0;323.0;8;10000.0;0;0.0;0.0;0.0;0.0;Q5;7119;Hash;6;Inner;;0;10000;10000;0;1.0;323.0;323.0;8;0.0;0;0.085;3.339;0.0;0.0;Q5;7118;Index Scan;7;Inner;;112600;5;0;0;8.331646174982899e-07;0.43;1.15;20;6001215.0;0;0.0;0.0;0.0;0.0;Q5
Q5_113_seed_918851472;7182;Aggregate;1;Outer;;0;25;75;0;0.3333333333333333;57960.2;57999.73;136;0.0;0;1064.24;1066.628;1064.175;1066.62;0.0;0.0;Q5;7183;Gather Merge;2;Outer;;0;75;25;0;3.0;57960.2;57998.85;136;0.0;3;1061.361;1061.575;0.0;0.0;Q5;7184;Aggregate;3;Outer;;0;25;2362;0;0.010584250635055;56960.16;56990.0;136;0.0;0;1061.3;1061.336;0.0;0.0;Q5;7185;Sort;4;Outer;;0;2362;2362;0;1.0;56960.16;56966.07;116;0.0;0;40.828;1060.856;0.0;0.0;Q5;7191;Hash Join;9;Outer;;0;12500;62500;5;0.04;2.46;4586.84;116;0.0;0;0.16;33.753;0.181;0.182;Q5;7187;Nested Loop;6;Outer;;0;59037;14756;5;0.8001761995120629;4743.52;56044.88;128;0.0;0;36.465;217.571;0.068;0.073;Q5;7200;Seq Scan;7;Outer;;223;10000;0;0;1.0;0.0;323.0;8;10000.0;0;0.0;0.0;0.0;0.0;Q5;7199;Hash;6;Inner;;0;10000;10000;0;1.0;323.0;323.0;8;0.0;0;0.075;2.3;0.0;0.0;Q5;7198;Index Scan;7;Inner;;112600;5;0;0;8.331646174982899e-07;0.43;1.14;20;6001215.0;0;0.0;0.0;0.0;0.0;Q5
Q5_114_seed_927055503;7202;Aggregate;1;Outer;;0;25;75;0;0.3333333333333333;57891.66;57930.96;136;0.0;0;1081.963;1084.281;1081.908;1084.273;0.0;0.0;Q5;7203;Gather Merge;2;Outer;;0;75;25;0;3.0;57891.66;57930.08;136;0.0;3;1079.242;1079.479;0.0;0.0;Q5;7204;Aggregate;3;Outer;;0;25;2344;0;0.0106655290102389;56891.62;56921.23;136;0.0;0;1079.172;1079.211;0.0;0.0;Q5;7205;Sort;4;Outer;;0;2344;2344;0;1.0;56891.62;56897.48;116;0.0;0;37.85;1078.622;0.0;0.0;Q5;7211;Hash Join;9;Outer;;0;12500;62500;5;0.04;2.46;4586.84;116;0.0;0;0.155;29.985;0.155;0.156;Q5;7207;Nested Loop;6;Outer;;0;58597;14646;5;0.8001775228731394;4743.52;55979.78;128;0.0;0;33.304;213.476;0.069;0.074;Q5;7220;Seq Scan;7;Outer;;223;10000;0;0;1.0;0.0;323.0;8;10000.0;0;0.0;0.0;0.0;0.0;Q5;7219;Hash;6;Inner;;0;10000;10000;0;1.0;323.0;323.0;8;0.0;0;0.088;2.635;0.0;0.0;Q5;7218;Index Scan;7;Inner;;112600;5;0;0;8.331646174982899e-07;0.43;1.15;20;6001215.0;0;0.0;0.0;0.0;0.0;Q5
Q5_115_seed_935259534;7222;Aggregate;1;Outer;;0;25;75;0;0.3333333333333333;57960.2;57999.73;136;0.0;0;1047.298;1049.394;1047.234;1049.385;0.0;0.0;Q5;7223;Gather Merge;2;Outer;;0;75;25;0;3.0;57960.2;57998.85;136;0.0;3;1043.529;1043.753;0.0;0.0;Q5;7224;Aggregate;3;Outer;;0;25;2362;0;0.010584250635055;56960.16;56990.0;136;0.0;0;1043.47;1043.505;0.0;0.0;Q5;7225;Sort;4;Outer;;0;2362;2362;0;1.0;56960.16;56966.07;116;0.0;0;37.736;1043.022;0.0;0.0;Q5;7231;Hash Join;9;Outer;;0;12500;62500;5;0.04;2.46;4586.84;116;0.0;0;0.01;30.141;0.154;0.155;Q5;7227;Nested Loop;6;Outer;;0;59037;14756;5;0.8001761995120629;4743.52;56044.88;128;0.0;0;32.835;211.763;0.067;0.071;Q5;7240;Seq Scan;7;Outer;;223;10000;0;0;1.0;0.0;323.0;8;10000.0;0;0.0;0.0;0.0;0.0;Q5;7239;Hash;6;Inner;;0;10000;10000;0;1.0;323.0;323.0;8;0.0;0;0.085;3.498;0.0;0.0;Q5;7238;Index Scan;7;Inner;;112600;5;0;0;8.331646174982899e-07;0.43;1.14;20;6001215.0;0;0.0;0.0;0.0;0.0;Q5
Q5_116_seed_943463565;7242;Aggregate;1;Outer;;0;25;75;0;0.3333333333333333;57891.66;57930.96;136;0.0;0;1065.782;1067.865;1065.721;1067.857;0.0;0.0;Q5;7243;Gather Merge;2;Outer;;0;75;25;0;3.0;57891.66;57930.08;136;0.0;3;1062.998;1063.234;0.0;0.0;Q5;7244;Aggregate;3;Outer;;0;25;2344;0;0.0106655290102389;56891.62;56921.23;136;0.0;0;1062.926;1062.963;0.0;0.0;Q5;7245;Sort;4;Outer;;0;2344;2344;0;1.0;56891.62;56897.48;116;0.0;0;41.124;1062.453;0.0;0.0;Q5;7251;Hash Join;9;Outer;;0;12500;62500;5;0.04;2.46;4586.84;116;0.0;0;0.045;33.09;0.192;0.193;Q5;7247;Nested Loop;6;Outer;;0;58597;14646;5;0.8001775228731394;4743.52;55979.78;128;0.0;0;36.262;216.949;0.069;0.072;Q5;7260;Seq Scan;7;Outer;;223;10000;0;0;1.0;0.0;323.0;8;10000.0;0;0.0;0.0;0.0;0.0;Q5;7259;Hash;6;Inner;;0;10000;10000;0;1.0;323.0;323.0;8;0.0;0;0.083;2.367;0.0;0.0;Q5;7258;Index Scan;7;Inner;;112600;5;0;0;8.331646174982899e-07;0.43;1.15;20;6001215.0;0;0.0;0.0;0.0;0.0;Q5
Q5_119_seed_968075658;7302;Aggregate;1;Outer;;0;25;75;0;0.3333333333333333;58040.55;58080.32;136;0.0;0;1062.234;1064.622;1062.169;1064.612;0.0;0.0;Q5;7303;Gather Merge;2;Outer;;0;75;25;0;3.0;58040.55;58079.45;136;0.0;3;1059.844;1060.085;0.0;0.0;Q5;7304;Aggregate;3;Outer;;0;25;2382;0;0.0104953820319059;57040.51;57070.59;136;0.0;0;1059.778;1059.813;0.0;0.0;Q5;7305;Sort;4;Outer;;0;2382;2382;0;1.0;57040.51;57046.46;116;0.0;0;43.761;1059.29;0.0;0.0;Q5;7311;Hash Join;9;Outer;;0;12500;62500;5;0.04;2.46;4586.84;116;0.0;0;0.878;33.857;0.276;0.277;Q5;7307;Nested Loop;6;Outer;;0;59546;14884;5;0.800134372480516;4743.52;56121.28;128;0.0;0;37.831;219.165;0.068;0.072;Q5;7320;Seq Scan;7;Outer;;223;10000;0;0;1.0;0.0;323.0;8;10000.0;0;0.0;0.0;0.0;0.0;Q5;7319;Hash;6;Inner;;0;10000;10000;0;1.0;323.0;323.0;8;0.0;0;0.085;3.237;0.0;0.0;Q5;7318;Index Scan;7;Inner;;112600;5;0;0;8.331646174982899e-07;0.43;1.14;20;6001215.0;0;0.0;0.0;0.0;0.0;Q5
Q5_11_seed_82040310;7322;Aggregate;1;Outer;;0;25;75;0;0.3333333333333333;57960.2;57999.73;136;0.0;0;1068.229;1070.326;1068.169;1070.318;0.0;0.0;Q5;7323;Gather Merge;2;Outer;;0;75;25;0;3.0;57960.2;57998.85;136;0.0;3;1065.219;1065.438;0.0;0.0;Q5;7324;Aggregate;3;Outer;;0;25;2362;0;0.010584250635055;56960.16;56990.0;136;0.0;0;1065.155;1065.191;0.0;0.0;Q5;7325;Sort;4;Outer;;0;2362;2362;0;1.0;56960.16;56966.07;116;0.0;0;45.374;1064.687;0.0;0.0;Q5;7331;Hash Join;9;Outer;;0;12500;62500;5;0.04;2.46;4586.84;116;0.0;0;0.009;34.609;0.146;0.147;Q5;7327;Nested Loop;6;Outer;;0;59037;14756;5;0.8001761995120629;4743.52;56044.88;128;0.0;0;39.461;218.737;0.069;0.072;Q5;7340;Seq Scan;7;Outer;;223;10000;0;0;1.0;0.0;323.0;8;10000.0;0;0.0;0.0;0.0;0.0;Q5;7339;Hash;6;Inner;;0;10000;10000;0;1.0;323.0;323.0;8;0.0;0;0.075;3.934;0.0;0.0;Q5;7338;Index Scan;7;Inner;;112600;5;0;0;8.331646174982899e-07;0.43;1.14;20;6001215.0;0;0.0;0.0;0.0;0.0;Q5
Q5_121_seed_984483720;7362;Aggregate;1;Outer;;0;25;75;0;0.3333333333333333;58040.55;58080.32;136;0.0;0;1072.29;1074.813;1072.224;1074.805;0.0;0.0;Q5;7363;Gather Merge;2;Outer;;0;75;25;0;3.0;58040.55;58079.45;136;0.0;3;1069.356;1069.583;0.0;0.0;Q5;7364;Aggregate;3;Outer;;0;25;2382;0;0.0104953820319059;57040.51;57070.59;136;0.0;0;1069.292;1069.328;0.0;0.0;Q5;7365;Sort;4;Outer;;0;2382;2382;0;1.0;57040.51;57046.46;116;0.0;0;40.53;1068.832;0.0;0.0;Q5;7371;Hash Join;9;Outer;;0;12500;62500;5;0.04;2.46;4586.84;116;0.0;0;0.153;32.993;0.256;0.256;Q5;7367;Nested Loop;6;Outer;;0;59546;14884;5;0.800134372480516;4743.52;56121.28;128;0.0;0;35.686;216.468;0.069;0.074;Q5;7380;Seq Scan;7;Outer;;223;10000;0;0;1.0;0.0;323.0;8;10000.0;0;0.0;0.0;0.0;0.0;Q5;7379;Hash;6;Inner;;0;10000;10000;0;1.0;323.0;323.0;8;0.0;0;0.087;2.599;0.0;0.0;Q5;7378;Index Scan;7;Inner;;112600;5;0;0;8.331646174982899e-07;0.43;1.14;20;6001215.0;0;0.0;0.0;0.0;0.0;Q5
Q5_122_seed_992687751;7382;Aggregate;1;Outer;;0;25;75;0;0.3333333333333333;57891.66;57930.96;136;0.0;0;1065.165;1065.897;1065.1;1065.886;0.0;0.0;Q5;7383;Gather Merge;2;Outer;;0;75;25;0;3.0;57891.66;57930.08;136;0.0;3;1061.115;1061.356;0.0;0.0;Q5;7384;Aggregate;3;Outer;;0;25;2344;0;0.0106655290102389;56891.62;56921.23;136;0.0;0;1061.048;1061.084;0.0;0.0;Q5;7385;Sort;4;Outer;;0;2344;2344;0;1.0;56891.62;56897.48;116;0.0;0;39.74;1060.583;0.0;0.0;Q5;7391;Hash Join;9;Outer;;0;12500;62500;5;0.04;2.46;4586.84;116;0.0;0;0.411;30.53;0.076;0.076;Q5;7387;Nested Loop;6;Outer;;0;58597;14646;5;0.8001775228731394;4743.52;55979.78;128;0.0;0;34.968;216.861;0.069;0.073;Q5;7400;Seq Scan;7;Outer;;223;10000;0;0;1.0;0.0;323.0;8;10000.0;0;0.0;0.0;0.0;0.0;Q5;7399;Hash;6;Inner;;0;10000;10000;0;1.0;323.0;323.0;8;0.0;0;0.081;2.416;0.0;0.0;Q5;7398;Index Scan;7;Inner;;112600;5;0;0;8.331646174982899e-07;0.43;1.15;20;6001215.0;0;0.0;0.0;0.0;0.0;Q5
Q5_123_seed_1000891782;7402;Aggregate;1;Outer;;0;25;75;0;0.3333333333333333;58040.55;58080.32;136;0.0;0;1060.112;1062.303;1060.049;1062.295;0.0;0.0;Q5;7403;Gather Merge;2;Outer;;0;75;25;0;3.0;58040.55;58079.45;136;0.0;3;1056.534;1056.756;0.0;0.0;Q5;7404;Aggregate;3;Outer;;0;25;2382;0;0.0104953820319059;57040.51;57070.59;136;0.0;0;1056.466;1056.499;0.0;0.0;Q5;7405;Sort;4;Outer;;0;2382;2382;0;1.0;57040.51;57046.46;116;0.0;0;38.573;1055.99;0.0;0.0;Q5;7411;Hash Join;9;Outer;;0;12500;62500;5;0.04;2.46;4586.84;116;0.0;0;0.201;32.062;0.077;0.077;Q5;7407;Nested Loop;6;Outer;;0;59546;14884;5;0.800134372480516;4743.52;56121.28;128;0.0;0;34.456;212.871;0.069;0.073;Q5;7420;Seq Scan;7;Outer;;223;10000;0;0;1.0;0.0;323.0;8;10000.0;0;0.0;0.0;0.0;0.0;Q5;7419;Hash;6;Inner;;0;10000;10000;0;1.0;323.0;323.0;8;0.0;0;0.083;2.961;0.0;0.0;Q5;7418;Index Scan;7;Inner;;112600;5;0;0;8.331646174982899e-07;0.43;1.14;20;6001215.0;0;0.0;0.0;0.0;0.0;Q5
Q5_125_seed_1017299844;7442;Aggregate;1;Outer;;0;25;75;0;0.3333333333333333;58040.55;58080.32;136;0.0;0;1058.087;1060.115;1058.03;1060.107;0.0;0.0;Q5;7443;Gather Merge;2;Outer;;0;75;25;0;3.0;58040.55;58079.45;136;0.0;3;1054.968;1055.166;0.0;0.0;Q5;7444;Aggregate;3;Outer;;0;25;2382;0;0.0104953820319059;57040.51;57070.59;136;0.0;0;1054.906;1054.938;0.0;0.0;Q5;7445;Sort;4;Outer;;0;2382;2382;0;1.0;57040.51;57046.46;116;0.0;0;36.691;1054.473;0.0;0.0;Q5;7451;Hash Join;9;Outer;;0;12500;62500;5;0.04;2.46;4586.84;116;0.0;0;0.01;28.176;0.072;0.072;Q5;7447;Nested Loop;6;Outer;;0;59546;14884;5;0.800134372480516;4743.52;56121.28;128;0.0;0;30.371;209.691;0.07;0.073;Q5;7460;Seq Scan;7;Outer;;223;10000;0;0;1.0;0.0;323.0;8;10000.0;0;0.0;0.0;0.0;0.0;Q5;7459;Hash;6;Inner;;0;10000;10000;0;1.0;323.0;323.0;8;0.0;0;0.154;5.077;0.0;0.0;Q5;7458;Index Scan;7;Inner;;112600;5;0;0;8.331646174982899e-07;0.43;1.14;20;6001215.0;0;0.0;0.0;0.0;0.0;Q5
Q5_126_seed_1025503875;7462;Aggregate;1;Outer;;0;25;75;0;0.3333333333333333;57891.66;57930.96;136;0.0;0;1052.396;1054.544;1052.338;1054.535;0.0;0.0;Q5;7463;Gather Merge;2;Outer;;0;75;25;0;3.0;57891.66;57930.08;136;0.0;3;1049.454;1049.671;0.0;0.0;Q5;7464;Aggregate;3;Outer;;0;25;2344;0;0.0106655290102389;56891.62;56921.23;136;0.0;0;1049.385;1049.419;0.0;0.0;Q5;7465;Sort;4;Outer;;0;2344;2344;0;1.0;56891.62;56897.48;116;0.0;0;40.855;1048.948;0.0;0.0;Q5;7471;Hash Join;9;Outer;;0;12500;62500;5;0.04;2.46;4586.84;116;0.0;0;0.458;33.294;0.076;0.077;Q5;7467;Nested Loop;6;Outer;;0;58597;14646;5;0.8001775228731394;4743.52;55979.78;128;0.0;0;35.781;214.476;0.069;0.073;Q5;7480;Seq Scan;7;Outer;;223;10000;0;0;1.0;0.0;323.0;8;10000.0;0;0.0;0.0;0.0;0.0;Q5;7479;Hash;6;Inner;;0;10000;10000;0;1.0;323.0;323.0;8;0.0;0;0.086;3.678;0.0;0.0;Q5;7478;Index Scan;7;Inner;;112600;5;0;0;8.331646174982899e-07;0.43;1.15;20;6001215.0;0;0.0;0.0;0.0;0.0;Q5
Q5_12_seed_90244341;7542;Aggregate;1;Outer;;0;25;75;0;0.3333333333333333;57891.66;57930.96;136;0.0;0;1088.118;1090.164;1088.061;1090.155;0.0;0.0;Q5;7543;Gather Merge;2;Outer;;0;75;25;0;3.0;57891.66;57930.08;136;0.0;3;1083.42;1083.634;0.0;0.0;Q5;7544;Aggregate;3;Outer;;0;25;2344;0;0.0106655290102389;56891.62;56921.23;136;0.0;0;1083.354;1083.388;0.0;0.0;Q5;7545;Sort;4;Outer;;0;2344;2344;0;1.0;56891.62;56897.48;116;0.0;0;41.579;1082.901;0.0;0.0;Q5;7551;Hash Join;9;Outer;;0;12500;62500;5;0.04;2.46;4586.84;116;0.0;0;0.678;34.354;0.157;0.157;Q5;7547;Nested Loop;6;Outer;;0;58597;14646;5;0.8001775228731394;4743.52;55979.78;128;0.0;0;36.773;217.831;0.071;0.074;Q5;7560;Seq Scan;7;Outer;;223;10000;0;0;1.0;0.0;323.0;8;10000.0;0;0.0;0.0;0.0;0.0;Q5;7559;Hash;6;Inner;;0;10000;10000;0;1.0;323.0;323.0;8;0.0;0;0.083;2.369;0.0;0.0;Q5;7558;Index Scan;7;Inner;;112600;5;0;0;8.331646174982899e-07;0.43;1.15;20;6001215.0;0;0.0;0.0;0.0;0.0;Q5
Q5_130_seed_1058319999;7562;Aggregate;1;Outer;;0;25;75;0;0.3333333333333333;57916.29;57955.67;136;0.0;0;1053.06;1055.147;1053.002;1055.139;0.0;0.0;Q5;7563;Gather Merge;2;Outer;;0;75;25;0;3.0;57916.29;57954.79;136;0.0;3;1050.829;1051.059;0.0;0.0;Q5;7564;Aggregate;3;Outer;;0;25;2350;0;0.0106382978723404;56916.25;56945.94;136;0.0;0;1050.763;1050.798;0.0;0.0;Q5;7565;Sort;4;Outer;;0;2350;2350;0;1.0;56916.25;56922.13;116;0.0;0;42.838;1050.317;0.0;0.0;Q5;7571;Hash Join;9;Outer;;0;12500;62500;5;0.04;2.46;4586.84;116;0.0;0;0.201;34.612;0.072;0.072;Q5;7567;Nested Loop;6;Outer;;0;58750;14685;5;0.8001361933946204;4743.52;56003.24;128;0.0;0;37.066;218.783;0.069;0.073;Q5;7580;Seq Scan;7;Outer;;223;10000;0;0;1.0;0.0;323.0;8;10000.0;0;0.0;0.0;0.0;0.0;Q5;7579;Hash;6;Inner;;0;10000;10000;0;1.0;323.0;323.0;8;0.0;0;0.086;3.004;0.0;0.0;Q5;7578;Index Scan;7;Inner;;112600;5;0;0;8.331646174982899e-07;0.43;1.14;20;6001215.0;0;0.0;0.0;0.0;0.0;Q5
Q5_132_seed_1074728061;7602;Aggregate;1;Outer;;0;25;75;0;0.3333333333333333;57916.29;57955.67;136;0.0;0;1078.806;1081.09;1078.725;1081.081;0.0;0.0;Q5;7603;Gather Merge;2;Outer;;0;75;25;0;3.0;57916.29;57954.79;136;0.0;3;1075.291;1075.524;0.0;0.0;Q5;7604;Aggregate;3;Outer;;0;25;2350;0;0.0106382978723404;56916.25;56945.94;136;0.0;0;1075.227;1075.264;0.0;0.0;Q5;7605;Sort;4;Outer;;0;2350;2350;0;1.0;56916.25;56922.13;116;0.0;0;42.202;1074.731;0.0;0.0;Q5;7611;Hash Join;9;Outer;;0;12500;62500;5;0.04;2.46;4586.84;116;0.0;0;0.157;35.603;0.183;0.183;Q5;7607;Nested Loop;6;Outer;;0;58750;14685;5;0.8001361933946204;4743.52;56003.24;128;0.0;0;38.557;222.682;0.07;0.073;Q5;7620;Seq Scan;7;Outer;;223;10000;0;0;1.0;0.0;323.0;8;10000.0;0;0.0;0.0;0.0;0.0;Q5;7619;Hash;6;Inner;;0;10000;10000;0;1.0;323.0;323.0;8;0.0;0;0.074;2.136;0.0;0.0;Q5;7618;Index Scan;7;Inner;;112600;5;0;0;8.331646174982899e-07;0.43;1.14;20;6001215.0;0;0.0;0.0;0.0;0.0;Q5
Q5_134_seed_1091136123;7642;Aggregate;1;Outer;;0;25;75;0;0.3333333333333333;57916.29;57955.67;136;0.0;0;1081.2;1083.301;1081.138;1083.293;0.0;0.0;Q5;7643;Gather Merge;2;Outer;;0;75;25;0;3.0;57916.29;57954.79;136;0.0;3;1076.862;1077.108;0.0;0.0;Q5;7644;Aggregate;3;Outer;;0;25;2350;0;0.0106382978723404;56916.25;56945.94;136;0.0;0;1076.793;1076.831;0.0;0.0;Q5;7645;Sort;4;Outer;;0;2350;2350;0;1.0;56916.25;56922.13;116;0.0;0;43.222;1076.333;0.0;0.0;Q5;7651;Hash Join;9;Outer;;0;12500;62500;5;0.04;2.46;4586.84;116;0.0;0;0.013;34.801;0.069;0.07;Q5;7647;Nested Loop;6;Outer;;0;58750;14685;5;0.8001361933946204;4743.52;56003.24;128;0.0;0;37.241;217.837;0.07;0.074;Q5;7660;Seq Scan;7;Outer;;223;10000;0;0;1.0;0.0;323.0;8;10000.0;0;0.0;0.0;0.0;0.0;Q5;7659;Hash;6;Inner;;0;10000;10000;0;1.0;323.0;323.0;8;0.0;0;0.083;4.2;0.0;0.0;Q5;7658;Index Scan;7;Inner;;112600;5;0;0;8.331646174982899e-07;0.43;1.14;20;6001215.0;0;0.0;0.0;0.0;0.0;Q5
Q5_135_seed_1099340154;7662;Aggregate;1;Outer;;0;25;75;0;0.3333333333333333;58040.55;58080.32;136;0.0;0;1058.717;1060.852;1058.661;1060.843;0.0;0.0;Q5;7663;Gather Merge;2;Outer;;0;75;25;0;3.0;58040.55;58079.45;136;0.0;3;1056.039;1056.254;0.0;0.0;Q5;7664;Aggregate;3;Outer;;0;25;2382;0;0.0104953820319059;57040.51;57070.59;136;0.0;0;1055.973;1056.009;0.0;0.0;Q5;7665;Sort;4;Outer;;0;2382;2382;0;1.0;57040.51;57046.46;116;0.0;0;38.727;1055.514;0.0;0.0;Q5;7671;Hash Join;9;Outer;;0;12500;62500;5;0.04;2.46;4586.84;116;0.0;0;0.376;30.753;0.073;0.073;Q5;7667;Nested Loop;6;Outer;;0;59546;14884;5;0.800134372480516;4743.52;56121.28;128;0.0;0;33.117;210.019;0.068;0.071;Q5;7680;Seq Scan;7;Outer;;223;10000;0;0;1.0;0.0;323.0;8;10000.0;0;0.0;0.0;0.0;0.0;Q5;7679;Hash;6;Inner;;0;10000;10000;0;1.0;323.0;323.0;8;0.0;0;0.088;3.956;0.0;0.0;Q5;7678;Index Scan;7;Inner;;112600;5;0;0;8.331646174982899e-07;0.43;1.14;20;6001215.0;0;0.0;0.0;0.0;0.0;Q5
Q5_136_seed_1107544185;7682;Aggregate;1;Outer;;0;25;75;0;0.3333333333333333;57916.29;57955.67;136;0.0;0;1063.995;1066.353;1063.928;1066.343;0.0;0.0;Q5;7683;Gather Merge;2;Outer;;0;75;25;0;3.0;57916.29;57954.79;136;0.0;3;1060.469;1060.682;0.0;0.0;Q5;7684;Aggregate;3;Outer;;0;25;2350;0;0.0106382978723404;56916.25;56945.94;136;0.0;0;1060.404;1060.44;0.0;0.0;Q5;7685;Sort;4;Outer;;0;2350;2350;0;1.0;56916.25;56922.13;116;0.0;0;41.82;1059.932;0.0;0.0;Q5;7691;Hash Join;9;Outer;;0;12500;62500;5;0.04;2.46;4586.84;116;0.0;0;0.013;31.951;0.076;0.077;Q5;7687;Nested Loop;6;Outer;;0;58750;14685;5;0.8001361933946204;4743.52;56003.24;128;0.0;0;35.274;215.928;0.069;0.073;Q5;7700;Seq Scan;7;Outer;;223;10000;0;0;1.0;0.0;323.0;8;10000.0;0;0.0;0.0;0.0;0.0;Q5;7699;Hash;6;Inner;;0;10000;10000;0;1.0;323.0;323.0;8;0.0;0;0.095;4.606;0.0;0.0;Q5;7698;Index Scan;7;Inner;;112600;5;0;0;8.331646174982899e-07;0.43;1.14;20;6001215.0;0;0.0;0.0;0.0;0.0;Q5
Q5_138_seed_1123952247;7722;Aggregate;1;Outer;;0;25;75;0;0.3333333333333333;57916.29;57955.67;136;0.0;0;1040.132;1042.495;1040.058;1042.482;0.0;0.0;Q5;7723;Gather Merge;2;Outer;;0;75;25;0;3.0;57916.29;57954.79;136;0.0;3;1036.999;1037.232;0.0;0.0;Q5;7724;Aggregate;3;Outer;;0;25;2350;0;0.0106382978723404;56916.25;56945.94;136;0.0;0;1036.932;1036.967;0.0;0.0;Q5;7725;Sort;4;Outer;;0;2350;2350;0;1.0;56916.25;56922.13;116;0.0;0;38.896;1036.478;0.0;0.0;Q5;7731;Hash Join;9;Outer;;0;12500;62500;5;0.04;2.46;4586.84;116;0.0;0;0.01;29.533;1.143;1.143;Q5;7727;Nested Loop;6;Outer;;0;58750;14685;5;0.8001361933946204;4743.52;56003.24;128;0.0;0;33.664;213.337;0.067;0.071;Q5;7740;Seq Scan;7;Outer;;223;10000;0;0;1.0;0.0;323.0;8;10000.0;0;0.0;0.0;0.0;0.0;Q5;7739;Hash;6;Inner;;0;10000;10000;0;1.0;323.0;323.0;8;0.0;0;0.084;3.665;0.0;0.0;Q5;7738;Index Scan;7;Inner;;112600;5;0;0;8.331646174982899e-07;0.43;1.14;20;6001215.0;0;0.0;0.0;0.0;0.0;Q5
Q5_139_seed_1132156278;7742;Aggregate;1;Outer;;0;25;75;0;0.3333333333333333;57870.66;57909.89;136;0.0;0;1067.451;1069.591;1067.393;1069.579;0.0;0.0;Q5;7743;Gather Merge;2;Outer;;0;75;25;0;3.0;57870.66;57909.01;136;0.0;3;1064.408;1064.652;0.0;0.0;Q5;7744;Aggregate;3;Outer;;0;25;2338;0;0.0106928999144568;56870.62;56900.16;136;0.0;0;1064.34;1064.377;0.0;0.0;Q5;7745;Sort;4;Outer;;0;2338;2338;0;1.0;56870.62;56876.47;116;0.0;0;43.273;1063.854;0.0;0.0;Q5;7751;Hash Join;9;Outer;;0;12500;62500;5;0.04;2.46;4586.84;116;0.0;0;0.013;33.358;0.07;0.071;Q5;7747;Nested Loop;6;Outer;;0;58459;14612;5;0.8001505611825896;4743.52;55959.89;128;0.0;0;38.953;220.817;0.069;0.072;Q5;7760;Seq Scan;7;Outer;;223;10000;0;0;1.0;0.0;323.0;8;10000.0;0;0.0;0.0;0.0;0.0;Q5;7759;Hash;6;Inner;;0;10000;10000;0;1.0;323.0;323.0;8;0.0;0;0.083;3.115;0.0;0.0;Q5;7758;Index Scan;7;Inner;;112600;5;0;0;8.331646174982899e-07;0.43;1.15;20;6001215.0;0;0.0;0.0;0.0;0.0;Q5
Q5_13_seed_98448372;7762;Aggregate;1;Outer;;0;25;75;0;0.3333333333333333;57960.2;57999.73;136;0.0;0;1042.096;1044.224;1042.031;1044.215;0.0;0.0;Q5;7763;Gather Merge;2;Outer;;0;75;25;0;3.0;57960.2;57998.85;136;0.0;3;1039.926;1040.153;0.0;0.0;Q5;7764;Aggregate;3;Outer;;0;25;2362;0;0.010584250635055;56960.16;56990.0;136;0.0;0;1039.867;1039.903;0.0;0.0;Q5;7765;Sort;4;Outer;;0;2362;2362;0;1.0;56960.16;56966.07;116;0.0;0;36.949;1039.4;0.0;0.0;Q5;7771;Hash Join;9;Outer;;0;12500;62500;5;0.04;2.46;4586.84;116;0.0;0;0.131;26.614;0.063;0.064;Q5;7767;Nested Loop;6;Outer;;0;59037;14756;5;0.8001761995120629;4743.52;56044.88;128;0.0;0;29.429;206.675;0.067;0.071;Q5;7780;Seq Scan;7;Outer;;223;10000;0;0;1.0;0.0;323.0;8;10000.0;0;0.0;0.0;0.0;0.0;Q5;7779;Hash;6;Inner;;0;10000;10000;0;1.0;323.0;323.0;8;0.0;0;0.109;5.168;0.0;0.0;Q5;7778;Index Scan;7;Inner;;112600;5;0;0;8.331646174982899e-07;0.43;1.14;20;6001215.0;0;0.0;0.0;0.0;0.0;Q5
Q5_140_seed_1140360309;7782;Aggregate;1;Outer;;0;25;75;0;0.3333333333333333;57916.29;57955.67;136;0.0;0;1072.507;1074.549;1072.432;1074.541;0.0;0.0;Q5;7783;Gather Merge;2;Outer;;0;75;25;0;3.0;57916.29;57954.79;136;0.0;3;1068.469;1068.708;0.0;0.0;Q5;7784;Aggregate;3;Outer;;0;25;2350;0;0.0106382978723404;56916.25;56945.94;136;0.0;0;1068.4;1068.436;0.0;0.0;Q5;7785;Sort;4;Outer;;0;2350;2350;0;1.0;56916.25;56922.13;116;0.0;0;36.598;1067.934;0.0;0.0;Q5;7791;Hash Join;9;Outer;;0;12500;62500;5;0.04;2.46;4586.84;116;0.0;0;0.092;30.49;0.064;0.065;Q5;7787;Nested Loop;6;Outer;;0;58750;14685;5;0.8001361933946204;4743.52;56003.24;128;0.0;0;33.064;212.15;0.071;0.074;Q5;7800;Seq Scan;7;Outer;;223;10000;0;0;1.0;0.0;323.0;8;10000.0;0;0.0;0.0;0.0;0.0;Q5;7799;Hash;6;Inner;;0;10000;10000;0;1.0;323.0;323.0;8;0.0;0;0.084;1.942;0.0;0.0;Q5;7798;Index Scan;7;Inner;;112600;5;0;0;8.331646174982899e-07;0.43;1.14;20;6001215.0;0;0.0;0.0;0.0;0.0;Q5
Q5_143_seed_1164972402;7842;Aggregate;1;Outer;;0;25;75;0;0.3333333333333333;57870.66;57909.89;136;0.0;0;1041.862;1044.053;1041.798;1044.044;0.0;0.0;Q5;7843;Gather Merge;2;Outer;;0;75;25;0;3.0;57870.66;57909.01;136;0.0;3;1039.184;1039.411;0.0;0.0;Q5;7844;Aggregate;3;Outer;;0;25;2338;0;0.0106928999144568;56870.62;56900.16;136;0.0;0;1039.12;1039.158;0.0;0.0;Q5;7845;Sort;4;Outer;;0;2338;2338;0;1.0;56870.62;56876.47;116;0.0;0;44.984;1038.666;0.0;0.0;Q5;7851;Hash Join;9;Outer;;0;12500;62500;5;0.04;2.46;4586.84;116;0.0;0;0.126;34.46;0.077;0.078;Q5;7847;Nested Loop;6;Outer;;0;58459;14612;5;0.8001505611825896;4743.52;55959.89;128;0.0;0;37.928;215.281;0.067;0.071;Q5;7860;Seq Scan;7;Outer;;223;10000;0;0;1.0;0.0;323.0;8;10000.0;0;0.0;0.0;0.0;0.0;Q5;7859;Hash;6;Inner;;0;10000;10000;0;1.0;323.0;323.0;8;0.0;0;0.083;3.637;0.0;0.0;Q5;7858;Index Scan;7;Inner;;112600;5;0;0;8.331646174982899e-07;0.43;1.15;20;6001215.0;0;0.0;0.0;0.0;0.0;Q5
Q5_144_seed_1173176433;7862;Aggregate;1;Outer;;0;25;75;0;0.3333333333333333;57916.29;57955.67;136;0.0;0;1080.379;1082.465;1080.306;1082.454;0.0;0.0;Q5;7863;Gather Merge;2;Outer;;0;75;25;0;3.0;57916.29;57954.79;136;0.0;3;1077.264;1077.482;0.0;0.0;Q5;7864;Aggregate;3;Outer;;0;25;2350;0;0.0106382978723404;56916.25;56945.94;136;0.0;0;1077.2;1077.237;0.0;0.0;Q5;7865;Sort;4;Outer;;0;2350;2350;0;1.0;56916.25;56922.13;116;0.0;0;41.554;1076.766;0.0;0.0;Q5;7871;Hash Join;9;Outer;;0;12500;62500;5;0.04;2.46;4586.84;116;0.0;0;0.381;32.956;0.104;0.105;Q5;7867;Nested Loop;6;Outer;;0;58750;14685;5;0.8001361933946204;4743.52;56003.24;128;0.0;0;36.626;215.05;0.071;0.075;Q5;7880;Seq Scan;7;Outer;;223;10000;0;0;1.0;0.0;323.0;8;10000.0;0;0.0;0.0;0.0;0.0;Q5;7879;Hash;6;Inner;;0;10000;10000;0;1.0;323.0;323.0;8;0.0;0;0.084;3.168;0.0;0.0;Q5;7878;Index Scan;7;Inner;;112600;5;0;0;8.331646174982899e-07;0.43;1.14;20;6001215.0;0;0.0;0.0;0.0;0.0;Q5
Q5_145_seed_1181380464;7882;Aggregate;1;Outer;;0;25;75;0;0.3333333333333333;57870.66;57909.89;136;0.0;0;1078.5;1080.659;1078.424;1080.65;0.0;0.0;Q5;7883;Gather Merge;2;Outer;;0;75;25;0;3.0;57870.66;57909.01;136;0.0;3;1074.89;1075.135;0.0;0.0;Q5;7884;Aggregate;3;Outer;;0;25;2338;0;0.0106928999144568;56870.62;56900.16;136;0.0;0;1074.814;1074.852;0.0;0.0;Q5;7885;Sort;4;Outer;;0;2338;2338;0;1.0;56870.62;56876.47;116;0.0;0;42.77;1074.316;0.0;0.0;Q5;7891;Hash Join;9;Outer;;0;12500;62500;5;0.04;2.46;4586.84;116;0.0;0;0.482;34.89;0.107;0.109;Q5;7887;Nested Loop;6;Outer;;0;58459;14612;5;0.8001505611825896;4743.52;55959.89;128;0.0;0;37.519;216.495;0.069;0.074;Q5;7900;Seq Scan;7;Outer;;223;10000;0;0;1.0;0.0;323.0;8;10000.0;0;0.0;0.0;0.0;0.0;Q5;7899;Hash;6;Inner;;0;10000;10000;0;1.0;323.0;323.0;8;0.0;0;0.151;2.758;0.0;0.0;Q5;7898;Index Scan;7;Inner;;112600;5;0;0;8.331646174982899e-07;0.43;1.15;20;6001215.0;0;0.0;0.0;0.0;0.0;Q5
Q5_147_seed_1197788526;7922;Aggregate;1;Outer;;0;25;75;0;0.3333333333333333;57870.66;57909.89;136;0.0;0;1078.767;1080.802;1078.698;1080.793;0.0;0.0;Q5;7923;Gather Merge;2;Outer;;0;75;25;0;3.0;57870.66;57909.01;136;0.0;3;1075.413;1075.635;0.0;0.0;Q5;7924;Aggregate;3;Outer;;0;25;2338;0;0.0106928999144568;56870.62;56900.16;136;0.0;0;1075.344;1075.38;0.0;0.0;Q5;7925;Sort;4;Outer;;0;2338;2338;0;1.0;56870.62;56876.47;116;0.0;0;41.853;1074.873;0.0;0.0;Q5;7931;Hash Join;9;Outer;;0;12500;62500;5;0.04;2.46;4586.84;116;0.0;0;0.011;31.517;0.065;0.066;Q5;7927;Nested Loop;6;Outer;;0;58459;14612;5;0.8001505611825896;4743.52;55959.89;128;0.0;0;34.083;215.217;0.07;0.074;Q5;7940;Seq Scan;7;Outer;;223;10000;0;0;1.0;0.0;323.0;8;10000.0;0;0.0;0.0;0.0;0.0;Q5;7939;Hash;6;Inner;;0;10000;10000;0;1.0;323.0;323.0;8;0.0;0;0.076;5.041;0.0;0.0;Q5;7938;Index Scan;7;Inner;;112600;5;0;0;8.331646174982899e-07;0.43;1.15;20;6001215.0;0;0.0;0.0;0.0;0.0;Q5
Q5_148_seed_1205992557;7942;Aggregate;1;Outer;;0;25;75;0;0.3333333333333333;57916.29;57955.67;136;0.0;0;1034.2;1036.922;1034.136;1036.912;0.0;0.0;Q5;7943;Gather Merge;2;Outer;;0;75;25;0;3.0;57916.29;57954.79;136;0.0;3;1030.198;1030.434;0.0;0.0;Q5;7944;Aggregate;3;Outer;;0;25;2350;0;0.0106382978723404;56916.25;56945.94;136;0.0;0;1030.13;1030.165;0.0;0.0;Q5;7945;Sort;4;Outer;;0;2350;2350;0;1.0;56916.25;56922.13;116;0.0;0;37.812;1029.653;0.0;0.0;Q5;7951;Hash Join;9;Outer;;0;12500;62500;5;0.04;2.46;4586.84;116;0.0;0;0.545;28.335;0.093;0.094;Q5;7947;Nested Loop;6;Outer;;0;58750;14685;5;0.8001361933946204;4743.52;56003.24;128;0.0;0;31.917;208.52;0.068;0.072;Q5;7960;Seq Scan;7;Outer;;223;10000;0;0;1.0;0.0;323.0;8;10000.0;0;0.0;0.0;0.0;0.0;Q5;7959;Hash;6;Inner;;0;10000;10000;0;1.0;323.0;323.0;8;0.0;0;0.105;2.894;0.0;0.0;Q5;7958;Index Scan;7;Inner;;112600;5;0;0;8.331646174982899e-07;0.43;1.14;20;6001215.0;0;0.0;0.0;0.0;0.0;Q5
Q5_149_seed_1214196588;7962;Aggregate;1;Outer;;0;25;75;0;0.3333333333333333;57870.66;57909.89;136;0.0;0;1077.543;1079.859;1077.475;1079.85;0.0;0.0;Q5;7963;Gather Merge;2;Outer;;0;75;25;0;3.0;57870.66;57909.01;136;0.0;3;1074.254;1074.492;0.0;0.0;Q5;7964;Aggregate;3;Outer;;0;25;2338;0;0.0106928999144568;56870.62;56900.16;136;0.0;0;1074.186;1074.219;0.0;0.0;Q5;7965;Sort;4;Outer;;0;2338;2338;0;1.0;56870.62;56876.47;116;0.0;0;45.786;1073.718;0.0;0.0;Q5;7971;Hash Join;9;Outer;;0;12500;62500;5;0.04;2.46;4586.84;116;0.0;0;0.013;37.491;0.558;0.559;Q5;7967;Nested Loop;6;Outer;;0;58459;14612;5;0.8001505611825896;4743.52;55959.89;128;0.0;0;40.626;220.24;0.07;0.074;Q5;7980;Seq Scan;7;Outer;;223;10000;0;0;1.0;0.0;323.0;8;10000.0;0;0.0;0.0;0.0;0.0;Q5;7979;Hash;6;Inner;;0;10000;10000;0;1.0;323.0;323.0;8;0.0;0;0.08;2.764;0.0;0.0;Q5;7978;Index Scan;7;Inner;;112600;5;0;0;8.331646174982899e-07;0.43;1.15;20;6001215.0;0;0.0;0.0;0.0;0.0;Q5
Q5_17_seed_131264496;8062;Aggregate;1;Outer;;0;25;75;0;0.3333333333333333;57960.2;57999.73;136;0.0;0;1070.016;1070.903;1069.926;1070.892;0.0;0.0;Q5;8063;Gather Merge;2;Outer;;0;75;25;0;3.0;57960.2;57998.85;136;0.0;3;1065.661;1065.914;0.0;0.0;Q5;8064;Aggregate;3;Outer;;0;25;2362;0;0.010584250635055;56960.16;56990.0;136;0.0;0;1065.594;1065.632;0.0;0.0;Q5;8065;Sort;4;Outer;;0;2362;2362;0;1.0;56960.16;56966.07;116;0.0;0;44.222;1065.119;0.0;0.0;Q5;8071;Hash Join;9;Outer;;0;12500;62500;5;0.04;2.46;4586.84;116;0.0;0;0.151;35.052;0.074;0.075;Q5;8067;Nested Loop;6;Outer;;0;59037;14756;5;0.8001761995120629;4743.52;56044.88;128;0.0;0;38.258;219.783;0.068;0.073;Q5;8080;Seq Scan;7;Outer;;223;10000;0;0;1.0;0.0;323.0;8;10000.0;0;0.0;0.0;0.0;0.0;Q5;8079;Hash;6;Inner;;0;10000;10000;0;1.0;323.0;323.0;8;0.0;0;0.14;3.11;0.0;0.0;Q5;8078;Index Scan;7;Inner;;112600;5;0;0;8.331646174982899e-07;0.43;1.14;20;6001215.0;0;0.0;0.0;0.0;0.0;Q5
Q5_19_seed_147672558;8102;Aggregate;1;Outer;;0;25;75;0;0.3333333333333333;57960.2;57999.73;136;0.0;0;1050.109;1052.348;1050.039;1052.338;0.0;0.0;Q5;8103;Gather Merge;2;Outer;;0;75;25;0;3.0;57960.2;57998.85;136;0.0;3;1046.812;1047.034;0.0;0.0;Q5;8104;Aggregate;3;Outer;;0;25;2362;0;0.010584250635055;56960.16;56990.0;136;0.0;0;1046.742;1046.775;0.0;0.0;Q5;8105;Sort;4;Outer;;0;2362;2362;0;1.0;56960.16;56966.07;116;0.0;0;41.822;1046.247;0.0;0.0;Q5;8111;Hash Join;9;Outer;;0;12500;62500;5;0.04;2.46;4586.84;116;0.0;0;0.616;33.451;0.061;0.062;Q5;8107;Nested Loop;6;Outer;;0;59037;14756;5;0.8001761995120629;4743.52;56044.88;128;0.0;0;36.83;217.173;0.068;0.072;Q5;8120;Seq Scan;7;Outer;;223;10000;0;0;1.0;0.0;323.0;8;10000.0;0;0.0;0.0;0.0;0.0;Q5;8119;Hash;6;Inner;;0;10000;10000;0;1.0;323.0;323.0;8;0.0;0;0.069;2.539;0.0;0.0;Q5;8118;Index Scan;7;Inner;;112600;5;0;0;8.331646174982899e-07;0.43;1.14;20;6001215.0;0;0.0;0.0;0.0;0.0;Q5
Q5_1_seed_0101000000;8122;Aggregate;1;Outer;;0;25;75;0;0.3333333333333333;57891.66;57930.96;136;0.0;0;1079.918;1082.057;1079.858;1082.049;0.0;0.0;Q5;8123;Gather Merge;2;Outer;;0;75;25;0;3.0;57891.66;57930.08;136;0.0;3;1076.646;1076.87;0.0;0.0;Q5;8124;Aggregate;3;Outer;;0;25;2344;0;0.0106655290102389;56891.62;56921.23;136;0.0;0;1076.578;1076.615;0.0;0.0;Q5;8125;Sort;4;Outer;;0;2344;2344;0;1.0;56891.62;56897.48;116;0.0;0;44.621;1076.128;0.0;0.0;Q5;8131;Hash Join;9;Outer;;0;12500;62500;5;0.04;2.46;4586.84;116;0.0;0;0.01;34.428;0.073;0.074;Q5;8127;Nested Loop;6;Outer;;0;58597;14646;5;0.8001775228731394;4743.52;55979.78;128;0.0;0;36.913;217.288;0.07;0.075;Q5;8140;Seq Scan;7;Outer;;223;10000;0;0;1.0;0.0;323.0;8;10000.0;0;0.0;0.0;0.0;0.0;Q5;8139;Hash;6;Inner;;0;10000;10000;0;1.0;323.0;323.0;8;0.0;0;0.09;5.367;0.0;0.0;Q5;8138;Index Scan;7;Inner;;112600;5;0;0;8.331646174982899e-07;0.43;1.15;20;6001215.0;0;0.0;0.0;0.0;0.0;Q5
Q5_20_seed_155876589;8142;Aggregate;1;Outer;;0;25;75;0;0.3333333333333333;57891.66;57930.96;136;0.0;0;1066.503;1068.537;1066.449;1068.529;0.0;0.0;Q5;8143;Gather Merge;2;Outer;;0;75;25;0;3.0;57891.66;57930.08;136;0.0;3;1063.48;1063.688;0.0;0.0;Q5;8144;Aggregate;3;Outer;;0;25;2344;0;0.0106655290102389;56891.62;56921.23;136;0.0;0;1063.412;1063.448;0.0;0.0;Q5;8145;Sort;4;Outer;;0;2344;2344;0;1.0;56891.62;56897.48;116;0.0;0;41.27;1062.966;0.0;0.0;Q5;8151;Hash Join;9;Outer;;0;12500;62500;5;0.04;2.46;4586.84;116;0.0;0;0.706;32.882;0.08;0.081;Q5;8147;Nested Loop;6;Outer;;0;58597;14646;5;0.8001775228731394;4743.52;55979.78;128;0.0;0;36.376;219.59;0.069;0.073;Q5;8160;Seq Scan;7;Outer;;223;10000;0;0;1.0;0.0;323.0;8;10000.0;0;0.0;0.0;0.0;0.0;Q5;8159;Hash;6;Inner;;0;10000;10000;0;1.0;323.0;323.0;8;0.0;0;0.073;2.826;0.0;0.0;Q5;8158;Index Scan;7;Inner;;112600;5;0;0;8.331646174982899e-07;0.43;1.15;20;6001215.0;0;0.0;0.0;0.0;0.0;Q5
Q5_21_seed_164080620;8162;Aggregate;1;Outer;;0;25;75;0;0.3333333333333333;58040.55;58080.32;136;0.0;0;1047.191;1049.474;1047.134;1049.465;0.0;0.0;Q5;8163;Gather Merge;2;Outer;;0;75;25;0;3.0;58040.55;58079.45;136;0.0;3;1044.218;1044.445;0.0;0.0;Q5;8164;Aggregate;3;Outer;;0;25;2382;0;0.0104953820319059;57040.51;57070.59;136;0.0;0;1044.151;1044.184;0.0;0.0;Q5;8165;Sort;4;Outer;;0;2382;2382;0;1.0;57040.51;57046.46;116;0.0;0;42.334;1043.671;0.0;0.0;Q5;8171;Hash Join;9;Outer;;0;12500;62500;5;0.04;2.46;4586.84;116;0.0;0;0.011;33.746;0.123;0.124;Q5;8167;Nested Loop;6;Outer;;0;59546;14884;5;0.800134372480516;4743.52;56121.28;128;0.0;0;36.745;216.275;0.068;0.071;Q5;8180;Seq Scan;7;Outer;;223;10000;0;0;1.0;0.0;323.0;8;10000.0;0;0.0;0.0;0.0;0.0;Q5;8179;Hash;6;Inner;;0;10000;10000;0;1.0;323.0;323.0;8;0.0;0;0.086;3.647;0.0;0.0;Q5;8178;Index Scan;7;Inner;;112600;5;0;0;8.331646174982899e-07;0.43;1.14;20;6001215.0;0;0.0;0.0;0.0;0.0;Q5
Q5_23_seed_180488682;8202;Aggregate;1;Outer;;0;25;75;0;0.3333333333333333;58040.55;58080.32;136;0.0;0;1078.846;1081.176;1078.773;1081.161;0.0;0.0;Q5;8203;Gather Merge;2;Outer;;0;75;25;0;3.0;58040.55;58079.45;136;0.0;3;1075.374;1075.617;0.0;0.0;Q5;8204;Aggregate;3;Outer;;0;25;2382;0;0.0104953820319059;57040.51;57070.59;136;0.0;0;1075.304;1075.349;0.0;0.0;Q5;8205;Sort;4;Outer;;0;2382;2382;0;1.0;57040.51;57046.46;116;0.0;0;36.46;1074.848;0.0;0.0;Q5;8211;Hash Join;9;Outer;;0;12500;62500;5;0.04;2.46;4586.84;116;0.0;0;0.47;29.503;0.294;0.296;Q5;8207;Nested Loop;6;Outer;;0;59546;14884;5;0.800134372480516;4743.52;56121.28;128;0.0;0;32.503;208.152;0.071;0.075;Q5;8220;Seq Scan;7;Outer;;223;10000;0;0;1.0;0.0;323.0;8;10000.0;0;0.0;0.0;0.0;0.0;Q5;8219;Hash;6;Inner;;0;10000;10000;0;1.0;323.0;323.0;8;0.0;0;0.091;2.845;0.0;0.0;Q5;8218;Index Scan;7;Inner;;112600;5;0;0;8.331646174982899e-07;0.43;1.14;20;6001215.0;0;0.0;0.0;0.0;0.0;Q5
Q5_24_seed_188692713;8222;Aggregate;1;Outer;;0;25;75;0;0.3333333333333333;57891.66;57930.96;136;0.0;0;1076.779;1078.939;1076.72;1078.93;0.0;0.0;Q5;8223;Gather Merge;2;Outer;;0;75;25;0;3.0;57891.66;57930.08;136;0.0;3;1073.792;1074.017;0.0;0.0;Q5;8224;Aggregate;3;Outer;;0;25;2344;0;0.0106655290102389;56891.62;56921.23;136;0.0;0;1073.727;1073.762;0.0;0.0;Q5;8225;Sort;4;Outer;;0;2344;2344;0;1.0;56891.62;56897.48;116;0.0;0;43.126;1073.233;0.0;0.0;Q5;8231;Hash Join;9;Outer;;0;12500;62500;5;0.04;2.46;4586.84;116;0.0;0;0.55;35.34;0.074;0.075;Q5;8227;Nested Loop;6;Outer;;0;58597;14646;5;0.8001775228731394;4743.52;55979.78;128;0.0;0;38.284;220.862;0.07;0.074;Q5;8240;Seq Scan;7;Outer;;223;10000;0;0;1.0;0.0;323.0;8;10000.0;0;0.0;0.0;0.0;0.0;Q5;8239;Hash;6;Inner;;0;10000;10000;0;1.0;323.0;323.0;8;0.0;0;0.086;2.44;0.0;0.0;Q5;8238;Index Scan;7;Inner;;112600;5;0;0;8.331646174982899e-07;0.43;1.15;20;6001215.0;0;0.0;0.0;0.0;0.0;Q5
Q5_25_seed_196896744;8242;Aggregate;1;Outer;;0;25;75;0;0.3333333333333333;58040.55;58080.32;136;0.0;0;1071.235;1073.376;1071.164;1073.361;0.0;0.0;Q5;8243;Gather Merge;2;Outer;;0;75;25;0;3.0;58040.55;58079.45;136;0.0;3;1067.101;1067.328;0.0;0.0;Q5;8244;Aggregate;3;Outer;;0;25;2382;0;0.0104953820319059;57040.51;57070.59;136;0.0;0;1067.034;1067.073;0.0;0.0;Q5;8245;Sort;4;Outer;;0;2382;2382;0;1.0;57040.51;57046.46;116;0.0;0;40.26;1066.572;0.0;0.0;Q5;8251;Hash Join;9;Outer;;0;12500;62500;5;0.04;2.46;4586.84;116;0.0;0;0.013;31.55;0.076;0.077;Q5;8247;Nested Loop;6;Outer;;0;59546;14884;5;0.800134372480516;4743.52;56121.28;128;0.0;0;34.589;213.496;0.07;0.074;Q5;8260;Seq Scan;7;Outer;;223;10000;0;0;1.0;0.0;323.0;8;10000.0;0;0.0;0.0;0.0;0.0;Q5;8259;Hash;6;Inner;;0;10000;10000;0;1.0;323.0;323.0;8;0.0;0;0.081;4.684;0.0;0.0;Q5;8258;Index Scan;7;Inner;;112600;5;0;0;8.331646174982899e-07;0.43;1.14;20;6001215.0;0;0.0;0.0;0.0;0.0;Q5
Q5_29_seed_229712868;8322;Aggregate;1;Outer;;0;25;75;0;0.3333333333333333;58040.55;58080.32;136;0.0;0;1074.893;1075.35;1074.818;1075.339;0.0;0.0;Q5;8323;Gather Merge;2;Outer;;0;75;25;0;3.0;58040.55;58079.45;136;0.0;3;1069.868;1070.111;0.0;0.0;Q5;8324;Aggregate;3;Outer;;0;25;2382;0;0.0104953820319059;57040.51;57070.59;136;0.0;0;1069.797;1069.833;0.0;0.0;Q5;8325;Sort;4;Outer;;0;2382;2382;0;1.0;57040.51;57046.46;116;0.0;0;45.55;1069.303;0.0;0.0;Q5;8331;Hash Join;9;Outer;;0;12500;62500;5;0.04;2.46;4586.84;116;0.0;0;0.248;35.429;0.217;0.219;Q5;8327;Nested Loop;6;Outer;;0;59546;14884;5;0.800134372480516;4743.52;56121.28;128;0.0;0;39.6;219.647;0.068;0.072;Q5;8340;Seq Scan;7;Outer;;223;10000;0;0;1.0;0.0;323.0;8;10000.0;0;0.0;0.0;0.0;0.0;Q5;8339;Hash;6;Inner;;0;10000;10000;0;1.0;323.0;323.0;8;0.0;0;0.076;3.444;0.0;0.0;Q5;8338;Index Scan;7;Inner;;112600;5;0;0;8.331646174982899e-07;0.43;1.14;20;6001215.0;0;0.0;0.0;0.0;0.0;Q5
Q5_2_seed_8204031;8342;Aggregate;1;Outer;;0;25;75;0;0.3333333333333333;57870.66;57909.89;136;0.0;0;1078.354;1080.637;1078.289;1080.629;0.0;0.0;Q5;8343;Gather Merge;2;Outer;;0;75;25;0;3.0;57870.66;57909.01;136;0.0;3;1074.996;1075.218;0.0;0.0;Q5;8344;Aggregate;3;Outer;;0;25;2338;0;0.0106928999144568;56870.62;56900.16;136;0.0;0;1074.932;1074.967;0.0;0.0;Q5;8345;Sort;4;Outer;;0;2338;2338;0;1.0;56870.62;56876.47;116;0.0;0;42.714;1074.491;0.0;0.0;Q5;8351;Hash Join;9;Outer;;0;12500;62500;5;0.04;2.46;4586.84;116;0.0;0;0.189;35.617;0.186;0.187;Q5;8347;Nested Loop;6;Outer;;0;58459;14612;5;0.8001505611825896;4743.52;55959.89;128;0.0;0;38.48;219.099;0.07;0.074;Q5;8360;Seq Scan;7;Outer;;223;10000;0;0;1.0;0.0;323.0;8;10000.0;0;0.0;0.0;0.0;0.0;Q5;8359;Hash;6;Inner;;0;10000;10000;0;1.0;323.0;323.0;8;0.0;0;0.094;1.912;0.0;0.0;Q5;8358;Index Scan;7;Inner;;112600;5;0;0;8.331646174982899e-07;0.43;1.15;20;6001215.0;0;0.0;0.0;0.0;0.0;Q5
Q5_31_seed_246120930;8382;Aggregate;1;Outer;;0;25;75;0;0.3333333333333333;58040.55;58080.32;136;0.0;0;1072.558;1074.772;1072.493;1074.758;0.0;0.0;Q5;8383;Gather Merge;2;Outer;;0;75;25;0;3.0;58040.55;58079.45;136;0.0;3;1067.426;1067.659;0.0;0.0;Q5;8384;Aggregate;3;Outer;;0;25;2382;0;0.0104953820319059;57040.51;57070.59;136;0.0;0;1067.357;1067.396;0.0;0.0;Q5;8385;Sort;4;Outer;;0;2382;2382;0;1.0;57040.51;57046.46;116;0.0;0;42.688;1066.897;0.0;0.0;Q5;8391;Hash Join;9;Outer;;0;12500;62500;5;0.04;2.46;4586.84;116;0.0;0;0.013;32.497;0.081;0.082;Q5;8387;Nested Loop;6;Outer;;0;59546;14884;5;0.800134372480516;4743.52;56121.28;128;0.0;0;35.859;216.831;0.069;0.073;Q5;8400;Seq Scan;7;Outer;;223;10000;0;0;1.0;0.0;323.0;8;10000.0;0;0.0;0.0;0.0;0.0;Q5;8399;Hash;6;Inner;;0;10000;10000;0;1.0;323.0;323.0;8;0.0;0;0.085;3.724;0.0;0.0;Q5;8398;Index Scan;7;Inner;;112600;5;0;0;8.331646174982899e-07;0.43;1.14;20;6001215.0;0;0.0;0.0;0.0;0.0;Q5
Q5_32_seed_254324961;8402;Aggregate;1;Outer;;0;25;75;0;0.3333333333333333;57916.29;57955.67;136;0.0;0;1076.348;1078.553;1076.29;1078.545;0.0;0.0;Q5;8403;Gather Merge;2;Outer;;0;75;25;0;3.0;57916.29;57954.79;136;0.0;3;1073.202;1073.435;0.0;0.0;Q5;8404;Aggregate;3;Outer;;0;25;2350;0;0.0106382978723404;56916.25;56945.94;136;0.0;0;1073.136;1073.172;0.0;0.0;Q5;8405;Sort;4;Outer;;0;2350;2350;0;1.0;56916.25;56922.13;116;0.0;0;45.911;1072.694;0.0;0.0;Q5;8411;Hash Join;9;Outer;;0;12500;62500;5;0.04;2.46;4586.84;116;0.0;0;0.011;34.691;0.071;0.071;Q5;8407;Nested Loop;6;Outer;;0;58750;14685;5;0.8001361933946204;4743.52;56003.24;128;0.0;0;40.156;223.668;0.07;0.073;Q5;8420;Seq Scan;7;Outer;;223;10000;0;0;1.0;0.0;323.0;8;10000.0;0;0.0;0.0;0.0;0.0;Q5;8419;Hash;6;Inner;;0;10000;10000;0;1.0;323.0;323.0;8;0.0;0;0.083;3.935;0.0;0.0;Q5;8418;Index Scan;7;Inner;;112600;5;0;0;8.331646174982899e-07;0.43;1.14;20;6001215.0;0;0.0;0.0;0.0;0.0;Q5
Q5_34_seed_270733023;8442;Aggregate;1;Outer;;0;25;75;0;0.3333333333333333;57916.29;57955.67;136;0.0;0;1057.261;1059.432;1057.193;1059.423;0.0;0.0;Q5;8443;Gather Merge;2;Outer;;0;75;25;0;3.0;57916.29;57954.79;136;0.0;3;1054.202;1054.419;0.0;0.0;Q5;8444;Aggregate;3;Outer;;0;25;2350;0;0.0106382978723404;56916.25;56945.94;136;0.0;0;1054.138;1054.172;0.0;0.0;Q5;8445;Sort;4;Outer;;0;2350;2350;0;1.0;56916.25;56922.13;116;0.0;0;40.243;1053.704;0.0;0.0;Q5;8451;Hash Join;9;Outer;;0;12500;62500;5;0.04;2.46;4586.84;116;0.0;0;0.793;32.332;0.153;0.154;Q5;8447;Nested Loop;6;Outer;;0;58750;14685;5;0.8001361933946204;4743.52;56003.24;128;0.0;0;36.681;217.514;0.068;0.072;Q5;8460;Seq Scan;7;Outer;;223;10000;0;0;1.0;0.0;323.0;8;10000.0;0;0.0;0.0;0.0;0.0;Q5;8459;Hash;6;Inner;;0;10000;10000;0;1.0;323.0;323.0;8;0.0;0;0.086;2.474;0.0;0.0;Q5;8458;Index Scan;7;Inner;;112600;5;0;0;8.331646174982899e-07;0.43;1.14;20;6001215.0;0;0.0;0.0;0.0;0.0;Q5
Q5_36_seed_287141085;8482;Aggregate;1;Outer;;0;25;75;0;0.3333333333333333;57916.29;57955.67;136;0.0;0;1081.83;1083.888;1081.768;1083.879;0.0;0.0;Q5;8483;Gather Merge;2;Outer;;0;75;25;0;3.0;57916.29;57954.79;136;0.0;3;1078.865;1079.097;0.0;0.0;Q5;8484;Aggregate;3;Outer;;0;25;2350;0;0.0106382978723404;56916.25;56945.94;136;0.0;0;1078.803;1078.839;0.0;0.0;Q5;8485;Sort;4;Outer;;0;2350;2350;0;1.0;56916.25;56922.13;116;0.0;0;44.334;1078.345;0.0;0.0;Q5;8491;Hash Join;9;Outer;;0;12500;62500;5;0.04;2.46;4586.84;116;0.0;0;0.058;34.3;0.986;0.987;Q5;8487;Nested Loop;6;Outer;;0;58750;14685;5;0.8001361933946204;4743.52;56003.24;128;0.0;0;38.894;220.237;0.07;0.074;Q5;8500;Seq Scan;7;Outer;;223;10000;0;0;1.0;0.0;323.0;8;10000.0;0;0.0;0.0;0.0;0.0;Q5;8499;Hash;6;Inner;;0;10000;10000;0;1.0;323.0;323.0;8;0.0;0;0.086;3.45;0.0;0.0;Q5;8498;Index Scan;7;Inner;;112600;5;0;0;8.331646174982899e-07;0.43;1.14;20;6001215.0;0;0.0;0.0;0.0;0.0;Q5
Q5_38_seed_303549147;8522;Aggregate;1;Outer;;0;25;75;0;0.3333333333333333;57916.29;57955.67;136;0.0;0;1060.362;1061.118;1060.305;1061.109;0.0;0.0;Q5;8523;Gather Merge;2;Outer;;0;75;25;0;3.0;57916.29;57954.79;136;0.0;3;1055.343;1055.569;0.0;0.0;Q5;8524;Aggregate;3;Outer;;0;25;2350;0;0.0106382978723404;56916.25;56945.94;136;0.0;0;1055.279;1055.314;0.0;0.0;Q5;8525;Sort;4;Outer;;0;2350;2350;0;1.0;56916.25;56922.13;116;0.0;0;41.707;1054.801;0.0;0.0;Q5;8531;Hash Join;9;Outer;;0;12500;62500;5;0.04;2.46;4586.84;116;0.0;0;0.355;33.841;0.177;0.177;Q5;8527;Nested Loop;6;Outer;;0;58750;14685;5;0.8001361933946204;4743.52;56003.24;128;0.0;0;37.993;218.977;0.069;0.073;Q5;8540;Seq Scan;7;Outer;;223;10000;0;0;1.0;0.0;323.0;8;10000.0;0;0.0;0.0;0.0;0.0;Q5;8539;Hash;6;Inner;;0;10000;10000;0;1.0;323.0;323.0;8;0.0;0;0.087;2.237;0.0;0.0;Q5;8538;Index Scan;7;Inner;;112600;5;0;0;8.331646174982899e-07;0.43;1.14;20;6001215.0;0;0.0;0.0;0.0;0.0;Q5
Q5_41_seed_328161240;8602;Aggregate;1;Outer;;0;25;75;0;0.3333333333333333;57870.66;57909.89;136;0.0;0;1060.425;1062.271;1060.366;1062.263;0.0;0.0;Q5;8603;Gather Merge;2;Outer;;0;75;25;0;3.0;57870.66;57909.01;136;0.0;3;1057.949;1058.18;0.0;0.0;Q5;8604;Aggregate;3;Outer;;0;25;2338;0;0.0106928999144568;56870.62;56900.16;136;0.0;0;1057.878;1057.913;0.0;0.0;Q5;8605;Sort;4;Outer;;0;2338;2338;0;1.0;56870.62;56876.47;116;0.0;0;45.513;1057.423;0.0;0.0;Q5;8611;Hash Join;9;Outer;;0;12500;62500;5;0.04;2.46;4586.84;116;0.0;0;0.186;35.78;0.085;0.086;Q5;8607;Nested Loop;6;Outer;;0;58459;14612;5;0.8001505611825896;4743.52;55959.89;128;0.0;0;39.185;218.857;0.068;0.072;Q5;8620;Seq Scan;7;Outer;;223;10000;0;0;1.0;0.0;323.0;8;10000.0;0;0.0;0.0;0.0;0.0;Q5;8619;Hash;6;Inner;;0;10000;10000;0;1.0;323.0;323.0;8;0.0;0;0.096;3.095;0.0;0.0;Q5;8618;Index Scan;7;Inner;;112600;5;0;0;8.331646174982899e-07;0.43;1.15;20;6001215.0;0;0.0;0.0;0.0;0.0;Q5
Q5_42_seed_336365271;8622;Aggregate;1;Outer;;0;25;75;0;0.3333333333333333;57916.29;57955.67;136;0.0;0;1060.706;1062.925;1060.652;1062.916;0.0;0.0;Q5;8623;Gather Merge;2;Outer;;0;75;25;0;3.0;57916.29;57954.79;136;0.0;3;1057.844;1058.067;0.0;0.0;Q5;8624;Aggregate;3;Outer;;0;25;2350;0;0.0106382978723404;56916.25;56945.94;136;0.0;0;1057.781;1057.817;0.0;0.0;Q5;8625;Sort;4;Outer;;0;2350;2350;0;1.0;56916.25;56922.13;116;0.0;0;42.275;1057.335;0.0;0.0;Q5;8631;Hash Join;9;Outer;;0;12500;62500;5;0.04;2.46;4586.84;116;0.0;0;0.732;33.562;0.078;0.078;Q5;8627;Nested Loop;6;Outer;;0;58750;14685;5;0.8001361933946204;4743.52;56003.24;128;0.0;0;36.223;214.271;0.069;0.073;Q5;8640;Seq Scan;7;Outer;;223;10000;0;0;1.0;0.0;323.0;8;10000.0;0;0.0;0.0;0.0;0.0;Q5;8639;Hash;6;Inner;;0;10000;10000;0;1.0;323.0;323.0;8;0.0;0;0.084;3.816;0.0;0.0;Q5;8638;Index Scan;7;Inner;;112600;5;0;0;8.331646174982899e-07;0.43;1.14;20;6001215.0;0;0.0;0.0;0.0;0.0;Q5
Q5_43_seed_344569302;8642;Aggregate;1;Outer;;0;25;75;0;0.3333333333333333;57870.66;57909.89;136;0.0;0;1086.257;1088.384;1086.181;1088.369;0.0;0.0;Q5;8643;Gather Merge;2;Outer;;0;75;25;0;3.0;57870.66;57909.01;136;0.0;3;1083.462;1083.692;0.0;0.0;Q5;8644;Aggregate;3;Outer;;0;25;2338;0;0.0106928999144568;56870.62;56900.16;136;0.0;0;1083.399;1083.435;0.0;0.0;Q5;8645;Sort;4;Outer;;0;2338;2338;0;1.0;56870.62;56876.47;116;0.0;0;41.437;1082.965;0.0;0.0;Q5;8651;Hash Join;9;Outer;;0;12500;62500;5;0.04;2.46;4586.84;116;0.0;0;0.15;34.1;0.132;0.132;Q5;8647;Nested Loop;6;Outer;;0;58459;14612;5;0.8001505611825896;4743.52;55959.89;128;0.0;0;36.758;219.756;0.071;0.075;Q5;8660;Seq Scan;7;Outer;;223;10000;0;0;1.0;0.0;323.0;8;10000.0;0;0.0;0.0;0.0;0.0;Q5;8659;Hash;6;Inner;;0;10000;10000;0;1.0;323.0;323.0;8;0.0;0;0.083;2.892;0.0;0.0;Q5;8658;Index Scan;7;Inner;;112600;5;0;0;8.331646174982899e-07;0.43;1.15;20;6001215.0;0;0.0;0.0;0.0;0.0;Q5
Q5_44_seed_352773333;8662;Aggregate;1;Outer;;0;25;75;0;0.3333333333333333;57916.29;57955.67;136;0.0;0;1075.13;1077.24;1075.05;1077.223;0.0;0.0;Q5;8663;Gather Merge;2;Outer;;0;75;25;0;3.0;57916.29;57954.79;136;0.0;3;1071.636;1071.861;0.0;0.0;Q5;8664;Aggregate;3;Outer;;0;25;2350;0;0.0106382978723404;56916.25;56945.94;136;0.0;0;1071.568;1071.606;0.0;0.0;Q5;8665;Sort;4;Outer;;0;2350;2350;0;1.0;56916.25;56922.13;116;0.0;0;49.753;1071.111;0.0;0.0;Q5;8671;Hash Join;9;Outer;;0;12500;62500;5;0.04;2.46;4586.84;116;0.0;0;0.831;38.065;0.493;0.494;Q5;8667;Nested Loop;6;Outer;;0;58750;14685;5;0.8001361933946204;4743.52;56003.24;128;0.0;0;42.89;224.077;0.07;0.074;Q5;8680;Seq Scan;7;Outer;;223;10000;0;0;1.0;0.0;323.0;8;10000.0;0;0.0;0.0;0.0;0.0;Q5;8679;Hash;6;Inner;;0;10000;10000;0;1.0;323.0;323.0;8;0.0;0;0.085;2.66;0.0;0.0;Q5;8678;Index Scan;7;Inner;;112600;5;0;0;8.331646174982899e-07;0.43;1.14;20;6001215.0;0;0.0;0.0;0.0;0.0;Q5
Q5_46_seed_369181395;8702;Aggregate;1;Outer;;0;25;75;0;0.3333333333333333;57916.29;57955.67;136;0.0;0;1065.955;1068.373;1065.897;1068.365;0.0;0.0;Q5;8703;Gather Merge;2;Outer;;0;75;25;0;3.0;57916.29;57954.79;136;0.0;3;1062.912;1063.145;0.0;0.0;Q5;8704;Aggregate;3;Outer;;0;25;2350;0;0.0106382978723404;56916.25;56945.94;136;0.0;0;1062.842;1062.879;0.0;0.0;Q5;8705;Sort;4;Outer;;0;2350;2350;0;1.0;56916.25;56922.13;116;0.0;0;43.543;1062.38;0.0;0.0;Q5;8711;Hash Join;9;Outer;;0;12500;62500;5;0.04;2.46;4586.84;116;0.0;0;0.114;34.475;0.074;0.075;Q5;8707;Nested Loop;6;Outer;;0;58750;14685;5;0.8001361933946204;4743.52;56003.24;128;0.0;0;37.521;219.993;0.07;0.074;Q5;8720;Seq Scan;7;Outer;;223;10000;0;0;1.0;0.0;323.0;8;10000.0;0;0.0;0.0;0.0;0.0;Q5;8719;Hash;6;Inner;;0;10000;10000;0;1.0;323.0;323.0;8;0.0;0;0.084;3.412;0.0;0.0;Q5;8718;Index Scan;7;Inner;;112600;5;0;0;8.331646174982899e-07;0.43;1.14;20;6001215.0;0;0.0;0.0;0.0;0.0;Q5
Q5_47_seed_377385426;8722;Aggregate;1;Outer;;0;25;75;0;0.3333333333333333;57870.66;57909.89;136;0.0;0;1056.611;1058.775;1056.558;1058.766;0.0;0.0;Q5;8723;Gather Merge;2;Outer;;0;75;25;0;3.0;57870.66;57909.01;136;0.0;3;1053.78;1054.015;0.0;0.0;Q5;8724;Aggregate;3;Outer;;0;25;2338;0;0.0106928999144568;56870.62;56900.16;136;0.0;0;1053.712;1053.746;0.0;0.0;Q5;8725;Sort;4;Outer;;0;2338;2338;0;1.0;56870.62;56876.47;116;0.0;0;40.134;1053.262;0.0;0.0;Q5;8731;Hash Join;9;Outer;;0;12500;62500;5;0.04;2.46;4586.84;116;0.0;0;0.049;30.985;0.183;0.183;Q5;8727;Nested Loop;6;Outer;;0;58459;14612;5;0.8001505611825896;4743.52;55959.89;128;0.0;0;34.36;210.923;0.069;0.073;Q5;8740;Seq Scan;7;Outer;;223;10000;0;0;1.0;0.0;323.0;8;10000.0;0;0.0;0.0;0.0;0.0;Q5;8739;Hash;6;Inner;;0;10000;10000;0;1.0;323.0;323.0;8;0.0;0;0.089;3.431;0.0;0.0;Q5;8738;Index Scan;7;Inner;;112600;5;0;0;8.331646174982899e-07;0.43;1.15;20;6001215.0;0;0.0;0.0;0.0;0.0;Q5
Q5_49_seed_393793488;8762;Aggregate;1;Outer;;0;25;75;0;0.3333333333333333;57870.66;57909.89;136;0.0;0;1057.398;1059.623;1057.347;1059.615;0.0;0.0;Q5;8763;Gather Merge;2;Outer;;0;75;25;0;3.0;57870.66;57909.01;136;0.0;3;1053.839;1054.077;0.0;0.0;Q5;8764;Aggregate;3;Outer;;0;25;2338;0;0.0106928999144568;56870.62;56900.16;136;0.0;0;1053.771;1053.807;0.0;0.0;Q5;8765;Sort;4;Outer;;0;2338;2338;0;1.0;56870.62;56876.47;116;0.0;0;41.978;1053.295;0.0;0.0;Q5;8771;Hash Join;9;Outer;;0;12500;62500;5;0.04;2.46;4586.84;116;0.0;0;0.219;32.505;0.068;0.069;Q5;8767;Nested Loop;6;Outer;;0;58459;14612;5;0.8001505611825896;4743.52;55959.89;128;0.0;0;36.216;218.072;0.067;0.071;Q5;8780;Seq Scan;7;Outer;;223;10000;0;0;1.0;0.0;323.0;8;10000.0;0;0.0;0.0;0.0;0.0;Q5;8779;Hash;6;Inner;;0;10000;10000;0;1.0;323.0;323.0;8;0.0;0;0.073;3.142;0.0;0.0;Q5;8778;Index Scan;7;Inner;;112600;5;0;0;8.331646174982899e-07;0.43;1.15;20;6001215.0;0;0.0;0.0;0.0;0.0;Q5
Q5_4_seed_24612093;8782;Aggregate;1;Outer;;0;25;75;0;0.3333333333333333;57870.66;57909.89;136;0.0;0;1067.881;1070.036;1067.824;1070.027;0.0;0.0;Q5;8783;Gather Merge;2;Outer;;0;75;25;0;3.0;57870.66;57909.01;136;0.0;3;1065.311;1065.554;0.0;0.0;Q5;8784;Aggregate;3;Outer;;0;25;2338;0;0.0106928999144568;56870.62;56900.16;136;0.0;0;1065.243;1065.279;0.0;0.0;Q5;8785;Sort;4;Outer;;0;2338;2338;0;1.0;56870.62;56876.47;116;0.0;0;41.622;1064.775;0.0;0.0;Q5;8791;Hash Join;9;Outer;;0;12500;62500;5;0.04;2.46;4586.84;116;0.0;0;0.011;29.252;0.073;0.074;Q5;8787;Nested Loop;6;Outer;;0;58459;14612;5;0.8001505611825896;4743.52;55959.89;128;0.0;0;31.944;211.08;0.07;0.074;Q5;8800;Seq Scan;7;Outer;;223;10000;0;0;1.0;0.0;323.0;8;10000.0;0;0.0;0.0;0.0;0.0;Q5;8799;Hash;6;Inner;;0;10000;10000;0;1.0;323.0;323.0;8;0.0;0;0.101;7.387;0.0;0.0;Q5;8798;Index Scan;7;Inner;;112600;5;0;0;8.331646174982899e-07;0.43;1.15;20;6001215.0;0;0.0;0.0;0.0;0.0;Q5
Q5_50_seed_401997519;8802;Aggregate;1;Outer;;0;25;75;0;0.3333333333333333;57916.29;57955.67;136;0.0;0;1069.389;1071.707;1069.312;1071.698;0.0;0.0;Q5;8803;Gather Merge;2;Outer;;0;75;25;0;3.0;57916.29;57954.79;136;0.0;3;1065.584;1065.815;0.0;0.0;Q5;8804;Aggregate;3;Outer;;0;25;2350;0;0.0106382978723404;56916.25;56945.94;136;0.0;0;1065.519;1065.554;0.0;0.0;Q5;8805;Sort;4;Outer;;0;2350;2350;0;1.0;56916.25;56922.13;116;0.0;0;36.87;1065.063;0.0;0.0;Q5;8811;Hash Join;9;Outer;;0;12500;62500;5;0.04;2.46;4586.84;116;0.0;0;0.496;30.007;0.108;0.109;Q5;8807;Nested Loop;6;Outer;;0;58750;14685;5;0.8001361933946204;4743.52;56003.24;128;0.0;0;32.998;215.604;0.069;0.073;Q5;8820;Seq Scan;7;Outer;;223;10000;0;0;1.0;0.0;323.0;8;10000.0;0;0.0;0.0;0.0;0.0;Q5;8819;Hash;6;Inner;;0;10000;10000;0;1.0;323.0;323.0;8;0.0;0;0.083;1.538;0.0;0.0;Q5;8818;Index Scan;7;Inner;;112600;5;0;0;8.331646174982899e-07;0.43;1.14;20;6001215.0;0;0.0;0.0;0.0;0.0;Q5
Q5_51_seed_410201550;8822;Aggregate;1;Outer;;0;25;75;0;0.3333333333333333;57870.66;57909.89;136;0.0;0;1052.556;1054.717;1052.491;1054.708;0.0;0.0;Q5;8823;Gather Merge;2;Outer;;0;75;25;0;3.0;57870.66;57909.01;136;0.0;3;1049.351;1049.571;0.0;0.0;Q5;8824;Aggregate;3;Outer;;0;25;2338;0;0.0106928999144568;56870.62;56900.16;136;0.0;0;1049.287;1049.323;0.0;0.0;Q5;8825;Sort;4;Outer;;0;2338;2338;0;1.0;56870.62;56876.47;116;0.0;0;38.959;1048.837;0.0;0.0;Q5;8831;Hash Join;9;Outer;;0;12500;62500;5;0.04;2.46;4586.84;116;0.0;0;0.408;29.483;0.074;0.075;Q5;8827;Nested Loop;6;Outer;;0;58459;14612;5;0.8001505611825896;4743.52;55959.89;128;0.0;0;32.542;209.797;0.068;0.071;Q5;8840;Seq Scan;7;Outer;;223;10000;0;0;1.0;0.0;323.0;8;10000.0;0;0.0;0.0;0.0;0.0;Q5;8839;Hash;6;Inner;;0;10000;10000;0;1.0;323.0;323.0;8;0.0;0;0.074;3.285;0.0;0.0;Q5;8838;Index Scan;7;Inner;;112600;5;0;0;8.331646174982899e-07;0.43;1.15;20;6001215.0;0;0.0;0.0;0.0;0.0;Q5
Q5_52_seed_418405581;8842;Aggregate;1;Outer;;0;25;75;0;0.3333333333333333;57960.2;57999.73;136;0.0;0;1084.271;1086.631;1084.206;1086.623;0.0;0.0;Q5;8843;Gather Merge;2;Outer;;0;75;25;0;3.0;57960.2;57998.85;136;0.0;3;1081.695;1081.936;0.0;0.0;Q5;8844;Aggregate;3;Outer;;0;25;2362;0;0.010584250635055;56960.16;56990.0;136;0.0;0;1081.63;1081.668;0.0;0.0;Q5;8845;Sort;4;Outer;;0;2362;2362;0;1.0;56960.16;56966.07;116;0.0;0;42.454;1081.182;0.0;0.0;Q5;8851;Hash Join;9;Outer;;0;12500;62500;5;0.04;2.46;4586.84;116;0.0;0;0.012;32.971;0.208;0.208;Q5;8847;Nested Loop;6;Outer;;0;59037;14756;5;0.8001761995120629;4743.52;56044.88;128;0.0;0;36.302;218.712;0.07;0.074;Q5;8860;Seq Scan;7;Outer;;223;10000;0;0;1.0;0.0;323.0;8;10000.0;0;0.0;0.0;0.0;0.0;Q5;8859;Hash;6;Inner;;0;10000;10000;0;1.0;323.0;323.0;8;0.0;0;0.093;3.971;0.0;0.0;Q5;8858;Index Scan;7;Inner;;112600;5;0;0;8.331646174982899e-07;0.43;1.14;20;6001215.0;0;0.0;0.0;0.0;0.0;Q5
Q5_53_seed_426609612;8862;Aggregate;1;Outer;;0;25;75;0;0.3333333333333333;57870.66;57909.89;136;0.0;0;1071.242;1073.346;1071.169;1073.338;0.0;0.0;Q5;8863;Gather Merge;2;Outer;;0;75;25;0;3.0;57870.66;57909.01;136;0.0;3;1068.405;1068.634;0.0;0.0;Q5;8864;Aggregate;3;Outer;;0;25;2338;0;0.0106928999144568;56870.62;56900.16;136;0.0;0;1068.34;1068.375;0.0;0.0;Q5;8865;Sort;4;Outer;;0;2338;2338;0;1.0;56870.62;56876.47;116;0.0;0;42.808;1067.873;0.0;0.0;Q5;8871;Hash Join;9;Outer;;0;12500;62500;5;0.04;2.46;4586.84;116;0.0;0;0.315;34.695;0.072;0.073;Q5;8867;Nested Loop;6;Outer;;0;58459;14612;5;0.8001505611825896;4743.52;55959.89;128;0.0;0;37.349;215.449;0.069;0.073;Q5;8880;Seq Scan;7;Outer;;223;10000;0;0;1.0;0.0;323.0;8;10000.0;0;0.0;0.0;0.0;0.0;Q5;8879;Hash;6;Inner;;0;10000;10000;0;1.0;323.0;323.0;8;0.0;0;0.086;3.949;0.0;0.0;Q5;8878;Index Scan;7;Inner;;112600;5;0;0;8.331646174982899e-07;0.43;1.15;20;6001215.0;0;0.0;0.0;0.0;0.0;Q5
Q5_54_seed_434813643;8882;Aggregate;1;Outer;;0;25;75;0;0.3333333333333333;57960.2;57999.73;136;0.0;0;1052.563;1054.759;1052.495;1054.747;0.0;0.0;Q5;8883;Gather Merge;2;Outer;;0;75;25;0;3.0;57960.2;57998.85;136;0.0;3;1049.421;1049.653;0.0;0.0;Q5;8884;Aggregate;3;Outer;;0;25;2362;0;0.010584250635055;56960.16;56990.0;136;0.0;0;1049.355;1049.394;0.0;0.0;Q5;8885;Sort;4;Outer;;0;2362;2362;0;1.0;56960.16;56966.07;116;0.0;0;39.939;1048.897;0.0;0.0;Q5;8891;Hash Join;9;Outer;;0;12500;62500;5;0.04;2.46;4586.84;116;0.0;0;0.767;32.632;0.098;0.099;Q5;8887;Nested Loop;6;Outer;;0;59037;14756;5;0.8001761995120629;4743.52;56044.88;128;0.0;0;35.146;214.622;0.067;0.071;Q5;8900;Seq Scan;7;Outer;;223;10000;0;0;1.0;0.0;323.0;8;10000.0;0;0.0;0.0;0.0;0.0;Q5;8899;Hash;6;Inner;;0;10000;10000;0;1.0;323.0;323.0;8;0.0;0;0.09;2.413;0.0;0.0;Q5;8898;Index Scan;7;Inner;;112600;5;0;0;8.331646174982899e-07;0.43;1.14;20;6001215.0;0;0.0;0.0;0.0;0.0;Q5
Q5_55_seed_443017674;8902;Aggregate;1;Outer;;0;25;75;0;0.3333333333333333;57870.66;57909.89;136;0.0;0;1080.777;1081.025;1080.717;1081.017;0.0;0.0;Q5;8903;Gather Merge;2;Outer;;0;75;25;0;3.0;57870.66;57909.01;136;0.0;3;1075.737;1075.964;0.0;0.0;Q5;8904;Aggregate;3;Outer;;0;25;2338;0;0.0106928999144568;56870.62;56900.16;136;0.0;0;1075.673;1075.708;0.0;0.0;Q5;8905;Sort;4;Outer;;0;2338;2338;0;1.0;56870.62;56876.47;116;0.0;0;41.242;1075.235;0.0;0.0;Q5;8911;Hash Join;9;Outer;;0;12500;62500;5;0.04;2.46;4586.84;116;0.0;0;0.01;32.495;0.078;0.079;Q5;8907;Nested Loop;6;Outer;;0;58459;14612;5;0.8001505611825896;4743.52;55959.89;128;0.0;0;34.844;214.336;0.07;0.074;Q5;8920;Seq Scan;7;Outer;;223;10000;0;0;1.0;0.0;323.0;8;10000.0;0;0.0;0.0;0.0;0.0;Q5;8919;Hash;6;Inner;;0;10000;10000;0;1.0;323.0;323.0;8;0.0;0;0.086;4.97;0.0;0.0;Q5;8918;Index Scan;7;Inner;;112600;5;0;0;8.331646174982899e-07;0.43;1.15;20;6001215.0;0;0.0;0.0;0.0;0.0;Q5
Q5_56_seed_451221705;8922;Aggregate;1;Outer;;0;25;75;0;0.3333333333333333;57960.2;57999.73;136;0.0;0;1075.343;1077.235;1075.287;1077.227;0.0;0.0;Q5;8923;Gather Merge;2;Outer;;0;75;25;0;3.0;57960.2;57998.85;136;0.0;3;1072.206;1072.448;0.0;0.0;Q5;8924;Aggregate;3;Outer;;0;25;2362;0;0.010584250635055;56960.16;56990.0;136;0.0;0;1072.136;1072.171;0.0;0.0;Q5;8925;Sort;4;Outer;;0;2362;2362;0;1.0;56960.16;56966.07;116;0.0;0;50.217;1071.628;0.0;0.0;Q5;8931;Hash Join;9;Outer;;0;12500;62500;5;0.04;2.46;4586.84;116;0.0;0;0.013;36.484;0.074;0.075;Q5;8927;Nested Loop;6;Outer;;0;59037;14756;5;0.8001761995120629;4743.52;56044.88;128;0.0;0;41.281;222.356;0.069;0.073;Q5;8940;Seq Scan;7;Outer;;223;10000;0;0;1.0;0.0;323.0;8;10000.0;0;0.0;0.0;0.0;0.0;Q5;8939;Hash;6;Inner;;0;10000;10000;0;1.0;323.0;323.0;8;0.0;0;0.09;5.037;0.0;0.0;Q5;8938;Index Scan;7;Inner;;112600;5;0;0;8.331646174982899e-07;0.43;1.14;20;6001215.0;0;0.0;0.0;0.0;0.0;Q5
Q5_57_seed_459425736;8942;Aggregate;1;Outer;;0;25;75;0;0.3333333333333333;57870.66;57909.89;136;0.0;0;1086.279;1088.264;1086.224;1088.256;0.0;0.0;Q5;8943;Gather Merge;2;Outer;;0;75;25;0;3.0;57870.66;57909.01;136;0.0;3;1083.443;1083.674;0.0;0.0;Q5;8944;Aggregate;3;Outer;;0;25;2338;0;0.0106928999144568;56870.62;56900.16;136;0.0;0;1083.38;1083.414;0.0;0.0;Q5;8945;Sort;4;Outer;;0;2338;2338;0;1.0;56870.62;56876.47;116;0.0;0;44.813;1082.933;0.0;0.0;Q5;8951;Hash Join;9;Outer;;0;12500;62500;5;0.04;2.46;4586.84;116;0.0;0;0.011;35.371;0.159;0.16;Q5;8947;Nested Loop;6;Outer;;0;58459;14612;5;0.8001505611825896;4743.52;55959.89;128;0.0;0;38.208;219.074;0.071;0.074;Q5;8960;Seq Scan;7;Outer;;223;10000;0;0;1.0;0.0;323.0;8;10000.0;0;0.0;0.0;0.0;0.0;Q5;8959;Hash;6;Inner;;0;10000;10000;0;1.0;323.0;323.0;8;0.0;0;0.085;3.698;0.0;0.0;Q5;8958;Index Scan;7;Inner;;112600;5;0;0;8.331646174982899e-07;0.43;1.15;20;6001215.0;0;0.0;0.0;0.0;0.0;Q5
Q5_58_seed_467629767;8962;Aggregate;1;Outer;;0;25;75;0;0.3333333333333333;57960.2;57999.73;136;0.0;0;1078.885;1081.033;1078.828;1081.025;0.0;0.0;Q5;8963;Gather Merge;2;Outer;;0;75;25;0;3.0;57960.2;57998.85;136;0.0;3;1076.187;1076.409;0.0;0.0;Q5;8964;Aggregate;3;Outer;;0;25;2362;0;0.010584250635055;56960.16;56990.0;136;0.0;0;1076.124;1076.161;0.0;0.0;Q5;8965;Sort;4;Outer;;0;2362;2362;0;1.0;56960.16;56966.07;116;0.0;0;43.028;1075.643;0.0;0.0;Q5;8971;Hash Join;9;Outer;;0;12500;62500;5;0.04;2.46;4586.84;116;0.0;0;0.557;33.767;0.084;0.084;Q5;8967;Nested Loop;6;Outer;;0;59037;14756;5;0.8001761995120629;4743.52;56044.88;128;0.0;0;38.467;220.357;0.069;0.074;Q5;8980;Seq Scan;7;Outer;;223;10000;0;0;1.0;0.0;323.0;8;10000.0;0;0.0;0.0;0.0;0.0;Q5;8979;Hash;6;Inner;;0;10000;10000;0;1.0;323.0;323.0;8;0.0;0;0.085;2.607;0.0;0.0;Q5;8978;Index Scan;7;Inner;;112600;5;0;0;8.331646174982899e-07;0.43;1.14;20;6001215.0;0;0.0;0.0;0.0;0.0;Q5
Q5_5_seed_32816124;9002;Aggregate;1;Outer;;0;25;75;0;0.3333333333333333;57960.2;57999.73;136;0.0;0;1095.572;1097.637;1095.514;1097.629;0.0;0.0;Q5;9003;Gather Merge;2;Outer;;0;75;25;0;3.0;57960.2;57998.85;136;0.0;3;1092.39;1092.626;0.0;0.0;Q5;9004;Aggregate;3;Outer;;0;25;2362;0;0.010584250635055;56960.16;56990.0;136;0.0;0;1092.326;1092.362;0.0;0.0;Q5;9005;Sort;4;Outer;;0;2362;2362;0;1.0;56960.16;56966.07;116;0.0;0;42.069;1091.868;0.0;0.0;Q5;9011;Hash Join;9;Outer;;0;12500;62500;5;0.04;2.46;4586.84;116;0.0;0;0.425;34.57;0.075;0.076;Q5;9007;Nested Loop;6;Outer;;0;59037;14756;5;0.8001761995120629;4743.52;56044.88;128;0.0;0;37.661;214.839;0.072;0.077;Q5;9020;Seq Scan;7;Outer;;223;10000;0;0;1.0;0.0;323.0;8;10000.0;0;0.0;0.0;0.0;0.0;Q5;9019;Hash;6;Inner;;0;10000;10000;0;1.0;323.0;323.0;8;0.0;0;0.146;2.461;0.0;0.0;Q5;9018;Index Scan;7;Inner;;112600;5;0;0;8.331646174982899e-07;0.43;1.14;20;6001215.0;0;0.0;0.0;0.0;0.0;Q5
Q5_60_seed_484037829;9022;Aggregate;1;Outer;;0;25;75;0;0.3333333333333333;57960.2;57999.73;136;0.0;0;1062.388;1063.296;1062.334;1063.286;0.0;0.0;Q5;9023;Gather Merge;2;Outer;;0;75;25;0;3.0;57960.2;57998.85;136;0.0;3;1057.965;1058.172;0.0;0.0;Q5;9024;Aggregate;3;Outer;;0;25;2362;0;0.010584250635055;56960.16;56990.0;136;0.0;0;1057.898;1057.931;0.0;0.0;Q5;9025;Sort;4;Outer;;0;2362;2362;0;1.0;56960.16;56966.07;116;0.0;0;40.193;1057.475;0.0;0.0;Q5;9031;Hash Join;9;Outer;;0;12500;62500;5;0.04;2.46;4586.84;116;0.0;0;0.367;32.697;0.127;0.128;Q5;9027;Nested Loop;6;Outer;;0;59037;14756;5;0.8001761995120629;4743.52;56044.88;128;0.0;0;36.424;216.844;0.069;0.073;Q5;9040;Seq Scan;7;Outer;;223;10000;0;0;1.0;0.0;323.0;8;10000.0;0;0.0;0.0;0.0;0.0;Q5;9039;Hash;6;Inner;;0;10000;10000;0;1.0;323.0;323.0;8;0.0;0;0.092;2.175;0.0;0.0;Q5;9038;Index Scan;7;Inner;;112600;5;0;0;8.331646174982899e-07;0.43;1.14;20;6001215.0;0;0.0;0.0;0.0;0.0;Q5
Q5_61_seed_492241860;9042;Aggregate;1;Outer;;0;25;75;0;0.3333333333333333;57891.66;57930.96;136;0.0;0;1047.443;1049.265;1047.384;1049.256;0.0;0.0;Q5;9043;Gather Merge;2;Outer;;0;75;25;0;3.0;57891.66;57930.08;136;0.0;3;1043.681;1043.893;0.0;0.0;Q5;9044;Aggregate;3;Outer;;0;25;2344;0;0.0106655290102389;56891.62;56921.23;136;0.0;0;1043.613;1043.648;0.0;0.0;Q5;9045;Sort;4;Outer;;0;2344;2344;0;1.0;56891.62;56897.48;116;0.0;0;39.465;1043.139;0.0;0.0;Q5;9051;Hash Join;9;Outer;;0;12500;62500;5;0.04;2.46;4586.84;116;0.0;0;0.015;31.038;0.082;0.083;Q5;9047;Nested Loop;6;Outer;;0;58597;14646;5;0.8001775228731394;4743.52;55979.78;128;0.0;0;34.123;219.785;0.068;0.072;Q5;9060;Seq Scan;7;Outer;;223;10000;0;0;1.0;0.0;323.0;8;10000.0;0;0.0;0.0;0.0;0.0;Q5;9059;Hash;6;Inner;;0;10000;10000;0;1.0;323.0;323.0;8;0.0;0;0.086;4.114;0.0;0.0;Q5;9058;Index Scan;7;Inner;;112600;5;0;0;8.331646174982899e-07;0.43;1.15;20;6001215.0;0;0.0;0.0;0.0;0.0;Q5
Q5_66_seed_533262015;9142;Aggregate;1;Outer;;0;25;75;0;0.3333333333333333;57960.2;57999.73;136;0.0;0;1052.266;1054.398;1052.198;1054.385;0.0;0.0;Q5;9143;Gather Merge;2;Outer;;0;75;25;0;3.0;57960.2;57998.85;136;0.0;3;1049.639;1049.871;0.0;0.0;Q5;9144;Aggregate;3;Outer;;0;25;2362;0;0.010584250635055;56960.16;56990.0;136;0.0;0;1049.573;1049.608;0.0;0.0;Q5;9145;Sort;4;Outer;;0;2362;2362;0;1.0;56960.16;56966.07;116;0.0;0;35.766;1049.081;0.0;0.0;Q5;9151;Hash Join;9;Outer;;0;12500;62500;5;0.04;2.46;4586.84;116;0.0;0;0.805;28.555;0.147;0.148;Q5;9147;Nested Loop;6;Outer;;0;59037;14756;5;0.8001761995120629;4743.52;56044.88;128;0.0;0;31.384;212.723;0.069;0.073;Q5;9160;Seq Scan;7;Outer;;223;10000;0;0;1.0;0.0;323.0;8;10000.0;0;0.0;0.0;0.0;0.0;Q5;9159;Hash;6;Inner;;0;10000;10000;0;1.0;323.0;323.0;8;0.0;0;0.086;2.588;0.0;0.0;Q5;9158;Index Scan;7;Inner;;112600;5;0;0;8.331646174982899e-07;0.43;1.14;20;6001215.0;0;0.0;0.0;0.0;0.0;Q5
Q5_68_seed_549670077;9182;Aggregate;1;Outer;;0;25;75;0;0.3333333333333333;57960.2;57999.73;136;0.0;0;1135.326;1137.435;1135.265;1137.427;0.0;0.0;Q5;9183;Gather Merge;2;Outer;;0;75;25;0;3.0;57960.2;57998.85;136;0.0;3;1132.318;1132.555;0.0;0.0;Q5;9184;Aggregate;3;Outer;;0;25;2362;0;0.010584250635055;56960.16;56990.0;136;0.0;0;1132.254;1132.29;0.0;0.0;Q5;9185;Sort;4;Outer;;0;2362;2362;0;1.0;56960.16;56966.07;116;0.0;0;45.564;1131.785;0.0;0.0;Q5;9191;Hash Join;9;Outer;;0;12500;62500;5;0.04;2.46;4586.84;116;0.0;0;0.748;37.897;0.322;0.323;Q5;9187;Nested Loop;6;Outer;;0;59037;14756;5;0.8001761995120629;4743.52;56044.88;128;0.0;0;40.641;224.491;0.075;0.079;Q5;9200;Seq Scan;7;Outer;;223;10000;0;0;1.0;0.0;323.0;8;10000.0;0;0.0;0.0;0.0;0.0;Q5;9199;Hash;6;Inner;;0;10000;10000;0;1.0;323.0;323.0;8;0.0;0;0.092;3.112;0.0;0.0;Q5;9198;Index Scan;7;Inner;;112600;5;0;0;8.331646174982899e-07;0.43;1.14;20;6001215.0;0;0.0;0.0;0.0;0.0;Q5
Q5_69_seed_557874108;9202;Aggregate;1;Outer;;0;25;75;0;0.3333333333333333;57891.66;57930.96;136;0.0;0;1051.072;1052.512;1051.008;1052.502;0.0;0.0;Q5;9203;Gather Merge;2;Outer;;0;75;25;0;3.0;57891.66;57930.08;136;0.0;3;1045.248;1045.458;0.0;0.0;Q5;9204;Aggregate;3;Outer;;0;25;2344;0;0.0106655290102389;56891.62;56921.23;136;0.0;0;1045.187;1045.221;0.0;0.0;Q5;9205;Sort;4;Outer;;0;2344;2344;0;1.0;56891.62;56897.48;116;0.0;0;35.695;1044.729;0.0;0.0;Q5;9211;Hash Join;9;Outer;;0;12500;62500;5;0.04;2.46;4586.84;116;0.0;0;0.011;29.182;0.072;0.073;Q5;9207;Nested Loop;6;Outer;;0;58597;14646;5;0.8001775228731394;4743.52;55979.78;128;0.0;0;32.258;210.546;0.067;0.071;Q5;9220;Seq Scan;7;Outer;;223;10000;0;0;1.0;0.0;323.0;8;10000.0;0;0.0;0.0;0.0;0.0;Q5;9219;Hash;6;Inner;;0;10000;10000;0;1.0;323.0;323.0;8;0.0;0;0.1;2.254;0.0;0.0;Q5;9218;Index Scan;7;Inner;;112600;5;0;0;8.331646174982899e-07;0.43;1.15;20;6001215.0;0;0.0;0.0;0.0;0.0;Q5
Q5_6_seed_41020155;9222;Aggregate;1;Outer;;0;25;75;0;0.3333333333333333;57870.66;57909.89;136;0.0;0;1060.453;1060.729;1060.393;1060.722;0.0;0.0;Q5;9223;Gather Merge;2;Outer;;0;75;25;0;3.0;57870.66;57909.01;136;0.0;3;1056.074;1056.301;0.0;0.0;Q5;9224;Aggregate;3;Outer;;0;25;2338;0;0.0106928999144568;56870.62;56900.16;136;0.0;0;1056.008;1056.042;0.0;0.0;Q5;9225;Sort;4;Outer;;0;2338;2338;0;1.0;56870.62;56876.47;116;0.0;0;41.864;1055.488;0.0;0.0;Q5;9231;Hash Join;9;Outer;;0;12500;62500;5;0.04;2.46;4586.84;116;0.0;0;0.011;33.05;0.076;0.077;Q5;9227;Nested Loop;6;Outer;;0;58459;14612;5;0.8001505611825896;4743.52;55959.89;128;0.0;0;35.491;217.948;0.067;0.071;Q5;9240;Seq Scan;7;Outer;;223;10000;0;0;1.0;0.0;323.0;8;10000.0;0;0.0;0.0;0.0;0.0;Q5;9239;Hash;6;Inner;;0;10000;10000;0;1.0;323.0;323.0;8;0.0;0;0.141;3.989;0.0;0.0;Q5;9238;Index Scan;7;Inner;;112600;5;0;0;8.331646174982899e-07;0.43;1.15;20;6001215.0;0;0.0;0.0;0.0;0.0;Q5
Q5_70_seed_566078139;9242;Aggregate;1;Outer;;0;25;75;0;0.3333333333333333;58040.55;58080.32;136;0.0;0;1078.332;1080.468;1078.258;1080.453;0.0;0.0;Q5;9243;Gather Merge;2;Outer;;0;75;25;0;3.0;58040.55;58079.45;136;0.0;3;1074.975;1075.21;0.0;0.0;Q5;9244;Aggregate;3;Outer;;0;25;2382;0;0.0104953820319059;57040.51;57070.59;136;0.0;0;1074.901;1074.941;0.0;0.0;Q5;9245;Sort;4;Outer;;0;2382;2382;0;1.0;57040.51;57046.46;116;0.0;0;40.108;1074.428;0.0;0.0;Q5;9251;Hash Join;9;Outer;;0;12500;62500;5;0.04;2.46;4586.84;116;0.0;0;0.151;30.457;0.085;0.086;Q5;9247;Nested Loop;6;Outer;;0;59546;14884;5;0.800134372480516;4743.52;56121.28;128;0.0;0;34.252;215.852;0.068;0.073;Q5;9260;Seq Scan;7;Outer;;223;10000;0;0;1.0;0.0;323.0;8;10000.0;0;0.0;0.0;0.0;0.0;Q5;9259;Hash;6;Inner;;0;10000;10000;0;1.0;323.0;323.0;8;0.0;0;0.078;2.708;0.0;0.0;Q5;9258;Index Scan;7;Inner;;112600;5;0;0;8.331646174982899e-07;0.43;1.14;20;6001215.0;0;0.0;0.0;0.0;0.0;Q5
Q5_72_seed_582486201;9282;Aggregate;1;Outer;;0;25;75;0;0.3333333333333333;58040.55;58080.32;136;0.0;0;1090.448;1092.619;1090.394;1092.61;0.0;0.0;Q5;9283;Gather Merge;2;Outer;;0;75;25;0;3.0;58040.55;58079.45;136;0.0;3;1087.647;1087.87;0.0;0.0;Q5;9284;Aggregate;3;Outer;;0;25;2382;0;0.0104953820319059;57040.51;57070.59;136;0.0;0;1087.58;1087.618;0.0;0.0;Q5;9285;Sort;4;Outer;;0;2382;2382;0;1.0;57040.51;57046.46;116;0.0;0;44.79;1087.108;0.0;0.0;Q5;9291;Hash Join;9;Outer;;0;12500;62500;5;0.04;2.46;4586.84;116;0.0;0;2.316;35.872;0.278;0.279;Q5;9287;Nested Loop;6;Outer;;0;59546;14884;5;0.800134372480516;4743.52;56121.28;128;0.0;0;38.818;217.86;0.07;0.073;Q5;9300;Seq Scan;7;Outer;;223;10000;0;0;1.0;0.0;323.0;8;10000.0;0;0.0;0.0;0.0;0.0;Q5;9299;Hash;6;Inner;;0;10000;10000;0;1.0;323.0;323.0;8;0.0;0;0.085;4.384;0.0;0.0;Q5;9298;Index Scan;7;Inner;;112600;5;0;0;8.331646174982899e-07;0.43;1.14;20;6001215.0;0;0.0;0.0;0.0;0.0;Q5
Q5_73_seed_590690232;9302;Aggregate;1;Outer;;0;25;75;0;0.3333333333333333;57891.66;57930.96;136;0.0;0;1073.895;1076.036;1073.843;1076.028;0.0;0.0;Q5;9303;Gather Merge;2;Outer;;0;75;25;0;3.0;57891.66;57930.08;136;0.0;3;1071.394;1071.613;0.0;0.0;Q5;9304;Aggregate;3;Outer;;0;25;2344;0;0.0106655290102389;56891.62;56921.23;136;0.0;0;1071.33;1071.366;0.0;0.0;Q5;9305;Sort;4;Outer;;0;2344;2344;0;1.0;56891.62;56897.48;116;0.0;0;40.033;1070.869;0.0;0.0;Q5;9311;Hash Join;9;Outer;;0;12500;62500;5;0.04;2.46;4586.84;116;0.0;0;0.262;32.264;0.27;0.27;Q5;9307;Nested Loop;6;Outer;;0;58597;14646;5;0.8001775228731394;4743.52;55979.78;128;0.0;0;34.837;210.702;0.07;0.073;Q5;9320;Seq Scan;7;Outer;;223;10000;0;0;1.0;0.0;323.0;8;10000.0;0;0.0;0.0;0.0;0.0;Q5;9319;Hash;6;Inner;;0;10000;10000;0;1.0;323.0;323.0;8;0.0;0;0.084;3.082;0.0;0.0;Q5;9318;Index Scan;7;Inner;;112600;5;0;0;8.331646174982899e-07;0.43;1.15;20;6001215.0;0;0.0;0.0;0.0;0.0;Q5
Q5_74_seed_598894263;9322;Aggregate;1;Outer;;0;25;75;0;0.3333333333333333;58040.55;58080.32;136;0.0;0;1067.881;1069.412;1067.816;1069.395;0.0;0.0;Q5;9323;Gather Merge;2;Outer;;0;75;25;0;3.0;58040.55;58079.45;136;0.0;3;1062.933;1063.136;0.0;0.0;Q5;9324;Aggregate;3;Outer;;0;25;2382;0;0.0104953820319059;57040.51;57070.59;136;0.0;0;1062.868;1062.902;0.0;0.0;Q5;9325;Sort;4;Outer;;0;2382;2382;0;1.0;57040.51;57046.46;116;0.0;0;41.784;1062.406;0.0;0.0;Q5;9331;Hash Join;9;Outer;;0;12500;62500;5;0.04;2.46;4586.84;116;0.0;0;0.108;34.275;0.185;0.186;Q5;9327;Nested Loop;6;Outer;;0;59546;14884;5;0.800134372480516;4743.52;56121.28;128;0.0;0;37.22;216.701;0.069;0.072;Q5;9340;Seq Scan;7;Outer;;223;10000;0;0;1.0;0.0;323.0;8;10000.0;0;0.0;0.0;0.0;0.0;Q5;9339;Hash;6;Inner;;0;10000;10000;0;1.0;323.0;323.0;8;0.0;0;0.076;2.32;0.0;0.0;Q5;9338;Index Scan;7;Inner;;112600;5;0;0;8.331646174982899e-07;0.43;1.14;20;6001215.0;0;0.0;0.0;0.0;0.0;Q5
Q5_75_seed_607098294;9342;Aggregate;1;Outer;;0;25;75;0;0.3333333333333333;57891.66;57930.96;136;0.0;0;1062.328;1064.416;1062.273;1064.408;0.0;0.0;Q5;9343;Gather Merge;2;Outer;;0;75;25;0;3.0;57891.66;57930.08;136;0.0;3;1059.859;1060.087;0.0;0.0;Q5;9344;Aggregate;3;Outer;;0;25;2344;0;0.0106655290102389;56891.62;56921.23;136;0.0;0;1059.794;1059.829;0.0;0.0;Q5;9345;Sort;4;Outer;;0;2344;2344;0;1.0;56891.62;56897.48;116;0.0;0;40.646;1059.334;0.0;0.0;Q5;9351;Hash Join;9;Outer;;0;12500;62500;5;0.04;2.46;4586.84;116;0.0;0;0.273;30.524;0.108;0.109;Q5;9347;Nested Loop;6;Outer;;0;58597;14646;5;0.8001775228731394;4743.52;55979.78;128;0.0;0;35.679;217.699;0.068;0.072;Q5;9360;Seq Scan;7;Outer;;223;10000;0;0;1.0;0.0;323.0;8;10000.0;0;0.0;0.0;0.0;0.0;Q5;9359;Hash;6;Inner;;0;10000;10000;0;1.0;323.0;323.0;8;0.0;0;0.088;3.187;0.0;0.0;Q5;9358;Index Scan;7;Inner;;112600;5;0;0;8.331646174982899e-07;0.43;1.15;20;6001215.0;0;0.0;0.0;0.0;0.0;Q5
Q5_76_seed_615302325;9362;Aggregate;1;Outer;;0;25;75;0;0.3333333333333333;58040.55;58080.32;136;0.0;0;1056.221;1058.24;1056.16;1058.232;0.0;0.0;Q5;9363;Gather Merge;2;Outer;;0;75;25;0;3.0;58040.55;58079.45;136;0.0;3;1053.271;1053.486;0.0;0.0;Q5;9364;Aggregate;3;Outer;;0;25;2382;0;0.0104953820319059;57040.51;57070.59;136;0.0;0;1053.202;1053.237;0.0;0.0;Q5;9365;Sort;4;Outer;;0;2382;2382;0;1.0;57040.51;57046.46;116;0.0;0;35.156;1052.433;0.0;0.0;Q5;9371;Hash Join;9;Outer;;0;12500;62500;5;0.04;2.46;4586.84;116;0.0;0;0.198;27.921;0.067;0.068;Q5;9367;Nested Loop;6;Outer;;0;59546;14884;5;0.800134372480516;4743.52;56121.28;128;0.0;0;31.448;213.331;0.068;0.072;Q5;9380;Seq Scan;7;Outer;;223;10000;0;0;1.0;0.0;323.0;8;10000.0;0;0.0;0.0;0.0;0.0;Q5;9379;Hash;6;Inner;;0;10000;10000;0;1.0;323.0;323.0;8;0.0;0;0.086;1.988;0.0;0.0;Q5;9378;Index Scan;7;Inner;;112600;5;0;0;8.331646174982899e-07;0.43;1.14;20;6001215.0;0;0.0;0.0;0.0;0.0;Q5
Q5_77_seed_623506356;9382;Aggregate;1;Outer;;0;25;75;0;0.3333333333333333;57891.66;57930.96;136;0.0;0;1096.04;1098.23;1095.977;1098.22;0.0;0.0;Q5;9383;Gather Merge;2;Outer;;0;75;25;0;3.0;57891.66;57930.08;136;0.0;3;1093.182;1093.42;0.0;0.0;Q5;9384;Aggregate;3;Outer;;0;25;2344;0;0.0106655290102389;56891.62;56921.23;136;0.0;0;1093.112;1093.149;0.0;0.0;Q5;9385;Sort;4;Outer;;0;2344;2344;0;1.0;56891.62;56897.48;116;0.0;0;48.224;1092.646;0.0;0.0;Q5;9391;Hash Join;9;Outer;;0;12500;62500;5;0.04;2.46;4586.84;116;0.0;0;0.013;38.659;0.087;0.088;Q5;9387;Nested Loop;6;Outer;;0;58597;14646;5;0.8001775228731394;4743.52;55979.78;128;0.0;0;42.322;228.186;0.071;0.075;Q5;9400;Seq Scan;7;Outer;;223;10000;0;0;1.0;0.0;323.0;8;10000.0;0;0.0;0.0;0.0;0.0;Q5;9399;Hash;6;Inner;;0;10000;10000;0;1.0;323.0;323.0;8;0.0;0;0.08;3.413;0.0;0.0;Q5;9398;Index Scan;7;Inner;;112600;5;0;0;8.331646174982899e-07;0.43;1.15;20;6001215.0;0;0.0;0.0;0.0;0.0;Q5
Q5_78_seed_631710387;9402;Aggregate;1;Outer;;0;25;75;0;0.3333333333333333;58040.55;58080.32;136;0.0;0;1050.186;1052.474;1050.121;1052.465;0.0;0.0;Q5;9403;Gather Merge;2;Outer;;0;75;25;0;3.0;58040.55;58079.45;136;0.0;3;1047.126;1047.349;0.0;0.0;Q5;9404;Aggregate;3;Outer;;0;25;2382;0;0.0104953820319059;57040.51;57070.59;136;0.0;0;1047.065;1047.101;0.0;0.0;Q5;9405;Sort;4;Outer;;0;2382;2382;0;1.0;57040.51;57046.46;116;0.0;0;41.097;1046.621;0.0;0.0;Q5;9411;Hash Join;9;Outer;;0;12500;62500;5;0.04;2.46;4586.84;116;0.0;0;0.193;32.47;0.118;0.119;Q5;9407;Nested Loop;6;Outer;;0;59546;14884;5;0.800134372480516;4743.52;56121.28;128;0.0;0;35.87;213.583;0.068;0.072;Q5;9420;Seq Scan;7;Outer;;223;10000;0;0;1.0;0.0;323.0;8;10000.0;0;0.0;0.0;0.0;0.0;Q5;9419;Hash;6;Inner;;0;10000;10000;0;1.0;323.0;323.0;8;0.0;0;0.086;2.554;0.0;0.0;Q5;9418;Index Scan;7;Inner;;112600;5;0;0;8.331646174982899e-07;0.43;1.14;20;6001215.0;0;0.0;0.0;0.0;0.0;Q5
Q5_79_seed_639914418;9422;Aggregate;1;Outer;;0;25;75;0;0.3333333333333333;57891.66;57930.96;136;0.0;0;1054.031;1056.291;1053.972;1056.283;0.0;0.0;Q5;9423;Gather Merge;2;Outer;;0;75;25;0;3.0;57891.66;57930.08;136;0.0;3;1051.847;1052.072;0.0;0.0;Q5;9424;Aggregate;3;Outer;;0;25;2344;0;0.0106655290102389;56891.62;56921.23;136;0.0;0;1051.781;1051.817;0.0;0.0;Q5;9425;Sort;4;Outer;;0;2344;2344;0;1.0;56891.62;56897.48;116;0.0;0;44.017;1051.322;0.0;0.0;Q5;9431;Hash Join;9;Outer;;0;12500;62500;5;0.04;2.46;4586.84;116;0.0;0;0.588;35.172;0.09;0.091;Q5;9427;Nested Loop;6;Outer;;0;58597;14646;5;0.8001775228731394;4743.52;55979.78;128;0.0;0;38.077;218.996;0.068;0.072;Q5;9440;Seq Scan;7;Outer;;223;10000;0;0;1.0;0.0;323.0;8;10000.0;0;0.0;0.0;0.0;0.0;Q5;9439;Hash;6;Inner;;0;10000;10000;0;1.0;323.0;323.0;8;0.0;0;0.087;3.479;0.0;0.0;Q5;9438;Index Scan;7;Inner;;112600;5;0;0;8.331646174982899e-07;0.43;1.15;20;6001215.0;0;0.0;0.0;0.0;0.0;Q5
Q5_82_seed_664526511;9502;Aggregate;1;Outer;;0;25;75;0;0.3333333333333333;58040.55;58080.32;136;0.0;0;1079.479;1081.659;1079.412;1081.648;0.0;0.0;Q5;9503;Gather Merge;2;Outer;;0;75;25;0;3.0;58040.55;58079.45;136;0.0;3;1075.889;1076.102;0.0;0.0;Q5;9504;Aggregate;3;Outer;;0;25;2382;0;0.0104953820319059;57040.51;57070.59;136;0.0;0;1075.82;1075.856;0.0;0.0;Q5;9505;Sort;4;Outer;;0;2382;2382;0;1.0;57040.51;57046.46;116;0.0;0;39.326;1075.361;0.0;0.0;Q5;9511;Hash Join;9;Outer;;0;12500;62500;5;0.04;2.46;4586.84;116;0.0;0;0.098;31.832;0.081;0.082;Q5;9507;Nested Loop;6;Outer;;0;59546;14884;5;0.800134372480516;4743.52;56121.28;128;0.0;0;34.87;216.015;0.071;0.074;Q5;9520;Seq Scan;7;Outer;;223;10000;0;0;1.0;0.0;323.0;8;10000.0;0;0.0;0.0;0.0;0.0;Q5;9519;Hash;6;Inner;;0;10000;10000;0;1.0;323.0;323.0;8;0.0;0;0.085;2.848;0.0;0.0;Q5;9518;Index Scan;7;Inner;;112600;5;0;0;8.331646174982899e-07;0.43;1.14;20;6001215.0;0;0.0;0.0;0.0;0.0;Q5
Q5_85_seed_689138604;9562;Aggregate;1;Outer;;0;25;75;0;0.3333333333333333;57916.29;57955.67;136;0.0;0;1069.779;1072.144;1069.716;1072.136;0.0;0.0;Q5;9563;Gather Merge;2;Outer;;0;75;25;0;3.0;57916.29;57954.79;136;0.0;3;1066.973;1067.202;0.0;0.0;Q5;9564;Aggregate;3;Outer;;0;25;2350;0;0.0106382978723404;56916.25;56945.94;136;0.0;0;1066.907;1066.945;0.0;0.0;Q5;9565;Sort;4;Outer;;0;2350;2350;0;1.0;56916.25;56922.13;116;0.0;0;39.94;1066.453;0.0;0.0;Q5;9571;Hash Join;9;Outer;;0;12500;62500;5;0.04;2.46;4586.84;116;0.0;0;0.209;29.318;0.119;0.12;Q5;9567;Nested Loop;6;Outer;;0;58750;14685;5;0.8001361933946204;4743.52;56003.24;128;0.0;0;32.972;211.891;0.07;0.075;Q5;9580;Seq Scan;7;Outer;;223;10000;0;0;1.0;0.0;323.0;8;10000.0;0;0.0;0.0;0.0;0.0;Q5;9579;Hash;6;Inner;;0;10000;10000;0;1.0;323.0;323.0;8;0.0;0;0.088;2.617;0.0;0.0;Q5;9578;Index Scan;7;Inner;;112600;5;0;0;8.331646174982899e-07;0.43;1.14;20;6001215.0;0;0.0;0.0;0.0;0.0;Q5
Q5_87_seed_705546666;9602;Aggregate;1;Outer;;0;25;75;0;0.3333333333333333;57916.29;57955.67;136;0.0;0;1066.462;1068.668;1066.403;1068.659;0.0;0.0;Q5;9603;Gather Merge;2;Outer;;0;75;25;0;3.0;57916.29;57954.79;136;0.0;3;1062.986;1063.223;0.0;0.0;Q5;9604;Aggregate;3;Outer;;0;25;2350;0;0.0106382978723404;56916.25;56945.94;136;0.0;0;1062.917;1062.953;0.0;0.0;Q5;9605;Sort;4;Outer;;0;2350;2350;0;1.0;56916.25;56922.13;116;0.0;0;44.552;1062.41;0.0;0.0;Q5;9611;Hash Join;9;Outer;;0;12500;62500;5;0.04;2.46;4586.84;116;0.0;0;0.277;33.265;0.106;0.107;Q5;9607;Nested Loop;6;Outer;;0;58750;14685;5;0.8001361933946204;4743.52;56003.24;128;0.0;0;37.667;215.561;0.071;0.074;Q5;9620;Seq Scan;7;Outer;;223;10000;0;0;1.0;0.0;323.0;8;10000.0;0;0.0;0.0;0.0;0.0;Q5;9619;Hash;6;Inner;;0;10000;10000;0;1.0;323.0;323.0;8;0.0;0;0.09;3.791;0.0;0.0;Q5;9618;Index Scan;7;Inner;;112600;5;0;0;8.331646174982899e-07;0.43;1.14;20;6001215.0;0;0.0;0.0;0.0;0.0;Q5
Q5_89_seed_721954728;9642;Aggregate;1;Outer;;0;25;75;0;0.3333333333333333;57916.29;57955.67;136;0.0;0;1054.353;1056.621;1054.294;1056.613;0.0;0.0;Q5;9643;Gather Merge;2;Outer;;0;75;25;0;3.0;57916.29;57954.79;136;0.0;3;1051.503;1051.742;0.0;0.0;Q5;9644;Aggregate;3;Outer;;0;25;2350;0;0.0106382978723404;56916.25;56945.94;136;0.0;0;1051.429;1051.464;0.0;0.0;Q5;9645;Sort;4;Outer;;0;2350;2350;0;1.0;56916.25;56922.13;116;0.0;0;36.689;1050.959;0.0;0.0;Q5;9651;Hash Join;9;Outer;;0;12500;62500;5;0.04;2.46;4586.84;116;0.0;0;0.138;29.667;0.106;0.107;Q5;9647;Nested Loop;6;Outer;;0;58750;14685;5;0.8001361933946204;4743.52;56003.24;128;0.0;0;32.093;208.644;0.07;0.074;Q5;9660;Seq Scan;7;Outer;;223;10000;0;0;1.0;0.0;323.0;8;10000.0;0;0.0;0.0;0.0;0.0;Q5;9659;Hash;6;Inner;;0;10000;10000;0;1.0;323.0;323.0;8;0.0;0;0.081;2.103;0.0;0.0;Q5;9658;Index Scan;7;Inner;;112600;5;0;0;8.331646174982899e-07;0.43;1.14;20;6001215.0;0;0.0;0.0;0.0;0.0;Q5
Q5_8_seed_57428217;9662;Aggregate;1;Outer;;0;25;75;0;0.3333333333333333;57870.66;57909.89;136;0.0;0;1053.094;1055.656;1053.039;1055.648;0.0;0.0;Q5;9663;Gather Merge;2;Outer;;0;75;25;0;3.0;57870.66;57909.01;136;0.0;3;1050.311;1050.547;0.0;0.0;Q5;9664;Aggregate;3;Outer;;0;25;2338;0;0.0106928999144568;56870.62;56900.16;136;0.0;0;1050.186;1050.223;0.0;0.0;Q5;9665;Sort;4;Outer;;0;2338;2338;0;1.0;56870.62;56876.47;116;0.0;0;43.813;1049.736;0.0;0.0;Q5;9671;Hash Join;9;Outer;;0;12500;62500;5;0.04;2.46;4586.84;116;0.0;0;0.12;34.673;0.087;0.087;Q5;9667;Nested Loop;6;Outer;;0;58459;14612;5;0.8001505611825896;4743.52;55959.89;128;0.0;0;37.804;217.818;0.067;0.071;Q5;9680;Seq Scan;7;Outer;;223;10000;0;0;1.0;0.0;323.0;8;10000.0;0;0.0;0.0;0.0;0.0;Q5;9679;Hash;6;Inner;;0;10000;10000;0;1.0;323.0;323.0;8;0.0;0;0.074;3.548;0.0;0.0;Q5;9678;Index Scan;7;Inner;;112600;5;0;0;8.331646174982899e-07;0.43;1.15;20;6001215.0;0;0.0;0.0;0.0;0.0;Q5
Q5_90_seed_730158759;9682;Aggregate;1;Outer;;0;25;75;0;0.3333333333333333;57870.66;57909.89;136;0.0;0;1067.474;1069.773;1067.395;1069.765;0.0;0.0;Q5;9683;Gather Merge;2;Outer;;0;75;25;0;3.0;57870.66;57909.01;136;0.0;3;1064.279;1064.515;0.0;0.0;Q5;9684;Aggregate;3;Outer;;0;25;2338;0;0.0106928999144568;56870.62;56900.16;136;0.0;0;1064.215;1064.254;0.0;0.0;Q5;9685;Sort;4;Outer;;0;2338;2338;0;1.0;56870.62;56876.47;116;0.0;0;41.624;1063.745;0.0;0.0;Q5;9691;Hash Join;9;Outer;;0;12500;62500;5;0.04;2.46;4586.84;116;0.0;0;0.01;31.381;0.077;0.078;Q5;9687;Nested Loop;6;Outer;;0;58459;14612;5;0.8001505611825896;4743.52;55959.89;128;0.0;0;34.217;216.577;0.068;0.072;Q5;9700;Seq Scan;7;Outer;;223;10000;0;0;1.0;0.0;323.0;8;10000.0;0;0.0;0.0;0.0;0.0;Q5;9699;Hash;6;Inner;;0;10000;10000;0;1.0;323.0;323.0;8;0.0;0;0.085;4.954;0.0;0.0;Q5;9698;Index Scan;7;Inner;;112600;5;0;0;8.331646174982899e-07;0.43;1.15;20;6001215.0;0;0.0;0.0;0.0;0.0;Q5
Q5_91_seed_738362790;9702;Aggregate;1;Outer;;0;25;75;0;0.3333333333333333;57916.29;57955.67;136;0.0;0;1080.843;1082.981;1080.782;1082.973;0.0;0.0;Q5;9703;Gather Merge;2;Outer;;0;75;25;0;3.0;57916.29;57954.79;136;0.0;3;1077.746;1077.961;0.0;0.0;Q5;9704;Aggregate;3;Outer;;0;25;2350;0;0.0106382978723404;56916.25;56945.94;136;0.0;0;1077.686;1077.722;0.0;0.0;Q5;9705;Sort;4;Outer;;0;2350;2350;0;1.0;56916.25;56922.13;116;0.0;0;44.645;1077.227;0.0;0.0;Q5;9711;Hash Join;9;Outer;;0;12500;62500;5;0.04;2.46;4586.84;116;0.0;0;0.218;37.378;0.071;0.072;Q5;9707;Nested Loop;6;Outer;;0;58750;14685;5;0.8001361933946204;4743.52;56003.24;128;0.0;0;39.808;220.31;0.07;0.074;Q5;9720;Seq Scan;7;Outer;;223;10000;0;0;1.0;0.0;323.0;8;10000.0;0;0.0;0.0;0.0;0.0;Q5;9719;Hash;6;Inner;;0;10000;10000;0;1.0;323.0;323.0;8;0.0;0;0.089;2.426;0.0;0.0;Q5;9718;Index Scan;7;Inner;;112600;5;0;0;8.331646174982899e-07;0.43;1.14;20;6001215.0;0;0.0;0.0;0.0;0.0;Q5
Q5_93_seed_754770852;9742;Aggregate;1;Outer;;0;25;75;0;0.3333333333333333;57916.29;57955.67;136;0.0;0;1096.769;1098.928;1096.716;1098.92;0.0;0.0;Q5;9743;Gather Merge;2;Outer;;0;75;25;0;3.0;57916.29;57954.79;136;0.0;3;1093.66;1093.878;0.0;0.0;Q5;9744;Aggregate;3;Outer;;0;25;2350;0;0.0106382978723404;56916.25;56945.94;136;0.0;0;1093.598;1093.634;0.0;0.0;Q5;9745;Sort;4;Outer;;0;2350;2350;0;1.0;56916.25;56922.13;116;0.0;0;41.241;1093.156;0.0;0.0;Q5;9751;Hash Join;9;Outer;;0;12500;62500;5;0.04;2.46;4586.84;116;0.0;0;1.792;32.06;0.095;0.096;Q5;9747;Nested Loop;6;Outer;;0;58750;14685;5;0.8001361933946204;4743.52;56003.24;128;0.0;0;35.404;215.504;0.072;0.075;Q5;9760;Seq Scan;7;Outer;;223;10000;0;0;1.0;0.0;323.0;8;10000.0;0;0.0;0.0;0.0;0.0;Q5;9759;Hash;6;Inner;;0;10000;10000;0;1.0;323.0;323.0;8;0.0;0;0.096;3.688;0.0;0.0;Q5;9758;Index Scan;7;Inner;;112600;5;0;0;8.331646174982899e-07;0.43;1.14;20;6001215.0;0;0.0;0.0;0.0;0.0;Q5
Q5_95_seed_771178914;9782;Aggregate;1;Outer;;0;25;75;0;0.3333333333333333;57916.29;57955.67;136;0.0;0;1085.206;1087.323;1085.149;1087.315;0.0;0.0;Q5;9783;Gather Merge;2;Outer;;0;75;25;0;3.0;57916.29;57954.79;136;0.0;3;1082.014;1082.238;0.0;0.0;Q5;9784;Aggregate;3;Outer;;0;25;2350;0;0.0106382978723404;56916.25;56945.94;136;0.0;0;1081.947;1081.983;0.0;0.0;Q5;9785;Sort;4;Outer;;0;2350;2350;0;1.0;56916.25;56922.13;116;0.0;0;41.655;1081.509;0.0;0.0;Q5;9791;Hash Join;9;Outer;;0;12500;62500;5;0.04;2.46;4586.84;116;0.0;0;0.1;33.542;0.155;0.155;Q5;9787;Nested Loop;6;Outer;;0;58750;14685;5;0.8001361933946204;4743.52;56003.24;128;0.0;0;36.799;221.311;0.07;0.074;Q5;9800;Seq Scan;7;Outer;;223;10000;0;0;1.0;0.0;323.0;8;10000.0;0;0.0;0.0;0.0;0.0;Q5;9799;Hash;6;Inner;;0;10000;10000;0;1.0;323.0;323.0;8;0.0;0;0.084;2.922;0.0;0.0;Q5;9798;Index Scan;7;Inner;;112600;5;0;0;8.331646174982899e-07;0.43;1.14;20;6001215.0;0;0.0;0.0;0.0;0.0;Q5
Q5_97_seed_787586976;9822;Aggregate;1;Outer;;0;25;75;0;0.3333333333333333;57916.29;57955.67;136;0.0;0;1079.603;1081.982;1079.531;1081.972;0.0;0.0;Q5;9823;Gather Merge;2;Outer;;0;75;25;0;3.0;57916.29;57954.79;136;0.0;3;1075.57;1075.806;0.0;0.0;Q5;9824;Aggregate;3;Outer;;0;25;2350;0;0.0106382978723404;56916.25;56945.94;136;0.0;0;1075.507;1075.544;0.0;0.0;Q5;9825;Sort;4;Outer;;0;2350;2350;0;1.0;56916.25;56922.13;116;0.0;0;43.091;1074.992;0.0;0.0;Q5;9831;Hash Join;9;Outer;;0;12500;62500;5;0.04;2.46;4586.84;116;0.0;0;0.05;34.627;0.112;0.112;Q5;9827;Nested Loop;6;Outer;;0;58750;14685;5;0.8001361933946204;4743.52;56003.24;128;0.0;0;39.177;219.368;0.07;0.074;Q5;9840;Seq Scan;7;Outer;;223;10000;0;0;1.0;0.0;323.0;8;10000.0;0;0.0;0.0;0.0;0.0;Q5;9839;Hash;6;Inner;;0;10000;10000;0;1.0;323.0;323.0;8;0.0;0;0.095;2.202;0.0;0.0;Q5;9838;Index Scan;7;Inner;;112600;5;0;0;8.331646174982899e-07;0.43;1.14;20;6001215.0;0;0.0;0.0;0.0;0.0;Q5
Q5_98_seed_795791007;9842;Aggregate;1;Outer;;0;25;75;0;0.3333333333333333;57870.66;57909.89;136;0.0;0;1062.755;1065.043;1062.685;1065.031;0.0;0.0;Q5;9843;Gather Merge;2;Outer;;0;75;25;0;3.0;57870.66;57909.01;136;0.0;3;1059.305;1059.539;0.0;0.0;Q5;9844;Aggregate;3;Outer;;0;25;2338;0;0.0106928999144568;56870.62;56900.16;136;0.0;0;1059.236;1059.277;0.0;0.0;Q5;9845;Sort;4;Outer;;0;2338;2338;0;1.0;56870.62;56876.47;116;0.0;0;41.158;1058.773;0.0;0.0;Q5;9851;Hash Join;9;Outer;;0;12500;62500;5;0.04;2.46;4586.84;116;0.0;0;0.594;32.017;0.38;0.382;Q5;9847;Nested Loop;6;Outer;;0;58459;14612;5;0.8001505611825896;4743.52;55959.89;128;0.0;0;35.478;215.611;0.069;0.073;Q5;9860;Seq Scan;7;Outer;;223;10000;0;0;1.0;0.0;323.0;8;10000.0;0;0.0;0.0;0.0;0.0;Q5;9859;Hash;6;Inner;;0;10000;10000;0;1.0;323.0;323.0;8;0.0;0;0.089;2.972;0.0;0.0;Q5;9858;Index Scan;7;Inner;;112600;5;0;0;8.331646174982899e-07;0.43;1.15;20;6001215.0;0;0.0;0.0;0.0;0.0;Q5
Q5_99_seed_803995038;9862;Aggregate;1;Outer;;0;25;75;0;0.3333333333333333;57916.29;57955.67;136;0.0;0;1070.332;1071.906;1070.27;1071.897;0.0;0.0;Q5;9863;Gather Merge;2;Outer;;0;75;25;0;3.0;57916.29;57954.79;136;0.0;3;1066.875;1067.108;0.0;0.0;Q5;9864;Aggregate;3;Outer;;0;25;2350;0;0.0106382978723404;56916.25;56945.94;136;0.0;0;1066.808;1066.843;0.0;0.0;Q5;9865;Sort;4;Outer;;0;2350;2350;0;1.0;56916.25;56922.13;116;0.0;0;43.172;1066.339;0.0;0.0;Q5;9871;Hash Join;9;Outer;;0;12500;62500;5;0.04;2.46;4586.84;116;0.0;0;0.158;32.257;0.073;0.073;Q5;9867;Nested Loop;6;Outer;;0;58750;14685;5;0.8001361933946204;4743.52;56003.24;128;0.0;0;35.356;215.748;0.07;0.074;Q5;9880;Seq Scan;7;Outer;;223;10000;0;0;1.0;0.0;323.0;8;10000.0;0;0.0;0.0;0.0;0.0;Q5;9879;Hash;6;Inner;;0;10000;10000;0;1.0;323.0;323.0;8;0.0;0;0.085;5.159;0.0;0.0;Q5;9878;Index Scan;7;Inner;;112600;5;0;0;8.331646174982899e-07;0.43;1.14;20;6001215.0;0;0.0;0.0;0.0;0.0;Q5
Q5_9_seed_65632248;9882;Aggregate;1;Outer;;0;25;75;0;0.3333333333333333;57960.2;57999.73;136;0.0;0;1066.625;1068.776;1066.568;1068.768;0.0;0.0;Q5;9883;Gather Merge;2;Outer;;0;75;25;0;3.0;57960.2;57998.85;136;0.0;3;1063.307;1063.527;0.0;0.0;Q5;9884;Aggregate;3;Outer;;0;25;2362;0;0.010584250635055;56960.16;56990.0;136;0.0;0;1063.239;1063.275;0.0;0.0;Q5;9885;Sort;4;Outer;;0;2362;2362;0;1.0;56960.16;56966.07;116;0.0;0;41.077;1062.763;0.0;0.0;Q5;9891;Hash Join;9;Outer;;0;12500;62500;5;0.04;2.46;4586.84;116;0.0;0;1.166;31.36;0.073;0.074;Q5;9887;Nested Loop;6;Outer;;0;59037;14756;5;0.8001761995120629;4743.52;56044.88;128;0.0;0;35.909;212.737;0.069;0.073;Q5;9900;Seq Scan;7;Outer;;223;10000;0;0;1.0;0.0;323.0;8;10000.0;0;0.0;0.0;0.0;0.0;Q5;9899;Hash;6;Inner;;0;10000;10000;0;1.0;323.0;323.0;8;0.0;0;0.081;3.116;0.0;0.0;Q5;9898;Index Scan;7;Inner;;112600;5;0;0;8.331646174982899e-07;0.43;1.14;20;6001215.0;0;0.0;0.0;0.0;0.0;Q5
