query_file;Sort_node_id;Sort_node_type;Sort_depth;Sort_parent_relationship;Sort_subplan_name;Sort_np;Sort_nt;Sort_nt1;Sort_nt2;Sort_sel;Sort_startup_cost;Sort_total_cost;Sort_plan_width;Sort_reltuples;Sort_parallel_workers;actual_startup_time;actual_total_time;Sort_st1;Sort_rt1;Sort_st2;Sort_rt2;HashJoin_Outer_node_id;HashJoin_Outer_node_type;HashJoin_Outer_depth;HashJoin_Outer_parent_relationship;HashJoin_Outer_subplan_name;HashJoin_Outer_np;HashJoin_Outer_nt;HashJoin_Outer_nt1;HashJoin_Outer_nt2;HashJoin_Outer_sel;HashJoin_Outer_startup_cost;HashJoin_Outer_total_cost;HashJoin_Outer_plan_width;HashJoin_Outer_reltuples;HashJoin_Outer_parallel_workers;HashJoin_Outer_st1;HashJoin_Outer_rt1;HashJoin_Outer_st2;HashJoin_Outer_rt2;SeqScan_Outer_node_id;SeqScan_Outer_node_type;SeqScan_Outer_depth;SeqScan_Outer_parent_relationship;SeqScan_Outer_subplan_name;SeqScan_Outer_np;SeqScan_Outer_nt;SeqScan_Outer_nt1;SeqScan_Outer_nt2;SeqScan_Outer_sel;SeqScan_Outer_startup_cost;SeqScan_Outer_total_cost;SeqScan_Outer_plan_width;SeqScan_Outer_reltuples;SeqScan_Outer_parallel_workers;Hash_Inner_node_id;Hash_Inner_node_type;Hash_Inner_depth;Hash_Inner_parent_relationship;Hash_Inner_subplan_name;Hash_Inner_np;Hash_Inner_nt;Hash_Inner_nt1;Hash_Inner_nt2;Hash_Inner_sel;Hash_Inner_startup_cost;Hash_Inner_total_cost;Hash_Inner_plan_width;Hash_Inner_reltuples;Hash_Inner_parallel_workers;Hash_Inner_st1;Hash_Inner_rt1;Hash_Inner_st2;Hash_Inner_rt2;Aggregate_Outer_node_id;Aggregate_Outer_node_type;Aggregate_Outer_depth;Aggregate_Outer_parent_relationship;Aggregate_Outer_subplan_name;Aggregate_Outer_np;Aggregate_Outer_nt;Aggregate_Outer_nt1;Aggregate_Outer_nt2;Aggregate_Outer_sel;Aggregate_Outer_startup_cost;Aggregate_Outer_total_cost;Aggregate_Outer_plan_width;Aggregate_Outer_reltuples;Aggregate_Outer_parallel_workers;Aggregate_Outer_st1;Aggregate_Outer_rt1;Aggregate_Outer_st2;Aggregate_Outer_rt2
Q18_100_seed_812199069;28827;Sort;7;Outer;;0;131527;131527;0;1.0;322526.4;322855.22;24;0.0;0;2816.491;2816.492;2710.773;2816.479;0.0;0.0;28828;Hash Join;8;Outer;;0;131527;483871;407734;6.666661317063824e-07;279098.44;311343.31;24;0.0;0;0.241;186.147;2602.537;2602.537;28829;Seq Scan;9;Outer;;26136;483871;0;0;0.3225806666666667;0.0;30974.71;20;1500000.0;0;28830;Hash;9;Inner;;0;407734;407734;0;1.0;274001.77;274001.77;4;0.0;0;555.089;2602.498;0.0;0.0;28831;Aggregate;10;Outer;;0;407734;6001215;0;0.0679419084302095;0.43;274001.77;4;0.0;0;0.081;2105.375;0.0;0.0
Q18_101_seed_820403100;28843;Sort;7;Outer;;0;131527;131527;0;1.0;322526.4;322855.22;24;0.0;0;2866.9;2866.901;2744.523;2866.892;0.0;0.0;28844;Hash Join;8;Outer;;0;131527;483871;407734;6.666661317063824e-07;279098.44;311343.31;24;0.0;0;0.234;199.936;2636.797;2636.798;28845;Seq Scan;9;Outer;;26136;483871;0;0;0.3225806666666667;0.0;30974.71;20;1500000.0;0;28846;Hash;9;Inner;;0;407734;407734;0;1.0;274001.77;274001.77;4;0.0;0;547.696;2636.761;0.0;0.0;28847;Aggregate;10;Outer;;0;407734;6001215;0;0.0679419084302095;0.43;274001.77;4;0.0;0;0.033;2132.131;0.0;0.0
Q18_102_seed_828607131;28859;Sort;7;Outer;;0;131527;131527;0;1.0;322526.4;322855.22;24;0.0;0;2852.107;2852.109;2728.894;2852.091;0.0;0.0;28860;Hash Join;8;Outer;;0;131527;483871;407734;6.666661317063824e-07;279098.44;311343.31;24;0.0;0;0.196;202.019;2621.698;2621.699;28861;Seq Scan;9;Outer;;26136;483871;0;0;0.3225806666666667;0.0;30974.71;20;1500000.0;0;28862;Hash;9;Inner;;0;407734;407734;0;1.0;274001.77;274001.77;4;0.0;0;547.425;2621.664;0.0;0.0;28863;Aggregate;10;Outer;;0;407734;6001215;0;0.0679419084302095;0.43;274001.77;4;0.0;0;0.082;2134.076;0.0;0.0
Q18_103_seed_836811162;28875;Sort;7;Outer;;0;131527;131527;0;1.0;322526.4;322855.22;24;0.0;0;2851.937;2851.939;2731.915;2851.922;0.0;0.0;28876;Hash Join;8;Outer;;0;131527;483871;407734;6.666661317063824e-07;279098.44;311343.31;24;0.0;0;0.214;185.633;2636.152;2636.152;28877;Seq Scan;9;Outer;;26136;483871;0;0;0.3225806666666667;0.0;30974.71;20;1500000.0;0;28878;Hash;9;Inner;;0;407734;407734;0;1.0;274001.77;274001.77;4;0.0;0;546.371;2636.11;0.0;0.0;28879;Aggregate;10;Outer;;0;407734;6001215;0;0.0679419084302095;0.43;274001.77;4;0.0;0;0.082;2143.385;0.0;0.0
Q18_105_seed_853219224;28907;Sort;7;Outer;;0;131527;131527;0;1.0;322526.4;322855.22;24;0.0;0;2837.284;2837.285;2724.998;2837.274;0.0;0.0;28908;Hash Join;8;Outer;;0;131527;483871;407734;6.666661317063824e-07;279098.44;311343.31;24;0.0;0;0.232;197.182;2610.13;2610.13;28909;Seq Scan;9;Outer;;26136;483871;0;0;0.3225806666666667;0.0;30974.71;20;1500000.0;0;28910;Hash;9;Inner;;0;407734;407734;0;1.0;274001.77;274001.77;4;0.0;0;549.249;2610.051;0.0;0.0;28911;Aggregate;10;Outer;;0;407734;6001215;0;0.0679419084302095;0.43;274001.77;4;0.0;0;0.146;2112.427;0.0;0.0
Q18_106_seed_861423255;28923;Sort;7;Outer;;0;131527;131527;0;1.0;322526.4;322855.22;24;0.0;0;2839.568;2839.57;2695.605;2839.557;0.0;0.0;28924;Hash Join;8;Outer;;0;131527;483871;407734;6.666661317063824e-07;279098.44;311343.31;24;0.0;0;0.27;187.351;2621.346;2621.347;28925;Seq Scan;9;Outer;;26136;483871;0;0;0.3225806666666667;0.0;30974.71;20;1500000.0;0;28926;Hash;9;Inner;;0;407734;407734;0;1.0;274001.77;274001.77;4;0.0;0;546.161;2621.317;0.0;0.0;28927;Aggregate;10;Outer;;0;407734;6001215;0;0.0679419084302095;0.43;274001.77;4;0.0;0;0.086;2126.76;0.0;0.0
Q18_107_seed_869627286;28939;Sort;7;Outer;;0;131527;131527;0;1.0;322526.4;322855.22;24;0.0;0;2853.898;2853.899;2735.378;2853.887;0.0;0.0;28940;Hash Join;8;Outer;;0;131527;483871;407734;6.666661317063824e-07;279098.44;311343.31;24;0.0;0;0.217;193.606;2631.781;2631.781;28941;Seq Scan;9;Outer;;26136;483871;0;0;0.3225806666666667;0.0;30974.71;20;1500000.0;0;28942;Hash;9;Inner;;0;407734;407734;0;1.0;274001.77;274001.77;4;0.0;0;556.656;2631.742;0.0;0.0;28943;Aggregate;10;Outer;;0;407734;6001215;0;0.0679419084302095;0.43;274001.77;4;0.0;0;0.086;2125.516;0.0;0.0
Q18_108_seed_877831317;28955;Sort;7;Outer;;0;131527;131527;0;1.0;322526.4;322855.22;24;0.0;0;2820.583;2820.585;2685.642;2820.574;0.0;0.0;28956;Hash Join;8;Outer;;0;131527;483871;407734;6.666661317063824e-07;279098.44;311343.31;24;0.0;0;0.197;188.131;2602.466;2602.466;28957;Seq Scan;9;Outer;;26136;483871;0;0;0.3225806666666667;0.0;30974.71;20;1500000.0;0;28958;Hash;9;Inner;;0;407734;407734;0;1.0;274001.77;274001.77;4;0.0;0;553.698;2602.418;0.0;0.0;28959;Aggregate;10;Outer;;0;407734;6001215;0;0.0679419084302095;0.43;274001.77;4;0.0;0;0.052;2113.704;0.0;0.0
Q18_10_seed_73836279;28987;Sort;7;Outer;;0;131527;131527;0;1.0;322526.4;322855.22;24;0.0;0;2836.123;2836.124;2730.745;2836.112;0.0;0.0;28988;Hash Join;8;Outer;;0;131527;483871;407734;6.666661317063824e-07;279098.44;311343.31;24;0.0;0;0.205;209.232;2598.563;2598.563;28989;Seq Scan;9;Outer;;26136;483871;0;0;0.3225806666666667;0.0;30974.71;20;1500000.0;0;28990;Hash;9;Inner;;0;407734;407734;0;1.0;274001.77;274001.77;4;0.0;0;537.595;2598.518;0.0;0.0;28991;Aggregate;10;Outer;;0;407734;6001215;0;0.0679419084302095;0.43;274001.77;4;0.0;0;0.03;2127.009;0.0;0.0
Q18_110_seed_894239379;29003;Sort;7;Outer;;0;131527;131527;0;1.0;322526.4;322855.22;24;0.0;0;2842.134;2842.135;2714.307;2842.124;0.0;0.0;29004;Hash Join;8;Outer;;0;131527;483871;407734;6.666661317063824e-07;279098.44;311343.31;24;0.0;0;0.233;194.418;2617.493;2617.493;29005;Seq Scan;9;Outer;;26136;483871;0;0;0.3225806666666667;0.0;30974.71;20;1500000.0;0;29006;Hash;9;Inner;;0;407734;407734;0;1.0;274001.77;274001.77;4;0.0;0;544.669;2617.457;0.0;0.0;29007;Aggregate;10;Outer;;0;407734;6001215;0;0.0679419084302095;0.43;274001.77;4;0.0;0;0.08;2112.913;0.0;0.0
Q18_111_seed_902443410;29019;Sort;7;Outer;;0;131527;131527;0;1.0;322526.4;322855.22;24;0.0;0;2840.33;2840.331;2714.128;2840.318;0.0;0.0;29020;Hash Join;8;Outer;;0;131527;483871;407734;6.666661317063824e-07;279098.44;311343.31;24;0.0;0;0.209;195.305;2613.246;2613.246;29021;Seq Scan;9;Outer;;26136;483871;0;0;0.3225806666666667;0.0;30974.71;20;1500000.0;0;29022;Hash;9;Inner;;0;407734;407734;0;1.0;274001.77;274001.77;4;0.0;0;546.193;2613.206;0.0;0.0;29023;Aggregate;10;Outer;;0;407734;6001215;0;0.0679419084302095;0.43;274001.77;4;0.0;0;0.077;2110.336;0.0;0.0
Q18_112_seed_910647441;29035;Sort;7;Outer;;0;131527;131527;0;1.0;322526.4;322855.22;24;0.0;0;2805.69;2805.692;2689.715;2805.68;0.0;0.0;29036;Hash Join;8;Outer;;0;131527;483871;407734;6.666661317063824e-07;279098.44;311343.31;24;0.0;0;0.24;183.258;2595.748;2595.748;29037;Seq Scan;9;Outer;;26136;483871;0;0;0.3225806666666667;0.0;30974.71;20;1500000.0;0;29038;Hash;9;Inner;;0;407734;407734;0;1.0;274001.77;274001.77;4;0.0;0;559.514;2595.726;0.0;0.0;29039;Aggregate;10;Outer;;0;407734;6001215;0;0.0679419084302095;0.43;274001.77;4;0.0;0;0.022;2097.543;0.0;0.0
Q18_113_seed_918851472;29051;Sort;7;Outer;;0;131527;131527;0;1.0;322526.4;322855.22;24;0.0;0;2867.801;2867.802;2755.233;2867.789;0.0;0.0;29052;Hash Join;8;Outer;;0;131527;483871;407734;6.666661317063824e-07;279098.44;311343.31;24;0.0;0;0.239;190.336;2646.285;2646.285;29053;Seq Scan;9;Outer;;26136;483871;0;0;0.3225806666666667;0.0;30974.71;20;1500000.0;0;29054;Hash;9;Inner;;0;407734;407734;0;1.0;274001.77;274001.77;4;0.0;0;558.022;2646.246;0.0;0.0;29055;Aggregate;10;Outer;;0;407734;6001215;0;0.0679419084302095;0.43;274001.77;4;0.0;0;0.146;2137.421;0.0;0.0
Q18_115_seed_935259534;29083;Sort;7;Outer;;0;131527;131527;0;1.0;322526.4;322855.22;24;0.0;0;2894.77;2894.771;2809.45;2894.761;0.0;0.0;29084;Hash Join;8;Outer;;0;131527;483871;407734;6.666661317063824e-07;279098.44;311343.31;24;0.0;0;0.272;196.442;2670.267;2670.267;29085;Seq Scan;9;Outer;;26136;483871;0;0;0.3225806666666667;0.0;30974.71;20;1500000.0;0;29086;Hash;9;Inner;;0;407734;407734;0;1.0;274001.77;274001.77;4;0.0;0;540.894;2670.235;0.0;0.0;29087;Aggregate;10;Outer;;0;407734;6001215;0;0.0679419084302095;0.43;274001.77;4;0.0;0;0.03;2157.896;0.0;0.0
Q18_116_seed_943463565;29099;Sort;7;Outer;;0;131527;131527;0;1.0;322526.4;322855.22;24;0.0;0;2840.708;2840.71;2692.361;2840.698;0.0;0.0;29100;Hash Join;8;Outer;;0;131527;483871;407734;6.666661317063824e-07;279098.44;311343.31;24;0.0;0;0.21;201.636;2609.597;2609.597;29101;Seq Scan;9;Outer;;26136;483871;0;0;0.3225806666666667;0.0;30974.71;20;1500000.0;0;29102;Hash;9;Inner;;0;407734;407734;0;1.0;274001.77;274001.77;4;0.0;0;548.319;2609.551;0.0;0.0;29103;Aggregate;10;Outer;;0;407734;6001215;0;0.0679419084302095;0.43;274001.77;4;0.0;0;0.033;2106.821;0.0;0.0
Q18_117_seed_951667596;29115;Sort;7;Outer;;0;131527;131527;0;1.0;322526.4;322855.22;24;0.0;0;2835.152;2835.153;2750.759;2835.144;0.0;0.0;29116;Hash Join;8;Outer;;0;131527;483871;407734;6.666661317063824e-07;279098.44;311343.31;24;0.0;0;0.195;198.026;2608.8;2608.8;29117;Seq Scan;9;Outer;;26136;483871;0;0;0.3225806666666667;0.0;30974.71;20;1500000.0;0;29118;Hash;9;Inner;;0;407734;407734;0;1.0;274001.77;274001.77;4;0.0;0;551.389;2608.768;0.0;0.0;29119;Aggregate;10;Outer;;0;407734;6001215;0;0.0679419084302095;0.43;274001.77;4;0.0;0;0.075;2107.804;0.0;0.0
Q18_118_seed_959871627;29131;Sort;7;Outer;;0;131527;131527;0;1.0;322526.4;322855.22;24;0.0;0;2841.382;2841.383;2756.886;2841.372;0.0;0.0;29132;Hash Join;8;Outer;;0;131527;483871;407734;6.666661317063824e-07;279098.44;311343.31;24;0.0;0;0.202;196.911;2615.729;2615.729;29133;Seq Scan;9;Outer;;26136;483871;0;0;0.3225806666666667;0.0;30974.71;20;1500000.0;0;29134;Hash;9;Inner;;0;407734;407734;0;1.0;274001.77;274001.77;4;0.0;0;549.506;2615.681;0.0;0.0;29135;Aggregate;10;Outer;;0;407734;6001215;0;0.0679419084302095;0.43;274001.77;4;0.0;0;0.028;2128.35;0.0;0.0
Q18_11_seed_82040310;29163;Sort;7;Outer;;0;131527;131527;0;1.0;322526.4;322855.22;24;0.0;0;2816.196;2816.198;2678.775;2816.168;0.0;0.0;29164;Hash Join;8;Outer;;0;131527;483871;407734;6.666661317063824e-07;279098.44;311343.31;24;0.0;0;0.21;197.118;2589.584;2589.584;29165;Seq Scan;9;Outer;;26136;483871;0;0;0.3225806666666667;0.0;30974.71;20;1500000.0;0;29166;Hash;9;Inner;;0;407734;407734;0;1.0;274001.77;274001.77;4;0.0;0;542.517;2589.54;0.0;0.0;29167;Aggregate;10;Outer;;0;407734;6001215;0;0.0679419084302095;0.43;274001.77;4;0.0;0;0.074;2086.669;0.0;0.0
Q18_120_seed_976279689;29179;Sort;7;Outer;;0;131527;131527;0;1.0;322526.4;322855.22;24;0.0;0;2829.207;2829.208;2701.771;2829.195;0.0;0.0;29180;Hash Join;8;Outer;;0;131527;483871;407734;6.666661317063824e-07;279098.44;311343.31;24;0.0;0;0.206;187.736;2612.633;2612.633;29181;Seq Scan;9;Outer;;26136;483871;0;0;0.3225806666666667;0.0;30974.71;20;1500000.0;0;29182;Hash;9;Inner;;0;407734;407734;0;1.0;274001.77;274001.77;4;0.0;0;544.983;2612.591;0.0;0.0;29183;Aggregate;10;Outer;;0;407734;6001215;0;0.0679419084302095;0.43;274001.77;4;0.0;0;0.079;2117.117;0.0;0.0
Q18_121_seed_984483720;29195;Sort;7;Outer;;0;131527;131527;0;1.0;322526.4;322855.22;24;0.0;0;2793.769;2793.77;2651.424;2793.759;0.0;0.0;29196;Hash Join;8;Outer;;0;131527;483871;407734;6.666661317063824e-07;279098.44;311343.31;24;0.0;0;0.233;190.016;2574.936;2574.936;29197;Seq Scan;9;Outer;;26136;483871;0;0;0.3225806666666667;0.0;30974.71;20;1500000.0;0;29198;Hash;9;Inner;;0;407734;407734;0;1.0;274001.77;274001.77;4;0.0;0;539.776;2574.898;0.0;0.0;29199;Aggregate;10;Outer;;0;407734;6001215;0;0.0679419084302095;0.43;274001.77;4;0.0;0;0.074;2105.518;0.0;0.0
Q18_123_seed_1000891782;29227;Sort;7;Outer;;0;131527;131527;0;1.0;322526.4;322855.22;24;0.0;0;2891.785;2891.786;2760.647;2891.774;0.0;0.0;29228;Hash Join;8;Outer;;0;131527;483871;407734;6.666661317063824e-07;279098.44;311343.31;24;0.0;0;0.198;190.024;2671.796;2671.797;29229;Seq Scan;9;Outer;;26136;483871;0;0;0.3225806666666667;0.0;30974.71;20;1500000.0;0;29230;Hash;9;Inner;;0;407734;407734;0;1.0;274001.77;274001.77;4;0.0;0;551.748;2671.761;0.0;0.0;29231;Aggregate;10;Outer;;0;407734;6001215;0;0.0679419084302095;0.43;274001.77;4;0.0;0;0.074;2177.9;0.0;0.0
Q18_124_seed_1009095813;29243;Sort;7;Outer;;0;131527;131527;0;1.0;322526.4;322855.22;24;0.0;0;2870.197;2870.198;2727.4;2870.188;0.0;0.0;29244;Hash Join;8;Outer;;0;131527;483871;407734;6.666661317063824e-07;279098.44;311343.31;24;0.0;0;0.221;192.37;2648.967;2648.968;29245;Seq Scan;9;Outer;;26136;483871;0;0;0.3225806666666667;0.0;30974.71;20;1500000.0;0;29246;Hash;9;Inner;;0;407734;407734;0;1.0;274001.77;274001.77;4;0.0;0;546.401;2648.93;0.0;0.0;29247;Aggregate;10;Outer;;0;407734;6001215;0;0.0679419084302095;0.43;274001.77;4;0.0;0;0.081;2144.132;0.0;0.0
Q18_125_seed_1017299844;29259;Sort;7;Outer;;0;131527;131527;0;1.0;322526.4;322855.22;24;0.0;0;2848.263;2848.264;2722.879;2848.252;0.0;0.0;29260;Hash Join;8;Outer;;0;131527;483871;407734;6.666661317063824e-07;279098.44;311343.31;24;0.0;0;0.29;192.326;2627.514;2627.514;29261;Seq Scan;9;Outer;;26136;483871;0;0;0.3225806666666667;0.0;30974.71;20;1500000.0;0;29262;Hash;9;Inner;;0;407734;407734;0;1.0;274001.77;274001.77;4;0.0;0;556.677;2627.478;0.0;0.0;29263;Aggregate;10;Outer;;0;407734;6001215;0;0.0679419084302095;0.43;274001.77;4;0.0;0;0.346;2127.89;0.0;0.0
Q18_126_seed_1025503875;29275;Sort;7;Outer;;0;131527;131527;0;1.0;322526.4;322855.22;24;0.0;0;2837.464;2837.466;2707.516;2837.453;0.0;0.0;29276;Hash Join;8;Outer;;0;131527;483871;407734;6.666661317063824e-07;279098.44;311343.31;24;0.0;0;0.205;200.646;2605.123;2605.124;29277;Seq Scan;9;Outer;;26136;483871;0;0;0.3225806666666667;0.0;30974.71;20;1500000.0;0;29278;Hash;9;Inner;;0;407734;407734;0;1.0;274001.77;274001.77;4;0.0;0;549.261;2605.082;0.0;0.0;29279;Aggregate;10;Outer;;0;407734;6001215;0;0.0679419084302095;0.43;274001.77;4;0.0;0;0.081;2108.825;0.0;0.0
Q18_127_seed_1033707906;29291;Sort;7;Outer;;0;131527;131527;0;1.0;322526.4;322855.22;24;0.0;0;2862.891;2862.893;2712.725;2862.883;0.0;0.0;29292;Hash Join;8;Outer;;0;131527;483871;407734;6.666661317063824e-07;279098.44;311343.31;24;0.0;0;0.206;204.122;2628.962;2628.963;29293;Seq Scan;9;Outer;;26136;483871;0;0;0.3225806666666667;0.0;30974.71;20;1500000.0;0;29294;Hash;9;Inner;;0;407734;407734;0;1.0;274001.77;274001.77;4;0.0;0;548.139;2628.931;0.0;0.0;29295;Aggregate;10;Outer;;0;407734;6001215;0;0.0679419084302095;0.43;274001.77;4;0.0;0;0.07;2130.978;0.0;0.0
Q18_128_seed_1041911937;29307;Sort;7;Outer;;0;131527;131527;0;1.0;322526.4;322855.22;24;0.0;0;2835.356;2835.358;2690.785;2835.345;0.0;0.0;29308;Hash Join;8;Outer;;0;131527;483871;407734;6.666661317063824e-07;279098.44;311343.31;24;0.0;0;0.203;198.581;2606.252;2606.252;29309;Seq Scan;9;Outer;;26136;483871;0;0;0.3225806666666667;0.0;30974.71;20;1500000.0;0;29310;Hash;9;Inner;;0;407734;407734;0;1.0;274001.77;274001.77;4;0.0;0;555.977;2606.214;0.0;0.0;29311;Aggregate;10;Outer;;0;407734;6001215;0;0.0679419084302095;0.43;274001.77;4;0.0;0;0.078;2101.118;0.0;0.0
Q18_129_seed_1050115968;29323;Sort;7;Outer;;0;131527;131527;0;1.0;322526.4;322855.22;24;0.0;0;2837.175;2837.176;2739.049;2837.165;0.0;0.0;29324;Hash Join;8;Outer;;0;131527;483871;407734;6.666661317063824e-07;279098.44;311343.31;24;0.0;0;0.247;184.692;2622.349;2622.35;29325;Seq Scan;9;Outer;;26136;483871;0;0;0.3225806666666667;0.0;30974.71;20;1500000.0;0;29326;Hash;9;Inner;;0;407734;407734;0;1.0;274001.77;274001.77;4;0.0;0;546.035;2622.315;0.0;0.0;29327;Aggregate;10;Outer;;0;407734;6001215;0;0.0679419084302095;0.43;274001.77;4;0.0;0;0.079;2130.541;0.0;0.0
Q18_12_seed_90244341;29339;Sort;7;Outer;;0;131527;131527;0;1.0;322526.4;322855.22;24;0.0;0;2827.676;2827.677;2686.411;2827.664;0.0;0.0;29340;Hash Join;8;Outer;;0;131527;483871;407734;6.666661317063824e-07;279098.44;311343.31;24;0.0;0;0.233;193.798;2602.915;2602.915;29341;Seq Scan;9;Outer;;26136;483871;0;0;0.3225806666666667;0.0;30974.71;20;1500000.0;0;29342;Hash;9;Inner;;0;407734;407734;0;1.0;274001.77;274001.77;4;0.0;0;542.219;2602.89;0.0;0.0;29343;Aggregate;10;Outer;;0;407734;6001215;0;0.0679419084302095;0.43;274001.77;4;0.0;0;0.079;2110.04;0.0;0.0
Q18_130_seed_1058319999;29355;Sort;7;Outer;;0;131527;131527;0;1.0;322526.4;322855.22;24;0.0;0;2834.984;2834.985;2686.209;2834.972;0.0;0.0;29356;Hash Join;8;Outer;;0;131527;483871;407734;6.666661317063824e-07;279098.44;311343.31;24;0.0;0;0.228;195.797;2611.036;2611.036;29357;Seq Scan;9;Outer;;26136;483871;0;0;0.3225806666666667;0.0;30974.71;20;1500000.0;0;29358;Hash;9;Inner;;0;407734;407734;0;1.0;274001.77;274001.77;4;0.0;0;548.219;2610.985;0.0;0.0;29359;Aggregate;10;Outer;;0;407734;6001215;0;0.0679419084302095;0.43;274001.77;4;0.0;0;0.074;2118.335;0.0;0.0
Q18_131_seed_1066524030;29371;Sort;7;Outer;;0;131527;131527;0;1.0;322526.4;322855.22;24;0.0;0;2870.22;2870.222;2742.442;2870.21;0.0;0.0;29372;Hash Join;8;Outer;;0;131527;483871;407734;6.666661317063824e-07;279098.44;311343.31;24;0.0;0;0.207;197.672;2643.555;2643.556;29373;Seq Scan;9;Outer;;26136;483871;0;0;0.3225806666666667;0.0;30974.71;20;1500000.0;0;29374;Hash;9;Inner;;0;407734;407734;0;1.0;274001.77;274001.77;4;0.0;0;550.616;2643.509;0.0;0.0;29375;Aggregate;10;Outer;;0;407734;6001215;0;0.0679419084302095;0.43;274001.77;4;0.0;0;0.082;2148.702;0.0;0.0
Q18_132_seed_1074728061;29387;Sort;7;Outer;;0;131527;131527;0;1.0;322526.4;322855.22;24;0.0;0;2842.387;2842.388;2754.844;2842.374;0.0;0.0;29388;Hash Join;8;Outer;;0;131527;483871;407734;6.666661317063824e-07;279098.44;311343.31;24;0.0;0;0.209;189.352;2622.142;2622.142;29389;Seq Scan;9;Outer;;26136;483871;0;0;0.3225806666666667;0.0;30974.71;20;1500000.0;0;29390;Hash;9;Inner;;0;407734;407734;0;1.0;274001.77;274001.77;4;0.0;0;549.111;2622.096;0.0;0.0;29391;Aggregate;10;Outer;;0;407734;6001215;0;0.0679419084302095;0.43;274001.77;4;0.0;0;0.031;2124.231;0.0;0.0
Q18_133_seed_1082932092;29403;Sort;7;Outer;;0;131527;131527;0;1.0;322526.4;322855.22;24;0.0;0;2841.984;2841.985;2732.225;2841.974;0.0;0.0;29404;Hash Join;8;Outer;;0;131527;483871;407734;6.666661317063824e-07;279098.44;311343.31;24;0.0;0;0.226;194.186;2618.977;2618.977;29405;Seq Scan;9;Outer;;26136;483871;0;0;0.3225806666666667;0.0;30974.71;20;1500000.0;0;29406;Hash;9;Inner;;0;407734;407734;0;1.0;274001.77;274001.77;4;0.0;0;547.806;2618.923;0.0;0.0;29407;Aggregate;10;Outer;;0;407734;6001215;0;0.0679419084302095;0.43;274001.77;4;0.0;0;0.089;2155.204;0.0;0.0
Q18_134_seed_1091136123;29419;Sort;7;Outer;;0;131527;131527;0;1.0;322526.4;322855.22;24;0.0;0;2830.948;2830.95;2689.689;2830.936;0.0;0.0;29420;Hash Join;8;Outer;;0;131527;483871;407734;6.666661317063824e-07;279098.44;311343.31;24;0.0;0;0.199;187.554;2613.15;2613.15;29421;Seq Scan;9;Outer;;26136;483871;0;0;0.3225806666666667;0.0;30974.71;20;1500000.0;0;29422;Hash;9;Inner;;0;407734;407734;0;1.0;274001.77;274001.77;4;0.0;0;545.696;2613.113;0.0;0.0;29423;Aggregate;10;Outer;;0;407734;6001215;0;0.0679419084302095;0.43;274001.77;4;0.0;0;0.029;2145.04;0.0;0.0
Q18_135_seed_1099340154;29435;Sort;7;Outer;;0;131527;131527;0;1.0;322526.4;322855.22;24;0.0;0;2922.149;2922.151;2831.238;2922.14;0.0;0.0;29436;Hash Join;8;Outer;;0;131527;483871;407734;6.666661317063824e-07;279098.44;311343.31;24;0.0;0;0.192;202.623;2690.081;2690.081;29437;Seq Scan;9;Outer;;26136;483871;0;0;0.3225806666666667;0.0;30974.71;20;1500000.0;0;29438;Hash;9;Inner;;0;407734;407734;0;1.0;274001.77;274001.77;4;0.0;0;547.773;2690.039;0.0;0.0;29439;Aggregate;10;Outer;;0;407734;6001215;0;0.0679419084302095;0.43;274001.77;4;0.0;0;0.087;2198.22;0.0;0.0
Q18_136_seed_1107544185;29451;Sort;7;Outer;;0;131527;131527;0;1.0;322526.4;322855.22;24;0.0;0;2844.705;2844.707;2722.946;2844.695;0.0;0.0;29452;Hash Join;8;Outer;;0;131527;483871;407734;6.666661317063824e-07;279098.44;311343.31;24;0.0;0;0.237;195.053;2620.375;2620.375;29453;Seq Scan;9;Outer;;26136;483871;0;0;0.3225806666666667;0.0;30974.71;20;1500000.0;0;29454;Hash;9;Inner;;0;407734;407734;0;1.0;274001.77;274001.77;4;0.0;0;544.794;2620.334;0.0;0.0;29455;Aggregate;10;Outer;;0;407734;6001215;0;0.0679419084302095;0.43;274001.77;4;0.0;0;0.025;2112.198;0.0;0.0
Q18_137_seed_1115748216;29467;Sort;7;Outer;;0;131527;131527;0;1.0;322526.4;322855.22;24;0.0;0;2832.343;2832.344;2732.365;2832.332;0.0;0.0;29468;Hash Join;8;Outer;;0;131527;483871;407734;6.666661317063824e-07;279098.44;311343.31;24;0.0;0;0.203;187.946;2615.177;2615.178;29469;Seq Scan;9;Outer;;26136;483871;0;0;0.3225806666666667;0.0;30974.71;20;1500000.0;0;29470;Hash;9;Inner;;0;407734;407734;0;1.0;274001.77;274001.77;4;0.0;0;546.773;2615.137;0.0;0.0;29471;Aggregate;10;Outer;;0;407734;6001215;0;0.0679419084302095;0.43;274001.77;4;0.0;0;0.081;2116.866;0.0;0.0
Q18_139_seed_1132156278;29499;Sort;7;Outer;;0;131527;131527;0;1.0;322526.4;322855.22;24;0.0;0;2814.907;2814.909;2681.617;2814.897;0.0;0.0;29500;Hash Join;8;Outer;;0;131527;483871;407734;6.666661317063824e-07;279098.44;311343.31;24;0.0;0;0.193;186.126;2599.028;2599.028;29501;Seq Scan;9;Outer;;26136;483871;0;0;0.3225806666666667;0.0;30974.71;20;1500000.0;0;29502;Hash;9;Inner;;0;407734;407734;0;1.0;274001.77;274001.77;4;0.0;0;547.782;2598.993;0.0;0.0;29503;Aggregate;10;Outer;;0;407734;6001215;0;0.0679419084302095;0.43;274001.77;4;0.0;0;0.082;2102.709;0.0;0.0
Q18_13_seed_98448372;29515;Sort;7;Outer;;0;131527;131527;0;1.0;322526.4;322855.22;24;0.0;0;2834.196;2834.198;2692.523;2834.186;0.0;0.0;29516;Hash Join;8;Outer;;0;131527;483871;407734;6.666661317063824e-07;279098.44;311343.31;24;0.0;0;0.216;198.219;2605.931;2605.932;29517;Seq Scan;9;Outer;;26136;483871;0;0;0.3225806666666667;0.0;30974.71;20;1500000.0;0;29518;Hash;9;Inner;;0;407734;407734;0;1.0;274001.77;274001.77;4;0.0;0;545.187;2605.889;0.0;0.0;29519;Aggregate;10;Outer;;0;407734;6001215;0;0.0679419084302095;0.43;274001.77;4;0.0;0;0.076;2107.655;0.0;0.0
Q18_141_seed_1148564340;29547;Sort;7;Outer;;0;131527;131527;0;1.0;322526.4;322855.22;24;0.0;0;2847.472;2847.474;2749.894;2847.461;0.0;0.0;29548;Hash Join;8;Outer;;0;131527;483871;407734;6.666661317063824e-07;279098.44;311343.31;24;0.0;0;0.226;191.203;2626.962;2626.963;29549;Seq Scan;9;Outer;;26136;483871;0;0;0.3225806666666667;0.0;30974.71;20;1500000.0;0;29550;Hash;9;Inner;;0;407734;407734;0;1.0;274001.77;274001.77;4;0.0;0;550.703;2626.92;0.0;0.0;29551;Aggregate;10;Outer;;0;407734;6001215;0;0.0679419084302095;0.43;274001.77;4;0.0;0;0.092;2114.316;0.0;0.0
Q18_142_seed_1156768371;29563;Sort;7;Outer;;0;131527;131527;0;1.0;322526.4;322855.22;24;0.0;0;2824.274;2824.276;2693.61;2824.264;0.0;0.0;29564;Hash Join;8;Outer;;0;131527;483871;407734;6.666661317063824e-07;279098.44;311343.31;24;0.0;0;0.193;192.537;2602.268;2602.268;29565;Seq Scan;9;Outer;;26136;483871;0;0;0.3225806666666667;0.0;30974.71;20;1500000.0;0;29566;Hash;9;Inner;;0;407734;407734;0;1.0;274001.77;274001.77;4;0.0;0;550.865;2602.231;0.0;0.0;29567;Aggregate;10;Outer;;0;407734;6001215;0;0.0679419084302095;0.43;274001.77;4;0.0;0;0.081;2100.503;0.0;0.0
Q18_143_seed_1164972402;29579;Sort;7;Outer;;0;131527;131527;0;1.0;322526.4;322855.22;24;0.0;0;2840.334;2840.335;2727.389;2840.325;0.0;0.0;29580;Hash Join;8;Outer;;0;131527;483871;407734;6.666661317063824e-07;279098.44;311343.31;24;0.0;0;0.215;194.637;2616.981;2616.982;29581;Seq Scan;9;Outer;;26136;483871;0;0;0.3225806666666667;0.0;30974.71;20;1500000.0;0;29582;Hash;9;Inner;;0;407734;407734;0;1.0;274001.77;274001.77;4;0.0;0;550.755;2616.937;0.0;0.0;29583;Aggregate;10;Outer;;0;407734;6001215;0;0.0679419084302095;0.43;274001.77;4;0.0;0;0.076;2132.121;0.0;0.0
Q18_145_seed_1181380464;29611;Sort;7;Outer;;0;131527;131527;0;1.0;322526.4;322855.22;24;0.0;0;2855.945;2855.946;2741.234;2855.933;0.0;0.0;29612;Hash Join;8;Outer;;0;131527;483871;407734;6.666661317063824e-07;279098.44;311343.31;24;0.0;0;0.226;190.539;2633.75;2633.751;29613;Seq Scan;9;Outer;;26136;483871;0;0;0.3225806666666667;0.0;30974.71;20;1500000.0;0;29614;Hash;9;Inner;;0;407734;407734;0;1.0;274001.77;274001.77;4;0.0;0;549.749;2633.708;0.0;0.0;29615;Aggregate;10;Outer;;0;407734;6001215;0;0.0679419084302095;0.43;274001.77;4;0.0;0;0.078;2127.328;0.0;0.0
Q18_146_seed_1189584495;29627;Sort;7;Outer;;0;131527;131527;0;1.0;322526.4;322855.22;24;0.0;0;2828.168;2828.169;2681.337;2828.154;0.0;0.0;29628;Hash Join;8;Outer;;0;131527;483871;407734;6.666661317063824e-07;279098.44;311343.31;24;0.0;0;0.217;195.823;2602.73;2602.73;29629;Seq Scan;9;Outer;;26136;483871;0;0;0.3225806666666667;0.0;30974.71;20;1500000.0;0;29630;Hash;9;Inner;;0;407734;407734;0;1.0;274001.77;274001.77;4;0.0;0;546.225;2602.696;0.0;0.0;29631;Aggregate;10;Outer;;0;407734;6001215;0;0.0679419084302095;0.43;274001.77;4;0.0;0;0.085;2112.645;0.0;0.0
Q18_147_seed_1197788526;29643;Sort;7;Outer;;0;131527;131527;0;1.0;322526.4;322855.22;24;0.0;0;2848.461;2848.462;2704.84;2848.45;0.0;0.0;29644;Hash Join;8;Outer;;0;131527;483871;407734;6.666661317063824e-07;279098.44;311343.31;24;0.0;0;0.237;193.927;2622.723;2622.723;29645;Seq Scan;9;Outer;;26136;483871;0;0;0.3225806666666667;0.0;30974.71;20;1500000.0;0;29646;Hash;9;Inner;;0;407734;407734;0;1.0;274001.77;274001.77;4;0.0;0;545.157;2622.68;0.0;0.0;29647;Aggregate;10;Outer;;0;407734;6001215;0;0.0679419084302095;0.43;274001.77;4;0.0;0;0.024;2119.979;0.0;0.0
Q18_148_seed_1205992557;29659;Sort;7;Outer;;0;131527;131527;0;1.0;322526.4;322855.22;24;0.0;0;2844.321;2844.322;2693.99;2844.31;0.0;0.0;29660;Hash Join;8;Outer;;0;131527;483871;407734;6.666661317063824e-07;279098.44;311343.31;24;0.0;0;0.21;202.662;2613.057;2613.057;29661;Seq Scan;9;Outer;;26136;483871;0;0;0.3225806666666667;0.0;30974.71;20;1500000.0;0;29662;Hash;9;Inner;;0;407734;407734;0;1.0;274001.77;274001.77;4;0.0;0;547.333;2613.012;0.0;0.0;29663;Aggregate;10;Outer;;0;407734;6001215;0;0.0679419084302095;0.43;274001.77;4;0.0;0;0.072;2118.361;0.0;0.0
Q18_149_seed_1214196588;29675;Sort;7;Outer;;0;131527;131527;0;1.0;322526.4;322855.22;24;0.0;0;2842.62;2842.621;2722.723;2842.609;0.0;0.0;29676;Hash Join;8;Outer;;0;131527;483871;407734;6.666661317063824e-07;279098.44;311343.31;24;0.0;0;0.22;184.531;2626.746;2626.747;29677;Seq Scan;9;Outer;;26136;483871;0;0;0.3225806666666667;0.0;30974.71;20;1500000.0;0;29678;Hash;9;Inner;;0;407734;407734;0;1.0;274001.77;274001.77;4;0.0;0;555.758;2626.696;0.0;0.0;29679;Aggregate;10;Outer;;0;407734;6001215;0;0.0679419084302095;0.43;274001.77;4;0.0;0;0.028;2120.375;0.0;0.0
Q18_14_seed_106652403;29691;Sort;7;Outer;;0;131527;131527;0;1.0;322526.4;322855.22;24;0.0;0;2851.449;2851.45;2724.158;2851.439;0.0;0.0;29692;Hash Join;8;Outer;;0;131527;483871;407734;6.666661317063824e-07;279098.44;311343.31;24;0.0;0;0.207;196.07;2627.815;2627.815;29693;Seq Scan;9;Outer;;26136;483871;0;0;0.3225806666666667;0.0;30974.71;20;1500000.0;0;29694;Hash;9;Inner;;0;407734;407734;0;1.0;274001.77;274001.77;4;0.0;0;549.273;2627.771;0.0;0.0;29695;Aggregate;10;Outer;;0;407734;6001215;0;0.0679419084302095;0.43;274001.77;4;0.0;0;0.037;2130.488;0.0;0.0
Q18_150_seed_1231235959;29707;Sort;7;Outer;;0;131527;131527;0;1.0;322526.4;322855.22;24;0.0;0;2873.373;2873.374;2753.903;2873.36;0.0;0.0;29708;Hash Join;8;Outer;;0;131527;483871;407734;6.666661317063824e-07;279098.44;311343.31;24;0.0;0;0.197;196.402;2645.382;2645.382;29709;Seq Scan;9;Outer;;26136;483871;0;0;0.3225806666666667;0.0;30974.71;20;1500000.0;0;29710;Hash;9;Inner;;0;407734;407734;0;1.0;274001.77;274001.77;4;0.0;0;556.928;2645.336;0.0;0.0;29711;Aggregate;10;Outer;;0;407734;6001215;0;0.0679419084302095;0.43;274001.77;4;0.0;0;0.071;2128.726;0.0;0.0
Q18_16_seed_123060465;29739;Sort;7;Outer;;0;131527;131527;0;1.0;322526.4;322855.22;24;0.0;0;2844.762;2844.763;2721.336;2844.751;0.0;0.0;29740;Hash Join;8;Outer;;0;131527;483871;407734;6.666661317063824e-07;279098.44;311343.31;24;0.0;0;0.221;204.986;2608.997;2608.997;29741;Seq Scan;9;Outer;;26136;483871;0;0;0.3225806666666667;0.0;30974.71;20;1500000.0;0;29742;Hash;9;Inner;;0;407734;407734;0;1.0;274001.77;274001.77;4;0.0;0;542.24;2608.958;0.0;0.0;29743;Aggregate;10;Outer;;0;407734;6001215;0;0.0679419084302095;0.43;274001.77;4;0.0;0;0.08;2115.88;0.0;0.0
Q18_17_seed_131264496;29755;Sort;7;Outer;;0;131527;131527;0;1.0;322526.4;322855.22;24;0.0;0;2807.755;2807.756;2670.965;2807.744;0.0;0.0;29756;Hash Join;8;Outer;;0;131527;483871;407734;6.666661317063824e-07;279098.44;311343.31;24;0.0;0;0.245;189.305;2589.05;2589.05;29757;Seq Scan;9;Outer;;26136;483871;0;0;0.3225806666666667;0.0;30974.71;20;1500000.0;0;29758;Hash;9;Inner;;0;407734;407734;0;1.0;274001.77;274001.77;4;0.0;0;540.159;2589.007;0.0;0.0;29759;Aggregate;10;Outer;;0;407734;6001215;0;0.0679419084302095;0.43;274001.77;4;0.0;0;0.086;2092.917;0.0;0.0
Q18_18_seed_139468527;29771;Sort;7;Outer;;0;131527;131527;0;1.0;322526.4;322855.22;24;0.0;0;2829.836;2829.837;2722.615;2829.823;0.0;0.0;29772;Hash Join;8;Outer;;0;131527;483871;407734;6.666661317063824e-07;279098.44;311343.31;24;0.0;0;0.233;201.34;2600.827;2600.827;29773;Seq Scan;9;Outer;;26136;483871;0;0;0.3225806666666667;0.0;30974.71;20;1500000.0;0;29774;Hash;9;Inner;;0;407734;407734;0;1.0;274001.77;274001.77;4;0.0;0;544.204;2600.782;0.0;0.0;29775;Aggregate;10;Outer;;0;407734;6001215;0;0.0679419084302095;0.43;274001.77;4;0.0;0;0.084;2100.996;0.0;0.0
Q18_19_seed_147672558;29787;Sort;7;Outer;;0;131527;131527;0;1.0;322526.4;322855.22;24;0.0;0;2841.952;2841.953;2723.867;2841.938;0.0;0.0;29788;Hash Join;8;Outer;;0;131527;483871;407734;6.666661317063824e-07;279098.44;311343.31;24;0.0;0;0.23;192.878;2618.19;2618.191;29789;Seq Scan;9;Outer;;26136;483871;0;0;0.3225806666666667;0.0;30974.71;20;1500000.0;0;29790;Hash;9;Inner;;0;407734;407734;0;1.0;274001.77;274001.77;4;0.0;0;553.402;2618.153;0.0;0.0;29791;Aggregate;10;Outer;;0;407734;6001215;0;0.0679419084302095;0.43;274001.77;4;0.0;0;0.08;2131.822;0.0;0.0
Q18_1_seed_0101000000;29803;Sort;7;Outer;;0;131527;131527;0;1.0;322526.4;322855.22;24;0.0;0;2854.96;2854.961;2717.174;2854.95;0.0;0.0;29804;Hash Join;8;Outer;;0;131527;483871;407734;6.666661317063824e-07;279098.44;311343.31;24;0.0;0;0.226;187.167;2635.897;2635.898;29805;Seq Scan;9;Outer;;26136;483871;0;0;0.3225806666666667;0.0;30974.71;20;1500000.0;0;29806;Hash;9;Inner;;0;407734;407734;0;1.0;274001.77;274001.77;4;0.0;0;552.847;2635.859;0.0;0.0;29807;Aggregate;10;Outer;;0;407734;6001215;0;0.0679419084302095;0.43;274001.77;4;0.0;0;0.082;2138.548;0.0;0.0
Q18_20_seed_155876589;29819;Sort;7;Outer;;0;131527;131527;0;1.0;322526.4;322855.22;24;0.0;0;2836.05;2836.051;2697.612;2836.04;0.0;0.0;29820;Hash Join;8;Outer;;0;131527;483871;407734;6.666661317063824e-07;279098.44;311343.31;24;0.0;0;0.21;188.425;2618.358;2618.359;29821;Seq Scan;9;Outer;;26136;483871;0;0;0.3225806666666667;0.0;30974.71;20;1500000.0;0;29822;Hash;9;Inner;;0;407734;407734;0;1.0;274001.77;274001.77;4;0.0;0;543.41;2618.281;0.0;0.0;29823;Aggregate;10;Outer;;0;407734;6001215;0;0.0679419084302095;0.43;274001.77;4;0.0;0;0.094;2119.105;0.0;0.0
Q18_21_seed_164080620;29835;Sort;7;Outer;;0;131527;131527;0;1.0;322526.4;322855.22;24;0.0;0;2829.25;2829.251;2698.483;2829.239;0.0;0.0;29836;Hash Join;8;Outer;;0;131527;483871;407734;6.666661317063824e-07;279098.44;311343.31;24;0.0;0;0.214;197.735;2600.752;2600.752;29837;Seq Scan;9;Outer;;26136;483871;0;0;0.3225806666666667;0.0;30974.71;20;1500000.0;0;29838;Hash;9;Inner;;0;407734;407734;0;1.0;274001.77;274001.77;4;0.0;0;544.515;2600.711;0.0;0.0;29839;Aggregate;10;Outer;;0;407734;6001215;0;0.0679419084302095;0.43;274001.77;4;0.0;0;0.076;2107.144;0.0;0.0
Q18_22_seed_172284651;29851;Sort;7;Outer;;0;131527;131527;0;1.0;322526.4;322855.22;24;0.0;0;2827.157;2827.159;2684.916;2827.148;0.0;0.0;29852;Hash Join;8;Outer;;0;131527;483871;407734;6.666661317063824e-07;279098.44;311343.31;24;0.0;0;0.224;195.009;2603.677;2603.678;29853;Seq Scan;9;Outer;;26136;483871;0;0;0.3225806666666667;0.0;30974.71;20;1500000.0;0;29854;Hash;9;Inner;;0;407734;407734;0;1.0;274001.77;274001.77;4;0.0;0;545.988;2603.634;0.0;0.0;29855;Aggregate;10;Outer;;0;407734;6001215;0;0.0679419084302095;0.43;274001.77;4;0.0;0;0.082;2094.569;0.0;0.0
Q18_23_seed_180488682;29867;Sort;7;Outer;;0;131527;131527;0;1.0;322526.4;322855.22;24;0.0;0;2838.784;2838.785;2719.017;2838.773;0.0;0.0;29868;Hash Join;8;Outer;;0;131527;483871;407734;6.666661317063824e-07;279098.44;311343.31;24;0.0;0;0.29;188.212;2620.365;2620.365;29869;Seq Scan;9;Outer;;26136;483871;0;0;0.3225806666666667;0.0;30974.71;20;1500000.0;0;29870;Hash;9;Inner;;0;407734;407734;0;1.0;274001.77;274001.77;4;0.0;0;542.144;2620.325;0.0;0.0;29871;Aggregate;10;Outer;;0;407734;6001215;0;0.0679419084302095;0.43;274001.77;4;0.0;0;0.028;2118.858;0.0;0.0
Q18_24_seed_188692713;29883;Sort;7;Outer;;0;131527;131527;0;1.0;322526.4;322855.22;24;0.0;0;2835.34;2835.342;2721.533;2835.332;0.0;0.0;29884;Hash Join;8;Outer;;0;131527;483871;407734;6.666661317063824e-07;279098.44;311343.31;24;0.0;0;0.261;190.596;2614.341;2614.341;29885;Seq Scan;9;Outer;;26136;483871;0;0;0.3225806666666667;0.0;30974.71;20;1500000.0;0;29886;Hash;9;Inner;;0;407734;407734;0;1.0;274001.77;274001.77;4;0.0;0;547.816;2614.306;0.0;0.0;29887;Aggregate;10;Outer;;0;407734;6001215;0;0.0679419084302095;0.43;274001.77;4;0.0;0;0.154;2118.63;0.0;0.0
Q18_27_seed_213304806;29931;Sort;7;Outer;;0;131527;131527;0;1.0;322526.4;322855.22;24;0.0;0;2838.57;2838.572;2703.53;2838.556;0.0;0.0;29932;Hash Join;8;Outer;;0;131527;483871;407734;6.666661317063824e-07;279098.44;311343.31;24;0.0;0;0.207;185.108;2622.846;2622.846;29933;Seq Scan;9;Outer;;26136;483871;0;0;0.3225806666666667;0.0;30974.71;20;1500000.0;0;29934;Hash;9;Inner;;0;407734;407734;0;1.0;274001.77;274001.77;4;0.0;0;547.614;2622.791;0.0;0.0;29935;Aggregate;10;Outer;;0;407734;6001215;0;0.0679419084302095;0.43;274001.77;4;0.0;0;0.082;2118.584;0.0;0.0
Q18_28_seed_221508837;29947;Sort;7;Outer;;0;131527;131527;0;1.0;322526.4;322855.22;24;0.0;0;2866.921;2866.923;2748.327;2866.911;0.0;0.0;29948;Hash Join;8;Outer;;0;131527;483871;407734;6.666661317063824e-07;279098.44;311343.31;24;0.0;0;0.225;202.592;2632.691;2632.691;29949;Seq Scan;9;Outer;;26136;483871;0;0;0.3225806666666667;0.0;30974.71;20;1500000.0;0;29950;Hash;9;Inner;;0;407734;407734;0;1.0;274001.77;274001.77;4;0.0;0;542.522;2632.65;0.0;0.0;29951;Aggregate;10;Outer;;0;407734;6001215;0;0.0679419084302095;0.43;274001.77;4;0.0;0;0.082;2139.343;0.0;0.0
Q18_29_seed_229712868;29963;Sort;7;Outer;;0;131527;131527;0;1.0;322526.4;322855.22;24;0.0;0;2859.049;2859.051;2726.428;2859.042;0.0;0.0;29964;Hash Join;8;Outer;;0;131527;483871;407734;6.666661317063824e-07;279098.44;311343.31;24;0.0;0;0.683;192.328;2635.835;2635.836;29965;Seq Scan;9;Outer;;26136;483871;0;0;0.3225806666666667;0.0;30974.71;20;1500000.0;0;29966;Hash;9;Inner;;0;407734;407734;0;1.0;274001.77;274001.77;4;0.0;0;561.026;2635.792;0.0;0.0;29967;Aggregate;10;Outer;;0;407734;6001215;0;0.0679419084302095;0.43;274001.77;4;0.0;0;0.072;2132.857;0.0;0.0
Q18_30_seed_237916899;29995;Sort;7;Outer;;0;131527;131527;0;1.0;322526.4;322855.22;24;0.0;0;2840.487;2840.488;2750.679;2840.476;0.0;0.0;29996;Hash Join;8;Outer;;0;131527;483871;407734;6.666661317063824e-07;279098.44;311343.31;24;0.0;0;0.234;200.53;2608.889;2608.889;29997;Seq Scan;9;Outer;;26136;483871;0;0;0.3225806666666667;0.0;30974.71;20;1500000.0;0;29998;Hash;9;Inner;;0;407734;407734;0;1.0;274001.77;274001.77;4;0.0;0;546.78;2608.788;0.0;0.0;29999;Aggregate;10;Outer;;0;407734;6001215;0;0.0679419084302095;0.43;274001.77;4;0.0;0;0.081;2120.142;0.0;0.0
Q18_31_seed_246120930;30011;Sort;7;Outer;;0;131527;131527;0;1.0;322526.4;322855.22;24;0.0;0;2841.465;2841.466;2695.584;2841.454;0.0;0.0;30012;Hash Join;8;Outer;;0;131527;483871;407734;6.666661317063824e-07;279098.44;311343.31;24;0.0;0;0.239;194.298;2618.485;2618.485;30013;Seq Scan;9;Outer;;26136;483871;0;0;0.3225806666666667;0.0;30974.71;20;1500000.0;0;30014;Hash;9;Inner;;0;407734;407734;0;1.0;274001.77;274001.77;4;0.0;0;543.637;2618.444;0.0;0.0;30015;Aggregate;10;Outer;;0;407734;6001215;0;0.0679419084302095;0.43;274001.77;4;0.0;0;0.083;2133.229;0.0;0.0
Q18_32_seed_254324961;30027;Sort;7;Outer;;0;131527;131527;0;1.0;322526.4;322855.22;24;0.0;0;2845.504;2845.505;2726.209;2845.493;0.0;0.0;30028;Hash Join;8;Outer;;0;131527;483871;407734;6.666661317063824e-07;279098.44;311343.31;24;0.0;0;0.214;196.381;2622.537;2622.537;30029;Seq Scan;9;Outer;;26136;483871;0;0;0.3225806666666667;0.0;30974.71;20;1500000.0;0;30030;Hash;9;Inner;;0;407734;407734;0;1.0;274001.77;274001.77;4;0.0;0;545.332;2622.497;0.0;0.0;30031;Aggregate;10;Outer;;0;407734;6001215;0;0.0679419084302095;0.43;274001.77;4;0.0;0;0.025;2129.396;0.0;0.0
Q18_33_seed_262528992;30043;Sort;7;Outer;;0;131527;131527;0;1.0;322526.4;322855.22;24;0.0;0;2854.662;2854.663;2723.432;2854.653;0.0;0.0;30044;Hash Join;8;Outer;;0;131527;483871;407734;6.666661317063824e-07;279098.44;311343.31;24;0.0;0;0.203;183.122;2643.852;2643.852;30045;Seq Scan;9;Outer;;26136;483871;0;0;0.3225806666666667;0.0;30974.71;20;1500000.0;0;30046;Hash;9;Inner;;0;407734;407734;0;1.0;274001.77;274001.77;4;0.0;0;554.346;2643.816;0.0;0.0;30047;Aggregate;10;Outer;;0;407734;6001215;0;0.0679419084302095;0.43;274001.77;4;0.0;0;0.08;2146.898;0.0;0.0
Q18_34_seed_270733023;30059;Sort;7;Outer;;0;131527;131527;0;1.0;322526.4;322855.22;24;0.0;0;2868.61;2868.611;2723.83;2868.599;0.0;0.0;30060;Hash Join;8;Outer;;0;131527;483871;407734;6.666661317063824e-07;279098.44;311343.31;24;0.0;0;0.24;201.587;2637.097;2637.098;30061;Seq Scan;9;Outer;;26136;483871;0;0;0.3225806666666667;0.0;30974.71;20;1500000.0;0;30062;Hash;9;Inner;;0;407734;407734;0;1.0;274001.77;274001.77;4;0.0;0;546.392;2637.037;0.0;0.0;30063;Aggregate;10;Outer;;0;407734;6001215;0;0.0679419084302095;0.43;274001.77;4;0.0;0;0.075;2151.076;0.0;0.0
Q18_35_seed_278937054;30075;Sort;7;Outer;;0;131527;131527;0;1.0;322526.4;322855.22;24;0.0;0;2813.63;2813.631;2678.646;2813.619;0.0;0.0;30076;Hash Join;8;Outer;;0;131527;483871;407734;6.666661317063824e-07;279098.44;311343.31;24;0.0;0;0.218;196.096;2588.588;2588.588;30077;Seq Scan;9;Outer;;26136;483871;0;0;0.3225806666666667;0.0;30974.71;20;1500000.0;0;30078;Hash;9;Inner;;0;407734;407734;0;1.0;274001.77;274001.77;4;0.0;0;545.01;2588.553;0.0;0.0;30079;Aggregate;10;Outer;;0;407734;6001215;0;0.0679419084302095;0.43;274001.77;4;0.0;0;0.077;2111.191;0.0;0.0
Q18_37_seed_295345116;30107;Sort;7;Outer;;0;131527;131527;0;1.0;322526.4;322855.22;24;0.0;0;2858.139;2858.141;2738.774;2858.132;0.0;0.0;30108;Hash Join;8;Outer;;0;131527;483871;407734;6.666661317063824e-07;279098.44;311343.31;24;0.0;0;0.249;198.834;2629.227;2629.228;30109;Seq Scan;9;Outer;;26136;483871;0;0;0.3225806666666667;0.0;30974.71;20;1500000.0;0;30110;Hash;9;Inner;;0;407734;407734;0;1.0;274001.77;274001.77;4;0.0;0;551.635;2629.193;0.0;0.0;30111;Aggregate;10;Outer;;0;407734;6001215;0;0.0679419084302095;0.43;274001.77;4;0.0;0;0.146;2139.261;0.0;0.0
Q18_38_seed_303549147;30123;Sort;7;Outer;;0;131527;131527;0;1.0;322526.4;322855.22;24;0.0;0;2868.353;2868.355;2749.252;2868.343;0.0;0.0;30124;Hash Join;8;Outer;;0;131527;483871;407734;6.666661317063824e-07;279098.44;311343.31;24;0.0;0;0.24;200.395;2638.832;2638.832;30125;Seq Scan;9;Outer;;26136;483871;0;0;0.3225806666666667;0.0;30974.71;20;1500000.0;0;30126;Hash;9;Inner;;0;407734;407734;0;1.0;274001.77;274001.77;4;0.0;0;558.161;2638.791;0.0;0.0;30127;Aggregate;10;Outer;;0;407734;6001215;0;0.0679419084302095;0.43;274001.77;4;0.0;0;0.082;2145.676;0.0;0.0
Q18_39_seed_311753178;30139;Sort;7;Outer;;0;131527;131527;0;1.0;322526.4;322855.22;24;0.0;0;2867.876;2867.878;2732.498;2867.865;0.0;0.0;30140;Hash Join;8;Outer;;0;131527;483871;407734;6.666661317063824e-07;279098.44;311343.31;24;0.0;0;0.205;208.988;2629.989;2629.989;30141;Seq Scan;9;Outer;;26136;483871;0;0;0.3225806666666667;0.0;30974.71;20;1500000.0;0;30142;Hash;9;Inner;;0;407734;407734;0;1.0;274001.77;274001.77;4;0.0;0;556.668;2629.954;0.0;0.0;30143;Aggregate;10;Outer;;0;407734;6001215;0;0.0679419084302095;0.43;274001.77;4;0.0;0;0.08;2131.246;0.0;0.0
Q18_3_seed_16408062;30155;Sort;7;Outer;;0;131527;131527;0;1.0;322526.4;322855.22;24;0.0;0;2871.036;2871.037;2768.265;2871.027;0.0;0.0;30156;Hash Join;8;Outer;;0;131527;483871;407734;6.666661317063824e-07;279098.44;311343.31;24;0.0;0;0.234;194.256;2645.496;2645.497;30157;Seq Scan;9;Outer;;26136;483871;0;0;0.3225806666666667;0.0;30974.71;20;1500000.0;0;30158;Hash;9;Inner;;0;407734;407734;0;1.0;274001.77;274001.77;4;0.0;0;549.973;2645.456;0.0;0.0;30159;Aggregate;10;Outer;;0;407734;6001215;0;0.0679419084302095;0.43;274001.77;4;0.0;0;0.092;2143.321;0.0;0.0
Q18_40_seed_319957209;30171;Sort;7;Outer;;0;131527;131527;0;1.0;322526.4;322855.22;24;0.0;0;2826.505;2826.506;2707.253;2826.492;0.0;0.0;30172;Hash Join;8;Outer;;0;131527;483871;407734;6.666661317063824e-07;279098.44;311343.31;24;0.0;0;0.214;193.041;2603.688;2603.689;30173;Seq Scan;9;Outer;;26136;483871;0;0;0.3225806666666667;0.0;30974.71;20;1500000.0;0;30174;Hash;9;Inner;;0;407734;407734;0;1.0;274001.77;274001.77;4;0.0;0;538.806;2603.646;0.0;0.0;30175;Aggregate;10;Outer;;0;407734;6001215;0;0.0679419084302095;0.43;274001.77;4;0.0;0;0.083;2104.598;0.0;0.0
Q18_41_seed_328161240;30187;Sort;7;Outer;;0;131527;131527;0;1.0;322526.4;322855.22;24;0.0;0;2842.271;2842.273;2693.007;2842.263;0.0;0.0;30188;Hash Join;8;Outer;;0;131527;483871;407734;6.666661317063824e-07;279098.44;311343.31;24;0.0;0;0.21;198.436;2615.268;2615.268;30189;Seq Scan;9;Outer;;26136;483871;0;0;0.3225806666666667;0.0;30974.71;20;1500000.0;0;30190;Hash;9;Inner;;0;407734;407734;0;1.0;274001.77;274001.77;4;0.0;0;544.77;2615.232;0.0;0.0;30191;Aggregate;10;Outer;;0;407734;6001215;0;0.0679419084302095;0.43;274001.77;4;0.0;0;0.076;2127.739;0.0;0.0
Q18_42_seed_336365271;30203;Sort;7;Outer;;0;131527;131527;0;1.0;322526.4;322855.22;24;0.0;0;2819.952;2819.953;2697.949;2819.942;0.0;0.0;30204;Hash Join;8;Outer;;0;131527;483871;407734;6.666661317063824e-07;279098.44;311343.31;24;0.0;0;0.206;191.616;2599.336;2599.336;30205;Seq Scan;9;Outer;;26136;483871;0;0;0.3225806666666667;0.0;30974.71;20;1500000.0;0;30206;Hash;9;Inner;;0;407734;407734;0;1.0;274001.77;274001.77;4;0.0;0;547.728;2599.292;0.0;0.0;30207;Aggregate;10;Outer;;0;407734;6001215;0;0.0679419084302095;0.43;274001.77;4;0.0;0;0.08;2103.203;0.0;0.0
Q18_43_seed_344569302;30219;Sort;7;Outer;;0;131527;131527;0;1.0;322526.4;322855.22;24;0.0;0;2846.014;2846.015;2747.949;2846.004;0.0;0.0;30220;Hash Join;8;Outer;;0;131527;483871;407734;6.666661317063824e-07;279098.44;311343.31;24;0.0;0;0.209;190.157;2625.2;2625.201;30221;Seq Scan;9;Outer;;26136;483871;0;0;0.3225806666666667;0.0;30974.71;20;1500000.0;0;30222;Hash;9;Inner;;0;407734;407734;0;1.0;274001.77;274001.77;4;0.0;0;549.478;2625.156;0.0;0.0;30223;Aggregate;10;Outer;;0;407734;6001215;0;0.0679419084302095;0.43;274001.77;4;0.0;0;0.076;2120.669;0.0;0.0
Q18_44_seed_352773333;30235;Sort;7;Outer;;0;131527;131527;0;1.0;322526.4;322855.22;24;0.0;0;2827.24;2827.241;2711.307;2827.232;0.0;0.0;30236;Hash Join;8;Outer;;0;131527;483871;407734;6.666661317063824e-07;279098.44;311343.31;24;0.0;0;0.218;191.926;2605.855;2605.856;30237;Seq Scan;9;Outer;;26136;483871;0;0;0.3225806666666667;0.0;30974.71;20;1500000.0;0;30238;Hash;9;Inner;;0;407734;407734;0;1.0;274001.77;274001.77;4;0.0;0;544.939;2605.817;0.0;0.0;30239;Aggregate;10;Outer;;0;407734;6001215;0;0.0679419084302095;0.43;274001.77;4;0.0;0;0.145;2146.183;0.0;0.0
Q18_45_seed_360977364;30251;Sort;7;Outer;;0;131527;131527;0;1.0;322526.4;322855.22;24;0.0;0;2850.965;2850.966;2736.984;2850.952;0.0;0.0;30252;Hash Join;8;Outer;;0;131527;483871;407734;6.666661317063824e-07;279098.44;311343.31;24;0.0;0;0.201;202.105;2616.071;2616.072;30253;Seq Scan;9;Outer;;26136;483871;0;0;0.3225806666666667;0.0;30974.71;20;1500000.0;0;30254;Hash;9;Inner;;0;407734;407734;0;1.0;274001.77;274001.77;4;0.0;0;571.672;2616.028;0.0;0.0;30255;Aggregate;10;Outer;;0;407734;6001215;0;0.0679419084302095;0.43;274001.77;4;0.0;0;0.032;2126.228;0.0;0.0
Q18_46_seed_369181395;30267;Sort;7;Outer;;0;131527;131527;0;1.0;322526.4;322855.22;24;0.0;0;2866.523;2866.524;2723.917;2866.511;0.0;0.0;30268;Hash Join;8;Outer;;0;131527;483871;407734;6.666661317063824e-07;279098.44;311343.31;24;0.0;0;0.221;184.081;2652.203;2652.203;30269;Seq Scan;9;Outer;;26136;483871;0;0;0.3225806666666667;0.0;30974.71;20;1500000.0;0;30270;Hash;9;Inner;;0;407734;407734;0;1.0;274001.77;274001.77;4;0.0;0;553.009;2652.167;0.0;0.0;30271;Aggregate;10;Outer;;0;407734;6001215;0;0.0679419084302095;0.43;274001.77;4;0.0;0;0.027;2148.15;0.0;0.0
Q18_47_seed_377385426;30283;Sort;7;Outer;;0;131527;131527;0;1.0;322526.4;322855.22;24;0.0;0;2847.89;2847.891;2732.383;2847.88;0.0;0.0;30284;Hash Join;8;Outer;;0;131527;483871;407734;6.666661317063824e-07;279098.44;311343.31;24;0.0;0;0.28;203.654;2612.889;2612.889;30285;Seq Scan;9;Outer;;26136;483871;0;0;0.3225806666666667;0.0;30974.71;20;1500000.0;0;30286;Hash;9;Inner;;0;407734;407734;0;1.0;274001.77;274001.77;4;0.0;0;554.356;2612.827;0.0;0.0;30287;Aggregate;10;Outer;;0;407734;6001215;0;0.0679419084302095;0.43;274001.77;4;0.0;0;0.078;2119.045;0.0;0.0
Q18_49_seed_393793488;30315;Sort;7;Outer;;0;131527;131527;0;1.0;322526.4;322855.22;24;0.0;0;2852.322;2852.323;2719.485;2852.313;0.0;0.0;30316;Hash Join;8;Outer;;0;131527;483871;407734;6.666661317063824e-07;279098.44;311343.31;24;0.0;0;0.278;194.295;2628.092;2628.093;30317;Seq Scan;9;Outer;;26136;483871;0;0;0.3225806666666667;0.0;30974.71;20;1500000.0;0;30318;Hash;9;Inner;;0;407734;407734;0;1.0;274001.77;274001.77;4;0.0;0;552.142;2628.053;0.0;0.0;30319;Aggregate;10;Outer;;0;407734;6001215;0;0.0679419084302095;0.43;274001.77;4;0.0;0;0.084;2137.594;0.0;0.0
Q18_4_seed_24612093;30331;Sort;7;Outer;;0;131527;131527;0;1.0;322526.4;322855.22;24;0.0;0;2834.327;2834.328;2688.802;2834.316;0.0;0.0;30332;Hash Join;8;Outer;;0;131527;483871;407734;6.666661317063824e-07;279098.44;311343.31;24;0.0;0;0.244;191.737;2614.065;2614.065;30333;Seq Scan;9;Outer;;26136;483871;0;0;0.3225806666666667;0.0;30974.71;20;1500000.0;0;30334;Hash;9;Inner;;0;407734;407734;0;1.0;274001.77;274001.77;4;0.0;0;544.939;2614.02;0.0;0.0;30335;Aggregate;10;Outer;;0;407734;6001215;0;0.0679419084302095;0.43;274001.77;4;0.0;0;0.084;2127.9;0.0;0.0
Q18_50_seed_401997519;30347;Sort;7;Outer;;0;131527;131527;0;1.0;322526.4;322855.22;24;0.0;0;2847.452;2847.453;2719.185;2847.44;0.0;0.0;30348;Hash Join;8;Outer;;0;131527;483871;407734;6.666661317063824e-07;279098.44;311343.31;24;0.0;0;0.218;191.315;2624.708;2624.708;30349;Seq Scan;9;Outer;;26136;483871;0;0;0.3225806666666667;0.0;30974.71;20;1500000.0;0;30350;Hash;9;Inner;;0;407734;407734;0;1.0;274001.77;274001.77;4;0.0;0;542.672;2624.666;0.0;0.0;30351;Aggregate;10;Outer;;0;407734;6001215;0;0.0679419084302095;0.43;274001.77;4;0.0;0;0.08;2112.892;0.0;0.0
Q18_51_seed_410201550;30363;Sort;7;Outer;;0;131527;131527;0;1.0;322526.4;322855.22;24;0.0;0;2906.51;2906.512;2771.21;2906.499;0.0;0.0;30364;Hash Join;8;Outer;;0;131527;483871;407734;6.666661317063824e-07;279098.44;311343.31;24;0.0;0;0.409;203.31;2675.139;2675.14;30365;Seq Scan;9;Outer;;26136;483871;0;0;0.3225806666666667;0.0;30974.71;20;1500000.0;0;30366;Hash;9;Inner;;0;407734;407734;0;1.0;274001.77;274001.77;4;0.0;0;553.15;2675.097;0.0;0.0;30367;Aggregate;10;Outer;;0;407734;6001215;0;0.0679419084302095;0.43;274001.77;4;0.0;0;0.338;2174.693;0.0;0.0
Q18_52_seed_418405581;30379;Sort;7;Outer;;0;131527;131527;0;1.0;322526.4;322855.22;24;0.0;0;2854.596;2854.598;2725.973;2854.587;0.0;0.0;30380;Hash Join;8;Outer;;0;131527;483871;407734;6.666661317063824e-07;279098.44;311343.31;24;0.0;0;0.287;197.769;2628.574;2628.574;30381;Seq Scan;9;Outer;;26136;483871;0;0;0.3225806666666667;0.0;30974.71;20;1500000.0;0;30382;Hash;9;Inner;;0;407734;407734;0;1.0;274001.77;274001.77;4;0.0;0;551.909;2628.532;0.0;0.0;30383;Aggregate;10;Outer;;0;407734;6001215;0;0.0679419084302095;0.43;274001.77;4;0.0;0;0.079;2136.404;0.0;0.0
Q18_53_seed_426609612;30395;Sort;7;Outer;;0;131527;131527;0;1.0;322526.4;322855.22;24;0.0;0;2837.317;2837.319;2700.504;2837.305;0.0;0.0;30396;Hash Join;8;Outer;;0;131527;483871;407734;6.666661317063824e-07;279098.44;311343.31;24;0.0;0;0.231;190.96;2615.421;2615.422;30397;Seq Scan;9;Outer;;26136;483871;0;0;0.3225806666666667;0.0;30974.71;20;1500000.0;0;30398;Hash;9;Inner;;0;407734;407734;0;1.0;274001.77;274001.77;4;0.0;0;551.513;2615.348;0.0;0.0;30399;Aggregate;10;Outer;;0;407734;6001215;0;0.0679419084302095;0.43;274001.77;4;0.0;0;0.084;2111.752;0.0;0.0
Q18_54_seed_434813643;30411;Sort;7;Outer;;0;131527;131527;0;1.0;322526.4;322855.22;24;0.0;0;2845.061;2845.062;2705.698;2845.052;0.0;0.0;30412;Hash Join;8;Outer;;0;131527;483871;407734;6.666661317063824e-07;279098.44;311343.31;24;0.0;0;0.268;193.627;2621.586;2621.586;30413;Seq Scan;9;Outer;;26136;483871;0;0;0.3225806666666667;0.0;30974.71;20;1500000.0;0;30414;Hash;9;Inner;;0;407734;407734;0;1.0;274001.77;274001.77;4;0.0;0;545.167;2621.552;0.0;0.0;30415;Aggregate;10;Outer;;0;407734;6001215;0;0.0679419084302095;0.43;274001.77;4;0.0;0;0.076;2120.404;0.0;0.0
Q18_55_seed_443017674;30427;Sort;7;Outer;;0;131527;131527;0;1.0;322526.4;322855.22;24;0.0;0;2867.041;2867.042;2733.063;2867.029;0.0;0.0;30428;Hash Join;8;Outer;;0;131527;483871;407734;6.666661317063824e-07;279098.44;311343.31;24;0.0;0;0.198;195.967;2641.314;2641.314;30429;Seq Scan;9;Outer;;26136;483871;0;0;0.3225806666666667;0.0;30974.71;20;1500000.0;0;30430;Hash;9;Inner;;0;407734;407734;0;1.0;274001.77;274001.77;4;0.0;0;549.686;2641.274;0.0;0.0;30431;Aggregate;10;Outer;;0;407734;6001215;0;0.0679419084302095;0.43;274001.77;4;0.0;0;0.076;2135.388;0.0;0.0
Q18_57_seed_459425736;30459;Sort;7;Outer;;0;131527;131527;0;1.0;322526.4;322855.22;24;0.0;0;2843.289;2843.291;2698.423;2843.278;0.0;0.0;30460;Hash Join;8;Outer;;0;131527;483871;407734;6.666661317063824e-07;279098.44;311343.31;24;0.0;0;0.212;196.583;2616.7;2616.701;30461;Seq Scan;9;Outer;;26136;483871;0;0;0.3225806666666667;0.0;30974.71;20;1500000.0;0;30462;Hash;9;Inner;;0;407734;407734;0;1.0;274001.77;274001.77;4;0.0;0;544.611;2616.662;0.0;0.0;30463;Aggregate;10;Outer;;0;407734;6001215;0;0.0679419084302095;0.43;274001.77;4;0.0;0;0.086;2119.094;0.0;0.0
Q18_58_seed_467629767;30475;Sort;7;Outer;;0;131527;131527;0;1.0;322526.4;322855.22;24;0.0;0;2870.026;2870.027;2754.833;2870.015;0.0;0.0;30476;Hash Join;8;Outer;;0;131527;483871;407734;6.666661317063824e-07;279098.44;311343.31;24;0.0;0;0.246;207.113;2631.291;2631.291;30477;Seq Scan;9;Outer;;26136;483871;0;0;0.3225806666666667;0.0;30974.71;20;1500000.0;0;30478;Hash;9;Inner;;0;407734;407734;0;1.0;274001.77;274001.77;4;0.0;0;556.464;2631.237;0.0;0.0;30479;Aggregate;10;Outer;;0;407734;6001215;0;0.0679419084302095;0.43;274001.77;4;0.0;0;0.08;2138.204;0.0;0.0
Q18_59_seed_475833798;30491;Sort;7;Outer;;0;131527;131527;0;1.0;322526.4;322855.22;24;0.0;0;2840.014;2840.015;2752.505;2840.006;0.0;0.0;30492;Hash Join;8;Outer;;0;131527;483871;407734;6.666661317063824e-07;279098.44;311343.31;24;0.0;0;0.248;194.934;2616.299;2616.299;30493;Seq Scan;9;Outer;;26136;483871;0;0;0.3225806666666667;0.0;30974.71;20;1500000.0;0;30494;Hash;9;Inner;;0;407734;407734;0;1.0;274001.77;274001.77;4;0.0;0;544.346;2616.263;0.0;0.0;30495;Aggregate;10;Outer;;0;407734;6001215;0;0.0679419084302095;0.43;274001.77;4;0.0;0;0.142;2090.935;0.0;0.0
Q18_5_seed_32816124;30507;Sort;7;Outer;;0;131527;131527;0;1.0;322526.4;322855.22;24;0.0;0;2868.881;2868.882;2749.844;2868.87;0.0;0.0;30508;Hash Join;8;Outer;;0;131527;483871;407734;6.666661317063824e-07;279098.44;311343.31;24;0.0;0;0.242;197.057;2643.702;2643.702;30509;Seq Scan;9;Outer;;26136;483871;0;0;0.3225806666666667;0.0;30974.71;20;1500000.0;0;30510;Hash;9;Inner;;0;407734;407734;0;1.0;274001.77;274001.77;4;0.0;0;546.792;2643.674;0.0;0.0;30511;Aggregate;10;Outer;;0;407734;6001215;0;0.0679419084302095;0.43;274001.77;4;0.0;0;0.081;2125.116;0.0;0.0
Q18_60_seed_484037829;30523;Sort;7;Outer;;0;131527;131527;0;1.0;322526.4;322855.22;24;0.0;0;2800.541;2800.542;2654.012;2800.534;0.0;0.0;30524;Hash Join;8;Outer;;0;131527;483871;407734;6.666661317063824e-07;279098.44;311343.31;24;0.0;0;0.206;198.477;2573.49;2573.49;30525;Seq Scan;9;Outer;;26136;483871;0;0;0.3225806666666667;0.0;30974.71;20;1500000.0;0;30526;Hash;9;Inner;;0;407734;407734;0;1.0;274001.77;274001.77;4;0.0;0;545.403;2573.448;0.0;0.0;30527;Aggregate;10;Outer;;0;407734;6001215;0;0.0679419084302095;0.43;274001.77;4;0.0;0;0.078;2115.404;0.0;0.0
Q18_61_seed_492241860;30539;Sort;7;Outer;;0;131527;131527;0;1.0;322526.4;322855.22;24;0.0;0;2809.88;2809.882;2688.979;2809.869;0.0;0.0;30540;Hash Join;8;Outer;;0;131527;483871;407734;6.666661317063824e-07;279098.44;311343.31;24;0.0;0;0.209;194.673;2587.937;2587.938;30541;Seq Scan;9;Outer;;26136;483871;0;0;0.3225806666666667;0.0;30974.71;20;1500000.0;0;30542;Hash;9;Inner;;0;407734;407734;0;1.0;274001.77;274001.77;4;0.0;0;547.795;2587.898;0.0;0.0;30543;Aggregate;10;Outer;;0;407734;6001215;0;0.0679419084302095;0.43;274001.77;4;0.0;0;0.099;2107.984;0.0;0.0
Q18_62_seed_500445891;30555;Sort;7;Outer;;0;131527;131527;0;1.0;322526.4;322855.22;24;0.0;0;2828.884;2828.885;2711.279;2828.877;0.0;0.0;30556;Hash Join;8;Outer;;0;131527;483871;407734;6.666661317063824e-07;279098.44;311343.31;24;0.0;0;0.201;196.605;2601.274;2601.274;30557;Seq Scan;9;Outer;;26136;483871;0;0;0.3225806666666667;0.0;30974.71;20;1500000.0;0;30558;Hash;9;Inner;;0;407734;407734;0;1.0;274001.77;274001.77;4;0.0;0;544.144;2601.247;0.0;0.0;30559;Aggregate;10;Outer;;0;407734;6001215;0;0.0679419084302095;0.43;274001.77;4;0.0;0;0.023;2097.144;0.0;0.0
Q18_63_seed_508649922;30571;Sort;7;Outer;;0;131527;131527;0;1.0;322526.4;322855.22;24;0.0;0;2840.509;2840.51;2716.345;2840.501;0.0;0.0;30572;Hash Join;8;Outer;;0;131527;483871;407734;6.666661317063824e-07;279098.44;311343.31;24;0.0;0;0.249;186.192;2619.131;2619.131;30573;Seq Scan;9;Outer;;26136;483871;0;0;0.3225806666666667;0.0;30974.71;20;1500000.0;0;30574;Hash;9;Inner;;0;407734;407734;0;1.0;274001.77;274001.77;4;0.0;0;542.483;2619.106;0.0;0.0;30575;Aggregate;10;Outer;;0;407734;6001215;0;0.0679419084302095;0.43;274001.77;4;0.0;0;0.076;2117.148;0.0;0.0
Q18_65_seed_525057984;30603;Sort;7;Outer;;0;131527;131527;0;1.0;322526.4;322855.22;24;0.0;0;2856.693;2856.695;2738.731;2856.682;0.0;0.0;30604;Hash Join;8;Outer;;0;131527;483871;407734;6.666661317063824e-07;279098.44;311343.31;24;0.0;0;0.206;193.744;2635.651;2635.652;30605;Seq Scan;9;Outer;;26136;483871;0;0;0.3225806666666667;0.0;30974.71;20;1500000.0;0;30606;Hash;9;Inner;;0;407734;407734;0;1.0;274001.77;274001.77;4;0.0;0;546.031;2635.611;0.0;0.0;30607;Aggregate;10;Outer;;0;407734;6001215;0;0.0679419084302095;0.43;274001.77;4;0.0;0;0.084;2123.43;0.0;0.0
Q18_66_seed_533262015;30619;Sort;7;Outer;;0;131527;131527;0;1.0;322526.4;322855.22;24;0.0;0;2845.348;2845.349;2753.81;2845.339;0.0;0.0;30620;Hash Join;8;Outer;;0;131527;483871;407734;6.666661317063824e-07;279098.44;311343.31;24;0.0;0;0.204;197.843;2618.553;2618.553;30621;Seq Scan;9;Outer;;26136;483871;0;0;0.3225806666666667;0.0;30974.71;20;1500000.0;0;30622;Hash;9;Inner;;0;407734;407734;0;1.0;274001.77;274001.77;4;0.0;0;543.538;2618.527;0.0;0.0;30623;Aggregate;10;Outer;;0;407734;6001215;0;0.0679419084302095;0.43;274001.77;4;0.0;0;0.068;2126.892;0.0;0.0
Q18_67_seed_541466046;30635;Sort;7;Outer;;0;131527;131527;0;1.0;322526.4;322855.22;24;0.0;0;2854.845;2854.847;2707.245;2854.833;0.0;0.0;30636;Hash Join;8;Outer;;0;131527;483871;407734;6.666661317063824e-07;279098.44;311343.31;24;0.0;0;0.205;196.624;2628.479;2628.48;30637;Seq Scan;9;Outer;;26136;483871;0;0;0.3225806666666667;0.0;30974.71;20;1500000.0;0;30638;Hash;9;Inner;;0;407734;407734;0;1.0;274001.77;274001.77;4;0.0;0;568.266;2628.441;0.0;0.0;30639;Aggregate;10;Outer;;0;407734;6001215;0;0.0679419084302095;0.43;274001.77;4;0.0;0;0.034;2111.996;0.0;0.0
Q18_68_seed_549670077;30651;Sort;7;Outer;;0;131527;131527;0;1.0;322526.4;322855.22;24;0.0;0;2829.469;2829.47;2723.553;2829.46;0.0;0.0;30652;Hash Join;8;Outer;;0;131527;483871;407734;6.666661317063824e-07;279098.44;311343.31;24;0.0;0;0.221;190.445;2609.949;2609.949;30653;Seq Scan;9;Outer;;26136;483871;0;0;0.3225806666666667;0.0;30974.71;20;1500000.0;0;30654;Hash;9;Inner;;0;407734;407734;0;1.0;274001.77;274001.77;4;0.0;0;552.618;2609.913;0.0;0.0;30655;Aggregate;10;Outer;;0;407734;6001215;0;0.0679419084302095;0.43;274001.77;4;0.0;0;0.038;2113.201;0.0;0.0
Q18_69_seed_557874108;30667;Sort;7;Outer;;0;131527;131527;0;1.0;322526.4;322855.22;24;0.0;0;2821.145;2821.146;2701.239;2821.136;0.0;0.0;30668;Hash Join;8;Outer;;0;131527;483871;407734;6.666661317063824e-07;279098.44;311343.31;24;0.0;0;0.222;198.412;2594.516;2594.516;30669;Seq Scan;9;Outer;;26136;483871;0;0;0.3225806666666667;0.0;30974.71;20;1500000.0;0;30670;Hash;9;Inner;;0;407734;407734;0;1.0;274001.77;274001.77;4;0.0;0;538.321;2594.49;0.0;0.0;30671;Aggregate;10;Outer;;0;407734;6001215;0;0.0679419084302095;0.43;274001.77;4;0.0;0;0.076;2095.238;0.0;0.0
Q18_70_seed_566078139;30699;Sort;7;Outer;;0;131527;131527;0;1.0;322526.4;322855.22;24;0.0;0;2850.792;2850.793;2705.512;2850.783;0.0;0.0;30700;Hash Join;8;Outer;;0;131527;483871;407734;6.666661317063824e-07;279098.44;311343.31;24;0.0;0;0.216;199.255;2622.831;2622.831;30701;Seq Scan;9;Outer;;26136;483871;0;0;0.3225806666666667;0.0;30974.71;20;1500000.0;0;30702;Hash;9;Inner;;0;407734;407734;0;1.0;274001.77;274001.77;4;0.0;0;544.898;2622.795;0.0;0.0;30703;Aggregate;10;Outer;;0;407734;6001215;0;0.0679419084302095;0.43;274001.77;4;0.0;0;0.077;2124.473;0.0;0.0
Q18_71_seed_574282170;30715;Sort;7;Outer;;0;131527;131527;0;1.0;322526.4;322855.22;24;0.0;0;2851.716;2851.717;2719.985;2851.706;0.0;0.0;30716;Hash Join;8;Outer;;0;131527;483871;407734;6.666661317063824e-07;279098.44;311343.31;24;0.0;0;0.244;198.333;2624.858;2624.858;30717;Seq Scan;9;Outer;;26136;483871;0;0;0.3225806666666667;0.0;30974.71;20;1500000.0;0;30718;Hash;9;Inner;;0;407734;407734;0;1.0;274001.77;274001.77;4;0.0;0;547.062;2624.831;0.0;0.0;30719;Aggregate;10;Outer;;0;407734;6001215;0;0.0679419084302095;0.43;274001.77;4;0.0;0;0.071;2120.346;0.0;0.0
Q18_72_seed_582486201;30731;Sort;7;Outer;;0;131527;131527;0;1.0;322526.4;322855.22;24;0.0;0;2889.111;2889.112;2757.709;2889.103;0.0;0.0;30732;Hash Join;8;Outer;;0;131527;483871;407734;6.666661317063824e-07;279098.44;311343.31;24;0.0;0;0.204;198.877;2661.451;2661.452;30733;Seq Scan;9;Outer;;26136;483871;0;0;0.3225806666666667;0.0;30974.71;20;1500000.0;0;30734;Hash;9;Inner;;0;407734;407734;0;1.0;274001.77;274001.77;4;0.0;0;582.786;2661.423;0.0;0.0;30735;Aggregate;10;Outer;;0;407734;6001215;0;0.0679419084302095;0.43;274001.77;4;0.0;0;0.063;2164.375;0.0;0.0
Q18_73_seed_590690232;30747;Sort;7;Outer;;0;131527;131527;0;1.0;322526.4;322855.22;24;0.0;0;2841.466;2841.468;2714.719;2841.458;0.0;0.0;30748;Hash Join;8;Outer;;0;131527;483871;407734;6.666661317063824e-07;279098.44;311343.31;24;0.0;0;0.213;186.452;2627.217;2627.218;30749;Seq Scan;9;Outer;;26136;483871;0;0;0.3225806666666667;0.0;30974.71;20;1500000.0;0;30750;Hash;9;Inner;;0;407734;407734;0;1.0;274001.77;274001.77;4;0.0;0;551.813;2627.188;0.0;0.0;30751;Aggregate;10;Outer;;0;407734;6001215;0;0.0679419084302095;0.43;274001.77;4;0.0;0;0.079;2121.039;0.0;0.0
Q18_74_seed_598894263;30763;Sort;7;Outer;;0;131527;131527;0;1.0;322526.4;322855.22;24;0.0;0;2871.383;2871.384;2750.304;2871.373;0.0;0.0;30764;Hash Join;8;Outer;;0;131527;483871;407734;6.666661317063824e-07;279098.44;311343.31;24;0.0;0;0.194;204.719;2637.14;2637.141;30765;Seq Scan;9;Outer;;26136;483871;0;0;0.3225806666666667;0.0;30974.71;20;1500000.0;0;30766;Hash;9;Inner;;0;407734;407734;0;1.0;274001.77;274001.77;4;0.0;0;556.15;2637.093;0.0;0.0;30767;Aggregate;10;Outer;;0;407734;6001215;0;0.0679419084302095;0.43;274001.77;4;0.0;0;0.079;2127.338;0.0;0.0
Q18_75_seed_607098294;30779;Sort;7;Outer;;0;131527;131527;0;1.0;322526.4;322855.22;24;0.0;0;2855.794;2855.795;2743.394;2855.782;0.0;0.0;30780;Hash Join;8;Outer;;0;131527;483871;407734;6.666661317063824e-07;279098.44;311343.31;24;0.0;0;0.24;206.077;2620.692;2620.693;30781;Seq Scan;9;Outer;;26136;483871;0;0;0.3225806666666667;0.0;30974.71;20;1500000.0;0;30782;Hash;9;Inner;;0;407734;407734;0;1.0;274001.77;274001.77;4;0.0;0;550.475;2620.654;0.0;0.0;30783;Aggregate;10;Outer;;0;407734;6001215;0;0.0679419084302095;0.43;274001.77;4;0.0;0;0.035;2122.527;0.0;0.0
Q18_76_seed_615302325;30795;Sort;7;Outer;;0;131527;131527;0;1.0;322526.4;322855.22;24;0.0;0;2857.639;2857.64;2720.851;2857.629;0.0;0.0;30796;Hash Join;8;Outer;;0;131527;483871;407734;6.666661317063824e-07;279098.44;311343.31;24;0.0;0;0.248;195.303;2632.751;2632.752;30797;Seq Scan;9;Outer;;26136;483871;0;0;0.3225806666666667;0.0;30974.71;20;1500000.0;0;30798;Hash;9;Inner;;0;407734;407734;0;1.0;274001.77;274001.77;4;0.0;0;557.625;2632.725;0.0;0.0;30799;Aggregate;10;Outer;;0;407734;6001215;0;0.0679419084302095;0.43;274001.77;4;0.0;0;0.074;2126.52;0.0;0.0
Q18_78_seed_631710387;30827;Sort;7;Outer;;0;131527;131527;0;1.0;322526.4;322855.22;24;0.0;0;2845.094;2845.095;2733.369;2845.079;0.0;0.0;30828;Hash Join;8;Outer;;0;131527;483871;407734;6.666661317063824e-07;279098.44;311343.31;24;0.0;0;0.275;191.218;2623.961;2623.961;30829;Seq Scan;9;Outer;;26136;483871;0;0;0.3225806666666667;0.0;30974.71;20;1500000.0;0;30830;Hash;9;Inner;;0;407734;407734;0;1.0;274001.77;274001.77;4;0.0;0;547.204;2623.915;0.0;0.0;30831;Aggregate;10;Outer;;0;407734;6001215;0;0.0679419084302095;0.43;274001.77;4;0.0;0;0.037;2123.985;0.0;0.0
Q18_7_seed_49224186;30859;Sort;7;Outer;;0;131527;131527;0;1.0;322526.4;322855.22;24;0.0;0;2842.327;2842.33;2690.385;2842.318;0.0;0.0;30860;Hash Join;8;Outer;;0;131527;483871;407734;6.666661317063824e-07;279098.44;311343.31;24;0.0;0;0.214;197.945;2614.135;2614.135;30861;Seq Scan;9;Outer;;26136;483871;0;0;0.3225806666666667;0.0;30974.71;20;1500000.0;0;30862;Hash;9;Inner;;0;407734;407734;0;1.0;274001.77;274001.77;4;0.0;0;555.711;2614.092;0.0;0.0;30863;Aggregate;10;Outer;;0;407734;6001215;0;0.0679419084302095;0.43;274001.77;4;0.0;0;0.076;2110.604;0.0;0.0
Q18_80_seed_648118449;30875;Sort;7;Outer;;0;131527;131527;0;1.0;322526.4;322855.22;24;0.0;0;2875.095;2875.096;2757.887;2875.086;0.0;0.0;30876;Hash Join;8;Outer;;0;131527;483871;407734;6.666661317063824e-07;279098.44;311343.31;24;0.0;0;0.225;201.922;2643.055;2643.056;30877;Seq Scan;9;Outer;;26136;483871;0;0;0.3225806666666667;0.0;30974.71;20;1500000.0;0;30878;Hash;9;Inner;;0;407734;407734;0;1.0;274001.77;274001.77;4;0.0;0;549.9;2643.02;0.0;0.0;30879;Aggregate;10;Outer;;0;407734;6001215;0;0.0679419084302095;0.43;274001.77;4;0.0;0;0.077;2146.933;0.0;0.0
Q18_81_seed_656322480;30891;Sort;7;Outer;;0;131527;131527;0;1.0;322526.4;322855.22;24;0.0;0;2849.444;2849.445;2734.845;2849.437;0.0;0.0;30892;Hash Join;8;Outer;;0;131527;483871;407734;6.666661317063824e-07;279098.44;311343.31;24;0.0;0;0.206;198.941;2621.162;2621.162;30893;Seq Scan;9;Outer;;26136;483871;0;0;0.3225806666666667;0.0;30974.71;20;1500000.0;0;30894;Hash;9;Inner;;0;407734;407734;0;1.0;274001.77;274001.77;4;0.0;0;541.727;2621.135;0.0;0.0;30895;Aggregate;10;Outer;;0;407734;6001215;0;0.0679419084302095;0.43;274001.77;4;0.0;0;0.076;2135.977;0.0;0.0
Q18_82_seed_664526511;30907;Sort;7;Outer;;0;131527;131527;0;1.0;322526.4;322855.22;24;0.0;0;2870.172;2870.174;2757.599;2870.161;0.0;0.0;30908;Hash Join;8;Outer;;0;131527;483871;407734;6.666661317063824e-07;279098.44;311343.31;24;0.0;0;0.214;199.616;2638.986;2638.986;30909;Seq Scan;9;Outer;;26136;483871;0;0;0.3225806666666667;0.0;30974.71;20;1500000.0;0;30910;Hash;9;Inner;;0;407734;407734;0;1.0;274001.77;274001.77;4;0.0;0;560.658;2638.917;0.0;0.0;30911;Aggregate;10;Outer;;0;407734;6001215;0;0.0679419084302095;0.43;274001.77;4;0.0;0;0.083;2127.423;0.0;0.0
Q18_84_seed_680934573;30939;Sort;7;Outer;;0;131527;131527;0;1.0;322526.4;322855.22;24;0.0;0;2848.049;2848.05;2730.632;2848.04;0.0;0.0;30940;Hash Join;8;Outer;;0;131527;483871;407734;6.666661317063824e-07;279098.44;311343.31;24;0.0;0;0.225;194.445;2622.881;2622.881;30941;Seq Scan;9;Outer;;26136;483871;0;0;0.3225806666666667;0.0;30974.71;20;1500000.0;0;30942;Hash;9;Inner;;0;407734;407734;0;1.0;274001.77;274001.77;4;0.0;0;543.816;2622.841;0.0;0.0;30943;Aggregate;10;Outer;;0;407734;6001215;0;0.0679419084302095;0.43;274001.77;4;0.0;0;0.025;2121.737;0.0;0.0
Q18_85_seed_689138604;30955;Sort;7;Outer;;0;131527;131527;0;1.0;322526.4;322855.22;24;0.0;0;2870.836;2870.837;2761.011;2870.825;0.0;0.0;30956;Hash Join;8;Outer;;0;131527;483871;407734;6.666661317063824e-07;279098.44;311343.31;24;0.0;0;0.223;192.077;2648.427;2648.428;30957;Seq Scan;9;Outer;;26136;483871;0;0;0.3225806666666667;0.0;30974.71;20;1500000.0;0;30958;Hash;9;Inner;;0;407734;407734;0;1.0;274001.77;274001.77;4;0.0;0;558.568;2648.384;0.0;0.0;30959;Aggregate;10;Outer;;0;407734;6001215;0;0.0679419084302095;0.43;274001.77;4;0.0;0;0.078;2147.865;0.0;0.0
Q18_86_seed_697342635;30971;Sort;7;Outer;;0;131527;131527;0;1.0;322526.4;322855.22;24;0.0;0;2841.223;2841.225;2723.658;2841.213;0.0;0.0;30972;Hash Join;8;Outer;;0;131527;483871;407734;6.666661317063824e-07;279098.44;311343.31;24;0.0;0;0.241;189.687;2620.8;2620.801;30973;Seq Scan;9;Outer;;26136;483871;0;0;0.3225806666666667;0.0;30974.71;20;1500000.0;0;30974;Hash;9;Inner;;0;407734;407734;0;1.0;274001.77;274001.77;4;0.0;0;549.525;2620.749;0.0;0.0;30975;Aggregate;10;Outer;;0;407734;6001215;0;0.0679419084302095;0.43;274001.77;4;0.0;0;0.082;2119.471;0.0;0.0
Q18_87_seed_705546666;30987;Sort;7;Outer;;0;131527;131527;0;1.0;322526.4;322855.22;24;0.0;0;2848.273;2848.275;2722.713;2848.263;0.0;0.0;30988;Hash Join;8;Outer;;0;131527;483871;407734;6.666661317063824e-07;279098.44;311343.31;24;0.0;0;0.201;190.913;2628.068;2628.069;30989;Seq Scan;9;Outer;;26136;483871;0;0;0.3225806666666667;0.0;30974.71;20;1500000.0;0;30990;Hash;9;Inner;;0;407734;407734;0;1.0;274001.77;274001.77;4;0.0;0;542.495;2628.041;0.0;0.0;30991;Aggregate;10;Outer;;0;407734;6001215;0;0.0679419084302095;0.43;274001.77;4;0.0;0;0.072;2130.127;0.0;0.0
Q18_88_seed_713750697;31003;Sort;7;Outer;;0;131527;131527;0;1.0;322526.4;322855.22;24;0.0;0;2826.14;2826.141;2711.132;2826.098;0.0;0.0;31004;Hash Join;8;Outer;;0;131527;483871;407734;6.666661317063824e-07;279098.44;311343.31;24;0.0;0;0.204;189.151;2607.851;2607.851;31005;Seq Scan;9;Outer;;26136;483871;0;0;0.3225806666666667;0.0;30974.71;20;1500000.0;0;31006;Hash;9;Inner;;0;407734;407734;0;1.0;274001.77;274001.77;4;0.0;0;543.296;2607.776;0.0;0.0;31007;Aggregate;10;Outer;;0;407734;6001215;0;0.0679419084302095;0.43;274001.77;4;0.0;0;0.079;2105.094;0.0;0.0
Q18_89_seed_721954728;31019;Sort;7;Outer;;0;131527;131527;0;1.0;322526.4;322855.22;24;0.0;0;2873.599;2873.6;2763.409;2873.588;0.0;0.0;31020;Hash Join;8;Outer;;0;131527;483871;407734;6.666661317063824e-07;279098.44;311343.31;24;0.0;0;0.275;190.977;2652.071;2652.072;31021;Seq Scan;9;Outer;;26136;483871;0;0;0.3225806666666667;0.0;30974.71;20;1500000.0;0;31022;Hash;9;Inner;;0;407734;407734;0;1.0;274001.77;274001.77;4;0.0;0;554.954;2652.039;0.0;0.0;31023;Aggregate;10;Outer;;0;407734;6001215;0;0.0679419084302095;0.43;274001.77;4;0.0;0;0.378;2140.986;0.0;0.0
Q18_8_seed_57428217;31035;Sort;7;Outer;;0;131527;131527;0;1.0;322526.4;322855.22;24;0.0;0;2835.32;2835.321;2697.158;2835.31;0.0;0.0;31036;Hash Join;8;Outer;;0;131527;483871;407734;6.666661317063824e-07;279098.44;311343.31;24;0.0;0;0.207;192.262;2612.609;2612.609;31037;Seq Scan;9;Outer;;26136;483871;0;0;0.3225806666666667;0.0;30974.71;20;1500000.0;0;31038;Hash;9;Inner;;0;407734;407734;0;1.0;274001.77;274001.77;4;0.0;0;549.652;2612.582;0.0;0.0;31039;Aggregate;10;Outer;;0;407734;6001215;0;0.0679419084302095;0.43;274001.77;4;0.0;0;0.074;2114.155;0.0;0.0
Q18_90_seed_730158759;31051;Sort;7;Outer;;0;131527;131527;0;1.0;322526.4;322855.22;24;0.0;0;2839.372;2839.374;2695.365;2839.363;0.0;0.0;31052;Hash Join;8;Outer;;0;131527;483871;407734;6.666661317063824e-07;279098.44;311343.31;24;0.0;0;0.222;193.944;2615.358;2615.359;31053;Seq Scan;9;Outer;;26136;483871;0;0;0.3225806666666667;0.0;30974.71;20;1500000.0;0;31054;Hash;9;Inner;;0;407734;407734;0;1.0;274001.77;274001.77;4;0.0;0;548.109;2615.32;0.0;0.0;31055;Aggregate;10;Outer;;0;407734;6001215;0;0.0679419084302095;0.43;274001.77;4;0.0;0;0.078;2097.758;0.0;0.0
Q18_91_seed_738362790;31067;Sort;7;Outer;;0;131527;131527;0;1.0;322526.4;322855.22;24;0.0;0;2856.114;2856.115;2725.604;2856.105;0.0;0.0;31068;Hash Join;8;Outer;;0;131527;483871;407734;6.666661317063824e-07;279098.44;311343.31;24;0.0;0;0.214;197.797;2630.322;2630.322;31069;Seq Scan;9;Outer;;26136;483871;0;0;0.3225806666666667;0.0;30974.71;20;1500000.0;0;31070;Hash;9;Inner;;0;407734;407734;0;1.0;274001.77;274001.77;4;0.0;0;549.449;2630.288;0.0;0.0;31071;Aggregate;10;Outer;;0;407734;6001215;0;0.0679419084302095;0.43;274001.77;4;0.0;0;0.072;2121.78;0.0;0.0
Q18_92_seed_746566821;31083;Sort;7;Outer;;0;131527;131527;0;1.0;322526.4;322855.22;24;0.0;0;2849.353;2849.355;2706.495;2849.345;0.0;0.0;31084;Hash Join;8;Outer;;0;131527;483871;407734;6.666661317063824e-07;279098.44;311343.31;24;0.0;0;0.229;200.587;2620.727;2620.727;31085;Seq Scan;9;Outer;;26136;483871;0;0;0.3225806666666667;0.0;30974.71;20;1500000.0;0;31086;Hash;9;Inner;;0;407734;407734;0;1.0;274001.77;274001.77;4;0.0;0;542.258;2620.703;0.0;0.0;31087;Aggregate;10;Outer;;0;407734;6001215;0;0.0679419084302095;0.43;274001.77;4;0.0;0;0.083;2125.5;0.0;0.0
Q18_94_seed_762974883;31115;Sort;7;Outer;;0;131527;131527;0;1.0;322526.4;322855.22;24;0.0;0;2890.964;2890.965;2751.134;2890.955;0.0;0.0;31116;Hash Join;8;Outer;;0;131527;483871;407734;6.666661317063824e-07;279098.44;311343.31;24;0.0;0;0.224;187.542;2675.146;2675.147;31117;Seq Scan;9;Outer;;26136;483871;0;0;0.3225806666666667;0.0;30974.71;20;1500000.0;0;31118;Hash;9;Inner;;0;407734;407734;0;1.0;274001.77;274001.77;4;0.0;0;585.871;2675.11;0.0;0.0;31119;Aggregate;10;Outer;;0;407734;6001215;0;0.0679419084302095;0.43;274001.77;4;0.0;0;0.08;2155.829;0.0;0.0
Q18_95_seed_771178914;31131;Sort;7;Outer;;0;131527;131527;0;1.0;322526.4;322855.22;24;0.0;0;2880.625;2880.626;2752.706;2880.618;0.0;0.0;31132;Hash Join;8;Outer;;0;131527;483871;407734;6.666661317063824e-07;279098.44;311343.31;24;0.0;0;0.618;191.856;2659.845;2659.846;31133;Seq Scan;9;Outer;;26136;483871;0;0;0.3225806666666667;0.0;30974.71;20;1500000.0;0;31134;Hash;9;Inner;;0;407734;407734;0;1.0;274001.77;274001.77;4;0.0;0;555.223;2659.814;0.0;0.0;31135;Aggregate;10;Outer;;0;407734;6001215;0;0.0679419084302095;0.43;274001.77;4;0.0;0;0.026;2162.165;0.0;0.0
Q18_96_seed_779382945;31147;Sort;7;Outer;;0;131527;131527;0;1.0;322526.4;322855.22;24;0.0;0;2854.443;2854.444;2719.474;2854.435;0.0;0.0;31148;Hash Join;8;Outer;;0;131527;483871;407734;6.666661317063824e-07;279098.44;311343.31;24;0.0;0;0.224;188.305;2637.41;2637.41;31149;Seq Scan;9;Outer;;26136;483871;0;0;0.3225806666666667;0.0;30974.71;20;1500000.0;0;31150;Hash;9;Inner;;0;407734;407734;0;1.0;274001.77;274001.77;4;0.0;0;547.748;2637.371;0.0;0.0;31151;Aggregate;10;Outer;;0;407734;6001215;0;0.0679419084302095;0.43;274001.77;4;0.0;0;0.023;2140.203;0.0;0.0
Q18_98_seed_795791007;31179;Sort;7;Outer;;0;131527;131527;0;1.0;322526.4;322855.22;24;0.0;0;2857.799;2857.8;2753.598;2857.788;0.0;0.0;31180;Hash Join;8;Outer;;0;131527;483871;407734;6.666661317063824e-07;279098.44;311343.31;24;0.0;0;0.226;191.149;2637.913;2637.914;31181;Seq Scan;9;Outer;;26136;483871;0;0;0.3225806666666667;0.0;30974.71;20;1500000.0;0;31182;Hash;9;Inner;;0;407734;407734;0;1.0;274001.77;274001.77;4;0.0;0;553.287;2637.871;0.0;0.0;31183;Aggregate;10;Outer;;0;407734;6001215;0;0.0679419084302095;0.43;274001.77;4;0.0;0;0.086;2141.473;0.0;0.0
Q18_99_seed_803995038;31195;Sort;7;Outer;;0;131527;131527;0;1.0;322526.4;322855.22;24;0.0;0;2827.269;2827.271;2715.492;2827.26;0.0;0.0;31196;Hash Join;8;Outer;;0;131527;483871;407734;6.666661317063824e-07;279098.44;311343.31;24;0.0;0;0.281;193.865;2603.543;2603.543;31197;Seq Scan;9;Outer;;26136;483871;0;0;0.3225806666666667;0.0;30974.71;20;1500000.0;0;31198;Hash;9;Inner;;0;407734;407734;0;1.0;274001.77;274001.77;4;0.0;0;547.37;2603.512;0.0;0.0;31199;Aggregate;10;Outer;;0;407734;6001215;0;0.0679419084302095;0.43;274001.77;4;0.0;0;0.075;2118.33;0.0;0.0
Q18_9_seed_65632248;31211;Sort;7;Outer;;0;131527;131527;0;1.0;322526.4;322855.22;24;0.0;0;2843.983;2843.984;2721.13;2843.974;0.0;0.0;31212;Hash Join;8;Outer;;0;131527;483871;407734;6.666661317063824e-07;279098.44;311343.31;24;0.0;0;0.207;194.278;2619.312;2619.312;31213;Seq Scan;9;Outer;;26136;483871;0;0;0.3225806666666667;0.0;30974.71;20;1500000.0;0;31214;Hash;9;Inner;;0;407734;407734;0;1.0;274001.77;274001.77;4;0.0;0;547.639;2619.277;0.0;0.0;31215;Aggregate;10;Outer;;0;407734;6001215;0;0.0679419084302095;0.43;274001.77;4;0.0;0;0.074;2125.123;0.0;0.0
